customer_id,last_order,frequency,monetary,recency,R,F,M,rfm_score,segment
2,2024-11-23,1,2536.68,403,2,1,4,7,At Risk
4,2025-11-02,1,339.77,59,4,1,2,7,At Risk
5,2025-12-17,6,1534.36,14,5,5,4,14,Champions
7,2025-12-22,4,1521.03,9,5,4,4,13,Champions
8,2024-07-15,4,1376.05,534,1,4,4,9,Potential Loyalists
9,2024-08-15,1,2350.56,503,1,1,4,6,At Risk
10,2025-11-02,4,4687.8,59,4,4,5,13,Champions
11,2025-12-09,8,4432.15,22,5,5,5,15,Champions
12,2025-08-19,4,1345.0900000000001,134,4,4,3,11,Loyal Customers
13,2025-12-23,4,764.6899999999999,8,5,4,3,12,Loyal Customers
14,2024-01-07,1,588.93,724,1,1,2,4,Hibernating
15,2024-02-11,2,757.91,689,1,2,3,6,At Risk
16,2025-10-05,3,1022.8199999999999,87,4,3,3,10,Loyal Customers
17,2025-09-07,5,2291.89,115,4,4,4,12,Loyal Customers
18,2025-01-08,4,674.37,357,2,4,2,8,Potential Loyalists
19,2025-04-20,1,11.05,255,3,1,1,5,Hibernating
20,2025-12-23,1,127.08,8,5,1,1,7,At Risk
21,2025-10-04,1,91.43,88,4,1,1,6,At Risk
24,2025-06-13,3,1990.3700000000001,201,3,3,4,10,Loyal Customers
25,2025-11-30,2,263.3,31,5,2,1,8,Potential Loyalists
27,2025-07-07,10,1913.6399999999999,177,3,5,4,12,Loyal Customers
28,2024-06-19,2,1819.77,560,1,2,4,7,At Risk
30,2024-06-16,2,379.97999999999996,563,1,2,2,5,Hibernating
31,2025-12-29,5,3912.21,2,5,4,5,14,Champions
32,2025-03-29,4,2460.9,277,2,4,4,10,Loyal Customers
34,2025-06-12,7,1969.54,202,3,5,4,12,Loyal Customers
35,2025-11-09,1,436.33,52,5,1,2,8,Potential Loyalists
36,2025-11-21,9,3227.2,40,5,5,5,15,Champions
37,2024-09-18,2,382.04,469,1,2,2,5,Hibernating
38,2025-07-15,1,963.62,169,3,1,3,7,At Risk
39,2025-09-22,1,348.78,100,4,1,2,7,At Risk
40,2025-09-17,4,2581.9700000000003,105,4,4,4,12,Loyal Customers
41,2024-12-17,2,281.97,379,2,2,2,6,At Risk
42,2025-11-12,7,5947.65,49,5,5,5,15,Champions
43,2025-03-07,1,42.61,299,2,1,1,4,Hibernating
44,2025-04-03,3,684.97,272,2,3,2,7,At Risk
45,2025-12-24,5,3591.25,7,5,4,5,14,Champions
46,2024-10-28,1,963.75,429,1,1,3,5,Hibernating
47,2025-12-09,5,2016.9499999999998,22,5,4,4,13,Champions
49,2025-12-13,10,6340.49,18,5,5,5,15,Champions
50,2025-12-10,2,3939.8,21,5,2,5,12,Loyal Customers
51,2025-07-17,1,363.34,167,3,1,2,6,At Risk
52,2025-03-27,2,2984.6099999999997,279,2,2,5,9,Potential Loyalists
53,2024-10-18,2,804.23,439,1,2,3,6,At Risk
54,2025-08-29,2,558.53,124,4,2,2,8,Potential Loyalists
55,2025-05-13,8,2282.79,232,3,5,4,12,Loyal Customers
56,2025-06-26,1,268.69,188,3,1,1,5,Hibernating
57,2024-06-01,1,49.57,578,1,1,1,3,Hibernating
59,2025-12-20,12,2624.7400000000002,11,5,5,4,14,Champions
60,2024-03-13,1,98.66,658,1,1,1,3,Hibernating
62,2025-06-12,3,671.95,202,3,3,2,8,Potential Loyalists
64,2025-10-29,3,3431.16,63,4,3,5,12,Loyal Customers
65,2025-08-18,3,3913.0,135,4,3,5,12,Loyal Customers
66,2025-05-11,4,1432.53,234,3,4,4,11,Loyal Customers
67,2025-03-24,2,700.9,282,2,2,2,6,At Risk
68,2023-10-30,1,72.23,793,1,1,1,3,Hibernating
69,2025-02-13,1,141.11,321,2,1,1,4,Hibernating
70,2025-05-27,3,2035.9900000000002,218,3,3,4,10,Loyal Customers
72,2025-10-01,3,2456.43,91,4,3,4,11,Loyal Customers
73,2024-05-24,10,3583.77,586,1,5,5,11,Loyal Customers
74,2025-12-25,2,295.76,6,5,2,2,9,Potential Loyalists
75,2025-04-19,1,357.35,256,2,1,2,5,Hibernating
76,2025-12-09,5,3267.34,22,5,4,5,14,Champions
77,2025-12-02,1,279.05,29,5,1,2,8,Potential Loyalists
79,2025-04-25,2,518.6800000000001,250,3,2,2,7,At Risk
81,2025-11-17,1,642.75,44,5,1,2,8,Potential Loyalists
82,2025-12-01,2,198.91000000000003,30,5,2,1,8,Potential Loyalists
85,2024-03-28,1,176.45,643,1,1,1,3,Hibernating
86,2025-08-20,2,349.78,133,4,2,2,8,Potential Loyalists
87,2024-04-17,2,585.36,623,1,2,2,5,Hibernating
88,2025-08-14,3,718.31,139,3,3,2,8,Potential Loyalists
89,2024-07-04,3,167.03,545,1,3,1,5,Hibernating
90,2025-04-25,6,5303.98,250,3,5,5,13,Champions
91,2023-09-11,1,77.93,842,1,1,1,3,Hibernating
92,2025-07-12,1,1116.4,172,3,1,3,7,At Risk
93,2025-12-03,4,1234.84,28,5,4,3,12,Loyal Customers
94,2025-10-09,5,3364.61,83,4,4,5,13,Champions
95,2025-09-12,5,2073.88,110,4,4,4,12,Loyal Customers
97,2025-02-13,8,807.54,321,2,5,3,10,Loyal Customers
99,2024-05-01,2,231.56,609,1,2,1,4,Hibernating
100,2024-09-18,6,3423.09,469,1,5,5,11,Loyal Customers
101,2024-07-16,6,3606.0,533,1,5,5,11,Loyal Customers
102,2025-03-09,8,3175.8199999999997,297,2,5,5,12,Loyal Customers
103,2025-05-10,3,852.6800000000001,235,3,3,3,9,Potential Loyalists
104,2024-05-12,3,1153.48,598,1,3,3,7,At Risk
105,2024-12-11,10,4229.9800000000005,385,2,5,5,12,Loyal Customers
106,2025-10-18,6,2295.04,74,4,5,4,13,Champions
107,2025-08-07,5,906.5899999999999,146,3,4,3,10,Loyal Customers
110,2025-12-11,6,2601.69,20,5,5,4,14,Champions
111,2025-02-17,1,2172.91,317,2,1,4,7,At Risk
113,2025-06-13,3,493.97,201,3,3,2,8,Potential Loyalists
114,2025-09-14,6,2672.2400000000002,108,4,5,5,14,Champions
115,2025-08-28,7,3317.91,125,4,5,5,14,Champions
116,2025-01-04,2,687.26,361,2,2,2,6,At Risk
117,2025-02-19,2,880.1,315,2,2,3,7,At Risk
119,2024-07-29,1,806.19,520,1,1,3,5,Hibernating
120,2025-01-03,2,733.8900000000001,362,2,2,3,7,At Risk
121,2024-11-23,1,589.32,403,2,1,2,5,Hibernating
122,2025-01-24,3,1078.49,341,2,3,3,8,Potential Loyalists
123,2024-12-10,1,863.87,386,2,1,3,6,At Risk
124,2025-12-08,3,2890.33,23,5,3,5,13,Champions
125,2025-10-08,2,1257.16,84,4,2,3,9,Potential Loyalists
126,2025-01-02,1,652.09,363,2,1,2,5,Hibernating
127,2025-06-04,1,61.93,210,3,1,1,5,Hibernating
128,2024-10-20,2,806.5200000000001,437,1,2,3,6,At Risk
129,2025-10-20,1,583.45,72,4,1,2,7,At Risk
130,2024-04-13,1,351.21,627,1,1,2,4,Hibernating
131,2025-02-08,1,399.84,326,2,1,2,5,Hibernating
132,2025-08-30,11,6289.0599999999995,123,4,5,5,14,Champions
134,2025-07-15,1,1199.25,169,3,1,3,7,At Risk
135,2025-04-14,3,357.35,261,2,3,2,7,At Risk
136,2025-09-16,2,1240.15,106,4,2,3,9,Potential Loyalists
139,2023-12-18,2,454.71,744,1,2,2,5,Hibernating
140,2024-08-26,6,3633.58,492,1,5,5,11,Loyal Customers
141,2025-07-18,13,5484.77,166,3,5,5,13,Champions
142,2025-01-16,1,304.7,349,2,1,2,5,Hibernating
143,2025-10-31,3,2298.31,61,4,3,4,11,Loyal Customers
146,2025-09-06,2,3030.06,116,4,2,5,11,Loyal Customers
147,2023-12-05,3,736.13,757,1,3,3,7,At Risk
148,2025-07-15,1,62.54,169,3,1,1,5,Hibernating
149,2025-08-27,1,25.99,126,4,1,1,6,At Risk
151,2025-07-20,7,2303.77,164,3,5,4,12,Loyal Customers
152,2024-03-03,1,1347.74,668,1,1,4,6,At Risk
153,2025-07-18,5,1037.0,166,3,4,3,10,Loyal Customers
154,2024-12-01,6,3077.85,395,2,5,5,12,Loyal Customers
155,2025-10-15,2,808.08,77,4,2,3,9,Potential Loyalists
156,2024-04-01,3,1124.3600000000001,639,1,3,3,7,At Risk
157,2025-09-23,3,2832.27,99,4,3,5,12,Loyal Customers
159,2025-10-19,1,779.49,73,4,1,3,8,Potential Loyalists
160,2025-11-19,1,635.01,42,5,1,2,8,Potential Loyalists
161,2025-03-17,2,558.13,289,2,2,2,6,At Risk
162,2025-02-19,2,1016.54,315,2,2,3,7,At Risk
163,2023-12-03,1,240.76,759,1,1,1,3,Hibernating
164,2025-07-04,1,39.82,180,3,1,1,5,Hibernating
165,2025-11-28,3,770.3499999999999,33,5,3,3,11,Loyal Customers
166,2025-11-20,4,1436.31,41,5,4,4,13,Champions
167,2025-08-24,3,1213.8,129,4,3,3,10,Loyal Customers
168,2024-08-09,1,167.71,509,1,1,1,3,Hibernating
170,2025-01-04,2,316.78999999999996,361,2,2,2,6,At Risk
171,2024-10-28,2,480.27,429,1,2,2,5,Hibernating
175,2025-05-03,3,1299.5300000000002,242,3,3,3,9,Potential Loyalists
176,2025-03-15,2,500.13,291,2,2,2,6,At Risk
177,2025-12-26,3,210.26,5,5,3,1,9,Potential Loyalists
178,2025-12-08,9,2150.51,23,5,5,4,14,Champions
179,2024-03-07,4,1273.9299999999998,664,1,4,3,8,Potential Loyalists
180,2025-11-11,9,4490.16,50,5,5,5,15,Champions
181,2025-04-18,4,1029.15,257,2,4,3,9,Potential Loyalists
182,2025-09-24,1,173.94,98,4,1,1,6,At Risk
183,2023-10-28,1,56.57,795,1,1,1,3,Hibernating
184,2025-10-02,4,2811.1400000000003,90,4,4,5,13,Champions
185,2025-08-28,8,3538.23,125,4,5,5,14,Champions
186,2025-11-23,1,157.4,38,5,1,1,7,At Risk
187,2025-08-13,1,76.96,140,3,1,1,5,Hibernating
188,2025-09-09,3,1013.5999999999999,113,4,3,3,10,Loyal Customers
189,2025-02-11,2,792.72,323,2,2,3,7,At Risk
190,2024-12-20,4,1145.54,376,2,4,3,9,Potential Loyalists
191,2025-10-23,4,1794.42,69,4,4,4,12,Loyal Customers
192,2024-12-14,2,550.24,382,2,2,2,6,At Risk
193,2025-05-30,1,227.66,215,3,1,1,5,Hibernating
194,2025-03-15,5,3738.9199999999996,291,2,4,5,11,Loyal Customers
195,2025-12-03,2,214.18,28,5,2,1,8,Potential Loyalists
196,2025-12-05,1,393.55,26,5,1,2,8,Potential Loyalists
198,2024-12-04,3,191.69,392,2,3,1,6,At Risk
199,2025-06-27,1,42.74,187,3,1,1,5,Hibernating
200,2025-08-11,5,3421.46,142,3,4,5,12,Loyal Customers
201,2023-11-22,1,189.67,770,1,1,1,3,Hibernating
202,2025-12-29,3,750.31,2,5,3,3,11,Loyal Customers
203,2025-09-20,4,1609.76,102,4,4,4,12,Loyal Customers
204,2024-05-25,1,43.04,585,1,1,1,3,Hibernating
205,2023-07-22,2,1027.6200000000001,893,1,2,3,6,At Risk
207,2025-11-06,2,122.13,55,5,2,1,8,Potential Loyalists
208,2024-07-08,2,1405.74,541,1,2,4,7,At Risk
209,2025-04-28,1,1357.34,247,3,1,4,8,Potential Loyalists
210,2024-08-17,2,1680.55,501,1,2,4,7,At Risk
211,2025-03-16,1,197.03,290,2,1,1,4,Hibernating
212,2025-11-18,11,4783.05,43,5,5,5,15,Champions
213,2025-11-28,1,280.66,33,5,1,2,8,Potential Loyalists
214,2025-10-22,2,1572.82,70,4,2,4,10,Loyal Customers
215,2025-10-18,2,1668.85,74,4,2,4,10,Loyal Customers
216,2025-11-02,3,2707.17,59,4,3,5,12,Loyal Customers
217,2024-09-22,1,22.52,465,1,1,1,3,Hibernating
219,2024-07-17,4,877.18,532,1,4,3,8,Potential Loyalists
220,2025-03-26,1,2420.97,280,2,1,4,7,At Risk
221,2025-01-30,9,3816.08,335,2,5,5,12,Loyal Customers
222,2025-12-17,15,4958.5,14,5,5,5,15,Champions
223,2024-08-16,1,72.7,502,1,1,1,3,Hibernating
224,2025-08-28,7,3647.8900000000003,125,4,5,5,14,Champions
225,2025-03-19,1,685.93,287,2,1,2,5,Hibernating
227,2025-09-11,3,470.48,111,4,3,2,9,Potential Loyalists
229,2025-10-30,2,847.31,62,4,2,3,9,Potential Loyalists
231,2025-03-14,1,81.42,292,2,1,1,4,Hibernating
232,2024-11-25,1,2710.6,401,2,1,5,8,Potential Loyalists
233,2023-12-21,3,826.66,741,1,3,3,7,At Risk
234,2024-07-10,1,96.81,539,1,1,1,3,Hibernating
238,2024-11-03,4,839.27,423,1,4,3,8,Potential Loyalists
239,2025-12-08,13,5800.6,23,5,5,5,15,Champions
240,2025-11-20,1,339.22,41,5,1,2,8,Potential Loyalists
242,2025-11-12,2,802.14,49,5,2,3,10,Loyal Customers
244,2025-09-28,4,1237.4,94,4,4,3,11,Loyal Customers
245,2025-11-28,1,31.39,33,5,1,1,7,At Risk
246,2023-11-24,1,85.89,768,1,1,1,3,Hibernating
247,2024-08-29,1,420.4,489,1,1,2,4,Hibernating
248,2025-10-01,7,1849.45,91,4,5,4,13,Champions
249,2024-06-17,1,80.76,562,1,1,1,3,Hibernating
250,2025-08-26,3,407.93,127,4,3,2,9,Potential Loyalists
251,2025-08-18,3,340.57,135,4,3,2,9,Potential Loyalists
252,2025-04-29,4,965.9399999999999,246,3,4,3,10,Loyal Customers
253,2025-08-24,4,911.52,129,4,4,3,11,Loyal Customers
254,2025-12-06,7,755.1000000000001,25,5,5,3,13,Champions
257,2025-01-04,5,1545.46,361,2,4,4,10,Loyal Customers
258,2025-11-26,5,4394.67,35,5,4,5,14,Champions
260,2025-04-02,8,3109.85,273,2,5,5,12,Loyal Customers
261,2025-10-19,2,158.38,73,4,2,1,7,At Risk
262,2025-01-17,4,1318.93,348,2,4,3,9,Potential Loyalists
263,2025-02-14,5,2858.59,320,2,4,5,11,Loyal Customers
264,2025-10-22,3,2069.2000000000003,70,4,3,4,11,Loyal Customers
265,2025-12-20,4,4129.74,11,5,4,5,14,Champions
266,2025-04-11,6,4999.07,264,2,5,5,12,Loyal Customers
267,2025-12-09,1,39.15,22,5,1,1,7,At Risk
268,2025-12-01,8,5210.13,30,5,5,5,15,Champions
269,2024-05-04,7,4560.95,606,1,5,5,11,Loyal Customers
271,2025-08-10,5,2655.05,143,3,4,4,11,Loyal Customers
272,2025-10-18,8,2384.31,74,4,5,4,13,Champions
273,2025-11-01,1,1007.64,60,4,1,3,8,Potential Loyalists
274,2024-04-21,3,574.5799999999999,619,1,3,2,6,At Risk
275,2025-11-20,6,2586.4900000000002,41,5,5,4,14,Champions
276,2025-05-14,2,134.61,231,3,2,1,6,At Risk
277,2025-08-19,1,1146.82,134,4,1,3,8,Potential Loyalists
278,2025-10-17,4,3195.54,75,4,4,5,13,Champions
279,2024-10-20,2,1304.3200000000002,437,1,2,3,6,At Risk
280,2025-06-01,3,3221.66,213,3,3,5,11,Loyal Customers
281,2025-12-17,5,3317.66,14,5,4,5,14,Champions
282,2025-09-02,7,3219.89,120,4,5,5,14,Champions
283,2025-11-15,4,2024.07,46,5,4,4,13,Champions
284,2024-03-12,1,136.51,659,1,1,1,3,Hibernating
285,2025-08-15,3,1415.51,138,4,3,4,11,Loyal Customers
286,2024-11-13,2,380.02,413,2,2,2,6,At Risk
288,2025-12-26,7,1002.7,5,5,5,3,13,Champions
289,2025-09-28,1,184.84,94,4,1,1,6,At Risk
290,2025-05-21,4,2776.79,224,3,4,5,12,Loyal Customers
291,2025-08-13,1,298.57,140,3,1,2,6,At Risk
292,2025-04-05,1,386.93,270,2,1,2,5,Hibernating
293,2024-09-30,1,83.36,457,1,1,1,3,Hibernating
297,2024-10-14,1,370.6,443,1,1,2,4,Hibernating
299,2025-05-29,5,2700.99,216,3,4,5,12,Loyal Customers
300,2025-09-19,6,3625.36,103,4,5,5,14,Champions
302,2025-08-24,1,837.71,129,4,1,3,8,Potential Loyalists
303,2024-09-02,2,407.28999999999996,485,1,2,2,5,Hibernating
304,2025-03-21,1,46.77,285,2,1,1,4,Hibernating
305,2025-12-24,12,5271.51,7,5,5,5,15,Champions
306,2024-03-27,1,126.16,644,1,1,1,3,Hibernating
308,2025-12-15,7,2710.09,16,5,5,5,15,Champions
309,2025-07-14,1,1332.5,170,3,1,3,7,At Risk
310,2025-07-09,2,440.32,175,3,2,2,7,At Risk
311,2024-10-21,2,538.89,436,1,2,2,5,Hibernating
312,2025-05-21,3,5159.66,224,3,3,5,11,Loyal Customers
314,2025-06-11,7,903.32,203,3,5,3,11,Loyal Customers
315,2025-11-11,6,2626.74,50,5,5,4,14,Champions
316,2025-10-11,1,81.34,81,4,1,1,6,At Risk
317,2025-12-12,2,689.74,19,5,2,2,9,Potential Loyalists
318,2025-04-20,1,716.32,255,3,1,2,6,At Risk
320,2024-07-31,3,4068.1,518,1,3,5,9,Potential Loyalists
321,2025-11-10,11,4982.85,51,5,5,5,15,Champions
322,2025-06-13,2,219.54,201,3,2,1,6,At Risk
323,2024-02-21,1,204.11,679,1,1,1,3,Hibernating
325,2025-06-18,1,36.34,196,3,1,1,5,Hibernating
327,2025-09-22,4,994.29,100,4,4,3,11,Loyal Customers
328,2025-08-28,2,428.26,125,4,2,2,8,Potential Loyalists
329,2025-07-22,1,199.65,162,3,1,1,5,Hibernating
331,2024-12-14,2,2080.48,382,2,2,4,8,Potential Loyalists
332,2025-06-17,2,165.74,197,3,2,1,6,At Risk
333,2025-11-23,6,2747.07,38,5,5,5,15,Champions
334,2025-01-05,3,888.83,360,2,3,3,8,Potential Loyalists
335,2025-12-23,2,421.91,8,5,2,2,9,Potential Loyalists
336,2025-11-20,10,4886.64,41,5,5,5,15,Champions
337,2025-08-12,4,2121.26,141,3,4,4,11,Loyal Customers
338,2025-09-25,1,31.76,97,4,1,1,6,At Risk
339,2025-04-07,1,284.13,268,2,1,2,5,Hibernating
340,2024-12-15,1,521.81,381,2,1,2,5,Hibernating
341,2024-11-30,4,1571.1499999999999,396,2,4,4,10,Loyal Customers
342,2024-05-19,3,1019.66,591,1,3,3,7,At Risk
343,2025-12-23,3,1032.06,8,5,3,3,11,Loyal Customers
344,2025-05-22,4,3048.33,223,3,4,5,12,Loyal Customers
346,2025-12-13,3,2804.1,18,5,3,5,13,Champions
347,2024-10-23,2,772.0899999999999,434,1,2,3,6,At Risk
348,2025-07-19,1,1316.76,165,3,1,3,7,At Risk
349,2024-02-01,2,362.57,699,1,2,2,5,Hibernating
350,2024-10-26,1,163.24,431,1,1,1,3,Hibernating
351,2025-10-09,15,6180.03,83,4,5,5,14,Champions
353,2025-08-02,1,24.08,151,3,1,1,5,Hibernating
354,2025-03-30,9,3809.91,276,2,5,5,12,Loyal Customers
355,2025-04-26,1,102.85,249,3,1,1,5,Hibernating
356,2025-11-06,6,2485.23,55,5,5,4,14,Champions
358,2025-10-03,3,1359.5900000000001,89,4,3,4,11,Loyal Customers
359,2024-11-08,2,1095.09,418,2,2,3,7,At Risk
360,2024-08-21,4,1621.1399999999999,497,1,4,4,9,Potential Loyalists
362,2025-08-01,1,227.73,152,3,1,1,5,Hibernating
363,2025-07-12,6,4073.8900000000003,172,3,5,5,13,Champions
365,2025-09-23,1,162.42,99,4,1,1,6,At Risk
367,2025-06-21,3,1624.69,193,3,3,4,10,Loyal Customers
369,2025-12-28,5,5112.62,3,5,4,5,14,Champions
370,2025-09-24,2,1114.38,98,4,2,3,9,Potential Loyalists
371,2025-12-01,1,238.1,30,5,1,1,7,At Risk
372,2025-11-14,12,2513.13,47,5,5,4,14,Champions
373,2025-04-13,1,2457.67,262,2,1,4,7,At Risk
374,2025-02-28,2,389.33,306,2,2,2,6,At Risk
375,2025-12-17,1,259.02,14,5,1,1,7,At Risk
376,2025-07-31,5,1243.3400000000001,153,3,4,3,10,Loyal Customers
377,2025-11-15,3,699.58,46,5,3,2,10,Loyal Customers
378,2024-12-14,1,30.49,382,2,1,1,4,Hibernating
380,2025-11-29,4,1521.8799999999999,32,5,4,4,13,Champions
381,2025-02-26,2,721.35,308,2,2,2,6,At Risk
382,2025-10-07,1,948.94,85,4,1,3,8,Potential Loyalists
383,2025-10-31,8,3791.26,61,4,5,5,14,Champions
384,2025-02-23,1,211.58,311,2,1,1,4,Hibernating
386,2024-02-29,3,2005.35,671,1,3,4,8,Potential Loyalists
387,2025-09-23,4,2257.83,99,4,4,4,12,Loyal Customers
388,2025-03-11,1,1798.76,295,2,1,4,7,At Risk
389,2024-09-23,3,1281.88,464,1,3,3,7,At Risk
390,2024-08-03,2,1015.1999999999999,515,1,2,3,6,At Risk
391,2024-01-18,4,2324.7799999999997,713,1,4,4,9,Potential Loyalists
393,2025-09-22,1,145.0,100,4,1,1,6,At Risk
394,2024-05-16,3,722.61,594,1,3,3,7,At Risk
395,2025-04-12,2,1365.55,263,2,2,4,8,Potential Loyalists
396,2025-12-26,6,1952.61,5,5,5,4,14,Champions
397,2025-08-08,2,1061.03,145,3,2,3,8,Potential Loyalists
398,2025-06-03,1,115.53,211,3,1,1,5,Hibernating
399,2025-05-02,8,2022.45,243,3,5,4,12,Loyal Customers
400,2024-01-26,1,518.25,705,1,1,2,4,Hibernating
401,2023-12-06,1,43.83,756,1,1,1,3,Hibernating
402,2025-06-03,2,1071.32,211,3,2,3,8,Potential Loyalists
403,2025-10-22,2,679.61,70,4,2,2,8,Potential Loyalists
404,2025-11-19,4,373.27,42,5,4,2,11,Loyal Customers
406,2025-10-14,3,2808.8900000000003,78,4,3,5,12,Loyal Customers
408,2024-08-09,1,32.96,509,1,1,1,3,Hibernating
410,2025-04-17,5,792.4200000000001,258,2,4,3,9,Potential Loyalists
411,2025-11-21,5,1812.02,40,5,4,4,13,Champions
412,2025-11-08,2,484.41,53,5,2,2,9,Potential Loyalists
413,2025-11-18,6,1546.59,43,5,5,4,14,Champions
416,2025-09-10,1,137.2,112,4,1,1,6,At Risk
418,2025-12-15,4,643.97,16,5,4,2,11,Loyal Customers
419,2025-01-15,1,192.25,350,2,1,1,4,Hibernating
420,2025-06-18,4,291.64,196,3,4,2,9,Potential Loyalists
421,2025-09-03,2,518.26,119,4,2,2,8,Potential Loyalists
422,2025-06-18,5,1307.75,196,3,4,3,10,Loyal Customers
423,2024-10-02,6,2390.27,455,1,5,4,10,Loyal Customers
425,2024-08-04,1,867.5,514,1,1,3,5,Hibernating
426,2025-11-07,12,2794.4,54,5,5,5,15,Champions
427,2025-09-23,5,4103.599999999999,99,4,4,5,13,Champions
428,2025-12-13,10,5183.15,18,5,5,5,15,Champions
429,2025-07-29,2,682.62,155,3,2,2,7,At Risk
431,2024-02-25,1,1020.64,675,1,1,3,5,Hibernating
432,2025-06-16,5,2617.19,198,3,4,4,11,Loyal Customers
433,2024-06-20,6,2447.43,559,1,5,4,10,Loyal Customers
434,2025-11-17,8,1716.77,44,5,5,4,14,Champions
435,2024-10-25,1,507.31,432,1,1,2,4,Hibernating
436,2025-03-18,1,251.48,288,2,1,1,4,Hibernating
437,2025-10-27,2,461.01,65,4,2,2,8,Potential Loyalists
438,2025-08-04,1,253.62,149,3,1,1,5,Hibernating
439,2025-05-12,2,594.74,233,3,2,2,7,At Risk
440,2025-11-30,4,1210.0,31,5,4,3,12,Loyal Customers
441,2025-04-16,3,998.55,259,2,3,3,8,Potential Loyalists
443,2025-11-16,3,2591.87,45,5,3,4,12,Loyal Customers
444,2025-08-15,2,625.6700000000001,138,4,2,2,8,Potential Loyalists
445,2025-09-15,9,4212.79,107,4,5,5,14,Champions
446,2025-11-10,14,7822.68,51,5,5,5,15,Champions
447,2024-10-14,4,1075.6000000000001,443,1,4,3,8,Potential Loyalists
448,2025-06-12,16,5141.4800000000005,202,3,5,5,13,Champions
449,2025-12-16,10,3000.15,15,5,5,5,15,Champions
451,2025-12-12,3,1124.02,19,5,3,3,11,Loyal Customers
453,2025-12-21,3,1372.0,10,5,3,4,12,Loyal Customers
454,2025-11-24,11,4122.36,37,5,5,5,15,Champions
455,2025-01-25,2,134.18,340,2,2,1,5,Hibernating
456,2024-11-08,1,549.41,418,2,1,2,5,Hibernating
457,2025-05-02,3,2233.74,243,3,3,4,10,Loyal Customers
458,2025-08-05,4,1033.0,148,3,4,3,10,Loyal Customers
459,2025-06-07,1,303.32,207,3,1,2,6,At Risk
461,2025-04-04,1,2592.6,271,2,1,4,7,At Risk
462,2024-11-12,5,2034.25,414,2,4,4,10,Loyal Customers
463,2025-11-17,3,865.75,44,5,3,3,11,Loyal Customers
464,2025-08-25,1,56.74,128,4,1,1,6,At Risk
467,2025-09-04,1,620.55,118,4,1,2,7,At Risk
468,2025-09-01,6,4373.97,121,4,5,5,14,Champions
469,2024-09-06,1,65.5,481,1,1,1,3,Hibernating
470,2025-03-20,4,7508.71,286,2,4,5,11,Loyal Customers
471,2025-08-20,5,415.62,133,4,4,2,10,Loyal Customers
472,2025-09-30,7,1957.34,92,4,5,4,13,Champions
473,2024-11-10,7,3553.13,416,2,5,5,12,Loyal Customers
474,2024-07-14,1,12.12,535,1,1,1,3,Hibernating
476,2025-08-27,13,4240.58,126,4,5,5,14,Champions
477,2025-05-18,9,2982.9900000000002,227,3,5,5,13,Champions
478,2025-05-19,5,606.0999999999999,226,3,4,2,9,Potential Loyalists
479,2025-06-15,8,2578.09,199,3,5,4,12,Loyal Customers
481,2025-12-25,17,8122.04,6,5,5,5,15,Champions
482,2024-11-04,2,609.05,422,1,2,2,5,Hibernating
483,2025-11-22,9,4008.62,39,5,5,5,15,Champions
484,2025-05-13,2,276.11,232,3,2,1,6,At Risk
485,2025-11-27,1,978.58,34,5,1,3,9,Potential Loyalists
486,2024-08-13,1,550.9,505,1,1,2,4,Hibernating
487,2025-07-09,6,814.12,175,3,5,3,11,Loyal Customers
488,2025-03-10,1,102.25,296,2,1,1,4,Hibernating
489,2023-09-24,1,167.62,829,1,1,1,3,Hibernating
491,2025-06-11,5,1875.0700000000002,203,3,4,4,11,Loyal Customers
492,2025-08-30,4,687.47,123,4,4,2,10,Loyal Customers
493,2025-05-31,3,1370.53,214,3,3,4,10,Loyal Customers
494,2025-09-17,5,1445.1,105,4,4,4,12,Loyal Customers
495,2025-10-09,1,761.93,83,4,1,3,8,Potential Loyalists
498,2025-10-23,3,1092.32,69,4,3,3,10,Loyal Customers
499,2024-12-18,1,2544.41,378,2,1,4,7,At Risk
500,2025-12-29,6,2070.8,2,5,5,4,14,Champions
501,2025-11-03,1,86.87,58,4,1,1,6,At Risk
502,2025-10-19,12,4646.71,73,4,5,5,14,Champions
503,2025-06-16,5,377.8,198,3,4,2,9,Potential Loyalists
504,2025-04-07,1,365.14,268,2,1,2,5,Hibernating
505,2025-01-24,2,161.20999999999998,341,2,2,1,5,Hibernating
506,2025-11-21,6,4242.0199999999995,40,5,5,5,15,Champions
507,2024-04-08,1,298.9,632,1,1,2,4,Hibernating
508,2025-11-26,1,51.13,35,5,1,1,7,At Risk
509,2025-02-10,4,1186.8899999999999,324,2,4,3,9,Potential Loyalists
510,2025-05-01,2,617.21,244,3,2,2,7,At Risk
511,2025-01-03,1,1137.68,362,2,1,3,6,At Risk
513,2025-04-26,1,857.03,249,3,1,3,7,At Risk
515,2025-10-11,14,5422.650000000001,81,4,5,5,14,Champions
516,2025-08-14,6,2667.73,139,3,5,5,13,Champions
517,2025-12-01,6,770.81,30,5,5,3,13,Champions
518,2025-11-29,8,3793.9700000000003,32,5,5,5,15,Champions
519,2025-08-28,1,114.38,125,4,1,1,6,At Risk
520,2024-10-30,9,4313.1900000000005,427,1,5,5,11,Loyal Customers
521,2025-01-17,4,1311.46,348,2,4,3,9,Potential Loyalists
522,2025-12-08,6,3318.4100000000003,23,5,5,5,15,Champions
523,2025-03-20,2,253.35000000000002,286,2,2,1,5,Hibernating
524,2025-10-26,1,273.62,66,4,1,1,6,At Risk
525,2024-11-01,1,851.63,425,1,1,3,5,Hibernating
526,2024-04-08,4,4952.6,632,1,4,5,10,Loyal Customers
527,2025-06-04,3,1723.5099999999998,210,3,3,4,10,Loyal Customers
528,2024-08-10,1,362.61,508,1,1,2,4,Hibernating
529,2024-05-07,1,155.69,603,1,1,1,3,Hibernating
530,2025-09-04,1,381.58,118,4,1,2,7,At Risk
531,2025-02-26,1,421.99,308,2,1,2,5,Hibernating
532,2025-11-16,1,110.07,45,5,1,1,7,At Risk
533,2025-11-03,4,1891.71,58,4,4,4,12,Loyal Customers
534,2025-11-11,2,1012.02,50,5,2,3,10,Loyal Customers
535,2025-12-08,7,4115.78,23,5,5,5,15,Champions
536,2024-06-28,1,245.27,551,1,1,1,3,Hibernating
537,2025-05-16,7,3807.4900000000002,229,3,5,5,13,Champions
538,2024-11-21,2,1850.5600000000002,405,2,2,4,8,Potential Loyalists
539,2025-02-07,3,666.22,327,2,3,2,7,At Risk
540,2025-12-01,1,1076.49,30,5,1,3,9,Potential Loyalists
541,2025-01-30,1,1536.69,335,2,1,4,7,At Risk
542,2025-12-19,2,493.03,12,5,2,2,9,Potential Loyalists
543,2025-03-10,1,61.75,296,2,1,1,4,Hibernating
544,2025-10-20,2,160.05,72,4,2,1,7,At Risk
547,2024-10-12,1,2311.61,445,1,1,4,6,At Risk
548,2025-04-23,2,476.49,252,3,2,2,7,At Risk
549,2025-10-06,1,99.79,86,4,1,1,6,At Risk
551,2025-01-22,4,2392.85,343,2,4,4,10,Loyal Customers
552,2025-06-19,6,2731.17,195,3,5,5,13,Champions
554,2025-10-15,4,1761.42,77,4,4,4,12,Loyal Customers
555,2025-06-07,2,752.41,207,3,2,3,8,Potential Loyalists
556,2025-12-25,3,1993.0299999999997,6,5,3,4,12,Loyal Customers
557,2025-12-28,3,781.26,3,5,3,3,11,Loyal Customers
560,2025-09-28,2,797.89,94,4,2,3,9,Potential Loyalists
561,2025-07-23,2,2640.57,161,3,2,4,9,Potential Loyalists
562,2024-12-20,3,819.51,376,2,3,3,8,Potential Loyalists
563,2024-09-01,1,261.24,486,1,1,1,3,Hibernating
564,2024-02-08,3,690.42,692,1,3,2,6,At Risk
565,2025-06-03,11,5971.51,211,3,5,5,13,Champions
566,2025-07-17,1,41.31,167,3,1,1,5,Hibernating
567,2025-04-09,6,2391.54,266,2,5,4,11,Loyal Customers
568,2025-10-29,4,1124.76,63,4,4,3,11,Loyal Customers
569,2025-06-25,1,436.9,189,3,1,2,6,At Risk
571,2025-01-18,2,773.13,347,2,2,3,7,At Risk
572,2025-12-17,15,6467.59,14,5,5,5,15,Champions
573,2025-12-14,5,879.89,17,5,4,3,12,Loyal Customers
576,2025-05-07,5,780.56,238,3,4,3,10,Loyal Customers
577,2025-12-05,2,1192.1799999999998,26,5,2,3,10,Loyal Customers
578,2024-10-11,2,1611.24,446,1,2,4,7,At Risk
579,2025-09-19,3,2842.73,103,4,3,5,12,Loyal Customers
580,2024-08-04,1,346.52,514,1,1,2,4,Hibernating
581,2025-11-02,2,652.18,59,4,2,2,8,Potential Loyalists
582,2024-10-23,3,393.28,434,1,3,2,6,At Risk
583,2025-10-20,1,844.29,72,4,1,3,8,Potential Loyalists
585,2025-12-27,2,818.37,4,5,2,3,10,Loyal Customers
586,2025-06-30,5,4601.87,184,3,4,5,12,Loyal Customers
588,2025-07-30,1,165.08,154,3,1,1,5,Hibernating
589,2024-09-01,1,691.12,486,1,1,2,4,Hibernating
591,2025-02-19,3,1236.7,315,2,3,3,8,Potential Loyalists
592,2025-10-17,15,4138.87,75,4,5,5,14,Champions
593,2025-12-27,1,233.48,4,5,1,1,7,At Risk
594,2025-12-12,11,1779.92,19,5,5,4,14,Champions
595,2025-10-15,9,5265.14,77,4,5,5,14,Champions
596,2025-07-17,4,1329.6799999999998,167,3,4,3,10,Loyal Customers
597,2023-12-19,1,2217.27,743,1,1,4,6,At Risk
598,2025-02-27,1,418.42,307,2,1,2,5,Hibernating
599,2024-07-13,2,924.73,536,1,2,3,6,At Risk
600,2025-10-01,5,1479.99,91,4,4,4,12,Loyal Customers
601,2024-05-13,1,272.98,597,1,1,1,3,Hibernating
602,2024-03-25,2,786.6600000000001,646,1,2,3,6,At Risk
603,2025-11-29,2,323.53,32,5,2,2,9,Potential Loyalists
605,2025-10-22,3,961.38,70,4,3,3,10,Loyal Customers
606,2025-12-20,3,217.98,11,5,3,1,9,Potential Loyalists
607,2025-02-28,2,797.03,306,2,2,3,7,At Risk
608,2024-08-28,5,2236.02,490,1,4,4,9,Potential Loyalists
609,2024-03-11,1,664.83,660,1,1,2,4,Hibernating
610,2025-09-28,6,4811.7,94,4,5,5,14,Champions
613,2025-06-15,3,1051.14,199,3,3,3,9,Potential Loyalists
614,2024-11-27,7,2538.98,399,2,5,4,11,Loyal Customers
615,2024-12-08,1,75.91,388,2,1,1,4,Hibernating
616,2025-12-21,10,4390.3099999999995,10,5,5,5,15,Champions
617,2025-04-28,1,466.99,247,3,1,2,6,At Risk
619,2025-12-02,11,3724.6,29,5,5,5,15,Champions
620,2025-10-19,9,1868.65,73,4,5,4,13,Champions
621,2025-11-11,3,2248.59,50,5,3,4,12,Loyal Customers
622,2024-03-31,3,742.14,640,1,3,3,7,At Risk
624,2025-07-29,8,1948.08,155,3,5,4,12,Loyal Customers
626,2025-06-18,5,683.81,196,3,4,2,9,Potential Loyalists
627,2025-06-19,7,2127.34,195,3,5,4,12,Loyal Customers
628,2025-11-15,9,5612.29,46,5,5,5,15,Champions
629,2024-11-10,1,249.53,416,2,1,1,4,Hibernating
630,2025-01-10,1,179.91,355,2,1,1,4,Hibernating
631,2025-02-22,7,4920.22,312,2,5,5,12,Loyal Customers
632,2025-07-20,5,2558.15,164,3,4,4,11,Loyal Customers
633,2025-11-22,4,462.38,39,5,4,2,11,Loyal Customers
634,2025-03-16,2,146.66,290,2,2,1,5,Hibernating
635,2025-07-01,1,414.51,183,3,1,2,6,At Risk
636,2025-12-08,5,2682.2200000000003,23,5,4,5,14,Champions
637,2025-12-27,3,1266.3700000000001,4,5,3,3,11,Loyal Customers
638,2025-12-12,8,3940.39,19,5,5,5,15,Champions
639,2024-02-08,3,613.61,692,1,3,2,6,At Risk
641,2025-12-06,1,892.71,25,5,1,3,9,Potential Loyalists
642,2025-06-19,1,75.2,195,3,1,1,5,Hibernating
643,2024-12-27,1,403.53,369,2,1,2,5,Hibernating
644,2025-05-22,6,2759.5,223,3,5,5,13,Champions
648,2025-11-21,1,72.58,40,5,1,1,7,At Risk
649,2023-11-13,1,838.4,779,1,1,3,5,Hibernating
650,2023-12-23,1,28.24,739,1,1,1,3,Hibernating
652,2025-05-27,7,2382.35,218,3,5,4,12,Loyal Customers
654,2024-03-14,2,242.86,657,1,2,1,4,Hibernating
656,2025-12-18,11,4748.1,13,5,5,5,15,Champions
657,2025-12-08,4,1374.31,23,5,4,4,13,Champions
658,2024-12-03,1,496.84,393,2,1,2,5,Hibernating
659,2025-04-21,7,4764.34,254,3,5,5,13,Champions
660,2024-10-16,2,250.58,441,1,2,1,4,Hibernating
661,2025-04-13,3,1928.5300000000002,262,2,3,4,9,Potential Loyalists
662,2025-03-19,3,1773.77,287,2,3,4,9,Potential Loyalists
663,2024-06-18,2,504.93,561,1,2,2,5,Hibernating
664,2025-11-30,3,2479.7,31,5,3,4,12,Loyal Customers
665,2025-01-06,2,929.1700000000001,359,2,2,3,7,At Risk
666,2024-01-15,1,132.12,716,1,1,1,3,Hibernating
667,2025-10-29,6,2402.7700000000004,63,4,5,4,13,Champions
669,2025-03-08,3,248.83999999999997,298,2,3,1,6,At Risk
670,2025-02-22,3,881.1,312,2,3,3,8,Potential Loyalists
671,2025-11-10,1,18.61,51,5,1,1,7,At Risk
672,2025-12-07,3,1343.25,24,5,3,3,11,Loyal Customers
675,2025-06-10,8,3763.4,204,3,5,5,13,Champions
676,2025-08-16,2,1968.41,137,4,2,4,10,Loyal Customers
677,2025-09-21,3,1295.29,101,4,3,3,10,Loyal Customers
678,2024-11-11,2,539.29,415,2,2,2,6,At Risk
679,2025-12-03,1,441.59,28,5,1,2,8,Potential Loyalists
680,2025-09-07,1,26.04,115,4,1,1,6,At Risk
681,2024-02-15,1,113.19,685,1,1,1,3,Hibernating
682,2025-07-03,1,263.97,181,3,1,1,5,Hibernating
683,2025-01-22,7,6736.8099999999995,343,2,5,5,12,Loyal Customers
684,2025-01-28,3,2337.76,337,2,3,4,9,Potential Loyalists
685,2025-07-21,1,223.22,163,3,1,1,5,Hibernating
686,2024-12-28,1,519.41,368,2,1,2,5,Hibernating
689,2025-06-10,4,1273.26,204,3,4,3,10,Loyal Customers
690,2025-03-09,1,2043.22,297,2,1,4,7,At Risk
691,2024-05-20,1,22.61,590,1,1,1,3,Hibernating
692,2025-01-23,1,63.97,342,2,1,1,4,Hibernating
693,2025-06-04,4,503.61,210,3,4,2,9,Potential Loyalists
694,2025-08-18,5,2015.28,135,4,4,4,12,Loyal Customers
695,2025-11-10,2,3721.82,51,5,2,5,12,Loyal Customers
696,2025-10-25,16,4285.62,67,4,5,5,14,Champions
697,2025-12-22,1,551.09,9,5,1,2,8,Potential Loyalists
698,2024-07-18,1,133.42,531,1,1,1,3,Hibernating
699,2025-03-16,2,1760.03,290,2,2,4,8,Potential Loyalists
700,2025-02-04,2,203.42000000000002,330,2,2,1,5,Hibernating
701,2025-06-06,3,496.59,208,3,3,2,8,Potential Loyalists
702,2025-05-08,1,27.64,237,3,1,1,5,Hibernating
703,2025-05-30,3,2158.63,215,3,3,4,10,Loyal Customers
704,2025-10-09,2,927.97,83,4,2,3,9,Potential Loyalists
705,2025-03-11,4,827.8599999999999,295,2,4,3,9,Potential Loyalists
706,2024-11-10,2,373.5,416,2,2,2,6,At Risk
707,2024-08-28,6,690.61,490,1,5,2,8,Potential Loyalists
708,2025-11-27,9,5365.5,34,5,5,5,15,Champions
711,2025-11-13,1,678.33,48,5,1,2,8,Potential Loyalists
712,2025-09-05,1,685.17,117,4,1,2,7,At Risk
713,2025-05-25,2,84.72,220,3,2,1,6,At Risk
714,2025-08-24,1,653.43,129,4,1,2,7,At Risk
715,2025-07-02,7,5373.56,182,3,5,5,13,Champions
717,2025-03-23,6,4603.0,283,2,5,5,12,Loyal Customers
718,2025-09-02,4,1753.45,120,4,4,4,12,Loyal Customers
719,2025-08-21,5,612.64,132,4,4,2,10,Loyal Customers
720,2024-07-05,1,623.43,544,1,1,2,4,Hibernating
721,2025-10-19,7,2437.2599999999998,73,4,5,4,13,Champions
722,2025-09-04,1,609.65,118,4,1,2,7,At Risk
723,2025-02-17,2,613.21,317,2,2,2,6,At Risk
724,2025-10-05,2,449.07,87,4,2,2,8,Potential Loyalists
725,2024-11-06,1,323.04,420,1,1,2,4,Hibernating
726,2025-12-17,2,2290.03,14,5,2,4,11,Loyal Customers
727,2025-11-16,3,1610.0,45,5,3,4,12,Loyal Customers
728,2025-10-14,2,3399.7200000000003,78,4,2,5,11,Loyal Customers
729,2025-06-21,3,876.81,193,3,3,3,9,Potential Loyalists
730,2025-11-03,7,4632.0199999999995,58,4,5,5,14,Champions
731,2025-02-12,2,329.0,322,2,2,2,6,At Risk
732,2024-07-18,6,1490.02,531,1,5,4,10,Loyal Customers
734,2025-03-11,1,226.32,295,2,1,1,4,Hibernating
736,2024-10-15,3,872.72,442,1,3,3,7,At Risk
737,2025-12-04,16,9700.35,27,5,5,5,15,Champions
738,2024-11-26,3,494.69,400,2,3,2,7,At Risk
739,2025-02-11,3,1083.98,323,2,3,3,8,Potential Loyalists
740,2025-03-22,2,587.97,284,2,2,2,6,At Risk
741,2024-09-19,1,463.65,468,1,1,2,4,Hibernating
742,2025-10-30,3,433.39,62,4,3,2,9,Potential Loyalists
743,2025-05-12,2,643.99,233,3,2,2,7,At Risk
744,2025-11-22,2,305.56,39,5,2,2,9,Potential Loyalists
745,2025-08-12,1,91.91,141,3,1,1,5,Hibernating
747,2025-12-20,11,3072.9,11,5,5,5,15,Champions
750,2025-11-08,3,2166.15,53,5,3,4,12,Loyal Customers
751,2025-11-06,1,418.25,55,5,1,2,8,Potential Loyalists
752,2025-12-21,9,3443.06,10,5,5,5,15,Champions
753,2025-04-16,8,4371.0,259,2,5,5,12,Loyal Customers
755,2024-10-02,7,4238.92,455,1,5,5,11,Loyal Customers
756,2025-09-09,8,4631.53,113,4,5,5,14,Champions
757,2025-02-18,4,1087.28,316,2,4,3,9,Potential Loyalists
759,2025-07-12,5,2502.42,172,3,4,4,11,Loyal Customers
760,2025-07-26,2,379.28000000000003,158,3,2,2,7,At Risk
761,2025-08-13,5,1182.1200000000001,140,3,4,3,10,Loyal Customers
762,2025-06-23,2,1965.5300000000002,191,3,2,4,9,Potential Loyalists
763,2025-01-03,1,905.88,362,2,1,3,6,At Risk
764,2025-02-23,2,2314.8599999999997,311,2,2,4,8,Potential Loyalists
766,2025-11-29,12,3055.7,32,5,5,5,15,Champions
768,2025-08-30,6,2231.01,123,4,5,4,13,Champions
769,2025-12-12,3,971.51,19,5,3,3,11,Loyal Customers
770,2024-10-09,1,781.03,448,1,1,3,5,Hibernating
771,2025-01-01,1,450.06,364,2,1,2,5,Hibernating
772,2025-10-12,2,254.57,80,4,2,1,7,At Risk
773,2024-08-07,1,875.2,511,1,1,3,5,Hibernating
774,2025-09-06,2,507.43999999999994,116,4,2,2,8,Potential Loyalists
775,2025-09-30,1,666.41,92,4,1,2,7,At Risk
776,2025-03-25,3,638.1,281,2,3,2,7,At Risk
777,2025-04-26,2,1411.6,249,3,2,4,9,Potential Loyalists
778,2024-08-23,1,1810.66,495,1,1,4,6,At Risk
780,2025-12-28,4,380.68,3,5,4,2,11,Loyal Customers
781,2024-07-26,5,483.62,523,1,4,2,7,At Risk
782,2025-12-28,1,1082.0,3,5,1,3,9,Potential Loyalists
783,2025-11-26,7,2142.0,35,5,5,4,14,Champions
784,2025-04-17,4,1057.32,258,2,4,3,9,Potential Loyalists
785,2024-05-31,3,333.41,579,1,3,2,6,At Risk
786,2024-09-27,4,2180.55,460,1,4,4,9,Potential Loyalists
787,2024-05-29,3,1190.26,581,1,3,3,7,At Risk
788,2025-11-01,9,4925.17,60,4,5,5,14,Champions
789,2024-05-29,7,1492.8,581,1,5,4,10,Loyal Customers
790,2025-10-23,2,441.53,69,4,2,2,8,Potential Loyalists
791,2025-06-24,5,523.27,190,3,4,2,9,Potential Loyalists
792,2025-06-10,2,678.6800000000001,204,3,2,2,7,At Risk
793,2025-11-28,5,2797.45,33,5,4,5,14,Champions
794,2024-07-05,1,770.27,544,1,1,3,5,Hibernating
795,2024-04-17,2,1922.6299999999999,623,1,2,4,7,At Risk
796,2025-11-10,5,2210.66,51,5,4,4,13,Champions
797,2024-08-01,4,1246.67,517,1,4,3,8,Potential Loyalists
798,2025-11-05,2,370.25,56,4,2,2,8,Potential Loyalists
799,2024-07-25,9,9131.45,524,1,5,5,11,Loyal Customers
800,2025-05-18,1,1254.72,227,3,1,3,7,At Risk
801,2024-12-16,8,3011.5,380,2,5,5,12,Loyal Customers
802,2025-08-23,2,115.72999999999999,130,4,2,1,7,At Risk
803,2025-03-10,1,174.25,296,2,1,1,4,Hibernating
804,2025-05-19,3,2610.62,226,3,3,4,10,Loyal Customers
805,2025-06-11,2,707.48,203,3,2,2,7,At Risk
807,2025-12-09,2,736.2199999999999,22,5,2,3,10,Loyal Customers
808,2025-04-29,4,2238.66,246,3,4,4,11,Loyal Customers
809,2024-06-08,1,70.28,571,1,1,1,3,Hibernating
810,2024-05-21,1,271.31,589,1,1,1,3,Hibernating
811,2025-10-02,5,528.92,90,4,4,2,10,Loyal Customers
812,2025-10-12,2,1961.6399999999999,80,4,2,4,10,Loyal Customers
816,2025-08-02,7,1851.15,151,3,5,4,12,Loyal Customers
817,2025-02-24,5,789.64,310,2,4,3,9,Potential Loyalists
818,2025-10-09,4,1838.31,83,4,4,4,12,Loyal Customers
819,2025-12-06,6,2732.6400000000003,25,5,5,5,15,Champions
820,2025-12-28,2,225.91,3,5,2,1,8,Potential Loyalists
821,2025-03-14,10,4029.54,292,2,5,5,12,Loyal Customers
822,2025-01-01,4,1439.93,364,2,4,4,10,Loyal Customers
823,2025-07-10,1,78.25,174,3,1,1,5,Hibernating
824,2025-04-17,2,729.43,258,2,2,3,7,At Risk
825,2025-06-15,3,2725.4700000000003,199,3,3,5,11,Loyal Customers
826,2025-06-24,5,2437.61,190,3,4,4,11,Loyal Customers
827,2025-12-13,7,3065.82,18,5,5,5,15,Champions
828,2024-08-28,9,3200.54,490,1,5,5,11,Loyal Customers
829,2024-10-05,1,473.64,452,1,1,2,4,Hibernating
832,2023-09-28,2,715.77,825,1,2,2,5,Hibernating
833,2025-12-15,2,214.37,16,5,2,1,8,Potential Loyalists
834,2025-08-30,1,237.03,123,4,1,1,6,At Risk
835,2025-04-05,3,1190.3,270,2,3,3,8,Potential Loyalists
836,2024-08-30,3,1479.5300000000002,488,1,3,4,8,Potential Loyalists
837,2025-12-24,1,339.04,7,5,1,2,8,Potential Loyalists
838,2025-06-29,5,4748.53,185,3,4,5,12,Loyal Customers
839,2025-05-14,1,1299.81,231,3,1,3,7,At Risk
840,2024-06-15,2,619.4300000000001,564,1,2,2,5,Hibernating
842,2024-12-15,2,910.29,381,2,2,3,7,At Risk
843,2025-10-07,12,11060.94,85,4,5,5,14,Champions
844,2025-01-17,2,2206.8999999999996,348,2,2,4,8,Potential Loyalists
845,2025-12-07,3,2683.74,24,5,3,5,13,Champions
846,2025-12-26,1,199.8,5,5,1,1,7,At Risk
847,2025-11-14,7,1939.03,47,5,5,4,14,Champions
849,2025-05-22,1,127.61,223,3,1,1,5,Hibernating
850,2025-06-22,5,2275.58,192,3,4,4,11,Loyal Customers
851,2025-12-20,3,700.56,11,5,3,2,10,Loyal Customers
852,2024-06-08,1,206.76,571,1,1,1,3,Hibernating
853,2025-07-11,3,480.71,173,3,3,2,8,Potential Loyalists
854,2025-09-15,5,3079.09,107,4,4,5,13,Champions
855,2024-02-14,2,941.55,686,1,2,3,6,At Risk
856,2024-07-03,1,39.24,546,1,1,1,3,Hibernating
857,2025-11-30,3,1249.12,31,5,3,3,11,Loyal Customers
862,2025-09-13,1,27.97,109,4,1,1,6,At Risk
863,2025-04-13,3,1872.51,262,2,3,4,9,Potential Loyalists
864,2025-08-23,2,975.83,130,4,2,3,9,Potential Loyalists
865,2024-07-21,7,2145.15,528,1,5,4,10,Loyal Customers
866,2025-02-17,6,3812.83,317,2,5,5,12,Loyal Customers
867,2023-12-31,1,221.69,731,1,1,1,3,Hibernating
868,2025-06-15,3,2071.2000000000003,199,3,3,4,10,Loyal Customers
870,2024-10-30,2,1287.71,427,1,2,3,6,At Risk
872,2025-11-03,6,3990.16,58,4,5,5,14,Champions
873,2025-08-04,3,940.6700000000001,149,3,3,3,9,Potential Loyalists
874,2025-11-15,1,228.41,46,5,1,1,7,At Risk
875,2025-04-30,5,2221.46,245,3,4,4,11,Loyal Customers
876,2025-07-25,1,355.61,159,3,1,2,6,At Risk
879,2025-12-05,1,1221.06,26,5,1,3,9,Potential Loyalists
880,2025-08-11,2,80.25,142,3,2,1,6,At Risk
881,2025-03-30,3,1147.88,276,2,3,3,8,Potential Loyalists
883,2025-06-21,4,871.8900000000001,193,3,4,3,10,Loyal Customers
884,2025-11-17,1,411.45,44,5,1,2,8,Potential Loyalists
885,2025-05-28,8,4145.92,217,3,5,5,13,Champions
886,2025-12-22,2,1105.8600000000001,9,5,2,3,10,Loyal Customers
887,2025-04-18,1,697.68,257,2,1,2,5,Hibernating
888,2025-11-25,1,122.65,36,5,1,1,7,At Risk
889,2024-06-20,3,955.75,559,1,3,3,7,At Risk
893,2024-12-09,2,346.82000000000005,387,2,2,2,6,At Risk
894,2025-10-24,13,6318.6900000000005,68,4,5,5,14,Champions
895,2025-01-15,1,76.76,350,2,1,1,4,Hibernating
897,2025-03-05,2,147.13,301,2,2,1,5,Hibernating
898,2025-11-03,11,4505.17,58,4,5,5,14,Champions
901,2025-02-04,8,3562.69,330,2,5,5,12,Loyal Customers
902,2025-10-03,2,379.12,89,4,2,2,8,Potential Loyalists
903,2025-11-25,5,1270.45,36,5,4,3,12,Loyal Customers
906,2025-12-22,12,7143.3,9,5,5,5,15,Champions
908,2025-08-19,3,1953.84,134,4,3,4,11,Loyal Customers
910,2025-10-14,1,17.54,78,4,1,1,6,At Risk
911,2025-08-17,3,1082.75,136,4,3,3,10,Loyal Customers
912,2025-05-08,3,627.32,237,3,3,2,8,Potential Loyalists
913,2024-09-10,8,4639.99,477,1,5,5,11,Loyal Customers
914,2025-09-14,2,158.95,108,4,2,1,7,At Risk
915,2025-09-22,9,4502.81,100,4,5,5,14,Champions
916,2025-12-30,7,2324.35,1,5,5,4,14,Champions
917,2025-05-10,1,681.5,235,3,1,2,6,At Risk
918,2025-04-29,4,1340.08,246,3,4,3,10,Loyal Customers
919,2024-06-15,3,1734.12,564,1,3,4,8,Potential Loyalists
920,2024-09-06,2,91.24000000000001,481,1,2,1,4,Hibernating
921,2024-07-02,1,201.32,547,1,1,1,3,Hibernating
923,2025-12-21,3,1337.33,10,5,3,3,11,Loyal Customers
924,2025-08-01,1,1351.04,152,3,1,4,8,Potential Loyalists
925,2025-01-10,2,1122.49,355,2,2,3,7,At Risk
926,2024-07-26,1,13.96,523,1,1,1,3,Hibernating
927,2024-06-27,1,311.18,552,1,1,2,4,Hibernating
929,2023-10-15,1,26.5,808,1,1,1,3,Hibernating
930,2024-10-31,2,725.3100000000001,426,1,2,3,6,At Risk
931,2025-07-31,3,213.55,153,3,3,1,7,At Risk
932,2025-05-21,3,1328.16,224,3,3,3,9,Potential Loyalists
933,2025-09-13,4,1301.65,109,4,4,3,11,Loyal Customers
934,2025-10-28,2,530.41,64,4,2,2,8,Potential Loyalists
935,2024-11-08,1,63.08,418,2,1,1,4,Hibernating
936,2025-05-28,5,3524.87,217,3,4,5,12,Loyal Customers
937,2025-07-23,4,1568.81,161,3,4,4,11,Loyal Customers
938,2025-10-16,4,1120.31,76,4,4,3,11,Loyal Customers
939,2024-05-02,2,1078.08,608,1,2,3,6,At Risk
940,2024-05-17,1,41.01,593,1,1,1,3,Hibernating
942,2025-02-18,1,316.74,316,2,1,2,5,Hibernating
943,2025-01-05,1,143.36,360,2,1,1,4,Hibernating
944,2024-06-13,2,273.63,566,1,2,1,4,Hibernating
945,2025-09-21,5,2217.2,101,4,4,4,12,Loyal Customers
947,2025-09-13,2,424.94,109,4,2,2,8,Potential Loyalists
948,2025-02-21,4,1468.78,313,2,4,4,10,Loyal Customers
949,2025-12-10,5,823.46,21,5,4,3,12,Loyal Customers
950,2025-11-24,1,230.38,37,5,1,1,7,At Risk
951,2024-05-10,1,84.19,600,1,1,1,3,Hibernating
952,2024-10-08,2,82.30000000000001,449,1,2,1,4,Hibernating
953,2023-11-26,1,142.58,766,1,1,1,3,Hibernating
954,2025-10-14,1,546.89,78,4,1,2,7,At Risk
955,2025-08-14,10,4831.65,139,3,5,5,13,Champions
956,2023-08-31,1,379.48,853,1,1,2,4,Hibernating
958,2025-03-26,1,688.26,280,2,1,2,5,Hibernating
959,2024-07-16,3,2137.2200000000003,533,1,3,4,8,Potential Loyalists
960,2025-08-01,1,48.55,152,3,1,1,5,Hibernating
961,2024-04-23,3,992.0500000000001,617,1,3,3,7,At Risk
962,2025-07-03,1,862.51,181,3,1,3,7,At Risk
963,2025-02-11,4,1587.94,323,2,4,4,10,Loyal Customers
964,2025-07-06,9,4435.38,178,3,5,5,13,Champions
965,2025-10-15,5,2589.72,77,4,4,4,12,Loyal Customers
966,2024-10-05,5,922.69,452,1,4,3,8,Potential Loyalists
967,2024-09-04,3,407.46000000000004,483,1,3,2,6,At Risk
968,2023-12-20,1,49.97,742,1,1,1,3,Hibernating
969,2024-10-28,1,471.81,429,1,1,2,4,Hibernating
970,2025-11-06,1,132.1,55,5,1,1,7,At Risk
971,2025-12-11,1,106.9,20,5,1,1,7,At Risk
972,2025-11-23,1,801.14,38,5,1,3,9,Potential Loyalists
973,2025-09-08,2,493.89,114,4,2,2,8,Potential Loyalists
974,2025-12-17,5,1849.76,14,5,4,4,13,Champions
975,2025-05-08,1,1103.57,237,3,1,3,7,At Risk
976,2025-02-07,3,947.3100000000001,327,2,3,3,8,Potential Loyalists
978,2025-04-20,5,2997.08,255,3,4,5,12,Loyal Customers
980,2025-10-15,3,227.4,77,4,3,1,8,Potential Loyalists
981,2024-05-27,1,284.9,583,1,1,2,4,Hibernating
982,2025-04-24,6,2088.56,251,3,5,4,12,Loyal Customers
983,2025-05-10,3,1689.54,235,3,3,4,10,Loyal Customers
984,2025-12-27,5,817.01,4,5,4,3,12,Loyal Customers
985,2025-11-26,8,5176.389999999999,35,5,5,5,15,Champions
986,2025-03-21,6,2763.72,285,2,5,5,12,Loyal Customers
987,2025-06-20,4,3055.1,194,3,4,5,12,Loyal Customers
988,2025-06-06,3,643.3199999999999,208,3,3,2,8,Potential Loyalists
989,2023-08-29,1,659.93,855,1,1,2,4,Hibernating
991,2024-04-27,4,2484.19,613,1,4,4,9,Potential Loyalists
992,2024-12-19,1,887.0,377,2,1,3,6,At Risk
993,2025-11-29,10,8062.9400000000005,32,5,5,5,15,Champions
994,2024-12-07,3,728.5600000000001,389,2,3,3,8,Potential Loyalists
995,2024-09-11,1,536.02,476,1,1,2,4,Hibernating
996,2025-09-08,2,1704.9099999999999,114,4,2,4,10,Loyal Customers
997,2024-12-20,4,407.26,376,2,4,2,8,Potential Loyalists
998,2025-06-17,5,2616.5299999999997,197,3,4,4,11,Loyal Customers
999,2025-08-05,8,5688.43,148,3,5,5,13,Champions
1000,2025-02-14,1,87.42,320,2,1,1,4,Hibernating
1001,2025-10-29,7,3415.45,63,4,5,5,14,Champions
1002,2024-10-08,2,770.31,449,1,2,3,6,At Risk
1003,2025-10-28,6,2694.8999999999996,64,4,5,5,14,Champions
1004,2025-11-10,10,3674.97,51,5,5,5,15,Champions
1006,2025-11-05,2,1166.12,56,4,2,3,9,Potential Loyalists
1007,2025-09-23,8,1934.06,99,4,5,4,13,Champions
1008,2025-11-04,2,106.48,57,4,2,1,7,At Risk
1009,2024-11-10,1,82.5,416,2,1,1,4,Hibernating
1010,2024-08-29,7,2735.37,489,1,5,5,11,Loyal Customers
1011,2025-09-09,7,4613.15,113,4,5,5,14,Champions
1012,2024-01-04,1,150.72,727,1,1,1,3,Hibernating
1013,2025-09-29,1,221.33,93,4,1,1,6,At Risk
1014,2025-11-23,3,2667.7,38,5,3,5,13,Champions
1015,2025-02-26,1,944.11,308,2,1,3,6,At Risk
1016,2025-07-06,5,2905.71,178,3,4,5,12,Loyal Customers
1018,2024-04-07,2,540.0699999999999,633,1,2,2,5,Hibernating
1019,2025-08-29,1,126.34,124,4,1,1,6,At Risk
1020,2025-12-09,3,1335.56,22,5,3,3,11,Loyal Customers
1021,2024-02-29,1,1153.27,671,1,1,3,5,Hibernating
1023,2025-06-05,1,781.16,209,3,1,3,7,At Risk
1024,2025-12-16,3,828.09,15,5,3,3,11,Loyal Customers
1026,2025-10-03,1,762.63,89,4,1,3,8,Potential Loyalists
1027,2025-04-22,2,127.03,253,3,2,1,6,At Risk
1028,2025-12-11,1,1043.88,20,5,1,3,9,Potential Loyalists
1029,2023-07-21,1,627.61,894,1,1,2,4,Hibernating
1030,2024-09-24,2,1666.8899999999999,463,1,2,4,7,At Risk
1032,2024-11-10,3,289.44,416,2,3,2,7,At Risk
1033,2024-10-22,1,46.8,435,1,1,1,3,Hibernating
1034,2025-04-15,3,1172.67,260,2,3,3,8,Potential Loyalists
1035,2024-12-08,1,283.6,388,2,1,2,5,Hibernating
1037,2025-09-02,4,2422.2000000000003,120,4,4,4,12,Loyal Customers
1038,2025-11-16,4,353.27,45,5,4,2,11,Loyal Customers
1039,2025-06-08,3,586.1199999999999,206,3,3,2,8,Potential Loyalists
1040,2025-07-07,7,3383.67,177,3,5,5,13,Champions
1041,2025-11-23,12,4104.2,38,5,5,5,15,Champions
1043,2024-05-22,2,558.68,588,1,2,2,5,Hibernating
1044,2023-08-02,1,1719.16,882,1,1,4,6,At Risk
1046,2024-02-16,3,3697.12,684,1,3,5,9,Potential Loyalists
1047,2025-10-11,1,37.57,81,4,1,1,6,At Risk
1048,2025-12-04,3,2148.66,27,5,3,4,12,Loyal Customers
1049,2025-12-30,7,2427.41,1,5,5,4,14,Champions
1051,2024-12-25,1,210.34,371,2,1,1,4,Hibernating
1053,2025-08-17,4,3540.31,136,4,4,5,13,Champions
1054,2025-04-20,7,2246.89,255,3,5,4,12,Loyal Customers
1055,2025-12-11,11,10228.41,20,5,5,5,15,Champions
1056,2025-09-05,2,460.08,117,4,2,2,8,Potential Loyalists
1057,2025-07-24,2,240.88,160,3,2,1,6,At Risk
1058,2025-08-04,1,157.14,149,3,1,1,5,Hibernating
1059,2025-09-04,5,1005.6299999999999,118,4,4,3,11,Loyal Customers
1060,2024-12-09,5,1731.2,387,2,4,4,10,Loyal Customers
1062,2024-12-02,7,3127.97,394,2,5,5,12,Loyal Customers
1063,2024-01-16,3,444.79,715,1,3,2,6,At Risk
1065,2025-03-19,5,2856.6600000000003,287,2,4,5,11,Loyal Customers
1066,2025-01-11,9,3009.12,354,2,5,5,12,Loyal Customers
1067,2025-09-15,2,791.0200000000001,107,4,2,3,9,Potential Loyalists
1068,2025-03-23,1,291.18,283,2,1,2,5,Hibernating
1069,2024-01-29,1,349.55,702,1,1,2,4,Hibernating
1070,2025-04-04,1,27.46,271,2,1,1,4,Hibernating
1071,2025-10-16,6,1746.1499999999999,76,4,5,4,13,Champions
1072,2025-12-10,1,30.78,21,5,1,1,7,At Risk
1073,2025-06-16,5,3793.97,198,3,4,5,12,Loyal Customers
1076,2025-11-29,8,1765.02,32,5,5,4,14,Champions
1077,2025-05-17,2,160.75,228,3,2,1,6,At Risk
1078,2025-09-07,9,4610.51,115,4,5,5,14,Champions
1079,2025-09-17,6,3168.36,105,4,5,5,14,Champions
1080,2025-10-20,2,718.9100000000001,72,4,2,2,8,Potential Loyalists
1083,2025-03-04,5,2334.16,302,2,4,4,10,Loyal Customers
1084,2024-08-06,5,1110.1,512,1,4,3,8,Potential Loyalists
1085,2025-12-15,9,2722.16,16,5,5,5,15,Champions
1086,2024-12-27,1,22.49,369,2,1,1,4,Hibernating
1087,2025-07-09,8,3829.98,175,3,5,5,13,Champions
1088,2025-10-27,3,397.2,65,4,3,2,9,Potential Loyalists
1090,2024-05-21,1,36.97,589,1,1,1,3,Hibernating
1091,2025-09-16,1,306.12,106,4,1,2,7,At Risk
1092,2025-12-23,5,470.17,8,5,4,2,11,Loyal Customers
1093,2025-11-08,6,1196.43,53,5,5,3,13,Champions
1094,2025-10-04,1,2221.65,88,4,1,4,9,Potential Loyalists
1095,2025-09-26,8,3287.5400000000004,96,4,5,5,14,Champions
1096,2025-04-28,1,230.41,247,3,1,1,5,Hibernating
1097,2024-10-05,2,493.09000000000003,452,1,2,2,5,Hibernating
1098,2025-12-12,1,835.37,19,5,1,3,9,Potential Loyalists
1100,2025-08-18,5,3814.1400000000003,135,4,4,5,13,Champions
1102,2024-09-02,1,92.46,485,1,1,1,3,Hibernating
1103,2025-10-07,1,352.4,85,4,1,2,7,At Risk
1104,2024-10-26,1,973.57,431,1,1,3,5,Hibernating
1105,2024-11-16,1,59.22,410,2,1,1,4,Hibernating
1106,2025-08-10,2,2529.09,143,3,2,4,9,Potential Loyalists
1107,2025-11-25,15,5361.03,36,5,5,5,15,Champions
1108,2024-01-07,4,2260.74,724,1,4,4,9,Potential Loyalists
1109,2025-09-30,2,556.56,92,4,2,2,8,Potential Loyalists
1110,2024-07-11,3,3095.42,538,1,3,5,9,Potential Loyalists
1111,2025-08-29,1,44.64,124,4,1,1,6,At Risk
1112,2025-07-03,1,626.16,181,3,1,2,6,At Risk
1113,2025-01-31,1,1124.32,334,2,1,3,6,At Risk
1114,2025-10-13,2,222.99,79,4,2,1,7,At Risk
1115,2025-02-12,2,188.45,322,2,2,1,5,Hibernating
1116,2023-08-28,1,555.46,856,1,1,2,4,Hibernating
1117,2025-08-23,6,2390.5,130,4,5,4,13,Champions
1119,2025-10-10,7,3421.4799999999996,82,4,5,5,14,Champions
1120,2024-04-24,1,79.46,616,1,1,1,3,Hibernating
1121,2025-10-20,1,332.05,72,4,1,2,7,At Risk
1122,2024-11-14,1,359.55,412,2,1,2,5,Hibernating
1123,2025-11-11,1,74.39,50,5,1,1,7,At Risk
1124,2025-06-02,5,1710.5499999999997,212,3,4,4,11,Loyal Customers
1125,2025-09-23,6,1574.5,99,4,5,4,13,Champions
1126,2025-06-24,4,1827.8400000000001,190,3,4,4,11,Loyal Customers
1127,2025-10-27,6,2550.74,65,4,5,4,13,Champions
1128,2025-03-11,1,161.66,295,2,1,1,4,Hibernating
1129,2025-07-24,2,111.29,160,3,2,1,6,At Risk
1130,2025-09-07,2,310.31,115,4,2,2,8,Potential Loyalists
1131,2025-10-15,8,5688.03,77,4,5,5,14,Champions
1132,2025-06-30,1,39.8,184,3,1,1,5,Hibernating
1133,2025-03-09,3,2623.41,297,2,3,4,9,Potential Loyalists
1134,2024-03-30,1,361.79,641,1,1,2,4,Hibernating
1135,2024-09-25,1,295.38,462,1,1,2,4,Hibernating
1136,2025-06-24,1,266.68,190,3,1,1,5,Hibernating
1137,2025-08-31,2,189.46,122,4,2,1,7,At Risk
1138,2024-02-17,5,4123.26,683,1,4,5,10,Loyal Customers
1139,2025-10-01,4,506.31,91,4,4,2,10,Loyal Customers
1140,2025-11-19,1,262.89,42,5,1,1,7,At Risk
1142,2024-04-06,6,1756.53,634,1,5,4,10,Loyal Customers
1143,2025-10-12,5,1338.6399999999999,80,4,4,3,11,Loyal Customers
1144,2024-04-11,1,97.59,629,1,1,1,3,Hibernating
1145,2025-11-12,11,4545.17,49,5,5,5,15,Champions
1147,2025-09-09,2,155.26999999999998,113,4,2,1,7,At Risk
1148,2025-09-16,9,1837.83,106,4,5,4,13,Champions
1149,2025-10-16,3,2176.4,76,4,3,4,11,Loyal Customers
1150,2024-03-02,1,959.61,669,1,1,3,5,Hibernating
1152,2025-08-22,4,1025.16,131,4,4,3,11,Loyal Customers
1155,2025-12-08,5,3349.81,23,5,4,5,14,Champions
1157,2025-11-04,1,77.98,57,4,1,1,6,At Risk
1158,2025-12-16,21,11920.97,15,5,5,5,15,Champions
1159,2024-01-02,1,319.42,729,1,1,2,4,Hibernating
1160,2025-04-14,2,1202.26,261,2,2,3,7,At Risk
1161,2025-09-30,3,1415.7499999999998,92,4,3,4,11,Loyal Customers
1162,2025-10-19,3,1400.9,73,4,3,4,11,Loyal Customers
1163,2025-12-21,3,2829.0,10,5,3,5,13,Champions
1164,2025-03-30,3,1136.1299999999999,276,2,3,3,8,Potential Loyalists
1165,2025-11-25,18,8157.09,36,5,5,5,15,Champions
1167,2025-01-07,6,2141.91,358,2,5,4,11,Loyal Customers
1168,2025-07-02,1,676.8,182,3,1,2,6,At Risk
1169,2025-08-29,1,629.61,124,4,1,2,7,At Risk
1170,2025-09-09,7,2768.29,113,4,5,5,14,Champions
1171,2025-10-05,5,1620.43,87,4,4,4,12,Loyal Customers
1172,2025-08-03,7,3371.6699999999996,150,3,5,5,13,Champions
1173,2024-11-02,3,228.28,424,1,3,1,5,Hibernating
1174,2024-10-13,2,345.97,444,1,2,2,5,Hibernating
1175,2025-08-01,1,48.67,152,3,1,1,5,Hibernating
1176,2025-03-17,3,1295.44,289,2,3,3,8,Potential Loyalists
1177,2025-12-15,4,1089.33,16,5,4,3,12,Loyal Customers
1179,2025-09-13,1,74.82,109,4,1,1,6,At Risk
1180,2025-01-31,4,2487.99,334,2,4,4,10,Loyal Customers
1181,2025-01-14,2,878.55,351,2,2,3,7,At Risk
1182,2025-07-19,1,1243.71,165,3,1,3,7,At Risk
1183,2025-09-08,3,519.19,114,4,3,2,9,Potential Loyalists
1184,2023-06-06,1,356.12,939,1,1,2,4,Hibernating
1186,2025-12-20,7,3024.2,11,5,5,5,15,Champions
1187,2025-11-09,2,398.11,52,5,2,2,9,Potential Loyalists
1188,2025-08-28,2,811.71,125,4,2,3,9,Potential Loyalists
1189,2025-12-14,1,151.82,17,5,1,1,7,At Risk
1190,2025-04-28,2,1178.83,247,3,2,3,8,Potential Loyalists
1192,2025-01-27,3,418.51,338,2,3,2,7,At Risk
1193,2024-10-05,1,78.68,452,1,1,1,3,Hibernating
1194,2025-04-03,10,2929.03,272,2,5,5,12,Loyal Customers
1195,2024-01-25,2,611.19,706,1,2,2,5,Hibernating
1196,2025-04-15,1,1488.3,260,2,1,4,7,At Risk
1197,2025-11-02,9,4065.33,59,4,5,5,14,Champions
1198,2024-11-06,2,925.59,420,1,2,3,6,At Risk
1199,2025-10-08,4,3566.36,84,4,4,5,13,Champions
1200,2025-08-07,2,201.65,146,3,2,1,6,At Risk
1201,2025-12-23,7,1669.8899999999999,8,5,5,4,14,Champions
1202,2025-02-23,4,2019.15,311,2,4,4,10,Loyal Customers
1203,2025-09-02,1,880.82,120,4,1,3,8,Potential Loyalists
1204,2024-12-14,4,1896.4099999999999,382,2,4,4,10,Loyal Customers
1205,2025-06-06,2,1064.3799999999999,208,3,2,3,8,Potential Loyalists
1206,2025-12-16,1,145.77,15,5,1,1,7,At Risk
1207,2025-09-28,6,826.22,94,4,5,3,12,Loyal Customers
1208,2025-05-22,1,235.72,223,3,1,1,5,Hibernating
1209,2025-10-25,12,3072.11,67,4,5,5,14,Champions
1210,2025-08-15,1,701.31,138,4,1,2,7,At Risk
1211,2024-04-27,1,107.96,613,1,1,1,3,Hibernating
1213,2025-07-08,1,842.97,176,3,1,3,7,At Risk
1215,2025-05-29,8,2255.05,216,3,5,4,12,Loyal Customers
1216,2025-05-07,2,1847.8799999999999,238,3,2,4,9,Potential Loyalists
1217,2025-08-28,3,792.84,125,4,3,3,10,Loyal Customers
1218,2025-11-27,8,3592.95,34,5,5,5,15,Champions
1220,2025-01-16,6,4465.4800000000005,349,2,5,5,12,Loyal Customers
1221,2025-10-02,19,7466.81,90,4,5,5,14,Champions
1222,2025-04-18,4,971.97,257,2,4,3,9,Potential Loyalists
1223,2025-08-19,2,313.92,134,4,2,2,8,Potential Loyalists
1224,2025-02-10,3,704.13,324,2,3,2,7,At Risk
1225,2025-03-12,3,1121.3400000000001,294,2,3,3,8,Potential Loyalists
1226,2024-11-20,1,122.07,406,2,1,1,4,Hibernating
1227,2025-02-21,1,197.96,313,2,1,1,4,Hibernating
1229,2025-05-03,2,354.91999999999996,242,3,2,2,7,At Risk
1230,2025-08-03,1,578.54,150,3,1,2,6,At Risk
1231,2025-12-01,4,1078.35,30,5,4,3,12,Loyal Customers
1232,2025-08-24,4,1462.72,129,4,4,4,12,Loyal Customers
1233,2024-05-06,6,4418.56,604,1,5,5,11,Loyal Customers
1234,2025-09-19,2,821.74,103,4,3,3,10,Loyal Customers
1235,2025-06-06,1,18.25,208,3,1,1,5,Hibernating
1236,2025-10-08,1,1252.92,84,4,1,3,8,Potential Loyalists
1237,2025-03-27,2,669.88,279,2,3,2,7,At Risk
1238,2025-06-08,5,3635.75,206,3,4,5,12,Loyal Customers
1239,2025-02-12,2,1007.52,322,2,3,3,8,Potential Loyalists
1240,2025-10-09,13,9180.19,83,4,5,5,14,Champions
1241,2025-11-20,2,3090.7200000000003,41,5,3,5,13,Champions
1242,2025-12-01,4,5500.21,30,5,4,5,14,Champions
1243,2025-12-09,13,8430.61,22,5,5,5,15,Champions
1245,2024-01-08,1,41.35,723,1,1,1,3,Hibernating
1246,2025-11-26,3,3481.75,35,5,3,5,13,Champions
1247,2025-10-27,5,1976.71,65,4,4,4,12,Loyal Customers
1248,2025-11-29,6,1384.29,32,5,5,4,14,Champions
1250,2025-11-27,6,3982.58,34,5,5,5,15,Champions
1252,2025-09-07,4,1057.92,115,4,4,3,11,Loyal Customers
1253,2025-08-24,3,1036.02,129,4,3,3,10,Loyal Customers
1254,2025-09-20,2,87.83,102,4,3,1,8,Potential Loyalists
1255,2025-10-15,9,4023.9300000000003,77,4,5,5,14,Champions
1256,2024-12-10,3,1025.52,386,2,3,3,8,Potential Loyalists
1257,2024-10-24,5,1101.44,433,1,4,3,8,Potential Loyalists
1258,2025-12-24,7,4417.9,7,5,5,5,15,Champions
1259,2025-12-17,7,6582.74,14,5,5,5,15,Champions
1260,2023-12-13,1,1235.9,749,1,1,3,5,Hibernating
1261,2024-08-22,2,196.54000000000002,496,1,3,1,5,Hibernating
1262,2025-03-18,2,605.2800000000001,288,2,3,2,7,At Risk
1263,2025-10-21,16,5964.42,71,4,5,5,14,Champions
1264,2025-11-14,5,2128.9,47,5,4,4,13,Champions
1265,2024-05-06,3,1432.4099999999999,604,1,3,4,8,Potential Loyalists
1267,2025-12-05,3,343.11,26,5,3,2,10,Loyal Customers
1268,2025-04-05,7,3283.71,270,2,5,5,12,Loyal Customers
1269,2025-09-10,3,1200.97,112,4,3,3,10,Loyal Customers
1270,2025-10-13,1,194.81,79,4,1,1,6,At Risk
1271,2025-12-12,5,2747.41,19,5,4,5,14,Champions
1272,2025-03-23,1,232.9,283,2,1,1,4,Hibernating
1273,2025-08-05,9,5641.68,148,3,5,5,13,Champions
1276,2025-10-27,11,3676.04,65,4,5,5,14,Champions
1277,2025-10-27,3,4585.25,65,4,3,5,12,Loyal Customers
1278,2025-11-23,4,997.4399999999999,38,5,4,3,12,Loyal Customers
1279,2025-06-01,2,286.82000000000005,213,3,3,2,8,Potential Loyalists
1280,2025-12-08,6,5444.610000000001,23,5,5,5,15,Champions
1281,2025-02-10,4,2909.65,324,2,4,5,11,Loyal Customers
1282,2024-02-04,1,122.03,696,1,1,1,3,Hibernating
1283,2025-12-16,6,1186.29,15,5,5,3,13,Champions
1285,2025-12-24,3,1429.67,7,5,3,4,12,Loyal Customers
1286,2024-12-13,2,1395.4099999999999,383,2,3,4,9,Potential Loyalists
1287,2025-07-05,7,1483.74,179,3,5,4,12,Loyal Customers
1288,2025-05-13,1,92.84,232,3,1,1,5,Hibernating
1291,2024-09-02,5,1685.02,485,1,4,4,9,Potential Loyalists
1293,2025-04-27,5,1230.57,248,3,4,3,10,Loyal Customers
1294,2025-10-19,7,3421.51,73,4,5,5,14,Champions
1296,2025-12-28,1,336.32,3,5,1,2,8,Potential Loyalists
1297,2025-12-18,4,2208.3,13,5,4,4,13,Champions
1298,2025-02-08,1,1949.35,326,2,1,4,7,At Risk
1299,2025-07-19,1,174.64,165,3,1,1,5,Hibernating
1300,2025-12-06,6,1123.5,25,5,5,3,13,Champions
1302,2025-07-29,10,3333.95,155,3,5,5,13,Champions
1303,2025-10-22,12,4081.9000000000005,70,4,5,5,14,Champions
1304,2025-11-14,3,2516.37,47,5,3,4,12,Loyal Customers
1305,2025-08-09,3,260.13,144,3,3,1,7,At Risk
1306,2025-10-06,1,245.17,86,4,1,1,6,At Risk
1307,2025-03-26,2,269.13,280,2,3,1,6,At Risk
1308,2025-12-23,5,603.08,8,5,4,2,11,Loyal Customers
1309,2025-09-27,6,4654.63,95,4,5,5,14,Champions
1311,2025-10-05,3,1130.42,87,4,3,3,10,Loyal Customers
1312,2025-08-18,7,3609.03,135,4,5,5,14,Champions
1314,2025-10-07,3,853.9499999999999,85,4,3,3,10,Loyal Customers
1315,2025-09-20,4,3058.59,102,4,4,5,13,Champions
1316,2025-08-23,5,973.63,130,4,4,3,11,Loyal Customers
1317,2024-09-30,1,863.52,457,1,1,3,5,Hibernating
1318,2025-02-15,2,634.13,319,2,3,2,7,At Risk
1319,2025-01-07,4,1783.25,358,2,4,4,10,Loyal Customers
1320,2025-12-22,3,383.36,9,5,3,2,10,Loyal Customers
1321,2025-09-15,1,132.05,107,4,1,1,6,At Risk
1323,2025-03-18,2,476.27,288,2,3,2,7,At Risk
1324,2025-09-25,3,1067.53,97,4,3,3,10,Loyal Customers
1325,2024-10-10,9,2809.54,447,1,5,5,11,Loyal Customers
1326,2025-04-28,4,2704.1099999999997,247,3,4,5,12,Loyal Customers
1328,2025-08-08,2,1042.01,145,3,3,3,9,Potential Loyalists
1329,2025-03-14,6,2433.81,292,2,5,4,11,Loyal Customers
1331,2025-11-10,1,60.95,51,5,1,1,7,At Risk
1332,2025-07-19,1,98.35,165,3,1,1,5,Hibernating
1336,2024-01-14,2,566.49,717,1,3,2,6,At Risk
1337,2025-01-11,1,76.95,354,2,1,1,4,Hibernating
1338,2025-10-14,3,648.84,78,4,3,2,9,Potential Loyalists
1339,2024-09-03,2,387.78,484,1,3,2,6,At Risk
1341,2025-07-30,1,913.01,154,3,1,3,7,At Risk
1342,2024-11-24,3,656.9300000000001,402,2,3,2,7,At Risk
1343,2025-02-09,2,764.2800000000001,325,2,3,3,8,Potential Loyalists
1344,2025-06-22,1,116.19,192,3,1,1,5,Hibernating
1345,2025-09-06,4,1187.0500000000002,116,4,4,3,11,Loyal Customers
1346,2025-11-25,4,1327.42,36,5,4,3,12,Loyal Customers
1347,2025-10-01,2,494.3,91,4,3,2,9,Potential Loyalists
1348,2025-11-14,2,1205.9,47,5,3,3,11,Loyal Customers
1349,2025-05-10,3,2504.6,235,3,3,4,10,Loyal Customers
1350,2025-10-23,9,1927.84,69,4,5,4,13,Champions
1351,2025-04-10,2,332.56,265,2,3,2,7,At Risk
1352,2025-03-04,1,173.35,302,2,1,1,4,Hibernating
1353,2024-12-25,7,1683.56,371,2,5,4,11,Loyal Customers
1355,2024-12-15,1,76.25,381,2,1,1,4,Hibernating
1356,2025-09-07,5,843.2,115,4,4,3,11,Loyal Customers
1357,2025-06-13,1,76.43,201,3,1,1,5,Hibernating
1359,2025-06-15,7,4965.71,199,3,5,5,13,Champions
1360,2024-04-15,2,1774.5900000000001,625,1,3,4,8,Potential Loyalists
1361,2025-01-06,1,833.66,359,2,1,3,6,At Risk
1362,2025-05-06,5,2728.66,239,3,4,5,12,Loyal Customers
1363,2025-11-07,12,3757.84,54,5,5,5,15,Champions
1364,2025-12-22,11,4501.53,9,5,5,5,15,Champions
1365,2024-09-28,1,465.35,459,1,1,2,4,Hibernating
1366,2025-05-06,1,41.44,239,3,1,1,5,Hibernating
1367,2025-04-29,1,123.69,246,3,1,1,5,Hibernating
1368,2024-10-16,1,59.97,441,1,1,1,3,Hibernating
1370,2025-12-02,2,814.1199999999999,29,5,3,3,11,Loyal Customers
1371,2025-06-17,7,2691.65,197,3,5,5,13,Champions
1374,2025-08-03,3,5288.280000000001,150,3,3,5,11,Loyal Customers
1375,2025-12-28,11,4240.2,3,5,5,5,15,Champions
1376,2025-03-08,5,2386.24,298,2,4,4,10,Loyal Customers
1377,2024-12-24,1,76.61,372,2,1,1,4,Hibernating
1378,2025-10-11,2,341.68,81,4,3,2,9,Potential Loyalists
1379,2024-10-20,2,422.75,437,1,3,2,6,At Risk
1380,2024-03-05,1,43.18,666,1,1,1,3,Hibernating
1381,2025-10-31,1,44.71,61,4,1,1,6,At Risk
1382,2024-12-31,1,151.86,365,2,1,1,4,Hibernating
1383,2025-09-25,2,617.47,97,4,3,2,9,Potential Loyalists
1384,2025-11-07,10,4060.7599999999998,54,5,5,5,15,Champions
1385,2025-01-17,2,205.83,348,2,3,1,6,At Risk
1386,2025-11-28,14,6051.57,33,5,5,5,15,Champions
1387,2025-09-05,3,428.45,117,4,3,2,9,Potential Loyalists
1388,2025-07-11,3,873.4300000000001,173,3,3,3,9,Potential Loyalists
1389,2025-02-09,1,2500.74,325,2,1,4,7,At Risk
1390,2025-09-12,1,1022.01,110,4,1,3,8,Potential Loyalists
1391,2024-11-03,1,157.36,423,1,1,1,3,Hibernating
1394,2025-01-30,4,2955.1800000000003,335,2,4,5,11,Loyal Customers
1395,2025-09-13,6,3113.56,109,4,5,5,14,Champions
1396,2025-11-23,5,2473.79,38,5,4,4,13,Champions
1398,2023-11-07,1,28.62,785,1,1,1,3,Hibernating
1401,2025-12-29,4,868.47,2,5,4,3,12,Loyal Customers
1402,2025-08-28,3,1576.52,125,4,3,4,11,Loyal Customers
1403,2024-06-24,4,2089.95,555,1,4,4,9,Potential Loyalists
1404,2024-10-04,3,3659.11,453,1,3,5,9,Potential Loyalists
1405,2025-08-16,9,3820.36,137,4,5,5,14,Champions
1406,2025-04-14,1,1329.2,261,2,1,3,6,At Risk
1408,2025-08-20,2,499.88,133,4,3,2,9,Potential Loyalists
1409,2025-02-07,3,829.3399999999999,327,2,3,3,8,Potential Loyalists
1410,2024-10-04,1,420.34,453,1,1,2,4,Hibernating
1411,2025-04-21,2,531.17,254,3,3,2,8,Potential Loyalists
1412,2025-10-24,10,4363.25,68,4,5,5,14,Champions
1413,2025-11-17,7,5057.08,44,5,5,5,15,Champions
1414,2025-10-27,1,1185.94,65,4,1,3,8,Potential Loyalists
1415,2025-12-20,9,4395.5199999999995,11,5,5,5,15,Champions
1416,2025-12-25,2,1898.38,6,5,3,4,12,Loyal Customers
1418,2025-11-21,4,1932.31,40,5,4,4,13,Champions
1419,2025-12-27,5,1392.85,4,5,4,4,13,Champions
1420,2025-09-16,7,3596.58,106,4,5,5,14,Champions
1423,2025-11-11,4,2436.42,50,5,4,4,13,Champions
1425,2025-01-06,2,907.15,359,2,3,3,8,Potential Loyalists
1426,2025-09-27,4,1034.44,95,4,4,3,11,Loyal Customers
1428,2025-11-23,11,5017.48,38,5,5,5,15,Champions
1429,2024-08-08,6,2895.31,510,1,5,5,11,Loyal Customers
1430,2025-04-20,7,1616.03,255,3,5,4,12,Loyal Customers
1431,2025-12-03,3,550.62,28,5,3,2,10,Loyal Customers
1432,2024-11-27,2,2684.04,399,2,3,5,10,Loyal Customers
1433,2024-06-04,1,733.72,575,1,1,3,5,Hibernating
1434,2025-11-26,8,2701.14,35,5,5,5,15,Champions
1435,2025-12-12,2,561.7,19,5,3,2,10,Loyal Customers
1436,2025-02-07,1,571.11,327,2,1,2,5,Hibernating
1437,2025-12-16,6,3405.64,15,5,5,5,15,Champions
1438,2023-10-21,1,490.35,802,1,1,2,4,Hibernating
1439,2025-11-16,1,114.4,45,5,1,1,7,At Risk
1440,2024-07-19,1,780.19,530,1,1,3,5,Hibernating
1441,2024-10-28,2,222.76,429,1,3,1,5,Hibernating
1442,2025-12-17,8,2591.9700000000003,14,5,5,4,14,Champions
1444,2025-01-25,1,267.63,340,2,1,1,4,Hibernating
1445,2025-12-24,3,2238.13,7,5,3,4,12,Loyal Customers
1446,2024-12-25,1,904.57,371,2,1,3,6,At Risk
1447,2025-07-23,2,991.52,161,3,3,3,9,Potential Loyalists
1450,2025-01-12,3,791.0400000000001,353,2,3,3,8,Potential Loyalists
1452,2025-04-20,2,851.7199999999999,255,3,3,3,9,Potential Loyalists
1453,2025-06-11,8,6808.719999999999,203,3,5,5,13,Champions
1454,2025-05-15,1,219.08,230,3,1,1,5,Hibernating
1455,2025-12-26,1,25.58,5,5,1,1,7,At Risk
1456,2024-11-13,2,120.2,413,2,3,1,6,At Risk
1457,2025-12-11,4,919.08,20,5,4,3,12,Loyal Customers
1458,2024-10-17,1,35.27,440,1,1,1,3,Hibernating
1459,2025-08-29,1,94.9,124,4,1,1,6,At Risk
1460,2025-11-11,6,1731.27,50,5,5,4,14,Champions
1461,2025-11-27,4,3060.7000000000003,34,5,4,5,14,Champions
1462,2025-11-12,5,1251.14,49,5,4,3,12,Loyal Customers
1463,2025-07-21,6,980.83,163,3,5,3,11,Loyal Customers
1464,2025-12-09,4,1131.3,22,5,4,3,12,Loyal Customers
1465,2024-03-12,1,43.79,659,1,1,1,3,Hibernating
1466,2025-04-17,1,121.09,258,2,1,1,4,Hibernating
1467,2025-08-09,9,1609.25,144,3,5,4,12,Loyal Customers
1468,2025-12-21,6,1843.3600000000001,10,5,5,4,14,Champions
1470,2025-09-12,4,2723.74,110,4,4,5,13,Champions
1471,2025-12-19,6,2085.58,12,5,5,4,14,Champions
1472,2024-09-14,6,2983.53,473,1,5,5,11,Loyal Customers
1473,2024-12-06,4,1367.25,390,2,4,4,10,Loyal Customers
1475,2025-08-12,2,734.0400000000001,141,3,3,3,9,Potential Loyalists
1476,2025-12-15,2,565.43,16,5,3,2,10,Loyal Customers
1477,2025-01-09,2,1347.73,356,2,3,3,8,Potential Loyalists
1478,2025-04-05,7,3757.4300000000003,270,2,5,5,12,Loyal Customers
1479,2025-10-27,1,242.48,65,4,1,1,6,At Risk
1480,2024-06-15,2,1546.05,564,1,3,4,8,Potential Loyalists
1481,2024-12-18,2,1582.08,378,2,3,4,9,Potential Loyalists
1482,2025-07-28,1,266.69,156,3,1,1,5,Hibernating
1483,2025-05-08,4,1927.3600000000001,237,3,4,4,11,Loyal Customers
1484,2025-07-22,5,1466.6399999999999,162,3,4,4,11,Loyal Customers
1485,2024-09-15,3,2838.1099999999997,472,1,3,5,9,Potential Loyalists
1488,2025-04-07,1,145.22,268,2,1,1,4,Hibernating
1489,2024-02-08,1,320.07,692,1,1,2,4,Hibernating
1490,2024-12-09,2,880.16,387,2,3,3,8,Potential Loyalists
1493,2025-07-12,1,2121.57,172,3,1,4,8,Potential Loyalists
1495,2025-08-13,1,32.43,140,3,1,1,5,Hibernating
1496,2025-07-07,6,3732.56,177,3,5,5,13,Champions
1497,2025-03-08,1,56.43,298,2,1,1,4,Hibernating
1498,2025-10-22,2,867.2,70,4,3,3,10,Loyal Customers
1499,2025-10-24,7,5254.66,68,4,5,5,14,Champions
1500,2025-08-28,4,3885.5,125,4,4,5,13,Champions
1501,2025-02-21,3,982.5099999999999,313,2,3,3,8,Potential Loyalists
1503,2025-09-15,1,529.54,107,4,1,2,7,At Risk
1505,2025-12-03,11,3647.51,28,5,5,5,15,Champions
1506,2024-10-04,1,207.17,453,1,1,1,3,Hibernating
1507,2025-12-12,2,491.34999999999997,19,5,3,2,10,Loyal Customers
1508,2025-10-11,2,654.6999999999999,81,4,3,2,9,Potential Loyalists
1509,2025-05-24,6,1563.2,221,3,5,4,12,Loyal Customers
1510,2025-07-30,6,2683.14,154,3,5,5,13,Champions
1511,2024-02-10,1,388.28,690,1,1,2,4,Hibernating
1512,2024-12-20,5,3804.1800000000003,376,2,4,5,11,Loyal Customers
1513,2025-12-14,13,6138.78,17,5,5,5,15,Champions
1514,2024-08-20,1,188.19,498,1,1,1,3,Hibernating
1515,2024-04-20,3,889.7,620,1,3,3,7,At Risk
1516,2025-06-01,5,2133.41,213,3,4,4,11,Loyal Customers
1517,2025-11-29,14,7452.43,32,5,5,5,15,Champions
1518,2025-09-16,3,1311.46,106,4,3,3,10,Loyal Customers
1519,2025-05-30,8,6525.0,215,3,5,5,13,Champions
1521,2023-12-17,2,1197.83,745,1,3,3,7,At Risk
1522,2025-12-28,2,746.1600000000001,3,5,3,3,11,Loyal Customers
1523,2025-07-12,2,1000.28,172,3,3,3,9,Potential Loyalists
1524,2025-12-19,9,4027.99,12,5,5,5,15,Champions
1525,2025-03-28,6,1634.6,278,2,5,4,11,Loyal Customers
1526,2025-03-17,1,30.73,289,2,1,1,4,Hibernating
1528,2025-07-14,1,690.63,170,3,1,2,6,At Risk
1529,2025-04-11,1,122.75,264,2,1,1,4,Hibernating
1530,2024-08-21,2,2772.31,497,1,3,5,9,Potential Loyalists
1532,2025-05-01,4,4449.110000000001,244,3,4,5,12,Loyal Customers
1533,2025-02-26,1,113.88,308,2,1,1,4,Hibernating
1534,2025-11-20,4,1122.1299999999999,41,5,4,3,12,Loyal Customers
1536,2024-01-12,2,1992.3600000000001,719,1,3,4,8,Potential Loyalists
1541,2025-12-14,3,1848.75,17,5,3,4,12,Loyal Customers
1542,2025-05-10,1,708.15,235,3,1,2,6,At Risk
1544,2025-12-06,4,740.68,25,5,4,3,12,Loyal Customers
1545,2025-07-20,10,3809.06,164,3,5,5,13,Champions
1546,2025-10-12,1,272.73,80,4,1,1,6,At Risk
1547,2025-09-28,8,4895.31,94,4,5,5,14,Champions
1548,2025-06-09,4,1242.3700000000001,205,3,4,3,10,Loyal Customers
1549,2025-01-13,1,1738.73,352,2,1,4,7,At Risk
1550,2025-10-06,1,159.18,86,4,1,1,6,At Risk
1551,2025-06-19,8,5168.87,195,3,5,5,13,Champions
1552,2025-06-22,3,749.3599999999999,192,3,3,3,9,Potential Loyalists
1553,2025-12-27,1,2690.34,4,5,1,5,11,Loyal Customers
1554,2025-10-15,12,4298.39,77,4,5,5,14,Champions
1555,2025-12-30,6,1921.4899999999998,1,5,5,4,14,Champions
1557,2024-04-05,1,29.01,635,1,1,1,3,Hibernating
1558,2025-01-23,1,875.15,342,2,1,3,6,At Risk
1559,2025-09-17,3,1604.82,105,4,3,4,11,Loyal Customers
1561,2025-02-13,1,127.59,321,2,1,1,4,Hibernating
1563,2025-09-27,7,2799.11,95,4,5,5,14,Champions
1565,2025-08-29,2,430.98,124,4,3,2,9,Potential Loyalists
1566,2025-08-19,1,119.84,134,4,1,1,6,At Risk
1567,2025-01-17,3,1369.3799999999999,348,2,3,4,9,Potential Loyalists
1568,2024-04-29,1,156.48,611,1,1,1,3,Hibernating
1569,2025-11-06,1,162.88,55,5,1,1,7,At Risk
1570,2024-10-07,1,20.36,450,1,1,1,3,Hibernating
1571,2025-11-12,7,5587.07,49,5,5,5,15,Champions
1572,2024-12-03,1,740.77,393,2,1,3,6,At Risk
1574,2025-03-13,1,1037.28,293,2,1,3,6,At Risk
1575,2025-11-10,6,1579.8700000000001,51,5,5,4,14,Champions
1576,2025-10-25,8,2220.3199999999997,67,4,5,4,13,Champions
1577,2023-08-27,1,282.6,857,1,1,2,4,Hibernating
1578,2025-02-09,1,344.3,325,2,1,2,5,Hibernating
1579,2025-04-09,2,689.6600000000001,266,2,3,2,7,At Risk
1581,2025-02-09,11,2663.91,325,2,5,4,11,Loyal Customers
1583,2024-11-02,1,246.09,424,1,1,1,3,Hibernating
1584,2024-11-15,2,66.13,411,2,3,1,6,At Risk
1585,2025-02-21,1,787.79,313,2,1,3,6,At Risk
1586,2025-06-21,1,2656.3,193,3,1,4,8,Potential Loyalists
1587,2025-09-16,5,1147.3,106,4,4,3,11,Loyal Customers
1588,2024-12-11,4,1404.21,385,2,4,4,10,Loyal Customers
1589,2025-08-17,3,1012.03,136,4,3,3,10,Loyal Customers
1590,2025-05-05,6,2680.34,240,3,5,5,13,Champions
1591,2025-06-12,10,5209.59,202,3,5,5,13,Champions
1592,2024-12-04,1,1251.67,392,2,1,3,6,At Risk
1594,2025-08-12,4,1847.1799999999998,141,3,4,4,11,Loyal Customers
1595,2024-06-06,1,683.86,573,1,1,2,4,Hibernating
1596,2024-11-13,7,3523.41,413,2,5,5,12,Loyal Customers
1597,2025-12-09,2,2314.06,22,5,3,4,12,Loyal Customers
1598,2025-10-06,4,968.3499999999999,86,4,4,3,11,Loyal Customers
1600,2025-10-28,2,747.5,64,4,3,3,10,Loyal Customers
1601,2025-11-15,2,840.6800000000001,46,5,3,3,11,Loyal Customers
1602,2024-05-20,5,1554.73,590,1,4,4,9,Potential Loyalists
1604,2025-11-08,5,620.55,53,5,4,2,11,Loyal Customers
1605,2025-01-10,1,32.5,355,2,1,1,4,Hibernating
1606,2025-11-21,3,1638.65,40,5,3,4,12,Loyal Customers
1609,2024-12-18,1,262.46,378,2,1,1,4,Hibernating
1610,2025-09-01,3,1192.32,121,4,3,3,10,Loyal Customers
1611,2025-11-19,9,2640.82,42,5,5,4,14,Champions
1613,2025-11-14,7,3335.31,47,5,5,5,15,Champions
1614,2024-08-31,1,811.6,487,1,1,3,5,Hibernating
1615,2025-05-22,1,1005.16,223,3,1,3,7,At Risk
1616,2025-01-31,3,1130.93,334,2,3,3,8,Potential Loyalists
1617,2025-10-05,6,4446.360000000001,87,4,5,5,14,Champions
1618,2025-11-20,6,3199.33,41,5,5,5,15,Champions
1619,2024-01-28,2,541.13,703,1,3,2,6,At Risk
1620,2025-02-25,1,231.7,309,2,1,1,4,Hibernating
1621,2024-04-24,1,237.72,616,1,1,1,3,Hibernating
1622,2025-12-03,2,177.85999999999999,28,5,3,1,9,Potential Loyalists
1623,2025-01-24,10,4827.73,341,2,5,5,12,Loyal Customers
1625,2025-02-12,1,284.27,322,2,1,2,5,Hibernating
1626,2025-07-06,2,899.24,178,3,3,3,9,Potential Loyalists
1627,2025-12-02,8,2154.22,29,5,5,4,14,Champions
1628,2024-02-21,4,1420.13,679,1,4,4,9,Potential Loyalists
1629,2025-08-28,10,4833.35,125,4,5,5,14,Champions
1630,2025-06-07,3,729.71,207,3,3,3,9,Potential Loyalists
1631,2025-10-18,1,1572.24,74,4,1,4,9,Potential Loyalists
1632,2025-12-02,3,568.6700000000001,29,5,3,2,10,Loyal Customers
1634,2025-12-24,11,3648.21,7,5,5,5,15,Champions
1635,2025-07-22,3,998.52,162,3,3,3,9,Potential Loyalists
1636,2025-12-26,1,491.84,5,5,1,2,8,Potential Loyalists
1637,2025-11-16,5,559.53,45,5,4,2,11,Loyal Customers
1639,2025-05-28,1,393.24,217,3,1,2,6,At Risk
1640,2025-11-12,7,2850.92,49,5,5,5,15,Champions
1641,2024-04-14,2,1271.08,626,1,3,3,7,At Risk
1642,2025-02-06,2,332.52,328,2,3,2,7,At Risk
1644,2025-07-24,2,324.15,160,3,3,2,8,Potential Loyalists
1645,2025-05-09,1,839.45,236,3,2,3,8,Potential Loyalists
1646,2025-07-12,1,129.48,172,3,2,1,6,At Risk
1647,2025-07-17,2,180.72,167,3,3,1,7,At Risk
1648,2025-12-24,15,6905.31,7,5,5,5,15,Champions
1650,2024-08-27,1,1363.22,491,1,2,4,7,At Risk
1651,2025-10-10,3,1307.47,82,4,3,3,10,Loyal Customers
1652,2025-09-30,8,3453.96,92,4,5,5,14,Champions
1653,2024-12-07,1,904.57,389,2,2,3,7,At Risk
1654,2024-03-15,1,806.95,656,1,2,3,6,At Risk
1655,2025-03-19,1,194.47,287,2,2,1,5,Hibernating
1656,2024-08-12,5,1266.84,506,1,4,3,8,Potential Loyalists
1657,2025-12-13,3,298.82,18,5,3,2,10,Loyal Customers
1658,2025-11-01,2,1806.98,60,4,3,4,11,Loyal Customers
1659,2025-11-25,1,565.13,36,5,2,2,9,Potential Loyalists
1661,2024-11-02,1,168.42,424,1,2,1,4,Hibernating
1662,2025-06-09,2,571.3000000000001,205,3,3,2,8,Potential Loyalists
1663,2025-05-17,4,1613.3400000000001,228,3,4,4,11,Loyal Customers
1664,2025-07-02,1,40.95,182,3,2,1,6,At Risk
1667,2025-02-21,1,106.99,313,2,2,1,5,Hibernating
1668,2025-08-25,2,752.6600000000001,128,4,3,3,10,Loyal Customers
1669,2024-02-02,2,615.38,698,1,3,2,6,At Risk
1670,2024-07-21,1,660.79,528,1,2,2,5,Hibernating
1671,2024-03-09,1,465.56,662,1,2,2,5,Hibernating
1672,2025-12-12,2,63.78,19,5,3,1,9,Potential Loyalists
1673,2024-02-04,1,270.74,696,1,2,1,4,Hibernating
1674,2025-09-05,7,1246.1100000000001,117,4,5,3,12,Loyal Customers
1675,2025-10-23,7,1478.84,69,4,5,4,13,Champions
1676,2024-12-16,5,2314.41,380,2,4,4,10,Loyal Customers
1677,2025-06-13,1,2050.17,201,3,2,4,9,Potential Loyalists
1678,2024-08-05,2,253.68,513,1,3,1,5,Hibernating
1680,2025-11-25,3,554.4,36,5,3,2,10,Loyal Customers
1681,2025-03-19,3,549.28,287,2,3,2,7,At Risk
1682,2025-10-29,2,1657.09,63,4,3,4,11,Loyal Customers
1683,2025-09-03,1,146.39,119,4,2,1,7,At Risk
1684,2025-12-11,3,1771.34,20,5,3,4,12,Loyal Customers
1685,2024-07-16,1,1711.94,533,1,2,4,7,At Risk
1687,2025-12-21,4,4803.8099999999995,10,5,4,5,14,Champions
1688,2025-09-06,4,1299.45,116,4,4,3,11,Loyal Customers
1689,2024-12-29,2,647.35,367,2,3,2,7,At Risk
1690,2024-12-31,1,24.82,365,2,2,1,5,Hibernating
1691,2025-11-06,2,339.41,55,5,3,2,10,Loyal Customers
1692,2025-12-16,9,4615.38,15,5,5,5,15,Champions
1693,2025-12-26,2,1552.98,5,5,3,4,12,Loyal Customers
1694,2025-07-18,1,765.71,166,3,2,3,8,Potential Loyalists
1695,2025-08-29,3,2014.8600000000001,124,4,3,4,11,Loyal Customers
1696,2025-04-24,1,169.11,251,3,2,1,6,At Risk
1697,2024-10-24,1,94.84,433,1,2,1,4,Hibernating
1698,2025-03-05,5,1756.58,301,2,4,4,10,Loyal Customers
1699,2025-07-06,5,3461.9700000000003,178,3,4,5,12,Loyal Customers
1700,2025-11-17,3,409.97,44,5,3,2,10,Loyal Customers
1702,2024-04-28,4,2128.76,612,1,4,4,9,Potential Loyalists
1703,2025-10-21,2,532.7,71,4,3,2,9,Potential Loyalists
1704,2025-03-18,2,677.35,288,2,3,2,7,At Risk
1705,2025-05-05,1,496.44,240,3,2,2,7,At Risk
1708,2025-04-11,3,1111.9,264,2,3,3,8,Potential Loyalists
1710,2025-04-30,5,1504.66,245,3,4,4,11,Loyal Customers
1711,2025-09-16,5,1181.85,106,4,4,3,11,Loyal Customers
1712,2024-10-22,1,973.86,435,1,2,3,6,At Risk
1713,2025-05-15,3,1592.0700000000002,230,3,3,4,10,Loyal Customers
1714,2025-04-02,3,1913.1399999999999,273,2,3,4,9,Potential Loyalists
1715,2025-02-27,1,230.78,307,2,2,1,5,Hibernating
1716,2024-04-13,2,724.62,627,1,3,3,7,At Risk
1717,2025-11-09,5,510.93,52,5,4,2,11,Loyal Customers
1718,2025-12-02,4,2551.45,29,5,4,4,13,Champions
1720,2025-05-20,11,2372.79,225,3,5,4,12,Loyal Customers
1721,2025-12-10,11,4151.5,21,5,5,5,15,Champions
1722,2025-09-02,2,617.26,120,4,3,2,9,Potential Loyalists
1723,2025-12-17,7,2973.94,14,5,5,5,15,Champions
1724,2024-07-17,1,488.15,532,1,2,2,5,Hibernating
1725,2024-06-10,2,1285.49,569,1,3,3,7,At Risk
1726,2025-11-22,8,1758.02,39,5,5,4,14,Champions
1727,2024-12-25,5,2120.65,371,2,4,4,10,Loyal Customers
1729,2023-05-11,1,186.31,965,1,2,1,4,Hibernating
1730,2025-07-26,1,184.66,158,3,2,1,6,At Risk
1731,2024-07-12,2,461.13,537,1,3,2,6,At Risk
1732,2025-09-09,3,1811.2999999999997,113,4,3,4,11,Loyal Customers
1733,2024-05-15,1,76.53,595,1,2,1,4,Hibernating
1734,2025-06-06,8,2771.93,208,3,5,5,13,Champions
1735,2024-11-01,2,2562.76,425,1,3,4,8,Potential Loyalists
1738,2025-06-18,6,2860.32,196,3,5,5,13,Champions
1739,2025-04-09,2,1212.1,266,2,3,3,8,Potential Loyalists
1740,2025-07-15,2,1687.87,169,3,3,4,10,Loyal Customers
1741,2024-04-15,2,136.57,625,1,3,1,5,Hibernating
1742,2024-04-28,2,389.91999999999996,612,1,3,2,6,At Risk
1743,2025-12-15,8,2856.2,16,5,5,5,15,Champions
1744,2025-10-13,7,4415.22,79,4,5,5,14,Champions
1745,2025-09-23,2,431.67,99,4,3,2,9,Potential Loyalists
1746,2025-07-27,3,345.63,157,3,3,2,8,Potential Loyalists
1747,2025-10-19,1,275.42,73,4,2,1,7,At Risk
1748,2025-04-26,2,971.5600000000001,249,3,3,3,9,Potential Loyalists
1749,2025-05-22,7,3496.43,223,3,5,5,13,Champions
1750,2025-07-03,4,542.47,181,3,4,2,9,Potential Loyalists
1751,2025-09-24,3,416.15000000000003,98,4,3,2,9,Potential Loyalists
1752,2025-02-21,1,1534.75,313,2,2,4,8,Potential Loyalists
1753,2025-06-12,2,447.67,202,3,3,2,8,Potential Loyalists
1754,2025-02-12,9,4695.65,322,2,5,5,12,Loyal Customers
1755,2024-12-18,2,735.6700000000001,378,2,3,3,8,Potential Loyalists
1756,2025-08-04,3,731.6,149,3,3,3,9,Potential Loyalists
1757,2025-11-11,5,1113.05,50,5,4,3,12,Loyal Customers
1758,2025-11-10,1,33.39,51,5,2,1,8,Potential Loyalists
1759,2025-01-24,1,832.46,341,2,2,3,7,At Risk
1760,2025-03-25,2,470.56,281,2,3,2,7,At Risk
1761,2024-07-02,8,4952.55,547,1,5,5,11,Loyal Customers
1762,2025-12-08,2,802.89,23,5,3,3,11,Loyal Customers
1763,2025-11-13,6,3282.19,48,5,5,5,15,Champions
1764,2024-11-13,1,76.99,413,2,2,1,5,Hibernating
1765,2023-05-18,1,19.42,958,1,2,1,4,Hibernating
1767,2025-11-21,1,488.32,40,5,2,2,9,Potential Loyalists
1768,2024-10-13,7,1299.6299999999999,444,1,5,3,9,Potential Loyalists
1770,2025-06-08,1,294.63,206,3,2,2,7,At Risk
1771,2025-10-02,3,1961.27,90,4,3,4,11,Loyal Customers
1772,2025-10-03,6,1633.04,89,4,5,4,13,Champions
1773,2025-08-10,1,179.06,143,3,2,1,6,At Risk
1774,2025-04-30,1,350.32,245,3,2,2,7,At Risk
1775,2025-07-20,3,1176.22,164,3,3,3,9,Potential Loyalists
1776,2024-12-27,3,1586.04,369,2,3,4,9,Potential Loyalists
1777,2025-07-28,1,409.76,156,3,2,2,7,At Risk
1779,2025-03-23,1,311.6,283,2,2,2,6,At Risk
1780,2025-09-22,2,4337.77,100,4,3,5,12,Loyal Customers
1781,2025-06-22,3,1065.65,192,3,4,3,10,Loyal Customers
1783,2025-08-15,1,163.54,138,4,2,1,7,At Risk
1785,2025-06-08,1,85.3,206,3,2,1,6,At Risk
1787,2025-05-10,2,2947.13,235,3,3,5,11,Loyal Customers
1788,2025-08-03,3,640.23,150,3,4,2,9,Potential Loyalists
1789,2024-06-28,4,3679.6800000000003,551,1,4,5,10,Loyal Customers
1790,2025-12-10,1,422.6,21,5,2,2,9,Potential Loyalists
1791,2025-07-28,1,205.65,156,3,2,1,6,At Risk
1792,2025-08-29,2,486.53000000000003,124,4,3,2,9,Potential Loyalists
1793,2025-02-09,1,51.32,325,2,2,1,5,Hibernating
1794,2025-12-30,5,2538.74,1,5,4,4,13,Champions
1795,2025-11-24,2,426.27,37,5,3,2,10,Loyal Customers
1797,2025-08-16,2,1004.6400000000001,137,4,3,3,10,Loyal Customers
1798,2025-04-15,3,1145.9099999999999,260,2,4,3,9,Potential Loyalists
1799,2025-11-05,1,262.14,56,4,2,1,7,At Risk
1800,2025-12-28,9,4350.2,3,5,5,5,15,Champions
1801,2025-06-17,1,1715.41,197,3,2,4,9,Potential Loyalists
1802,2025-12-15,5,1721.56,16,5,4,4,13,Champions
1803,2025-04-12,1,111.51,263,2,2,1,5,Hibernating
1804,2023-12-13,1,485.87,749,1,2,2,5,Hibernating
1807,2025-05-04,1,274.48,241,3,2,1,6,At Risk
1808,2025-03-24,1,59.27,282,2,2,1,5,Hibernating
1809,2025-06-16,2,1097.54,198,3,3,3,9,Potential Loyalists
1810,2025-01-30,2,1048.93,335,2,3,3,8,Potential Loyalists
1811,2025-11-09,8,2437.67,52,5,5,4,14,Champions
1812,2025-11-05,8,5450.0,56,4,5,5,14,Champions
1813,2025-06-16,4,2189.94,198,3,4,4,11,Loyal Customers
1815,2024-08-28,2,996.8199999999999,490,1,3,3,7,At Risk
1817,2025-11-11,3,726.62,50,5,4,3,12,Loyal Customers
1818,2023-07-09,2,365.87,906,1,3,2,6,At Risk
1819,2025-10-11,5,1814.94,81,4,4,4,12,Loyal Customers
1820,2024-10-16,5,1795.13,441,1,4,4,9,Potential Loyalists
1821,2025-06-04,2,696.54,210,3,3,2,8,Potential Loyalists
1822,2025-12-24,18,6156.47,7,5,5,5,15,Champions
1823,2025-03-20,1,293.06,286,2,2,2,6,At Risk
1824,2025-12-20,6,3825.4,11,5,5,5,15,Champions
1825,2025-01-12,1,192.69,353,2,2,1,5,Hibernating
1826,2023-12-18,1,260.0,744,1,2,1,4,Hibernating
1827,2024-02-19,4,3207.0099999999998,681,1,4,5,10,Loyal Customers
1828,2024-12-04,1,214.56,392,2,2,1,5,Hibernating
1829,2025-11-06,5,1564.95,55,5,4,4,13,Champions
1830,2024-01-04,2,577.5600000000001,727,1,3,2,6,At Risk
1831,2025-06-07,2,2050.67,207,3,3,4,10,Loyal Customers
1832,2025-12-19,1,45.12,12,5,2,1,8,Potential Loyalists
1833,2025-05-20,1,539.21,225,3,2,2,7,At Risk
1834,2025-01-09,1,81.4,356,2,2,1,5,Hibernating
1835,2024-11-29,4,579.96,397,2,4,2,8,Potential Loyalists
1836,2024-07-14,1,898.06,535,1,2,3,6,At Risk
1839,2025-06-15,6,2690.09,199,3,5,5,13,Champions
1840,2024-12-18,4,1178.42,378,2,4,3,9,Potential Loyalists
1842,2025-09-24,1,782.38,98,4,2,3,9,Potential Loyalists
1843,2025-04-23,1,503.6,252,3,2,2,7,At Risk
1844,2025-12-03,5,920.44,28,5,4,3,12,Loyal Customers
1845,2024-11-19,5,1246.42,407,2,4,3,9,Potential Loyalists
1846,2024-05-12,1,507.86,598,1,2,2,5,Hibernating
1847,2025-08-14,1,85.28,139,3,2,1,6,At Risk
1849,2023-09-08,2,330.64,845,1,3,2,6,At Risk
1850,2024-04-18,1,100.3,622,1,2,1,4,Hibernating
1851,2023-12-23,1,278.67,739,1,2,1,4,Hibernating
1852,2025-10-14,7,4701.13,78,4,5,5,14,Champions
1853,2024-03-29,1,773.27,642,1,2,3,6,At Risk
1854,2024-09-04,1,1650.48,483,1,2,4,7,At Risk
1855,2025-08-08,2,67.01,145,3,3,1,7,At Risk
1857,2025-11-21,7,1250.02,40,5,5,3,13,Champions
1858,2024-08-29,3,1795.12,489,1,4,4,9,Potential Loyalists
1859,2025-01-21,2,422.6,344,2,3,2,7,At Risk
1860,2025-09-12,6,1355.15,110,4,5,4,13,Champions
1861,2025-11-14,5,3483.43,47,5,4,5,14,Champions
1862,2025-05-25,1,1067.92,220,3,2,3,8,Potential Loyalists
1863,2025-09-12,4,1739.44,110,4,4,4,12,Loyal Customers
1864,2025-04-20,3,469.39,255,3,4,2,9,Potential Loyalists
1865,2025-06-21,3,1636.34,193,3,4,4,11,Loyal Customers
1866,2025-10-30,1,24.11,62,4,2,1,7,At Risk
1867,2024-09-24,1,19.27,463,1,2,1,4,Hibernating
1869,2025-09-01,2,98.11,121,4,3,1,8,Potential Loyalists
1870,2025-08-23,1,67.12,130,4,2,1,7,At Risk
1871,2025-09-30,3,1322.47,92,4,4,3,11,Loyal Customers
1872,2025-02-10,4,760.45,324,2,4,3,9,Potential Loyalists
1874,2025-08-04,1,38.98,149,3,2,1,6,At Risk
1875,2025-09-18,6,2775.51,104,4,5,5,14,Champions
1876,2025-02-08,1,964.12,326,2,2,3,7,At Risk
1878,2025-01-05,1,567.58,360,2,2,2,6,At Risk
1879,2025-06-09,1,216.02,205,3,2,1,6,At Risk
1880,2024-03-22,1,376.41,649,1,2,2,5,Hibernating
1881,2025-12-03,4,639.61,28,5,4,2,11,Loyal Customers
1882,2024-06-09,2,202.54,570,1,3,1,5,Hibernating
1883,2025-08-15,1,25.27,138,4,2,1,7,At Risk
1884,2025-05-12,6,2312.9,233,3,5,4,12,Loyal Customers
1885,2025-11-07,4,1795.32,54,5,4,4,13,Champions
1886,2025-10-07,3,2545.27,85,4,4,4,12,Loyal Customers
1887,2025-11-12,3,1750.48,49,5,4,4,13,Champions
1888,2025-12-08,9,2058.24,23,5,5,4,14,Champions
1889,2025-06-09,3,959.6,205,3,4,3,10,Loyal Customers
1890,2025-05-22,2,617.9,223,3,3,2,8,Potential Loyalists
1891,2023-12-24,2,301.98,738,1,3,2,6,At Risk
1892,2025-10-09,13,4438.64,83,4,5,5,14,Champions
1893,2025-09-24,7,4701.32,98,4,5,5,14,Champions
1894,2025-07-14,4,1944.94,170,3,4,4,11,Loyal Customers
1895,2025-07-09,6,2039.8600000000001,175,3,5,4,12,Loyal Customers
1896,2025-07-28,4,1202.5,156,3,4,3,10,Loyal Customers
1897,2025-09-08,3,906.03,114,4,4,3,11,Loyal Customers
1898,2025-09-12,17,8388.710000000001,110,4,5,5,14,Champions
1899,2025-04-29,4,410.73,246,3,4,2,9,Potential Loyalists
1900,2025-03-05,1,256.2,301,2,2,1,5,Hibernating
1901,2025-12-23,12,3910.64,8,5,5,5,15,Champions
1903,2025-11-30,11,6812.46,31,5,5,5,15,Champions
1904,2024-05-11,2,1207.32,599,1,3,3,7,At Risk
1905,2025-08-19,3,2087.31,134,4,4,4,12,Loyal Customers
1906,2025-06-05,1,160.83,209,3,2,1,6,At Risk
1907,2025-02-08,1,274.15,326,2,2,1,5,Hibernating
1908,2024-06-06,3,5001.8099999999995,573,1,4,5,10,Loyal Customers
1909,2025-08-11,2,1192.8600000000001,142,3,3,3,9,Potential Loyalists
1910,2025-11-17,8,2664.45,44,5,5,5,15,Champions
1911,2025-10-29,2,115.41,63,4,3,1,8,Potential Loyalists
1912,2025-05-28,1,194.18,217,3,2,1,6,At Risk
1914,2025-10-31,5,3426.77,61,4,4,5,13,Champions
1915,2025-05-24,1,266.12,221,3,2,1,6,At Risk
1917,2024-11-05,1,646.6,421,1,2,2,5,Hibernating
1920,2025-12-09,8,3129.87,22,5,5,5,15,Champions
1921,2024-08-02,3,1112.74,516,1,4,3,8,Potential Loyalists
1923,2025-02-04,1,272.1,330,2,2,1,5,Hibernating
1924,2025-12-22,1,2078.12,9,5,2,4,11,Loyal Customers
1925,2024-01-02,2,2367.9700000000003,729,1,3,4,8,Potential Loyalists
1926,2025-01-10,2,1000.69,355,2,3,3,8,Potential Loyalists
1928,2024-12-07,2,1190.91,389,2,3,3,8,Potential Loyalists
1929,2025-11-20,6,1487.5,41,5,5,4,14,Champions
1930,2025-08-21,1,89.8,132,4,2,1,7,At Risk
1931,2025-03-21,3,1918.06,285,2,4,4,10,Loyal Customers
1932,2024-12-19,2,155.17000000000002,377,2,3,1,6,At Risk
1933,2025-10-28,14,6265.620000000001,64,4,5,5,14,Champions
1935,2025-12-03,5,1650.3,28,5,4,4,13,Champions
1937,2024-09-02,2,2213.55,485,1,3,4,8,Potential Loyalists
1938,2025-02-23,1,1312.07,311,2,2,3,7,At Risk
1939,2024-12-24,1,603.42,372,2,2,2,6,At Risk
1940,2025-10-13,6,2646.63,79,4,5,4,13,Champions
1941,2024-05-19,4,2554.55,591,1,4,4,9,Potential Loyalists
1942,2025-08-09,4,2071.41,144,3,4,4,11,Loyal Customers
1943,2025-03-17,1,531.56,289,2,2,2,6,At Risk
1944,2025-11-26,3,381.9,35,5,4,2,11,Loyal Customers
1945,2025-11-18,4,905.92,43,5,4,3,12,Loyal Customers
1946,2023-07-14,1,201.2,901,1,2,1,4,Hibernating
1947,2024-03-26,1,997.1,645,1,2,3,6,At Risk
1948,2025-08-05,2,1434.73,148,3,3,4,10,Loyal Customers
1950,2025-11-16,5,1564.04,45,5,4,4,13,Champions
1951,2025-01-20,3,817.4,345,2,4,3,9,Potential Loyalists
1952,2025-09-23,3,782.73,99,4,4,3,11,Loyal Customers
1953,2025-02-20,1,262.63,314,2,2,1,5,Hibernating
1955,2025-06-17,1,1312.62,197,3,2,3,8,Potential Loyalists
1956,2024-05-24,2,455.78999999999996,586,1,3,2,6,At Risk
1957,2024-01-31,2,877.8100000000001,700,1,3,3,7,At Risk
1958,2025-03-20,2,1359.52,286,2,3,4,9,Potential Loyalists
1959,2025-02-23,9,6395.5,311,2,5,5,12,Loyal Customers
1960,2025-01-30,2,1188.38,335,2,3,3,8,Potential Loyalists
1961,2025-12-15,7,1577.17,16,5,5,4,14,Champions
1962,2023-10-29,1,639.33,794,1,2,2,5,Hibernating
1963,2025-01-13,3,1137.07,352,2,4,3,9,Potential Loyalists
1964,2024-06-09,2,2099.8599999999997,570,1,3,4,8,Potential Loyalists
1965,2024-05-25,1,1297.67,585,1,2,3,6,At Risk
1966,2025-12-10,8,5234.66,21,5,5,5,15,Champions
1967,2025-12-26,6,3906.26,5,5,5,5,15,Champions
1968,2025-12-14,5,1377.94,17,5,4,4,13,Champions
1969,2023-11-28,1,976.22,764,1,2,3,6,At Risk
1970,2025-07-22,1,352.89,162,3,2,2,7,At Risk
1971,2025-03-09,2,895.6500000000001,297,2,3,3,8,Potential Loyalists
1972,2025-07-26,4,1443.45,158,3,4,4,11,Loyal Customers
1973,2025-04-27,3,2577.17,248,3,4,4,11,Loyal Customers
1974,2025-11-02,11,4636.34,59,4,5,5,14,Champions
1975,2025-11-09,6,713.98,52,5,5,2,12,Loyal Customers
1976,2025-10-28,4,579.54,64,4,4,2,10,Loyal Customers
1977,2025-10-26,9,2748.2200000000003,66,4,5,5,14,Champions
1978,2024-11-02,2,550.06,424,1,3,2,6,At Risk
1980,2025-12-29,1,215.2,2,5,2,1,8,Potential Loyalists
1981,2025-04-11,3,1007.51,264,2,4,3,9,Potential Loyalists
1982,2025-12-27,12,4909.7699999999995,4,5,5,5,15,Champions
1983,2025-11-01,2,423.69999999999993,60,4,3,2,9,Potential Loyalists
1984,2025-10-09,10,2691.89,83,4,5,5,14,Champions
1985,2025-11-26,12,5083.4800000000005,35,5,5,5,15,Champions
1987,2025-04-10,1,265.87,265,2,2,1,5,Hibernating
1988,2024-10-16,2,3282.09,441,1,3,5,9,Potential Loyalists
1990,2025-01-12,6,1568.68,353,2,5,4,11,Loyal Customers
1992,2025-09-15,1,1331.35,107,4,2,3,9,Potential Loyalists
1993,2025-04-22,2,522.84,253,3,3,2,8,Potential Loyalists
1994,2025-10-07,1,78.84,85,4,2,1,7,At Risk
1995,2024-11-01,1,258.06,425,1,2,1,4,Hibernating
1996,2025-11-19,2,1385.24,42,5,3,4,12,Loyal Customers
1997,2025-08-27,1,1424.53,126,4,2,4,10,Loyal Customers
1998,2025-02-10,2,1374.27,324,2,3,4,9,Potential Loyalists
1999,2024-12-30,1,275.02,366,2,2,1,5,Hibernating
2000,2023-12-30,1,273.45,732,1,2,1,4,Hibernating
2001,2024-11-13,1,1114.03,413,2,2,3,7,At Risk
2002,2025-06-22,1,1773.85,192,3,2,4,9,Potential Loyalists
2004,2025-08-23,1,204.62,130,4,2,1,7,At Risk
2005,2025-02-01,5,597.97,333,2,4,2,8,Potential Loyalists
2006,2025-05-01,7,2772.04,244,3,5,5,13,Champions
2007,2025-08-17,5,1610.3999999999999,136,4,4,4,12,Loyal Customers
2008,2025-03-13,2,137.27,293,2,3,1,6,At Risk
2010,2025-03-09,2,2075.84,297,2,3,4,9,Potential Loyalists
2011,2025-04-18,1,1209.35,257,2,2,3,7,At Risk
2012,2025-07-16,8,6221.41,168,3,5,5,13,Champions
2014,2025-08-01,2,310.11,152,3,3,2,8,Potential Loyalists
2016,2025-08-04,11,6191.71,149,3,5,5,13,Champions
2017,2025-06-23,2,1699.12,191,3,3,4,10,Loyal Customers
2020,2023-06-27,1,647.87,918,1,2,2,5,Hibernating
2021,2025-05-20,3,330.61999999999995,225,3,4,2,9,Potential Loyalists
2022,2025-11-19,1,41.76,42,5,2,1,8,Potential Loyalists
2023,2025-08-06,1,380.23,147,3,2,2,7,At Risk
2025,2025-08-27,1,85.74,126,4,2,1,7,At Risk
2026,2025-09-16,1,2284.89,106,4,2,4,10,Loyal Customers
2027,2025-09-24,7,3972.05,98,4,5,5,14,Champions
2028,2024-12-16,1,1010.52,380,2,2,3,7,At Risk
2029,2025-11-11,2,1351.67,50,5,3,4,12,Loyal Customers
2031,2025-11-17,2,106.6,44,5,3,1,9,Potential Loyalists
2032,2025-05-30,3,1167.32,215,3,4,3,10,Loyal Customers
2033,2024-01-05,1,804.19,726,1,2,3,6,At Risk
2034,2025-09-13,3,2349.8,109,4,4,4,12,Loyal Customers
2035,2025-12-14,2,2069.59,17,5,3,4,12,Loyal Customers
2037,2024-03-07,1,46.87,664,1,2,1,4,Hibernating
2039,2025-02-01,3,2336.4,333,2,4,4,10,Loyal Customers
2040,2025-11-16,4,1285.57,45,5,4,3,12,Loyal Customers
2041,2024-11-21,6,4335.51,405,2,5,5,12,Loyal Customers
2043,2024-08-18,2,1676.56,500,1,3,4,8,Potential Loyalists
2044,2025-07-06,12,5273.889999999999,178,3,5,5,13,Champions
2045,2024-10-09,1,557.9,448,1,2,2,5,Hibernating
2046,2025-01-29,3,1430.73,336,2,4,4,10,Loyal Customers
2047,2025-06-22,4,2572.7200000000003,192,3,4,4,11,Loyal Customers
2048,2024-07-08,1,590.77,541,1,2,2,5,Hibernating
2049,2025-03-20,4,896.39,286,2,4,3,9,Potential Loyalists
2050,2025-05-27,2,1315.4,218,3,3,3,9,Potential Loyalists
2051,2025-11-12,7,3106.04,49,5,5,5,15,Champions
2052,2024-04-06,5,1604.3500000000001,634,1,4,4,9,Potential Loyalists
2053,2025-08-27,3,2327.13,126,4,4,4,12,Loyal Customers
2054,2024-12-17,4,3064.95,379,2,4,5,11,Loyal Customers
2056,2025-02-06,2,974.37,328,2,3,3,8,Potential Loyalists
2058,2024-07-23,1,644.48,526,1,2,2,5,Hibernating
2059,2025-12-12,19,8507.31,19,5,5,5,15,Champions
2060,2025-12-07,11,1948.44,24,5,5,4,14,Champions
2062,2024-12-17,3,1638.31,379,2,4,4,10,Loyal Customers
2063,2025-09-19,2,1475.29,103,4,3,4,11,Loyal Customers
2064,2025-11-06,8,3425.51,55,5,5,5,15,Champions
2065,2024-06-03,2,702.49,576,1,3,2,6,At Risk
2067,2024-09-06,2,154.04,481,1,3,1,5,Hibernating
2068,2024-10-12,2,467.74,445,1,3,2,6,At Risk
2069,2025-11-15,3,2019.62,46,5,4,4,13,Champions
2071,2025-03-06,5,2540.6,300,2,4,4,10,Loyal Customers
2072,2025-01-03,4,1814.48,362,2,4,4,10,Loyal Customers
2073,2025-08-13,3,561.28,140,3,4,2,9,Potential Loyalists
2074,2023-08-18,1,328.14,866,1,2,2,5,Hibernating
2075,2025-11-10,2,835.9,51,5,3,3,11,Loyal Customers
2076,2025-10-30,3,712.87,62,4,4,2,10,Loyal Customers
2077,2025-10-25,5,1634.52,67,4,4,4,12,Loyal Customers
2078,2025-06-17,4,998.31,197,3,4,3,10,Loyal Customers
2079,2025-04-17,1,770.61,258,2,2,3,7,At Risk
2082,2024-07-05,1,287.44,544,1,2,2,5,Hibernating
2084,2025-12-18,7,2885.4300000000003,13,5,5,5,15,Champions
2085,2025-10-18,2,500.21,74,4,3,2,9,Potential Loyalists
2086,2025-04-14,1,288.04,261,2,2,2,6,At Risk
2087,2024-11-25,9,3064.81,401,2,5,5,12,Loyal Customers
2088,2025-02-16,2,1659.4,318,2,3,4,9,Potential Loyalists
2089,2023-12-10,1,63.11,752,1,2,1,4,Hibernating
2090,2025-12-21,17,9590.07,10,5,5,5,15,Champions
2093,2025-12-07,2,657.44,24,5,3,2,10,Loyal Customers
2094,2024-09-24,2,1173.01,463,1,3,3,7,At Risk
2095,2025-08-13,1,1168.63,140,3,2,3,8,Potential Loyalists
2096,2025-03-03,3,635.01,303,2,4,2,8,Potential Loyalists
2097,2025-04-16,3,660.04,259,2,4,2,8,Potential Loyalists
2098,2024-06-16,1,778.32,563,1,2,3,6,At Risk
2099,2023-11-01,1,1401.92,791,1,2,4,7,At Risk
2100,2025-09-26,4,335.36,96,4,4,2,10,Loyal Customers
2101,2025-02-18,1,639.82,316,2,2,2,6,At Risk
2102,2025-09-27,7,2027.82,95,4,5,4,13,Champions
2103,2025-12-25,2,523.6,6,5,3,2,10,Loyal Customers
2104,2024-06-02,1,324.26,577,1,2,2,5,Hibernating
2106,2025-02-26,6,1867.0700000000002,308,2,5,4,11,Loyal Customers
2107,2025-06-18,1,2289.56,196,3,2,4,9,Potential Loyalists
2108,2025-12-03,1,252.62,28,5,2,1,8,Potential Loyalists
2109,2025-08-04,5,2198.8,149,3,4,4,11,Loyal Customers
2110,2025-12-16,6,2624.19,15,5,5,4,14,Champions
2111,2025-11-13,1,711.13,48,5,2,2,9,Potential Loyalists
2112,2025-10-14,3,655.08,78,4,4,2,10,Loyal Customers
2114,2025-07-11,2,503.25,173,3,3,2,8,Potential Loyalists
2115,2025-10-13,13,7401.75,79,4,5,5,14,Champions
2116,2025-07-09,5,2843.1400000000003,175,3,4,5,12,Loyal Customers
2117,2025-08-05,3,1227.03,148,3,4,3,10,Loyal Customers
2118,2025-07-06,1,205.95,178,3,2,1,6,At Risk
2119,2025-07-30,6,3108.61,154,3,5,5,13,Champions
2121,2023-05-15,1,545.6,961,1,2,2,5,Hibernating
2122,2025-10-26,2,66.46000000000001,66,4,3,1,8,Potential Loyalists
2124,2025-08-16,8,2246.1299999999997,137,4,5,4,13,Champions
2126,2025-05-27,3,3154.2400000000002,218,3,4,5,12,Loyal Customers
2127,2025-01-21,2,409.54999999999995,344,2,3,2,7,At Risk
2128,2025-06-11,4,709.5799999999999,203,3,4,2,9,Potential Loyalists
2131,2024-06-30,4,1078.37,549,1,4,3,8,Potential Loyalists
2132,2024-09-16,2,829.73,471,1,3,3,7,At Risk
2133,2023-08-30,1,431.37,854,1,2,2,5,Hibernating
2134,2025-12-02,3,1737.38,29,5,4,4,13,Champions
2135,2025-05-27,3,717.3499999999999,218,3,4,2,9,Potential Loyalists
2136,2025-09-12,2,1400.86,110,4,3,4,11,Loyal Customers
2137,2025-11-02,2,2205.2200000000003,59,4,3,4,11,Loyal Customers
2138,2025-09-12,1,65.8,110,4,2,1,7,At Risk
2139,2025-12-03,1,114.85,28,5,2,1,8,Potential Loyalists
2141,2025-11-20,5,548.58,41,5,4,2,11,Loyal Customers
2142,2024-06-16,4,2514.99,563,1,4,4,9,Potential Loyalists
2143,2025-06-27,2,1214.8999999999999,187,3,3,3,9,Potential Loyalists
2144,2025-09-12,2,1470.3000000000002,110,4,3,4,11,Loyal Customers
2145,2025-09-22,1,1502.24,100,4,2,4,10,Loyal Customers
2146,2024-06-28,1,21.96,551,1,2,1,4,Hibernating
2147,2024-10-07,1,68.82,450,1,2,1,4,Hibernating
2148,2025-04-12,1,27.04,263,2,2,1,5,Hibernating
2150,2025-08-29,3,2043.73,124,4,4,4,12,Loyal Customers
2151,2025-05-27,8,6493.610000000001,218,3,5,5,13,Champions
2152,2023-12-03,2,1359.48,759,1,3,4,8,Potential Loyalists
2153,2025-08-25,2,1177.3600000000001,128,4,3,3,10,Loyal Customers
2154,2025-05-14,2,618.96,231,3,3,2,8,Potential Loyalists
2155,2025-11-25,1,72.96,36,5,2,1,8,Potential Loyalists
2156,2025-10-24,2,205.2,68,4,3,1,8,Potential Loyalists
2158,2025-09-05,6,4681.83,117,4,5,5,14,Champions
2160,2025-02-15,3,1840.5800000000002,319,2,4,4,10,Loyal Customers
2161,2025-05-14,4,2799.7999999999997,231,3,4,5,12,Loyal Customers
2162,2025-11-11,1,618.8,50,5,2,2,9,Potential Loyalists
2163,2025-07-12,3,1050.21,172,3,4,3,10,Loyal Customers
2164,2025-07-10,2,1317.28,174,3,3,3,9,Potential Loyalists
2165,2024-03-31,2,673.73,640,1,3,2,6,At Risk
2166,2024-06-12,3,1440.87,567,1,4,4,9,Potential Loyalists
2168,2025-11-14,2,1303.27,47,5,3,3,11,Loyal Customers
2170,2025-11-06,6,1825.0700000000002,55,5,5,4,14,Champions
2172,2025-09-27,4,3790.09,95,4,4,5,13,Champions
2174,2025-07-20,5,4051.17,164,3,4,5,12,Loyal Customers
2175,2025-04-05,5,1486.9399999999998,270,2,4,4,10,Loyal Customers
2176,2025-11-30,5,1841.72,31,5,4,4,13,Champions
2177,2024-12-18,2,689.14,378,2,3,2,7,At Risk
2178,2025-12-19,8,7892.969999999999,12,5,5,5,15,Champions
2179,2025-12-05,5,2249.1800000000003,26,5,4,4,13,Champions
2180,2025-06-29,5,3898.6399999999994,185,3,4,5,12,Loyal Customers
2181,2024-11-18,1,97.87,408,2,2,1,5,Hibernating
2182,2024-12-16,1,56.01,380,2,2,1,5,Hibernating
2183,2025-12-10,2,552.06,21,5,3,2,10,Loyal Customers
2184,2025-07-02,2,628.22,182,3,3,2,8,Potential Loyalists
2185,2025-01-24,1,1854.99,341,2,2,4,8,Potential Loyalists
2186,2025-05-10,5,1876.97,235,3,4,4,11,Loyal Customers
2187,2025-11-10,5,1134.67,51,5,4,3,12,Loyal Customers
2188,2025-07-25,1,30.17,159,3,2,1,6,At Risk
2189,2025-11-05,6,2002.27,56,4,5,4,13,Champions
2191,2025-04-13,1,109.52,262,2,2,1,5,Hibernating
2192,2025-07-26,4,1501.1,158,3,4,4,11,Loyal Customers
2193,2025-12-29,10,6297.21,2,5,5,5,15,Champions
2194,2025-06-22,4,1178.29,192,3,4,3,10,Loyal Customers
2195,2024-11-14,1,20.38,412,2,2,1,5,Hibernating
2196,2024-01-16,1,167.2,715,1,2,1,4,Hibernating
2197,2025-12-13,7,3737.3,18,5,5,5,15,Champions
2198,2025-12-23,8,4362.0,8,5,5,5,15,Champions
2199,2025-09-08,4,1297.49,114,4,4,3,11,Loyal Customers
2201,2025-03-12,1,49.29,294,2,2,1,5,Hibernating
2202,2024-09-19,1,64.73,468,1,2,1,4,Hibernating
2203,2024-07-30,1,80.04,519,1,2,1,4,Hibernating
2204,2024-12-24,1,250.92,372,2,2,1,5,Hibernating
2205,2024-11-22,17,9356.44,404,2,5,5,12,Loyal Customers
2206,2025-01-30,1,17.99,335,2,2,1,5,Hibernating
2207,2025-12-04,2,92.52000000000001,27,5,3,1,9,Potential Loyalists
2209,2025-06-04,3,1538.1200000000001,210,3,4,4,11,Loyal Customers
2210,2025-11-12,1,179.92,49,5,2,1,8,Potential Loyalists
2211,2025-01-25,1,44.46,340,2,2,1,5,Hibernating
2212,2025-04-16,1,26.56,259,2,2,1,5,Hibernating
2213,2025-09-04,3,1018.52,118,4,4,3,11,Loyal Customers
2214,2025-04-05,2,1921.4799999999998,270,2,3,4,9,Potential Loyalists
2216,2025-07-24,3,1216.1200000000001,160,3,4,3,10,Loyal Customers
2217,2025-01-25,1,189.31,340,2,2,1,5,Hibernating
2218,2025-07-07,5,2137.09,177,3,4,4,11,Loyal Customers
2219,2025-11-13,2,384.43,48,5,3,2,10,Loyal Customers
2220,2025-08-23,3,1914.85,130,4,4,4,12,Loyal Customers
2221,2025-04-27,5,1731.28,248,3,4,4,11,Loyal Customers
2222,2025-10-28,1,155.37,64,4,2,1,7,At Risk
2223,2025-11-09,7,3364.3900000000003,52,5,5,5,15,Champions
2225,2025-11-23,5,3002.46,38,5,4,5,14,Champions
2226,2025-04-13,1,527.97,262,2,2,2,6,At Risk
2227,2023-10-14,1,627.15,809,1,2,2,5,Hibernating
2228,2025-08-25,8,5494.88,128,4,5,5,14,Champions
2229,2024-06-21,1,37.16,558,1,2,1,4,Hibernating
2230,2025-06-15,1,361.77,199,3,2,2,7,At Risk
2231,2025-08-24,3,1105.06,129,4,4,3,11,Loyal Customers
2233,2025-12-27,11,4463.57,4,5,5,5,15,Champions
2234,2024-06-04,2,1488.11,575,1,3,4,8,Potential Loyalists
2236,2024-04-18,1,246.08,622,1,2,1,4,Hibernating
2237,2025-05-13,1,314.74,232,3,2,2,7,At Risk
2238,2025-08-20,6,6114.21,133,4,5,5,14,Champions
2239,2024-09-23,2,2658.5099999999998,464,1,3,4,8,Potential Loyalists
2240,2025-08-29,11,6474.34,124,4,5,5,14,Champions
2241,2025-12-24,9,3768.83,7,5,5,5,15,Champions
2242,2025-07-01,5,10159.630000000001,183,3,4,5,12,Loyal Customers
2243,2025-12-28,3,354.06,3,5,4,2,11,Loyal Customers
2244,2025-06-24,2,1354.06,190,3,3,4,10,Loyal Customers
2245,2025-08-09,6,2762.76,144,3,5,5,13,Champions
2246,2025-12-05,6,1700.6399999999999,26,5,5,4,14,Champions
2247,2025-02-20,1,22.92,314,2,2,1,5,Hibernating
2249,2025-06-26,7,2805.72,188,3,5,5,13,Champions
2251,2025-07-11,3,656.8800000000001,173,3,4,2,9,Potential Loyalists
2252,2023-10-30,1,1745.66,793,1,2,4,7,At Risk
2253,2025-05-03,2,2603.83,242,3,3,4,10,Loyal Customers
2255,2024-04-10,4,2010.49,630,1,4,4,9,Potential Loyalists
2256,2025-04-24,5,599.27,251,3,4,2,9,Potential Loyalists
2257,2024-05-24,5,987.6800000000001,586,1,4,3,8,Potential Loyalists
2258,2024-12-07,1,81.15,389,2,2,1,5,Hibernating
2259,2025-02-20,1,518.01,314,2,2,2,6,At Risk
2260,2025-07-28,1,615.87,156,3,2,2,7,At Risk
2261,2025-11-22,2,583.0799999999999,39,5,3,2,10,Loyal Customers
2262,2025-10-11,1,77.33,81,4,2,1,7,At Risk
2263,2025-04-23,2,639.87,252,3,3,2,8,Potential Loyalists
2264,2025-08-15,2,2290.2799999999997,138,4,3,4,11,Loyal Customers
2265,2025-01-17,4,966.34,348,2,4,3,9,Potential Loyalists
2266,2025-06-17,2,780.5,197,3,3,3,9,Potential Loyalists
2268,2025-12-23,4,2085.84,8,5,4,4,13,Champions
2269,2024-01-07,2,214.83999999999997,724,1,3,1,5,Hibernating
2270,2024-12-20,1,38.97,376,2,2,1,5,Hibernating
2271,2025-08-05,3,4743.35,148,3,4,5,12,Loyal Customers
2272,2024-02-11,1,67.59,689,1,2,1,4,Hibernating
2273,2023-07-01,1,773.25,914,1,2,3,6,At Risk
2275,2025-09-27,5,5170.5,95,4,4,5,13,Champions
2276,2025-06-18,1,36.06,196,3,2,1,6,At Risk
2277,2024-01-03,1,235.93,728,1,2,1,4,Hibernating
2278,2024-06-08,1,728.11,571,1,2,3,6,At Risk
2280,2025-06-11,2,2614.58,203,3,3,4,10,Loyal Customers
2281,2025-12-29,7,3433.9,2,5,5,5,15,Champions
2282,2025-12-24,3,664.74,7,5,4,2,11,Loyal Customers
2284,2024-08-02,1,267.4,516,1,2,1,4,Hibernating
2285,2025-12-07,11,4975.389999999999,24,5,5,5,15,Champions
2286,2024-12-24,1,95.06,372,2,2,1,5,Hibernating
2287,2025-12-04,6,2606.36,27,5,5,4,14,Champions
2290,2025-11-30,3,2984.86,31,5,4,5,14,Champions
2291,2025-04-03,4,2595.65,272,2,4,4,10,Loyal Customers
2292,2025-09-08,6,2741.52,114,4,5,5,14,Champions
2294,2024-08-06,3,526.8199999999999,512,1,4,2,7,At Risk
2295,2025-03-21,11,4091.54,285,2,5,5,12,Loyal Customers
2296,2025-02-09,2,112.06,325,2,3,1,6,At Risk
2297,2025-11-03,1,277.08,58,4,2,1,7,At Risk
2298,2024-09-23,1,83.25,464,1,2,1,4,Hibernating
2299,2024-05-02,3,562.18,608,1,4,2,7,At Risk
2301,2024-07-09,3,1800.4,540,1,4,4,9,Potential Loyalists
2302,2024-10-24,4,1787.5700000000002,433,1,4,4,9,Potential Loyalists
2303,2025-09-21,7,2044.42,101,4,5,4,13,Champions
2304,2024-06-04,1,1400.76,575,1,2,4,7,At Risk
2305,2025-12-16,3,922.85,15,5,4,3,12,Loyal Customers
2306,2025-12-29,4,1944.22,2,5,4,4,13,Champions
2307,2024-06-19,4,835.8299999999999,560,1,4,3,8,Potential Loyalists
2308,2025-04-14,1,203.77,261,2,2,1,5,Hibernating
2309,2025-03-16,3,3055.2400000000002,290,2,4,5,11,Loyal Customers
2310,2025-12-14,3,708.29,17,5,4,2,11,Loyal Customers
2311,2025-09-27,4,765.62,95,4,4,3,11,Loyal Customers
2312,2025-01-16,2,418.67,349,2,3,2,7,At Risk
2313,2025-08-03,5,2468.38,150,3,4,4,11,Loyal Customers
2314,2025-12-30,15,4233.5,1,5,5,5,15,Champions
2315,2024-06-13,4,1752.78,566,1,4,4,9,Potential Loyalists
2317,2023-12-19,1,918.35,743,1,2,3,6,At Risk
2318,2024-03-20,3,702.31,651,1,4,2,7,At Risk
2319,2024-01-16,5,3745.41,715,1,4,5,10,Loyal Customers
2320,2025-12-13,11,6137.17,18,5,5,5,15,Champions
2323,2025-02-15,2,728.8800000000001,319,2,3,3,8,Potential Loyalists
2325,2024-09-03,2,886.96,484,1,3,3,7,At Risk
2327,2025-11-09,7,4913.900000000001,52,5,5,5,15,Champions
2328,2025-11-28,1,674.35,33,5,2,2,9,Potential Loyalists
2329,2024-01-24,1,448.53,707,1,2,2,5,Hibernating
2330,2025-06-27,7,2862.83,187,3,5,5,13,Champions
2331,2025-10-14,5,1732.3600000000001,78,4,4,4,12,Loyal Customers
2332,2025-02-17,2,1411.0900000000001,317,2,3,4,9,Potential Loyalists
2335,2024-10-16,2,840.3100000000001,441,1,3,3,7,At Risk
2336,2025-04-30,3,1291.67,245,3,4,3,10,Loyal Customers
2337,2025-03-28,1,173.59,278,2,2,1,5,Hibernating
2338,2025-02-25,1,563.01,309,2,2,2,6,At Risk
2339,2025-08-06,3,1771.45,147,3,4,4,11,Loyal Customers
2340,2025-02-05,3,688.25,329,2,4,2,8,Potential Loyalists
2343,2024-09-22,3,411.19,465,1,4,2,7,At Risk
2344,2025-08-07,7,3452.74,146,3,5,5,13,Champions
2345,2025-07-04,3,1301.4399999999998,180,3,4,3,10,Loyal Customers
2346,2025-12-07,10,5554.3099999999995,24,5,5,5,15,Champions
2348,2025-03-14,1,1627.33,292,2,2,4,8,Potential Loyalists
2350,2025-01-15,1,169.51,350,2,2,1,5,Hibernating
2351,2023-12-18,1,569.87,744,1,2,2,5,Hibernating
2352,2025-09-11,4,3358.3900000000003,111,4,4,5,13,Champions
2353,2024-09-25,5,2785.24,462,1,4,5,10,Loyal Customers
2356,2025-01-04,5,1311.2100000000003,361,2,4,3,9,Potential Loyalists
2357,2025-08-01,5,3056.84,152,3,4,5,12,Loyal Customers
2358,2025-08-29,5,1272.22,124,4,4,3,11,Loyal Customers
2359,2025-08-21,1,79.66,132,4,2,1,7,At Risk
2360,2025-12-18,1,342.61,13,5,2,2,9,Potential Loyalists
2361,2024-04-25,1,104.59,615,1,2,1,4,Hibernating
2362,2025-05-01,2,515.04,244,3,3,2,8,Potential Loyalists
2363,2025-12-17,1,660.97,14,5,2,2,9,Potential Loyalists
2364,2025-11-07,17,9813.92,54,5,5,5,15,Champions
2365,2024-10-30,3,927.59,427,1,4,3,8,Potential Loyalists
2367,2025-09-03,8,2326.53,119,4,5,4,13,Champions
2368,2025-02-22,5,2888.3,312,2,4,5,11,Loyal Customers
2369,2024-07-03,3,2271.62,546,1,4,4,9,Potential Loyalists
2370,2025-08-12,5,2401.13,141,3,4,4,11,Loyal Customers
2371,2025-06-10,4,2686.76,204,3,4,5,12,Loyal Customers
2372,2025-10-30,5,2027.03,62,4,4,4,12,Loyal Customers
2373,2025-09-07,2,488.83,115,4,3,2,9,Potential Loyalists
2374,2023-12-29,3,602.04,733,1,4,2,7,At Risk
2375,2025-11-11,2,273.02,50,5,3,1,9,Potential Loyalists
2376,2025-07-21,1,45.91,163,3,2,1,6,At Risk
2377,2025-02-23,1,653.03,311,2,2,2,6,At Risk
2381,2025-10-28,1,56.53,64,4,2,1,7,At Risk
2382,2025-07-30,8,3316.79,154,3,5,5,13,Champions
2383,2024-11-04,3,3439.21,422,1,4,5,10,Loyal Customers
2384,2025-09-13,6,3797.75,109,4,5,5,14,Champions
2386,2025-10-24,16,7699.54,68,4,5,5,14,Champions
2387,2024-04-23,2,1256.4,617,1,3,3,7,At Risk
2388,2024-12-12,1,751.38,384,2,2,3,7,At Risk
2389,2025-12-10,2,248.81,21,5,3,1,9,Potential Loyalists
2390,2025-01-08,3,1097.6100000000001,357,2,4,3,9,Potential Loyalists
2391,2025-12-23,8,3148.11,8,5,5,5,15,Champions
2392,2025-01-23,2,964.15,342,2,3,3,8,Potential Loyalists
2393,2023-12-03,1,340.78,759,1,2,2,5,Hibernating
2394,2024-05-07,1,77.78,603,1,2,1,4,Hibernating
2395,2025-05-20,5,2495.55,225,3,4,4,11,Loyal Customers
2396,2025-05-13,3,391.5,232,3,4,2,9,Potential Loyalists
2397,2025-09-27,3,831.5899999999999,95,4,4,3,11,Loyal Customers
2398,2025-10-24,2,314.0,68,4,3,2,9,Potential Loyalists
2399,2025-12-09,4,849.0,22,5,4,3,12,Loyal Customers
2400,2025-06-02,1,774.68,212,3,2,3,8,Potential Loyalists
2401,2025-02-14,1,581.56,320,2,2,2,6,At Risk
2403,2024-12-05,7,4030.19,391,2,5,5,12,Loyal Customers
2404,2025-10-14,2,3201.39,78,4,3,5,12,Loyal Customers
2405,2025-03-13,1,58.33,293,2,2,1,5,Hibernating
2408,2025-07-05,4,362.19,179,3,4,2,9,Potential Loyalists
2409,2025-10-28,11,3508.34,64,4,5,5,14,Champions
2410,2024-12-10,2,1367.37,386,2,3,4,9,Potential Loyalists
2411,2025-04-10,2,424.05,265,2,3,2,7,At Risk
2412,2025-12-12,8,2749.85,19,5,5,5,15,Champions
2413,2025-01-15,2,866.9,350,2,3,3,8,Potential Loyalists
2414,2025-10-06,3,668.79,86,4,4,2,10,Loyal Customers
2415,2025-08-17,1,225.16,136,4,2,1,7,At Risk
2416,2025-04-28,3,2102.7799999999997,247,3,4,4,11,Loyal Customers
2417,2023-11-04,4,1982.5,788,1,4,4,9,Potential Loyalists
2419,2024-10-08,1,209.06,449,1,2,1,4,Hibernating
2420,2025-04-09,1,572.6,266,2,2,2,6,At Risk
2421,2025-12-18,16,5626.28,13,5,5,5,15,Champions
2423,2024-11-28,1,223.75,398,2,2,1,5,Hibernating
2424,2025-07-23,3,4708.93,161,3,4,5,12,Loyal Customers
2425,2025-10-03,10,3616.84,89,4,5,5,14,Champions
2426,2024-08-04,5,2277.75,514,1,4,4,9,Potential Loyalists
2427,2024-08-15,5,3065.96,503,1,4,5,10,Loyal Customers
2428,2024-03-05,1,466.24,666,1,2,2,5,Hibernating
2429,2025-04-28,3,660.6999999999999,247,3,4,2,9,Potential Loyalists
2430,2023-12-23,2,1949.25,739,1,3,4,8,Potential Loyalists
2431,2025-06-16,5,1619.83,198,3,4,4,11,Loyal Customers
2432,2025-08-13,2,875.83,140,3,3,3,9,Potential Loyalists
2433,2025-04-14,4,2999.69,261,2,4,5,11,Loyal Customers
2434,2024-12-07,2,1165.0500000000002,389,2,3,3,8,Potential Loyalists
2435,2024-12-24,1,3499.91,372,2,2,5,9,Potential Loyalists
2436,2025-07-12,1,502.72,172,3,2,2,7,At Risk
2437,2025-08-15,6,2822.06,138,4,5,5,14,Champions
2438,2023-12-10,2,811.32,752,1,3,3,7,At Risk
2439,2024-02-19,4,2411.4,681,1,4,4,9,Potential Loyalists
2441,2024-01-31,1,230.7,700,1,2,1,4,Hibernating
2442,2025-10-17,1,21.73,75,4,2,1,7,At Risk
2444,2025-08-17,2,526.47,136,4,3,2,9,Potential Loyalists
2445,2025-07-12,5,3119.04,172,3,4,5,12,Loyal Customers
2446,2025-05-06,1,486.24,239,3,2,2,7,At Risk
2447,2025-08-07,5,4171.35,146,3,4,5,12,Loyal Customers
2448,2024-06-11,1,68.08,568,1,2,1,4,Hibernating
2449,2025-09-12,3,429.07,110,4,4,2,10,Loyal Customers
2450,2025-09-16,2,205.89,106,4,3,1,8,Potential Loyalists
2452,2025-12-08,5,1717.66,23,5,4,4,13,Champions
2454,2025-08-01,3,946.33,152,3,4,3,10,Loyal Customers
2455,2025-07-08,10,4011.74,176,3,5,5,13,Champions
2456,2024-08-03,1,65.41,515,1,2,1,4,Hibernating
2457,2024-06-06,2,1117.81,573,1,3,3,7,At Risk
2458,2024-07-26,1,231.33,523,1,2,1,4,Hibernating
2459,2025-11-28,7,3256.55,33,5,5,5,15,Champions
2460,2024-02-05,2,150.45,695,1,3,1,5,Hibernating
2461,2025-05-26,5,4479.4400000000005,219,3,5,5,13,Champions
2463,2025-07-23,7,4745.68,161,3,5,5,13,Champions
2464,2025-08-07,1,41.34,146,3,2,1,6,At Risk
2466,2024-11-12,1,782.74,414,2,2,3,7,At Risk
2468,2024-02-18,5,863.1399999999999,682,1,5,3,9,Potential Loyalists
2469,2025-02-14,2,65.69,320,2,3,1,6,At Risk
2470,2024-05-23,2,1344.77,587,1,3,3,7,At Risk
2471,2024-04-08,4,635.5799999999999,632,1,4,2,7,At Risk
2472,2025-09-18,2,441.72,104,4,3,2,9,Potential Loyalists
2474,2025-01-21,2,250.51999999999998,344,2,3,1,6,At Risk
2475,2025-11-17,7,2119.05,44,5,5,4,14,Champions
2476,2025-04-05,1,71.95,270,2,2,1,5,Hibernating
2477,2025-09-19,8,4862.61,103,4,5,5,14,Champions
2480,2025-08-26,4,1138.29,127,4,4,3,11,Loyal Customers
2481,2024-11-04,5,986.9699999999999,422,1,5,3,9,Potential Loyalists
2482,2025-04-14,2,198.24,261,2,3,1,6,At Risk
2483,2025-06-17,8,4134.13,197,3,5,5,13,Champions
2485,2024-04-10,1,54.38,630,1,2,1,4,Hibernating
2487,2024-09-22,1,61.38,465,1,2,1,4,Hibernating
2488,2025-03-26,3,2568.0699999999997,280,2,4,4,10,Loyal Customers
2489,2025-03-21,6,4383.0599999999995,285,2,5,5,12,Loyal Customers
2490,2025-11-29,10,7117.29,32,5,5,5,15,Champions
2492,2025-09-21,14,7904.41,101,4,5,5,14,Champions
2493,2024-05-04,2,63.019999999999996,606,1,3,1,5,Hibernating
2494,2025-10-11,2,1012.77,81,4,3,3,10,Loyal Customers
2495,2025-02-18,1,301.06,316,2,2,2,6,At Risk
2496,2025-07-15,1,145.88,169,3,2,1,6,At Risk
2497,2025-11-04,3,581.38,57,4,4,2,10,Loyal Customers
2498,2024-12-10,1,861.58,386,2,2,3,7,At Risk
2499,2024-08-27,5,734.3100000000001,491,1,5,3,9,Potential Loyalists
2500,2025-12-18,10,5627.99,13,5,5,5,15,Champions
