item_id,order_id,category,unit_price,quantity,line_total
1,1,Electronics,762.75,3,2288.25
2,1,Sports & Outdoors,61.11,1,61.11
3,1,Home & Kitchen,187.32,1,187.32
4,2,Electronics,194.92,1,194.92
5,2,Apparel,144.85,1,144.85
6,3,Apparel,76.24,2,152.48
7,3,Books,21.35,2,42.7
8,3,Electronics,712.56,1,712.56
9,3,Apparel,80.06,1,80.06
10,4,Books,21.6,1,21.6
11,5,Grocery,30.46,3,91.38
12,5,Beauty,45.69,1,45.69
13,5,Sports & Outdoors,65.16,1,65.16
14,6,Apparel,147.8,1,147.8
15,6,Home & Kitchen,44.43,1,44.43
16,7,Apparel,14.29,2,28.58
17,8,Home & Kitchen,116.24,1,116.24
18,9,Toys & Games,119.61,3,358.83
19,10,Sports & Outdoors,110.53,1,110.53
20,10,Electronics,268.5,2,537.0
21,11,Sports & Outdoors,109.37,1,109.37
22,11,Home & Kitchen,147.62,2,295.24
23,11,Electronics,129.16,1,129.16
24,11,Apparel,32.34,1,32.34
25,12,Beauty,54.64,1,54.64
26,13,Books,24.14,1,24.14
27,14,Home & Kitchen,27.82,1,27.82
28,15,Sports & Outdoors,133.48,1,133.48
29,16,Home & Kitchen,297.3,1,297.3
30,16,Electronics,444.61,1,444.61
31,16,Beauty,64.84,1,64.84
32,16,Electronics,443.03,1,443.03
33,17,Electronics,886.04,2,1772.08
34,17,Sports & Outdoors,186.4,1,186.4
35,17,Electronics,127.52,1,127.52
36,17,Beauty,25.67,2,51.34
37,17,Home & Kitchen,213.22,1,213.22
38,18,Electronics,733.46,1,733.46
39,18,Electronics,658.39,1,658.39
40,19,Sports & Outdoors,222.62,1,222.62
41,20,Electronics,682.2,2,1364.4
42,20,Electronics,742.16,2,1484.32
43,21,Beauty,58.87,1,58.87
44,21,Beauty,78.25,1,78.25
45,21,Toys & Games,73.22,1,73.22
46,21,Toys & Games,84.34,1,84.34
47,22,Beauty,80.73,1,80.73
48,22,Apparel,143.5,1,143.5
49,22,Electronics,401.67,1,401.67
50,22,Beauty,31.94,3,95.82
51,22,Toys & Games,51.91,1,51.91
52,23,Apparel,44.48,1,44.48
53,24,Electronics,450.26,2,900.52
54,24,Beauty,46.87,1,46.87
55,24,Toys & Games,71.43,2,142.86
56,25,Apparel,90.03,2,180.06
57,26,Home & Kitchen,153.51,2,307.02
58,26,Apparel,25.36,1,25.36
59,26,Home & Kitchen,242.19,3,726.57
60,27,Grocery,43.9,1,43.9
61,27,Electronics,370.39,1,370.39
62,27,Sports & Outdoors,162.5,1,162.5
63,27,Home & Kitchen,222.37,1,222.37
64,27,Electronics,180.04,2,360.08
65,28,Toys & Games,73.62,1,73.62
66,28,Apparel,139.02,1,139.02
67,29,Sports & Outdoors,182.38,1,182.38
68,30,Toys & Games,77.1,1,77.1
69,31,Toys & Games,63.06,1,63.06
70,31,Home & Kitchen,239.94,1,239.94
71,32,Beauty,66.94,1,66.94
72,32,Electronics,737.11,1,737.11
73,33,Home & Kitchen,201.14,1,201.14
74,34,Books,9.18,1,9.18
75,34,Grocery,32.04,1,32.04
76,34,Toys & Games,17.78,1,17.78
77,35,Beauty,83.39,1,83.39
78,36,Apparel,52.15,1,52.15
79,36,Books,23.76,1,23.76
80,36,Sports & Outdoors,240.54,1,240.54
81,36,Grocery,25.96,2,51.92
82,36,Beauty,47.91,1,47.91
83,37,Apparel,141.12,1,141.12
84,37,Home & Kitchen,59.15,1,59.15
85,38,Home & Kitchen,112.01,2,224.02
86,38,Toys & Games,49.52,1,49.52
87,38,Home & Kitchen,277.86,1,277.86
88,38,Apparel,37.53,1,37.53
89,39,Home & Kitchen,94.4,1,94.4
90,40,Sports & Outdoors,221.17,3,663.51
91,41,Home & Kitchen,48.46,1,48.46
92,42,Toys & Games,110.14,2,220.28
93,42,Electronics,742.99,1,742.99
94,43,Beauty,75.33,2,150.66
95,44,Books,22.93,1,22.93
96,44,Grocery,34.53,1,34.53
97,45,Sports & Outdoors,108.02,1,108.02
98,45,Home & Kitchen,268.17,1,268.17
99,45,Books,38.77,2,77.54
100,45,Sports & Outdoors,215.17,1,215.17
101,45,Electronics,764.51,1,764.51
102,46,Sports & Outdoors,58.92,2,117.84
103,46,Apparel,121.43,1,121.43
104,46,Sports & Outdoors,101.53,1,101.53
105,47,Home & Kitchen,194.0,1,194.0
106,47,Home & Kitchen,295.75,1,295.75
107,48,Home & Kitchen,294.33,1,294.33
108,49,Home & Kitchen,19.83,2,39.66
109,49,Books,12.79,1,12.79
110,50,Apparel,117.5,1,117.5
111,50,Toys & Games,108.28,2,216.56
112,51,Grocery,22.65,1,22.65
113,52,Beauty,15.72,2,31.44
114,52,Beauty,11.29,2,22.58
115,53,Apparel,132.83,2,265.66
116,54,Grocery,4.61,1,4.61
117,55,Electronics,80.21,1,80.21
118,55,Apparel,53.56,1,53.56
119,56,Grocery,12.3,3,36.9
120,56,Beauty,54.53,1,54.53
121,57,Toys & Games,75.54,1,75.54
122,58,Electronics,638.75,3,1916.25
123,59,Toys & Games,94.39,1,94.39
124,60,Books,43.66,1,43.66
125,61,Books,18.18,1,18.18
126,61,Home & Kitchen,208.15,1,208.15
127,62,Electronics,275.01,1,275.01
128,62,Sports & Outdoors,27.52,1,27.52
129,63,Beauty,85.17,1,85.17
130,64,Toys & Games,9.22,2,18.44
131,64,Apparel,74.92,2,149.84
132,64,Books,40.79,3,122.37
133,65,Home & Kitchen,226.78,1,226.78
134,66,Home & Kitchen,145.14,2,290.28
135,66,Beauty,80.62,1,80.62
136,67,Electronics,416.31,1,416.31
137,68,Apparel,58.29,1,58.29
138,69,Books,27.97,1,27.97
139,70,Grocery,31.43,1,31.43
140,70,Home & Kitchen,26.28,2,52.56
141,71,Grocery,19.57,2,39.14
142,71,Beauty,88.02,2,176.04
143,72,Apparel,61.2,3,183.6
144,72,Apparel,25.11,1,25.11
145,73,Electronics,777.31,2,1554.62
146,73,Grocery,56.44,1,56.44
147,74,Electronics,431.2,1,431.2
148,75,Toys & Games,27.21,1,27.21
149,75,Grocery,47.72,1,47.72
150,75,Beauty,41.15,1,41.15
151,76,Toys & Games,25.4,2,50.8
152,76,Apparel,70.97,2,141.94
153,76,Home & Kitchen,71.16,1,71.16
154,77,Apparel,39.05,1,39.05
155,77,Apparel,87.74,2,175.48
156,78,Apparel,25.09,1,25.09
157,79,Books,19.5,1,19.5
158,79,Apparel,30.96,1,30.96
159,79,Electronics,438.05,1,438.05
160,80,Electronics,787.51,1,787.51
161,81,Home & Kitchen,267.81,1,267.81
162,81,Home & Kitchen,108.8,2,217.6
163,82,Sports & Outdoors,190.25,3,570.75
164,82,Electronics,585.28,2,1170.56
165,82,Toys & Games,106.99,2,213.98
166,82,Grocery,34.09,1,34.09
167,82,Electronics,508.39,1,508.39
168,83,Apparel,128.79,2,257.58
169,84,Electronics,732.29,1,732.29
170,85,Apparel,54.12,2,108.24
171,85,Home & Kitchen,61.6,1,61.6
172,86,Electronics,476.71,2,953.42
173,86,Electronics,633.19,1,633.19
174,87,Toys & Games,35.62,2,71.24
175,87,Books,21.5,1,21.5
176,88,Books,31.41,1,31.41
177,89,Apparel,26.92,1,26.92
178,90,Beauty,63.43,1,63.43
179,90,Sports & Outdoors,166.34,1,166.34
180,91,Sports & Outdoors,133.56,2,267.12
181,91,Grocery,47.63,1,47.63
182,92,Electronics,602.21,1,602.21
183,92,Books,15.37,1,15.37
184,92,Apparel,13.24,1,13.24
185,93,Apparel,123.68,1,123.68
186,93,Toys & Games,96.2,1,96.2
187,93,Home & Kitchen,111.14,2,222.28
188,93,Home & Kitchen,210.11,1,210.11
189,93,Grocery,56.52,1,56.52
190,94,Apparel,56.19,1,56.19
191,95,Toys & Games,22.72,2,45.44
192,95,Electronics,390.89,1,390.89
193,96,Beauty,23.66,1,23.66
194,96,Beauty,77.18,1,77.18
195,96,Beauty,66.8,3,200.4
196,97,Sports & Outdoors,206.83,2,413.66
197,97,Electronics,130.1,2,260.2
198,97,Apparel,20.08,1,20.08
199,98,Electronics,341.73,1,341.73
200,99,Home & Kitchen,67.49,1,67.49
201,100,Home & Kitchen,282.58,3,847.74
202,100,Home & Kitchen,97.09,2,194.18
203,100,Electronics,256.76,2,513.52
204,100,Home & Kitchen,72.44,1,72.44
205,101,Apparel,117.36,1,117.36
206,102,Apparel,32.21,1,32.21
207,103,Toys & Games,116.15,1,116.15
208,104,Home & Kitchen,161.0,1,161.0
209,105,Sports & Outdoors,43.64,1,43.64
210,105,Toys & Games,71.52,1,71.52
211,106,Sports & Outdoors,103.89,1,103.89
212,107,Beauty,70.38,1,70.38
213,107,Beauty,72.72,3,218.16
214,108,Electronics,439.46,2,878.92
215,108,Apparel,16.35,1,16.35
216,108,Sports & Outdoors,119.07,1,119.07
217,109,Sports & Outdoors,96.18,1,96.18
218,109,Apparel,131.35,2,262.7
219,109,Grocery,8.26,1,8.26
220,110,Apparel,30.5,1,30.5
221,110,Grocery,34.77,1,34.77
222,110,Toys & Games,52.26,2,104.52
223,111,Toys & Games,72.33,1,72.33
224,111,Home & Kitchen,293.06,1,293.06
225,111,Books,23.54,1,23.54
226,111,Home & Kitchen,215.33,2,430.66
227,112,Grocery,21.7,2,43.4
228,113,Electronics,578.97,2,1157.94
229,113,Apparel,114.22,2,228.44
230,113,Toys & Games,43.04,1,43.04
231,113,Apparel,113.99,1,113.99
232,114,Apparel,60.66,2,121.32
233,115,Grocery,20.2,2,40.4
234,115,Sports & Outdoors,63.16,2,126.32
235,116,Electronics,107.97,1,107.97
236,117,Apparel,75.24,2,150.48
237,117,Home & Kitchen,241.07,1,241.07
238,117,Home & Kitchen,158.63,3,475.89
239,118,Toys & Games,44.13,3,132.39
240,118,Electronics,816.3,1,816.3
241,119,Electronics,606.84,3,1820.52
242,120,Electronics,246.26,1,246.26
243,120,Beauty,79.6,1,79.6
244,120,Electronics,524.51,2,1049.02
245,121,Beauty,52.33,1,52.33
246,121,Apparel,145.29,1,145.29
247,121,Toys & Games,73.02,1,73.02
248,122,Apparel,90.79,2,181.58
249,122,Grocery,31.21,1,31.21
250,122,Electronics,257.77,1,257.77
251,122,Electronics,280.54,1,280.54
252,123,Sports & Outdoors,33.97,1,33.97
253,124,Home & Kitchen,127.94,1,127.94
254,124,Sports & Outdoors,132.45,3,397.35
255,125,Home & Kitchen,30.66,1,30.66
256,125,Toys & Games,95.37,2,190.74
257,126,Beauty,37.91,1,37.91
258,127,Electronics,751.05,3,2253.15
259,128,Electronics,699.43,1,699.43
260,128,Electronics,769.78,1,769.78
261,129,Electronics,889.43,1,889.43
262,130,Toys & Games,95.84,1,95.84
263,130,Home & Kitchen,132.78,1,132.78
264,130,Electronics,429.12,1,429.12
265,131,Sports & Outdoors,201.36,1,201.36
266,132,Toys & Games,72.44,1,72.44
267,132,Toys & Games,115.36,1,115.36
268,132,Beauty,42.08,1,42.08
269,132,Home & Kitchen,240.33,2,480.66
270,133,Electronics,398.47,1,398.47
271,133,Electronics,320.2,1,320.2
272,133,Sports & Outdoors,243.01,2,486.02
273,134,Apparel,118.38,2,236.76
274,134,Apparel,17.79,1,17.79
275,134,Apparel,21.0,2,42.0
276,135,Beauty,79.95,1,79.95
277,135,Apparel,131.65,1,131.65
278,136,Beauty,56.75,3,170.25
279,137,Sports & Outdoors,164.02,2,328.04
280,138,Apparel,110.58,1,110.58
281,138,Books,24.59,2,49.18
282,138,Grocery,45.01,2,90.02
283,138,Electronics,216.26,3,648.78
284,138,Sports & Outdoors,144.75,1,144.75
285,139,Electronics,590.09,2,1180.18
286,139,Sports & Outdoors,97.06,3,291.18
287,139,Toys & Games,56.6,1,56.6
288,139,Grocery,59.02,1,59.02
289,139,Toys & Games,41.82,1,41.82
290,140,Apparel,67.6,1,67.6
291,140,Grocery,51.8,1,51.8
292,141,Home & Kitchen,208.77,1,208.77
293,141,Apparel,91.23,3,273.69
294,141,Home & Kitchen,282.23,2,564.46
295,141,Apparel,67.45,1,67.45
296,141,Home & Kitchen,42.35,3,127.05
297,142,Home & Kitchen,280.29,2,560.58
298,143,Electronics,474.68,1,474.68
299,144,Beauty,32.1,1,32.1
300,145,Sports & Outdoors,113.5,1,113.5
301,145,Beauty,59.82,1,59.82
302,146,Home & Kitchen,246.07,2,492.14
303,146,Books,20.25,1,20.25
304,147,Home & Kitchen,195.24,1,195.24
305,147,Electronics,436.63,1,436.63
306,147,Grocery,24.53,3,73.59
307,147,Beauty,27.88,1,27.88
308,147,Electronics,429.52,1,429.52
309,148,Electronics,446.87,1,446.87
310,148,Toys & Games,28.3,1,28.3
311,148,Beauty,50.15,2,100.3
312,149,Home & Kitchen,81.03,1,81.03
313,149,Sports & Outdoors,128.35,2,256.7
314,149,Sports & Outdoors,247.11,1,247.11
315,150,Electronics,880.99,3,2642.97
316,150,Beauty,35.19,1,35.19
317,150,Apparel,18.91,1,18.91
318,150,Electronics,657.89,1,657.89
319,151,Apparel,130.53,1,130.53
320,151,Grocery,19.74,3,59.22
321,151,Grocery,12.15,3,36.45
322,151,Electronics,227.97,1,227.97
323,152,Apparel,90.2,1,90.2
324,152,Electronics,352.06,1,352.06
325,152,Toys & Games,44.34,1,44.34
326,152,Books,35.6,2,71.2
327,153,Home & Kitchen,94.15,1,94.15
328,153,Apparel,32.01,1,32.01
329,153,Electronics,804.07,3,2412.21
330,154,Apparel,48.66,3,145.98
331,155,Home & Kitchen,264.55,1,264.55
332,155,Electronics,323.49,1,323.49
333,155,Apparel,104.86,1,104.86
334,156,Sports & Outdoors,118.58,1,118.58
335,156,Beauty,21.51,1,21.51
336,156,Home & Kitchen,220.18,1,220.18
337,156,Books,18.72,1,18.72
338,156,Books,30.39,1,30.39
339,157,Sports & Outdoors,149.15,1,149.15
340,158,Home & Kitchen,271.54,1,271.54
341,158,Toys & Games,100.8,1,100.8
342,158,Apparel,54.1,2,108.2
343,159,Home & Kitchen,299.66,1,299.66
344,160,Apparel,14.33,2,28.66
345,161,Home & Kitchen,40.93,1,40.93
346,162,Beauty,35.95,2,71.9
347,162,Sports & Outdoors,158.58,1,158.58
348,162,Sports & Outdoors,102.29,2,204.58
349,163,Beauty,38.83,2,77.66
350,164,Home & Kitchen,187.94,1,187.94
351,165,Electronics,92.78,1,92.78
352,165,Electronics,492.25,1,492.25
353,165,Beauty,69.11,3,207.33
354,165,Toys & Games,21.26,1,21.26
355,166,Home & Kitchen,268.69,1,268.69
356,167,Beauty,41.58,1,41.58
357,168,Apparel,102.76,1,102.76
358,168,Books,18.02,3,54.06
359,169,Sports & Outdoors,167.21,1,167.21
360,170,Apparel,40.62,1,40.62
361,171,Apparel,43.92,1,43.92
362,171,Sports & Outdoors,122.22,1,122.22
363,172,Home & Kitchen,106.74,1,106.74
364,172,Home & Kitchen,248.24,1,248.24
365,173,Books,15.95,1,15.95
366,174,Beauty,86.23,1,86.23
367,175,Electronics,402.13,1,402.13
368,176,Grocery,27.9,1,27.9
369,176,Grocery,33.79,1,33.79
370,177,Electronics,307.67,1,307.67
371,178,Electronics,636.06,1,636.06
372,178,Sports & Outdoors,189.99,1,189.99
373,179,Apparel,142.1,1,142.1
374,180,Electronics,70.31,1,70.31
375,180,Grocery,10.18,1,10.18
376,180,Books,18.17,1,18.17
377,181,Sports & Outdoors,203.95,1,203.95
378,182,Home & Kitchen,290.23,1,290.23
379,183,Beauty,32.87,1,32.87
380,183,Beauty,56.95,1,56.95
381,183,Beauty,43.27,1,43.27
382,183,Beauty,89.12,1,89.12
383,184,Home & Kitchen,218.13,1,218.13
384,185,Electronics,549.78,2,1099.56
385,186,Apparel,149.66,3,448.98
386,186,Books,6.78,1,6.78
387,186,Electronics,809.82,2,1619.64
388,186,Grocery,38.07,1,38.07
389,187,Electronics,364.92,3,1094.76
390,187,Electronics,639.13,2,1278.26
391,188,Electronics,867.64,1,867.64
392,188,Sports & Outdoors,137.51,1,137.51
393,189,Sports & Outdoors,123.36,1,123.36
394,189,Electronics,521.95,1,521.95
395,189,Beauty,53.32,2,106.64
396,189,Sports & Outdoors,69.89,2,139.78
397,189,Beauty,57.72,1,57.72
398,190,Electronics,206.87,1,206.87
399,191,Beauty,45.35,1,45.35
400,191,Home & Kitchen,81.4,1,81.4
401,191,Home & Kitchen,165.49,2,330.98
402,191,Apparel,110.92,1,110.92
403,191,Grocery,25.58,2,51.16
404,192,Grocery,9.99,1,9.99
405,193,Grocery,37.2,1,37.2
406,193,Electronics,655.86,1,655.86
407,194,Electronics,385.99,1,385.99
408,194,Apparel,88.97,1,88.97
409,195,Home & Kitchen,101.95,2,203.9
410,195,Beauty,47.14,1,47.14
411,196,Beauty,69.24,1,69.24
412,197,Sports & Outdoors,141.11,1,141.11
413,198,Home & Kitchen,195.48,1,195.48
414,199,Sports & Outdoors,119.37,3,358.11
415,199,Electronics,620.5,1,620.5
416,200,Electronics,881.45,1,881.45
417,201,Electronics,99.29,1,99.29
418,201,Electronics,538.6,2,1077.2
419,202,Books,31.06,3,93.18
420,202,Grocery,57.03,2,114.06
421,202,Sports & Outdoors,169.2,1,169.2
422,203,Electronics,815.43,2,1630.86
423,203,Electronics,254.07,2,508.14
424,204,Home & Kitchen,86.34,2,172.68
425,204,Apparel,123.28,1,123.28
426,204,Books,16.76,1,16.76
427,204,Beauty,85.33,1,85.33
428,204,Grocery,49.07,2,98.14
429,205,Toys & Games,89.22,1,89.22
430,206,Apparel,34.07,1,34.07
431,206,Beauty,10.43,1,10.43
432,206,Home & Kitchen,17.77,1,17.77
433,207,Sports & Outdoors,150.06,1,150.06
434,208,Toys & Games,27.62,2,55.24
435,208,Home & Kitchen,221.27,2,442.54
436,208,Home & Kitchen,128.74,2,257.48
437,208,Apparel,47.46,1,47.46
438,209,Apparel,145.95,1,145.95
439,209,Electronics,69.35,1,69.35
440,209,Electronics,700.15,1,700.15
441,209,Grocery,39.62,1,39.62
442,210,Grocery,11.04,1,11.04
443,210,Books,39.78,1,39.78
444,210,Apparel,102.06,1,102.06
445,210,Apparel,79.36,1,79.36
446,211,Books,19.84,2,39.68
447,211,Grocery,57.03,1,57.03
448,211,Apparel,17.48,1,17.48
449,211,Grocery,29.88,2,59.76
450,212,Home & Kitchen,194.73,1,194.73
451,213,Sports & Outdoors,80.4,2,160.8
452,214,Electronics,702.44,1,702.44
453,215,Home & Kitchen,252.7,1,252.7
454,216,Electronics,272.99,1,272.99
455,217,Toys & Games,18.47,1,18.47
456,218,Toys & Games,96.45,1,96.45
457,218,Sports & Outdoors,130.45,2,260.9
458,219,Beauty,55.99,1,55.99
459,219,Electronics,330.55,1,330.55
460,220,Electronics,88.96,1,88.96
461,220,Electronics,846.16,1,846.16
462,220,Home & Kitchen,279.12,1,279.12
463,220,Electronics,300.49,1,300.49
464,221,Electronics,178.38,1,178.38
465,221,Beauty,37.6,2,75.2
466,221,Sports & Outdoors,34.11,1,34.11
467,221,Electronics,259.33,1,259.33
468,222,Grocery,27.62,1,27.62
469,223,Home & Kitchen,139.21,1,139.21
470,223,Sports & Outdoors,98.23,2,196.46
471,223,Electronics,418.2,1,418.2
472,223,Beauty,30.64,1,30.64
473,224,Electronics,310.06,1,310.06
474,225,Books,44.97,2,89.94
475,226,Sports & Outdoors,161.56,2,323.12
476,226,Home & Kitchen,49.56,1,49.56
477,226,Apparel,65.05,1,65.05
478,227,Sports & Outdoors,214.25,3,642.75
479,228,Apparel,29.7,2,59.4
480,229,Grocery,36.88,1,36.88
481,229,Home & Kitchen,65.11,2,130.22
482,230,Toys & Games,34.1,1,34.1
483,231,Sports & Outdoors,185.74,1,185.74
484,232,Electronics,256.26,1,256.26
485,233,Toys & Games,118.15,1,118.15
486,234,Toys & Games,103.63,1,103.63
487,235,Electronics,507.08,1,507.08
488,236,Sports & Outdoors,193.91,1,193.91
489,237,Beauty,8.12,1,8.12
490,237,Toys & Games,11.06,1,11.06
491,237,Apparel,138.13,2,276.26
492,237,Home & Kitchen,172.67,1,172.67
493,238,Beauty,16.5,1,16.5
494,238,Beauty,68.88,1,68.88
495,239,Sports & Outdoors,57.33,1,57.33
496,240,Grocery,37.16,1,37.16
497,241,Beauty,53.83,1,53.83
498,242,Sports & Outdoors,120.81,3,362.43
499,242,Home & Kitchen,47.05,3,141.15
500,242,Electronics,512.9,1,512.9
501,242,Home & Kitchen,174.23,1,174.23
502,243,Apparel,125.24,2,250.48
503,244,Electronics,498.45,3,1495.35
504,245,Electronics,824.73,1,824.73
505,245,Grocery,15.24,1,15.24
506,245,Home & Kitchen,123.51,1,123.51
507,245,Grocery,37.96,2,75.92
508,246,Home & Kitchen,208.64,1,208.64
509,246,Apparel,63.9,1,63.9
510,246,Apparel,18.85,2,37.7
511,246,Electronics,803.13,1,803.13
512,247,Beauty,31.54,1,31.54
513,247,Home & Kitchen,110.4,2,220.8
514,248,Grocery,32.15,1,32.15
515,248,Apparel,45.78,1,45.78
516,249,Home & Kitchen,265.18,2,530.36
517,249,Electronics,213.68,1,213.68
518,249,Home & Kitchen,97.85,1,97.85
519,249,Home & Kitchen,274.51,1,274.51
520,250,Electronics,102.01,1,102.01
521,250,Electronics,384.74,1,384.74
522,251,Apparel,143.49,1,143.49
523,251,Grocery,21.43,1,21.43
524,252,Apparel,89.6,1,89.6
525,252,Home & Kitchen,273.34,2,546.68
526,252,Home & Kitchen,82.86,1,82.86
527,253,Grocery,24.62,1,24.62
528,254,Home & Kitchen,272.5,1,272.5
529,255,Electronics,584.48,3,1753.44
530,255,Electronics,540.91,2,1081.82
531,256,Beauty,12.32,2,24.64
532,257,Toys & Games,112.7,2,225.4
533,258,Apparel,25.56,1,25.56
534,259,Electronics,71.79,1,71.79
535,259,Home & Kitchen,255.55,3,766.65
536,259,Beauty,84.26,2,168.52
537,259,Apparel,140.12,1,140.12
538,260,Sports & Outdoors,207.78,2,415.56
539,261,Apparel,18.64,1,18.64
540,262,Sports & Outdoors,212.47,1,212.47
541,262,Books,24.82,1,24.82
542,263,Beauty,82.61,3,247.83
543,264,Beauty,69.97,1,69.97
544,265,Beauty,87.99,1,87.99
545,265,Books,35.96,1,35.96
546,265,Books,16.18,1,16.18
547,266,Beauty,18.87,1,18.87
548,266,Sports & Outdoors,243.28,1,243.28
549,267,Beauty,26.91,1,26.91
550,268,Grocery,41.68,2,83.36
551,269,Apparel,92.04,1,92.04
552,270,Beauty,33.49,1,33.49
553,271,Sports & Outdoors,71.75,1,71.75
554,272,Beauty,24.87,1,24.87
555,272,Books,14.15,1,14.15
556,272,Sports & Outdoors,144.67,1,144.67
557,273,Beauty,79.39,1,79.39
558,274,Electronics,681.63,1,681.63
559,274,Grocery,31.24,1,31.24
560,275,Home & Kitchen,245.43,1,245.43
561,275,Toys & Games,37.06,1,37.06
562,275,Sports & Outdoors,61.05,1,61.05
563,275,Apparel,105.69,2,211.38
564,276,Electronics,516.78,1,516.78
565,277,Books,34.8,2,69.6
566,278,Books,22.16,1,22.16
567,278,Electronics,887.76,2,1775.52
568,279,Toys & Games,52.39,1,52.39
569,280,Beauty,81.96,2,163.92
570,280,Grocery,54.14,1,54.14
571,280,Grocery,11.7,1,11.7
572,280,Electronics,340.07,1,340.07
573,281,Books,16.9,1,16.9
574,281,Apparel,53.92,1,53.92
575,282,Apparel,124.89,1,124.89
576,282,Electronics,894.13,2,1788.26
577,282,Sports & Outdoors,107.28,1,107.28
578,282,Apparel,16.9,2,33.8
579,282,Toys & Games,26.2,2,52.4
580,283,Books,38.67,1,38.67
581,283,Beauty,70.46,2,140.92
582,284,Home & Kitchen,244.24,1,244.24
583,285,Electronics,119.45,1,119.45
584,286,Home & Kitchen,212.39,1,212.39
585,286,Electronics,796.95,1,796.95
586,287,Apparel,40.53,1,40.53
587,287,Toys & Games,14.88,1,14.88
588,288,Home & Kitchen,43.98,1,43.98
589,288,Sports & Outdoors,173.27,1,173.27
590,289,Sports & Outdoors,150.87,1,150.87
591,289,Apparel,47.91,2,95.82
592,290,Toys & Games,107.98,1,107.98
593,291,Beauty,71.96,1,71.96
594,291,Apparel,56.07,1,56.07
595,291,Home & Kitchen,95.66,1,95.66
596,292,Apparel,56.92,1,56.92
597,292,Electronics,267.95,1,267.95
598,293,Electronics,616.13,1,616.13
599,293,Toys & Games,20.76,1,20.76
600,293,Electronics,390.35,2,780.7
601,294,Home & Kitchen,57.66,2,115.32
602,294,Apparel,19.4,1,19.4
603,294,Beauty,57.78,1,57.78
604,294,Sports & Outdoors,195.67,3,587.01
605,295,Toys & Games,69.19,1,69.19
606,295,Home & Kitchen,69.99,1,69.99
607,295,Books,24.14,2,48.28
608,296,Home & Kitchen,169.63,3,508.89
609,296,Books,41.24,1,41.24
610,297,Beauty,49.07,2,98.14
611,297,Grocery,13.16,2,26.32
612,298,Home & Kitchen,155.37,1,155.37
613,298,Electronics,630.22,1,630.22
614,299,Sports & Outdoors,244.66,1,244.66
615,300,Home & Kitchen,201.79,1,201.79
616,301,Apparel,69.43,1,69.43
617,301,Books,7.95,1,7.95
618,301,Apparel,149.03,1,149.03
619,301,Electronics,274.09,1,274.09
620,302,Apparel,88.41,1,88.41
621,302,Apparel,102.01,1,102.01
622,303,Electronics,340.06,1,340.06
623,303,Beauty,15.9,2,31.8
624,303,Grocery,14.15,2,28.3
625,303,Beauty,84.75,1,84.75
626,304,Apparel,38.28,2,76.56
627,304,Beauty,37.55,1,37.55
628,305,Home & Kitchen,114.29,1,114.29
629,305,Toys & Games,32.36,1,32.36
630,305,Toys & Games,11.91,2,23.82
631,305,Home & Kitchen,202.52,1,202.52
632,306,Electronics,748.73,1,748.73
633,306,Home & Kitchen,249.41,1,249.41
634,306,Toys & Games,63.75,1,63.75
635,306,Sports & Outdoors,91.93,1,91.93
636,307,Books,25.41,1,25.41
637,307,Sports & Outdoors,132.23,1,132.23
638,307,Grocery,12.27,1,12.27
639,308,Apparel,129.48,1,129.48
640,309,Apparel,80.24,1,80.24
641,309,Electronics,588.22,1,588.22
642,310,Home & Kitchen,207.7,3,623.1
643,311,Home & Kitchen,216.47,1,216.47
644,311,Toys & Games,67.9,3,203.7
645,311,Electronics,482.28,2,964.56
646,312,Apparel,33.03,1,33.03
647,313,Grocery,50.28,2,100.56
648,313,Electronics,701.69,1,701.69
649,314,Sports & Outdoors,26.41,1,26.41
650,314,Sports & Outdoors,81.04,1,81.04
651,314,Electronics,400.01,3,1200.03
652,315,Toys & Games,51.29,2,102.58
653,316,Toys & Games,9.25,1,9.25
654,317,Beauty,20.81,1,20.81
655,318,Apparel,30.25,1,30.25
656,319,Electronics,388.89,1,388.89
657,319,Grocery,51.56,2,103.12
658,320,Home & Kitchen,227.87,1,227.87
659,321,Apparel,83.05,2,166.1
660,322,Apparel,19.95,3,59.85
661,323,Electronics,765.47,1,765.47
662,323,Home & Kitchen,252.11,1,252.11
663,323,Apparel,143.38,1,143.38
664,323,Books,35.54,1,35.54
665,323,Apparel,79.79,1,79.79
666,324,Electronics,94.23,1,94.23
667,324,Toys & Games,24.24,1,24.24
668,325,Home & Kitchen,59.84,1,59.84
669,325,Beauty,10.21,1,10.21
670,325,Electronics,157.21,1,157.21
671,325,Home & Kitchen,120.94,2,241.88
672,326,Home & Kitchen,249.28,1,249.28
673,327,Electronics,255.72,1,255.72
674,328,Apparel,83.97,1,83.97
675,328,Home & Kitchen,178.2,1,178.2
676,329,Toys & Games,96.92,3,290.76
677,329,Apparel,97.15,2,194.3
678,329,Beauty,88.15,1,88.15
679,329,Home & Kitchen,293.55,1,293.55
680,330,Home & Kitchen,21.07,1,21.07
681,330,Toys & Games,88.92,1,88.92
682,330,Electronics,732.15,2,1464.3
683,330,Electronics,299.31,2,598.62
684,331,Electronics,281.3,1,281.3
685,332,Sports & Outdoors,27.92,1,27.92
686,333,Apparel,88.92,1,88.92
687,333,Electronics,103.66,1,103.66
688,334,Electronics,257.95,1,257.95
689,335,Apparel,35.02,1,35.02
690,336,Beauty,37.32,1,37.32
691,336,Home & Kitchen,108.78,1,108.78
692,337,Electronics,199.9,1,199.9
693,338,Electronics,524.11,2,1048.22
694,338,Beauty,57.2,2,114.4
695,338,Electronics,669.02,1,669.02
696,339,Beauty,73.11,2,146.22
697,339,Sports & Outdoors,45.7,2,91.4
698,340,Home & Kitchen,107.12,1,107.12
699,340,Books,18.79,1,18.79
700,340,Apparel,80.83,1,80.83
701,341,Apparel,25.33,2,50.66
702,341,Sports & Outdoors,165.55,1,165.55
703,341,Books,28.08,2,56.16
704,342,Toys & Games,16.41,2,32.82
705,343,Home & Kitchen,247.97,1,247.97
706,344,Grocery,40.69,1,40.69
707,344,Apparel,146.78,1,146.78
708,345,Apparel,103.13,1,103.13
709,345,Apparel,49.53,1,49.53
710,345,Electronics,737.3,1,737.3
711,345,Electronics,334.31,1,334.31
712,346,Books,13.0,3,39.0
713,346,Home & Kitchen,150.14,1,150.14
714,346,Apparel,135.52,1,135.52
715,346,Beauty,27.68,2,55.36
716,346,Books,17.56,1,17.56
717,347,Electronics,616.43,1,616.43
718,347,Home & Kitchen,260.1,1,260.1
719,348,Apparel,129.03,3,387.09
720,348,Beauty,33.37,1,33.37
721,348,Toys & Games,27.19,1,27.19
722,348,Apparel,51.1,2,102.2
723,348,Home & Kitchen,111.64,1,111.64
724,349,Apparel,19.45,1,19.45
725,350,Beauty,85.68,1,85.68
726,351,Home & Kitchen,158.44,2,316.88
727,352,Apparel,55.42,2,110.84
728,352,Electronics,320.23,1,320.23
729,352,Electronics,194.73,1,194.73
730,353,Toys & Games,55.39,2,110.78
731,353,Sports & Outdoors,61.19,1,61.19
732,353,Home & Kitchen,196.79,1,196.79
733,353,Home & Kitchen,141.3,1,141.3
734,353,Home & Kitchen,169.28,2,338.56
735,354,Electronics,722.43,1,722.43
736,355,Beauty,74.83,1,74.83
737,356,Beauty,74.83,1,74.83
738,356,Beauty,65.47,2,130.94
739,356,Electronics,324.62,1,324.62
740,356,Grocery,58.93,1,58.93
741,357,Beauty,47.12,1,47.12
742,358,Grocery,20.53,1,20.53
743,359,Apparel,100.84,3,302.52
744,359,Home & Kitchen,224.08,3,672.24
745,359,Sports & Outdoors,34.59,1,34.59
746,360,Grocery,25.74,2,51.48
747,360,Home & Kitchen,158.15,2,316.3
748,360,Electronics,496.09,1,496.09
749,361,Electronics,603.62,1,603.62
750,362,Toys & Games,24.97,1,24.97
751,362,Electronics,443.57,2,887.14
752,362,Books,25.46,1,25.46
753,362,Home & Kitchen,280.65,1,280.65
754,363,Home & Kitchen,161.66,1,161.66
755,363,Grocery,47.08,2,94.16
756,363,Electronics,720.99,1,720.99
757,363,Electronics,91.68,1,91.68
758,364,Books,36.54,1,36.54
759,364,Home & Kitchen,214.64,1,214.64
760,365,Electronics,826.11,1,826.11
761,365,Books,23.8,2,47.6
762,365,Electronics,271.78,1,271.78
763,365,Toys & Games,41.18,1,41.18
764,365,Books,41.16,1,41.16
765,366,Toys & Games,48.29,3,144.87
766,366,Home & Kitchen,289.84,2,579.68
767,367,Beauty,54.36,1,54.36
768,368,Toys & Games,86.95,1,86.95
769,369,Sports & Outdoors,236.07,3,708.21
770,369,Sports & Outdoors,11.36,1,11.36
771,370,Sports & Outdoors,123.65,1,123.65
772,370,Toys & Games,83.92,1,83.92
773,370,Sports & Outdoors,187.94,2,375.88
774,371,Apparel,103.02,1,103.02
775,371,Sports & Outdoors,248.19,1,248.19
776,372,Toys & Games,13.77,1,13.77
777,373,Electronics,399.84,1,399.84
778,374,Home & Kitchen,212.03,1,212.03
779,374,Electronics,441.9,2,883.8
780,375,Apparel,24.71,1,24.71
781,375,Beauty,36.63,1,36.63
782,375,Sports & Outdoors,100.51,1,100.51
783,375,Books,35.68,1,35.68
784,375,Beauty,44.87,2,89.74
785,376,Apparel,89.87,1,89.87
786,377,Electronics,538.52,1,538.52
787,377,Toys & Games,47.23,1,47.23
788,378,Beauty,17.98,1,17.98
789,379,Electronics,536.45,1,536.45
790,379,Apparel,75.37,1,75.37
791,380,Grocery,28.0,2,56.0
792,380,Grocery,13.68,1,13.68
793,380,Electronics,573.82,1,573.82
794,381,Electronics,604.87,1,604.87
795,381,Apparel,111.62,1,111.62
796,381,Home & Kitchen,275.85,1,275.85
797,382,Grocery,14.09,2,28.18
798,383,Electronics,413.04,2,826.08
799,384,Electronics,671.88,1,671.88
800,384,Toys & Games,109.41,1,109.41
801,384,Electronics,453.39,1,453.39
802,384,Home & Kitchen,204.52,1,204.52
803,385,Books,33.21,1,33.21
804,385,Beauty,75.32,1,75.32
805,385,Electronics,545.36,2,1090.72
806,386,Beauty,51.8,1,51.8
807,387,Electronics,109.92,2,219.84
808,388,Apparel,71.47,1,71.47
809,389,Books,35.66,2,71.32
810,390,Home & Kitchen,66.92,1,66.92
811,391,Electronics,646.37,2,1292.74
812,392,Apparel,123.91,1,123.91
813,393,Beauty,18.74,1,18.74
814,393,Apparel,41.54,3,124.62
815,393,Toys & Games,30.3,1,30.3
816,393,Books,14.13,1,14.13
817,393,Sports & Outdoors,166.95,1,166.95
818,394,Toys & Games,10.94,2,21.88
819,395,Grocery,42.26,1,42.26
820,395,Apparel,79.19,1,79.19
821,395,Grocery,25.5,1,25.5
822,396,Sports & Outdoors,80.45,1,80.45
823,396,Electronics,875.41,2,1750.82
824,397,Electronics,374.93,1,374.93
825,397,Electronics,460.46,1,460.46
826,397,Apparel,53.44,3,160.32
827,398,Sports & Outdoors,191.02,1,191.02
828,398,Home & Kitchen,235.58,2,471.16
829,399,Sports & Outdoors,25.24,1,25.24
830,400,Home & Kitchen,185.67,3,557.01
831,401,Apparel,118.93,1,118.93
832,402,Toys & Games,91.96,1,91.96
833,402,Home & Kitchen,141.61,1,141.61
834,402,Toys & Games,59.98,1,59.98
835,403,Beauty,49.55,1,49.55
836,403,Books,27.62,3,82.86
837,404,Home & Kitchen,259.98,2,519.96
838,404,Toys & Games,101.05,1,101.05
839,404,Electronics,327.2,2,654.4
840,404,Apparel,78.0,1,78.0
841,405,Beauty,76.35,1,76.35
842,405,Apparel,139.83,1,139.83
843,405,Sports & Outdoors,122.15,1,122.15
844,406,Beauty,60.04,3,180.12
845,406,Sports & Outdoors,222.09,1,222.09
846,407,Home & Kitchen,242.66,1,242.66
847,407,Toys & Games,116.9,1,116.9
848,408,Books,44.23,2,88.46
849,409,Home & Kitchen,72.98,2,145.96
850,409,Books,32.56,3,97.68
851,410,Beauty,12.82,2,25.64
852,410,Electronics,504.41,1,504.41
853,410,Toys & Games,58.55,2,117.1
854,410,Apparel,65.46,3,196.38
855,410,Apparel,91.83,1,91.83
856,411,Home & Kitchen,31.68,1,31.68
857,411,Home & Kitchen,18.22,1,18.22
858,412,Electronics,439.21,2,878.42
859,413,Beauty,19.32,1,19.32
860,413,Electronics,319.24,1,319.24
861,414,Electronics,813.43,1,813.43
862,415,Electronics,404.59,2,809.18
863,415,Electronics,633.21,1,633.21
864,415,Apparel,34.09,2,68.18
865,415,Electronics,74.77,1,74.77
866,415,Apparel,67.99,1,67.99
867,416,Beauty,71.84,1,71.84
868,417,Electronics,853.74,1,853.74
869,417,Beauty,79.97,1,79.97
870,418,Apparel,108.54,1,108.54
871,418,Sports & Outdoors,215.02,1,215.02
872,418,Electronics,590.93,3,1772.79
873,419,Home & Kitchen,55.51,2,111.02
874,419,Apparel,108.44,1,108.44
875,419,Home & Kitchen,247.63,1,247.63
876,420,Grocery,17.0,1,17.0
877,420,Sports & Outdoors,20.07,1,20.07
878,420,Books,27.85,1,27.85
879,420,Home & Kitchen,277.56,1,277.56
880,421,Beauty,30.98,1,30.98
881,422,Electronics,78.18,1,78.18
882,423,Apparel,22.33,1,22.33
883,424,Apparel,67.77,2,135.54
884,424,Home & Kitchen,176.36,1,176.36
885,424,Home & Kitchen,276.69,1,276.69
886,424,Apparel,16.3,1,16.3
887,425,Electronics,328.04,2,656.08
888,425,Books,31.15,2,62.3
889,426,Beauty,41.53,2,83.06
890,426,Apparel,13.27,1,13.27
891,427,Electronics,718.39,1,718.39
892,427,Home & Kitchen,118.2,2,236.4
893,428,Sports & Outdoors,55.12,1,55.12
894,428,Sports & Outdoors,172.33,1,172.33
895,428,Toys & Games,117.56,1,117.56
896,429,Electronics,686.91,2,1373.82
897,430,Books,27.3,1,27.3
898,430,Books,26.62,1,26.62
899,431,Books,22.06,1,22.06
900,432,Apparel,13.75,1,13.75
901,432,Home & Kitchen,45.84,1,45.84
902,432,Books,20.73,1,20.73
903,432,Apparel,139.39,1,139.39
904,433,Home & Kitchen,130.94,2,261.88
905,434,Electronics,845.07,1,845.07
906,434,Apparel,75.87,1,75.87
907,434,Sports & Outdoors,125.1,1,125.1
908,434,Electronics,301.7,1,301.7
909,435,Toys & Games,50.68,1,50.68
910,435,Home & Kitchen,192.36,1,192.36
911,436,Home & Kitchen,213.85,1,213.85
912,437,Toys & Games,96.35,1,96.35
913,438,Sports & Outdoors,230.22,2,460.44
914,438,Grocery,14.23,1,14.23
915,438,Beauty,68.11,1,68.11
916,439,Apparel,14.67,1,14.67
917,440,Apparel,84.74,2,169.48
918,440,Electronics,247.28,2,494.56
919,440,Toys & Games,49.77,1,49.77
920,440,Books,17.51,1,17.51
921,440,Apparel,65.45,1,65.45
922,441,Home & Kitchen,217.04,1,217.04
923,442,Beauty,31.56,1,31.56
924,442,Apparel,30.23,1,30.23
925,442,Beauty,12.25,1,12.25
926,442,Apparel,39.76,1,39.76
927,443,Electronics,184.04,1,184.04
928,443,Apparel,69.69,1,69.69
929,443,Electronics,477.91,3,1433.73
930,443,Home & Kitchen,27.36,1,27.36
931,444,Books,28.93,1,28.93
932,444,Apparel,29.15,3,87.45
933,444,Beauty,10.21,1,10.21
934,445,Sports & Outdoors,126.54,1,126.54
935,446,Electronics,139.85,1,139.85
936,447,Electronics,281.05,1,281.05
937,447,Electronics,343.91,1,343.91
938,447,Apparel,125.29,1,125.29
939,448,Electronics,752.06,1,752.06
940,449,Books,33.13,1,33.13
941,450,Home & Kitchen,250.84,1,250.84
942,450,Home & Kitchen,60.96,2,121.92
943,451,Beauty,81.71,1,81.71
944,451,Electronics,633.95,2,1267.9
945,452,Electronics,695.36,1,695.36
946,452,Apparel,66.46,1,66.46
947,452,Apparel,35.36,1,35.36
948,453,Books,22.24,2,44.48
949,453,Apparel,19.67,1,19.67
950,453,Beauty,73.73,1,73.73
951,453,Electronics,773.72,1,773.72
952,454,Sports & Outdoors,15.79,1,15.79
953,454,Sports & Outdoors,40.97,2,81.94
954,454,Toys & Games,47.66,1,47.66
955,454,Electronics,634.1,1,634.1
956,455,Toys & Games,96.99,1,96.99
957,455,Beauty,17.89,1,17.89
958,455,Books,37.33,1,37.33
959,455,Home & Kitchen,22.42,1,22.42
960,455,Home & Kitchen,153.46,3,460.38
961,456,Apparel,99.81,3,299.43
962,456,Books,16.65,1,16.65
963,457,Sports & Outdoors,190.28,1,190.28
964,457,Apparel,51.77,1,51.77
965,458,Beauty,75.46,2,150.92
966,458,Beauty,62.87,2,125.74
967,459,Home & Kitchen,294.27,1,294.27
968,459,Home & Kitchen,122.88,3,368.64
969,459,Apparel,76.97,1,76.97
970,460,Sports & Outdoors,104.74,1,104.74
971,460,Toys & Games,89.84,1,89.84
972,461,Home & Kitchen,74.33,2,148.66
973,461,Apparel,92.1,1,92.1
974,462,Beauty,41.47,1,41.47
975,463,Books,17.87,1,17.87
976,464,Apparel,91.4,1,91.4
977,464,Home & Kitchen,259.4,1,259.4
978,464,Books,17.03,1,17.03
979,465,Sports & Outdoors,92.83,1,92.83
980,465,Home & Kitchen,284.99,1,284.99
981,466,Home & Kitchen,272.78,2,545.56
982,467,Grocery,47.34,1,47.34
983,467,Electronics,639.84,1,639.84
984,467,Beauty,57.75,1,57.75
985,467,Grocery,5.3,1,5.3
986,468,Apparel,38.09,1,38.09
987,469,Sports & Outdoors,89.46,1,89.46
988,469,Books,9.67,1,9.67
989,470,Grocery,31.95,2,63.9
990,470,Home & Kitchen,34.8,1,34.8
991,470,Electronics,890.44,1,890.44
992,471,Books,10.32,2,20.64
993,472,Electronics,174.1,1,174.1
994,472,Apparel,42.65,1,42.65
995,472,Apparel,31.4,1,31.4
996,473,Grocery,35.64,1,35.64
997,473,Apparel,140.9,1,140.9
998,474,Apparel,77.88,3,233.64
999,475,Electronics,83.15,1,83.15
1000,476,Home & Kitchen,52.73,1,52.73
1001,476,Sports & Outdoors,66.9,1,66.9
1002,476,Home & Kitchen,243.79,1,243.79
1003,477,Grocery,51.11,1,51.11
1004,477,Apparel,31.65,3,94.95
1005,478,Home & Kitchen,297.74,1,297.74
1006,479,Beauty,77.88,1,77.88
1007,479,Home & Kitchen,18.11,2,36.22
1008,480,Electronics,887.69,1,887.69
1009,481,Electronics,382.92,1,382.92
1010,481,Apparel,95.43,1,95.43
1011,482,Beauty,45.81,1,45.81
1012,483,Beauty,51.91,1,51.91
1013,484,Apparel,82.51,1,82.51
1014,485,Toys & Games,30.26,2,60.52
1015,486,Beauty,30.73,2,61.46
1016,487,Electronics,330.38,1,330.38
1017,488,Toys & Games,53.92,1,53.92
1018,488,Sports & Outdoors,198.17,1,198.17
1019,488,Beauty,56.25,1,56.25
1020,489,Apparel,95.7,2,191.4
1021,489,Grocery,25.29,1,25.29
1022,490,Apparel,30.48,2,60.96
1023,491,Home & Kitchen,213.01,1,213.01
1024,491,Home & Kitchen,21.09,1,21.09
1025,492,Apparel,136.93,1,136.93
1026,493,Apparel,127.01,1,127.01
1027,493,Apparel,38.48,1,38.48
1028,494,Apparel,12.82,1,12.82
1029,494,Home & Kitchen,151.13,1,151.13
1030,494,Home & Kitchen,96.95,1,96.95
1031,494,Apparel,57.89,1,57.89
1032,494,Apparel,147.07,3,441.21
1033,495,Toys & Games,41.15,1,41.15
1034,496,Home & Kitchen,175.55,1,175.55
1035,497,Electronics,241.73,2,483.46
1036,497,Toys & Games,20.49,3,61.47
1037,497,Sports & Outdoors,75.42,1,75.42
1038,497,Apparel,32.7,1,32.7
1039,498,Home & Kitchen,198.7,2,397.4
1040,499,Apparel,33.93,1,33.93
1041,499,Electronics,433.54,2,867.08
1042,499,Electronics,66.17,1,66.17
1043,500,Electronics,812.64,1,812.64
1044,501,Home & Kitchen,223.07,1,223.07
1045,502,Beauty,57.9,1,57.9
1046,502,Electronics,870.12,1,870.12
1047,503,Home & Kitchen,177.15,1,177.15
1048,504,Home & Kitchen,226.18,1,226.18
1049,505,Sports & Outdoors,37.21,2,74.42
1050,505,Apparel,28.56,1,28.56
1051,506,Home & Kitchen,285.93,1,285.93
1052,506,Electronics,275.68,1,275.68
1053,507,Books,33.7,1,33.7
1054,507,Electronics,506.51,1,506.51
1055,508,Apparel,142.58,1,142.58
1056,509,Books,37.54,2,75.08
1057,509,Beauty,22.52,1,22.52
1058,510,Beauty,10.63,1,10.63
1059,510,Sports & Outdoors,56.35,1,56.35
1060,511,Electronics,372.29,2,744.58
1061,511,Beauty,47.73,1,47.73
1062,512,Beauty,46.23,1,46.23
1063,512,Apparel,127.71,1,127.71
1064,513,Books,16.77,2,33.54
1065,513,Apparel,22.55,1,22.55
1066,514,Home & Kitchen,45.41,1,45.41
1067,514,Toys & Games,91.97,1,91.97
1068,515,Toys & Games,49.75,2,99.5
1069,515,Home & Kitchen,254.44,1,254.44
1070,515,Books,9.06,1,9.06
1071,515,Beauty,58.02,1,58.02
1072,516,Electronics,575.09,2,1150.18
1073,516,Electronics,770.74,2,1541.48
1074,516,Home & Kitchen,103.04,1,103.04
1075,517,Apparel,117.34,1,117.34
1076,518,Beauty,89.43,3,268.29
1077,519,Electronics,216.84,1,216.84
1078,519,Electronics,757.06,2,1514.12
1079,519,Books,37.83,1,37.83
1080,520,Sports & Outdoors,243.31,1,243.31
1081,521,Books,24.48,1,24.48
1082,522,Electronics,163.66,1,163.66
1083,522,Apparel,52.22,1,52.22
1084,522,Books,13.49,1,13.49
1085,523,Electronics,114.83,1,114.83
1086,523,Home & Kitchen,61.43,1,61.43
1087,523,Beauty,32.64,3,97.92
1088,523,Home & Kitchen,75.5,1,75.5
1089,524,Books,14.45,2,28.9
1090,524,Books,18.99,1,18.99
1091,525,Electronics,280.18,1,280.18
1092,525,Apparel,127.6,1,127.6
1093,525,Apparel,132.3,2,264.6
1094,525,Books,39.06,1,39.06
1095,526,Sports & Outdoors,165.68,1,165.68
1096,527,Books,35.07,2,70.14
1097,528,Apparel,74.19,1,74.19
1098,528,Toys & Games,34.23,1,34.23
1099,529,Electronics,229.75,2,459.5
1100,529,Apparel,34.88,1,34.88
1101,529,Sports & Outdoors,20.76,1,20.76
1102,529,Books,26.29,1,26.29
1103,530,Sports & Outdoors,123.13,2,246.26
1104,530,Home & Kitchen,82.0,1,82.0
1105,530,Beauty,35.49,1,35.49
1106,531,Books,44.41,2,88.82
1107,531,Beauty,57.08,1,57.08
1108,531,Sports & Outdoors,154.05,1,154.05
1109,531,Sports & Outdoors,116.57,1,116.57
1110,532,Books,6.54,2,13.08
1111,532,Apparel,134.54,1,134.54
1112,532,Home & Kitchen,228.58,1,228.58
1113,533,Toys & Games,88.32,1,88.32
1114,533,Home & Kitchen,24.27,1,24.27
1115,533,Toys & Games,51.01,1,51.01
1116,533,Apparel,49.83,1,49.83
1117,533,Beauty,44.74,1,44.74
1118,534,Home & Kitchen,115.86,3,347.58
1119,534,Electronics,171.25,1,171.25
1120,534,Beauty,8.67,1,8.67
1121,535,Electronics,133.49,1,133.49
1122,535,Sports & Outdoors,151.19,1,151.19
1123,536,Toys & Games,75.19,1,75.19
1124,537,Beauty,88.32,1,88.32
1125,537,Grocery,12.33,2,24.66
1126,538,Electronics,549.95,1,549.95
1127,539,Electronics,707.97,2,1415.94
1128,540,Beauty,86.88,1,86.88
1129,541,Electronics,493.17,1,493.17
1130,542,Grocery,49.89,1,49.89
1131,543,Apparel,113.83,2,227.66
1132,544,Sports & Outdoors,112.38,3,337.14
1133,544,Electronics,217.85,1,217.85
1134,544,Apparel,98.31,1,98.31
1135,545,Books,13.1,1,13.1
1136,545,Electronics,307.06,2,614.12
1137,545,Home & Kitchen,57.73,1,57.73
1138,545,Electronics,378.14,1,378.14
1139,546,Books,31.79,1,31.79
1140,546,Electronics,567.58,1,567.58
1141,546,Electronics,422.38,2,844.76
1142,547,Apparel,31.63,1,31.63
1143,547,Toys & Games,25.85,1,25.85
1144,547,Home & Kitchen,256.43,3,769.29
1145,548,Grocery,32.54,1,32.54
1146,549,Apparel,98.1,1,98.1
1147,550,Apparel,29.14,1,29.14
1148,550,Toys & Games,10.23,1,10.23
1149,550,Grocery,25.57,3,76.71
1150,551,Toys & Games,82.04,2,164.08
1151,551,Apparel,65.53,1,65.53
1152,551,Toys & Games,81.97,2,163.94
1153,552,Grocery,8.91,1,8.91
1154,553,Apparel,24.44,2,48.88
1155,554,Books,14.24,1,14.24
1156,554,Electronics,105.15,1,105.15
1157,555,Beauty,41.2,1,41.2
1158,556,Electronics,91.33,1,91.33
1159,556,Grocery,53.89,3,161.67
1160,557,Electronics,297.98,1,297.98
1161,557,Home & Kitchen,74.54,1,74.54
1162,558,Electronics,720.37,1,720.37
1163,558,Home & Kitchen,182.42,3,547.26
1164,558,Beauty,21.02,1,21.02
1165,559,Electronics,679.88,1,679.88
1166,559,Electronics,805.07,1,805.07
1167,560,Toys & Games,11.91,1,11.91
1168,561,Sports & Outdoors,218.5,1,218.5
1169,562,Books,17.63,1,17.63
1170,563,Beauty,58.57,1,58.57
1171,563,Apparel,131.1,1,131.1
1172,564,Home & Kitchen,17.79,1,17.79
1173,564,Electronics,365.57,1,365.57
1174,565,Apparel,99.68,2,199.36
1175,565,Apparel,82.09,1,82.09
1176,566,Apparel,85.5,1,85.5
1177,567,Apparel,109.38,1,109.38
1178,568,Apparel,137.14,1,137.14
1179,568,Electronics,149.62,1,149.62
1180,568,Electronics,608.75,1,608.75
1181,569,Beauty,55.56,3,166.68
1182,570,Apparel,90.78,1,90.78
1183,570,Grocery,10.16,1,10.16
1184,570,Electronics,407.45,1,407.45
1185,571,Beauty,18.68,2,37.36
1186,572,Grocery,58.82,1,58.82
1187,572,Home & Kitchen,96.37,3,289.11
1188,573,Electronics,679.69,1,679.69
1189,574,Home & Kitchen,67.0,1,67.0
1190,575,Grocery,40.66,1,40.66
1191,576,Sports & Outdoors,97.02,1,97.02
1192,576,Electronics,442.7,1,442.7
1193,576,Electronics,330.96,1,330.96
1194,576,Beauty,63.27,1,63.27
1195,577,Home & Kitchen,248.31,2,496.62
1196,578,Electronics,714.39,2,1428.78
1197,579,Electronics,733.31,1,733.31
1198,579,Home & Kitchen,227.6,1,227.6
1199,580,Beauty,73.06,1,73.06
1200,580,Toys & Games,114.85,1,114.85
1201,580,Books,26.0,1,26.0
1202,580,Toys & Games,74.85,1,74.85
1203,580,Sports & Outdoors,215.44,2,430.88
1204,581,Home & Kitchen,107.14,1,107.14
1205,581,Toys & Games,48.27,1,48.27
1206,581,Apparel,41.62,1,41.62
1207,582,Apparel,62.28,1,62.28
1208,583,Home & Kitchen,203.76,3,611.28
1209,583,Beauty,13.33,1,13.33
1210,584,Electronics,792.23,1,792.23
1211,585,Books,19.32,2,38.64
1212,586,Electronics,263.96,1,263.96
1213,586,Apparel,22.26,2,44.52
1214,586,Toys & Games,54.25,1,54.25
1215,587,Beauty,65.65,1,65.65
1216,587,Apparel,49.22,1,49.22
1217,588,Electronics,532.1,1,532.1
1218,588,Home & Kitchen,134.99,2,269.98
1219,588,Apparel,132.25,2,264.5
1220,589,Grocery,19.83,1,19.83
1221,589,Apparel,96.82,1,96.82
1222,590,Apparel,20.17,1,20.17
1223,591,Electronics,473.04,1,473.04
1224,591,Toys & Games,92.34,1,92.34
1225,592,Books,17.09,1,17.09
1226,592,Home & Kitchen,290.82,3,872.46
1227,592,Apparel,119.62,3,358.86
1228,593,Electronics,256.53,1,256.53
1229,593,Beauty,55.31,1,55.31
1230,594,Toys & Games,41.17,2,82.34
1231,594,Beauty,42.7,1,42.7
1232,595,Home & Kitchen,203.2,3,609.6
1233,595,Electronics,673.59,1,673.59
1234,595,Toys & Games,74.8,3,224.4
1235,595,Toys & Games,16.39,1,16.39
1236,596,Electronics,512.86,3,1538.58
1237,597,Beauty,16.31,1,16.31
1238,597,Sports & Outdoors,128.44,1,128.44
1239,598,Beauty,71.53,1,71.53
1240,598,Grocery,16.74,1,16.74
1241,598,Electronics,848.81,1,848.81
1242,598,Sports & Outdoors,174.99,2,349.98
1243,599,Electronics,134.31,1,134.31
1244,599,Apparel,80.72,1,80.72
1245,599,Grocery,22.52,2,45.04
1246,600,Electronics,476.26,1,476.26
1247,600,Apparel,97.64,2,195.28
1248,600,Sports & Outdoors,121.09,2,242.18
1249,600,Apparel,116.05,1,116.05
1250,600,Toys & Games,97.31,2,194.62
1251,601,Grocery,14.22,1,14.22
1252,602,Toys & Games,84.03,1,84.03
1253,603,Apparel,131.26,2,262.52
1254,604,Electronics,324.69,1,324.69
1255,605,Home & Kitchen,48.6,1,48.6
1256,606,Home & Kitchen,108.12,1,108.12
1257,606,Apparel,44.11,3,132.33
1258,606,Toys & Games,9.71,1,9.71
1259,607,Books,36.19,1,36.19
1260,607,Electronics,671.59,3,2014.77
1261,607,Home & Kitchen,295.87,1,295.87
1262,607,Apparel,35.56,1,35.56
1263,607,Books,19.29,2,38.58
1264,608,Apparel,118.22,1,118.22
1265,608,Beauty,30.59,1,30.59
1266,609,Electronics,276.39,2,552.78
1267,609,Home & Kitchen,283.24,1,283.24
1268,609,Grocery,55.84,1,55.84
1269,610,Electronics,383.3,2,766.6
1270,610,Beauty,77.48,2,154.96
1271,610,Toys & Games,21.13,1,21.13
1272,610,Electronics,844.33,1,844.33
1273,611,Sports & Outdoors,175.45,1,175.45
1274,611,Toys & Games,32.14,1,32.14
1275,611,Electronics,110.11,1,110.11
1276,612,Toys & Games,19.35,1,19.35
1277,613,Home & Kitchen,49.8,1,49.8
1278,614,Sports & Outdoors,47.1,1,47.1
1279,614,Beauty,15.43,1,15.43
1280,614,Apparel,76.46,2,152.92
1281,615,Sports & Outdoors,14.67,1,14.67
1282,615,Apparel,100.06,1,100.06
1283,615,Grocery,16.26,1,16.26
1284,615,Sports & Outdoors,208.14,1,208.14
1285,615,Sports & Outdoors,82.77,1,82.77
1286,616,Books,7.01,1,7.01
1287,617,Electronics,480.46,1,480.46
1288,617,Apparel,99.71,1,99.71
1289,618,Grocery,36.25,3,108.75
1290,619,Beauty,73.76,1,73.76
1291,620,Electronics,276.59,1,276.59
1292,621,Toys & Games,60.33,1,60.33
1293,622,Grocery,46.54,1,46.54
1294,622,Home & Kitchen,50.65,2,101.3
1295,622,Beauty,82.0,1,82.0
1296,623,Grocery,55.43,1,55.43
1297,623,Electronics,790.15,1,790.15
1298,624,Books,15.2,1,15.2
1299,625,Sports & Outdoors,29.74,1,29.74
1300,626,Apparel,57.49,2,114.98
1301,627,Apparel,125.56,1,125.56
1302,627,Electronics,78.66,3,235.98
1303,627,Apparel,138.63,1,138.63
1304,628,Toys & Games,114.49,1,114.49
1305,628,Home & Kitchen,219.98,1,219.98
1306,629,Apparel,47.69,2,95.38
1307,630,Apparel,43.31,1,43.31
1308,630,Electronics,496.96,3,1490.88
1309,631,Toys & Games,100.05,1,100.05
1310,631,Toys & Games,113.43,1,113.43
1311,631,Apparel,69.16,1,69.16
1312,631,Apparel,97.35,1,97.35
1313,632,Beauty,80.78,1,80.78
1314,633,Electronics,124.86,1,124.86
1315,633,Apparel,45.93,2,91.86
1316,634,Apparel,129.29,1,129.29
1317,634,Toys & Games,13.2,2,26.4
1318,635,Electronics,614.93,1,614.93
1319,635,Electronics,97.14,3,291.42
1320,636,Toys & Games,108.22,1,108.22
1321,636,Electronics,589.77,1,589.77
1322,636,Electronics,622.69,1,622.69
1323,636,Toys & Games,76.23,1,76.23
1324,637,Home & Kitchen,201.91,1,201.91
1325,638,Toys & Games,64.59,1,64.59
1326,639,Apparel,127.42,1,127.42
1327,639,Electronics,67.29,1,67.29
1328,639,Apparel,73.21,2,146.42
1329,639,Apparel,54.59,2,109.18
1330,639,Home & Kitchen,250.88,1,250.88
1331,640,Electronics,492.65,1,492.65
1332,640,Apparel,76.46,3,229.38
1333,641,Apparel,23.0,1,23.0
1334,641,Home & Kitchen,173.6,1,173.6
1335,642,Apparel,61.05,1,61.05
1336,642,Home & Kitchen,210.89,1,210.89
1337,643,Grocery,26.67,1,26.67
1338,643,Books,14.28,1,14.28
1339,644,Home & Kitchen,219.78,1,219.78
1340,644,Books,22.75,1,22.75
1341,645,Apparel,52.32,1,52.32
1342,645,Books,14.16,3,42.48
1343,645,Sports & Outdoors,225.31,1,225.31
1344,645,Sports & Outdoors,158.67,2,317.34
1345,645,Toys & Games,74.06,1,74.06
1346,646,Beauty,31.73,1,31.73
1347,646,Books,42.48,1,42.48
1348,647,Books,33.33,1,33.33
1349,647,Electronics,714.96,1,714.96
1350,647,Electronics,823.25,2,1646.5
1351,647,Apparel,119.67,1,119.67
1352,647,Apparel,98.07,2,196.14
1353,648,Toys & Games,69.08,1,69.08
1354,649,Home & Kitchen,62.66,1,62.66
1355,649,Books,8.8,2,17.6
1356,649,Books,24.43,1,24.43
1357,649,Sports & Outdoors,172.42,1,172.42
1358,649,Electronics,179.83,2,359.66
1359,650,Sports & Outdoors,116.15,1,116.15
1360,651,Home & Kitchen,113.89,1,113.89
1361,652,Grocery,39.98,2,79.96
1362,653,Toys & Games,18.33,3,54.99
1363,654,Home & Kitchen,225.17,2,450.34
1364,655,Home & Kitchen,245.02,1,245.02
1365,656,Home & Kitchen,230.09,1,230.09
1366,656,Books,36.72,1,36.72
1367,656,Apparel,48.67,2,97.34
1368,656,Books,25.32,1,25.32
1369,657,Toys & Games,96.53,1,96.53
1370,657,Electronics,587.75,2,1175.5
1371,658,Apparel,42.95,2,85.9
1372,658,Grocery,40.97,1,40.97
1373,658,Apparel,14.82,1,14.82
1374,658,Beauty,20.41,2,40.82
1375,659,Apparel,132.55,1,132.55
1376,659,Sports & Outdoors,162.62,1,162.62
1377,660,Electronics,110.25,1,110.25
1378,660,Grocery,5.21,1,5.21
1379,660,Beauty,61.02,1,61.02
1380,660,Apparel,71.43,1,71.43
1381,661,Apparel,55.58,1,55.58
1382,662,Electronics,851.38,2,1702.76
1383,662,Sports & Outdoors,228.95,1,228.95
1384,662,Electronics,256.85,1,256.85
1385,662,Apparel,91.44,1,91.44
1386,663,Home & Kitchen,136.32,1,136.32
1387,663,Books,8.81,3,26.43
1388,663,Home & Kitchen,104.4,3,313.2
1389,663,Grocery,39.95,1,39.95
1390,663,Sports & Outdoors,90.53,1,90.53
1391,664,Grocery,14.91,1,14.91
1392,665,Grocery,55.49,1,55.49
1393,666,Beauty,24.83,1,24.83
1394,667,Beauty,26.2,1,26.2
1395,667,Books,38.0,1,38.0
1396,667,Sports & Outdoors,32.8,1,32.8
1397,668,Home & Kitchen,241.94,1,241.94
1398,668,Sports & Outdoors,83.77,1,83.77
1399,668,Beauty,24.41,2,48.82
1400,669,Electronics,339.22,1,339.22
1401,670,Apparel,43.23,1,43.23
1402,671,Beauty,19.64,1,19.64
1403,671,Toys & Games,39.13,1,39.13
1404,672,Electronics,884.18,1,884.18
1405,673,Sports & Outdoors,116.81,2,233.62
1406,674,Grocery,12.75,2,25.5
1407,675,Electronics,608.94,1,608.94
1408,675,Home & Kitchen,100.57,3,301.71
1409,676,Grocery,9.96,2,19.92
1410,676,Apparel,123.85,2,247.7
1411,677,Books,10.31,2,20.62
1412,678,Books,24.35,1,24.35
1413,679,Sports & Outdoors,85.89,1,85.89
1414,680,Home & Kitchen,290.16,1,290.16
1415,680,Apparel,25.17,1,25.17
1416,680,Toys & Games,105.07,1,105.07
1417,681,Home & Kitchen,208.98,2,417.96
1418,682,Sports & Outdoors,101.96,1,101.96
1419,683,Books,35.33,1,35.33
1420,683,Grocery,29.75,1,29.75
1421,684,Apparel,79.1,1,79.1
1422,685,Apparel,102.75,2,205.5
1423,685,Books,36.5,1,36.5
1424,685,Electronics,303.82,1,303.82
1425,686,Home & Kitchen,110.4,1,110.4
1426,687,Sports & Outdoors,175.0,1,175.0
1427,687,Electronics,738.8,1,738.8
1428,687,Apparel,32.05,1,32.05
1429,687,Books,16.21,1,16.21
1430,688,Books,15.36,1,15.36
1431,689,Toys & Games,29.91,3,89.73
1432,690,Books,8.95,1,8.95
1433,690,Apparel,136.65,1,136.65
1434,691,Apparel,98.46,1,98.46
1435,692,Apparel,99.13,2,198.26
1436,693,Beauty,37.19,2,74.38
1437,693,Beauty,64.56,1,64.56
1438,694,Electronics,94.51,1,94.51
1439,694,Beauty,23.5,1,23.5
1440,694,Grocery,19.96,1,19.96
1441,695,Beauty,39.68,3,119.04
1442,696,Beauty,87.79,1,87.79
1443,697,Beauty,22.84,2,45.68
1444,698,Books,30.09,1,30.09
1445,699,Electronics,336.41,2,672.82
1446,699,Home & Kitchen,272.81,1,272.81
1447,700,Grocery,24.41,1,24.41
1448,700,Beauty,64.38,1,64.38
1449,700,Apparel,137.49,1,137.49
1450,701,Books,21.48,2,42.96
1451,701,Beauty,63.84,1,63.84
1452,702,Electronics,836.53,3,2509.59
1453,702,Apparel,26.78,1,26.78
1454,702,Electronics,454.94,1,454.94
1455,703,Beauty,53.93,1,53.93
1456,704,Electronics,362.63,1,362.63
1457,704,Sports & Outdoors,78.91,3,236.73
1458,705,Beauty,75.37,1,75.37
1459,706,Toys & Games,81.26,1,81.26
1460,707,Apparel,69.41,1,69.41
1461,707,Home & Kitchen,156.36,1,156.36
1462,707,Sports & Outdoors,38.27,1,38.27
1463,708,Apparel,34.55,1,34.55
1464,709,Apparel,141.31,1,141.31
1465,710,Apparel,18.18,1,18.18
1466,710,Apparel,24.8,1,24.8
1467,710,Apparel,98.82,1,98.82
1468,710,Grocery,13.55,1,13.55
1469,711,Apparel,35.22,1,35.22
1470,712,Grocery,23.19,2,46.38
1471,712,Apparel,98.22,1,98.22
1472,712,Sports & Outdoors,59.72,2,119.44
1473,712,Home & Kitchen,76.67,1,76.67
1474,713,Electronics,105.6,1,105.6
1475,714,Beauty,73.31,1,73.31
1476,714,Home & Kitchen,105.52,1,105.52
1477,714,Beauty,48.42,2,96.84
1478,714,Toys & Games,60.6,1,60.6
1479,715,Electronics,98.16,1,98.16
1480,715,Electronics,401.78,1,401.78
1481,715,Toys & Games,72.75,1,72.75
1482,716,Books,27.22,1,27.22
1483,716,Books,18.01,1,18.01
1484,716,Home & Kitchen,277.95,1,277.95
1485,717,Apparel,53.41,2,106.82
1486,717,Apparel,137.86,1,137.86
1487,717,Apparel,119.1,1,119.1
1488,717,Grocery,59.05,1,59.05
1489,718,Electronics,129.79,1,129.79
1490,718,Home & Kitchen,267.14,1,267.14
1491,718,Apparel,107.67,2,215.34
1492,719,Grocery,59.38,1,59.38
1493,720,Grocery,43.04,2,86.08
1494,720,Home & Kitchen,42.49,1,42.49
1495,721,Home & Kitchen,253.34,1,253.34
1496,721,Electronics,569.39,3,1708.17
1497,721,Electronics,763.94,1,763.94
1498,721,Home & Kitchen,121.22,2,242.44
1499,721,Home & Kitchen,142.44,2,284.88
1500,722,Home & Kitchen,29.4,1,29.4
1501,723,Apparel,135.54,1,135.54
1502,724,Apparel,136.45,1,136.45
1503,725,Home & Kitchen,105.71,1,105.71
1504,725,Sports & Outdoors,129.61,2,259.22
1505,725,Electronics,327.59,1,327.59
1506,725,Apparel,72.7,3,218.1
1507,726,Beauty,19.66,1,19.66
1508,726,Apparel,149.82,1,149.82
1509,726,Apparel,98.1,1,98.1
1510,727,Electronics,440.11,1,440.11
1511,727,Apparel,144.17,1,144.17
1512,728,Home & Kitchen,260.75,1,260.75
1513,729,Home & Kitchen,21.05,2,42.1
1514,729,Electronics,439.12,1,439.12
1515,730,Sports & Outdoors,208.32,2,416.64
1516,731,Books,15.57,1,15.57
1517,731,Home & Kitchen,71.02,1,71.02
1518,732,Toys & Games,104.84,1,104.84
1519,733,Electronics,254.37,1,254.37
1520,733,Grocery,20.78,2,41.56
1521,733,Home & Kitchen,287.62,1,287.62
1522,733,Grocery,28.69,3,86.07
1523,734,Beauty,42.19,2,84.38
1524,734,Grocery,4.55,1,4.55
1525,734,Toys & Games,81.15,2,162.3
1526,735,Toys & Games,99.32,1,99.32
1527,735,Apparel,88.83,1,88.83
1528,735,Apparel,24.88,1,24.88
1529,735,Books,40.22,2,80.44
1530,735,Apparel,63.41,1,63.41
1531,736,Home & Kitchen,78.88,1,78.88
1532,737,Grocery,49.33,1,49.33
1533,737,Sports & Outdoors,58.8,2,117.6
1534,737,Apparel,57.1,2,114.2
1535,737,Electronics,206.81,1,206.81
1536,738,Electronics,489.06,2,978.12
1537,738,Beauty,44.76,1,44.76
1538,738,Electronics,142.29,1,142.29
1539,738,Electronics,406.43,1,406.43
1540,739,Grocery,33.99,3,101.97
1541,739,Electronics,781.51,1,781.51
1542,740,Grocery,11.9,1,11.9
1543,741,Home & Kitchen,80.0,1,80.0
1544,742,Electronics,116.18,1,116.18
1545,742,Electronics,488.05,3,1464.15
1546,742,Electronics,436.57,1,436.57
1547,743,Books,15.86,1,15.86
1548,744,Books,11.25,2,22.5
1549,745,Books,20.85,1,20.85
1550,746,Electronics,769.61,3,2308.83
1551,747,Electronics,232.6,1,232.6
1552,747,Home & Kitchen,109.13,2,218.26
1553,747,Toys & Games,114.17,1,114.17
1554,748,Electronics,649.21,2,1298.42
1555,748,Books,12.73,1,12.73
1556,749,Beauty,12.1,3,36.3
1557,749,Electronics,657.54,1,657.54
1558,749,Apparel,36.47,1,36.47
1559,749,Toys & Games,105.77,1,105.77
1560,749,Electronics,800.38,1,800.38
1561,750,Beauty,46.25,2,92.5
1562,750,Apparel,91.81,1,91.81
1563,751,Electronics,578.14,3,1734.42
1564,751,Home & Kitchen,68.41,1,68.41
1565,751,Books,19.71,2,39.42
1566,752,Home & Kitchen,210.67,1,210.67
1567,753,Books,24.8,2,49.6
1568,753,Sports & Outdoors,85.53,1,85.53
1569,754,Electronics,280.33,1,280.33
1570,754,Electronics,609.63,2,1219.26
1571,755,Grocery,33.52,1,33.52
1572,756,Beauty,13.22,1,13.22
1573,756,Apparel,78.36,1,78.36
1574,756,Beauty,43.73,3,131.19
1575,756,Grocery,35.67,1,35.67
1576,757,Electronics,530.38,3,1591.14
1577,757,Apparel,37.64,3,112.92
1578,758,Toys & Games,53.13,1,53.13
1579,758,Home & Kitchen,66.54,1,66.54
1580,758,Home & Kitchen,43.24,3,129.72
1581,758,Electronics,385.18,1,385.18
1582,759,Grocery,43.12,1,43.12
1583,759,Electronics,669.17,1,669.17
1584,759,Home & Kitchen,293.34,2,586.68
1585,760,Apparel,149.79,1,149.79
1586,760,Beauty,31.13,1,31.13
1587,760,Beauty,36.97,1,36.97
1588,761,Books,18.29,1,18.29
1589,761,Home & Kitchen,260.88,1,260.88
1590,762,Home & Kitchen,230.9,1,230.9
1591,762,Sports & Outdoors,221.23,2,442.46
1592,762,Home & Kitchen,259.91,1,259.91
1593,763,Home & Kitchen,41.89,1,41.89
1594,764,Electronics,134.16,1,134.16
1595,764,Electronics,712.81,1,712.81
1596,764,Sports & Outdoors,22.62,1,22.62
1597,764,Toys & Games,114.52,1,114.52
1598,764,Grocery,39.11,1,39.11
1599,765,Home & Kitchen,53.74,1,53.74
1600,765,Books,32.36,1,32.36
1601,766,Toys & Games,65.24,1,65.24
1602,766,Home & Kitchen,199.45,1,199.45
1603,766,Home & Kitchen,74.72,1,74.72
1604,766,Beauty,78.88,1,78.88
1605,767,Electronics,486.38,2,972.76
1606,768,Apparel,85.9,3,257.7
1607,769,Electronics,526.89,2,1053.78
1608,769,Grocery,43.13,1,43.13
1609,769,Home & Kitchen,115.23,1,115.23
1610,769,Sports & Outdoors,206.67,1,206.67
1611,770,Beauty,51.59,1,51.59
1612,770,Electronics,457.71,1,457.71
1613,770,Beauty,60.95,1,60.95
1614,771,Electronics,397.17,1,397.17
1615,771,Home & Kitchen,260.48,1,260.48
1616,771,Electronics,571.32,1,571.32
1617,772,Apparel,24.78,1,24.78
1618,773,Apparel,115.33,2,230.66
1619,773,Apparel,148.96,1,148.96
1620,773,Apparel,119.64,1,119.64
1621,774,Grocery,27.05,1,27.05
1622,774,Home & Kitchen,200.2,1,200.2
1623,775,Home & Kitchen,87.16,2,174.32
1624,775,Apparel,124.64,1,124.64
1625,775,Apparel,25.02,1,25.02
1626,775,Sports & Outdoors,102.48,2,204.96
1627,775,Home & Kitchen,99.17,2,198.34
1628,776,Electronics,294.2,2,588.4
1629,776,Grocery,27.09,2,54.18
1630,776,Electronics,230.43,2,460.86
1631,777,Apparel,117.08,1,117.08
1632,778,Sports & Outdoors,232.43,1,232.43
1633,779,Beauty,49.2,1,49.2
1634,780,Sports & Outdoors,31.66,1,31.66
1635,781,Sports & Outdoors,124.05,1,124.05
1636,781,Grocery,13.41,1,13.41
1637,781,Toys & Games,86.15,1,86.15
1638,782,Sports & Outdoors,12.64,2,25.28
1639,782,Sports & Outdoors,43.81,1,43.81
1640,783,Electronics,188.0,2,376.0
1641,783,Beauty,57.59,1,57.59
1642,783,Beauty,57.35,3,172.05
1643,784,Beauty,17.12,1,17.12
1644,784,Electronics,325.07,3,975.21
1645,785,Sports & Outdoors,122.66,3,367.98
1646,786,Electronics,232.1,1,232.1
1647,786,Electronics,828.57,1,828.57
1648,787,Beauty,57.64,1,57.64
1649,788,Toys & Games,103.02,3,309.06
1650,788,Toys & Games,99.97,1,99.97
1651,789,Apparel,106.68,1,106.68
1652,790,Apparel,44.98,1,44.98
1653,791,Grocery,39.18,3,117.54
1654,791,Apparel,45.14,1,45.14
1655,792,Sports & Outdoors,119.72,1,119.72
1656,793,Electronics,628.03,1,628.03
1657,793,Books,36.8,2,73.6
1658,793,Electronics,747.23,1,747.23
1659,793,Electronics,227.26,1,227.26
1660,793,Sports & Outdoors,62.47,1,62.47
1661,794,Beauty,72.15,3,216.45
1662,794,Beauty,42.18,2,84.36
1663,795,Beauty,41.55,1,41.55
1664,795,Apparel,60.18,3,180.54
1665,795,Beauty,79.58,2,159.16
1666,796,Apparel,16.98,1,16.98
1667,797,Apparel,123.06,1,123.06
1668,798,Electronics,695.51,1,695.51
1669,798,Electronics,418.81,1,418.81
1670,798,Books,32.5,1,32.5
1671,799,Electronics,703.04,1,703.04
1672,799,Home & Kitchen,35.74,1,35.74
1673,799,Books,40.76,1,40.76
1674,799,Apparel,20.27,1,20.27
1675,800,Electronics,135.39,1,135.39
1676,800,Electronics,784.73,1,784.73
1677,801,Home & Kitchen,21.1,1,21.1
1678,802,Beauty,42.34,1,42.34
1679,802,Electronics,710.32,2,1420.64
1680,802,Apparel,131.05,1,131.05
1681,803,Electronics,435.23,3,1305.69
1682,803,Sports & Outdoors,141.25,1,141.25
1683,804,Electronics,679.89,1,679.89
1684,804,Books,19.85,1,19.85
1685,805,Electronics,641.27,1,641.27
1686,805,Grocery,57.23,2,114.46
1687,806,Apparel,80.15,1,80.15
1688,807,Books,18.97,1,18.97
1689,808,Electronics,866.44,1,866.44
1690,808,Electronics,804.44,3,2413.32
1691,809,Electronics,713.93,2,1427.86
1692,810,Apparel,125.0,1,125.0
1693,810,Grocery,55.21,1,55.21
1694,810,Books,12.61,1,12.61
1695,810,Home & Kitchen,179.25,1,179.25
1696,811,Home & Kitchen,211.55,1,211.55
1697,811,Toys & Games,59.46,1,59.46
1698,812,Apparel,32.54,1,32.54
1699,812,Apparel,74.97,1,74.97
1700,813,Sports & Outdoors,112.09,1,112.09
1701,813,Electronics,618.08,1,618.08
1702,813,Apparel,64.43,1,64.43
1703,813,Sports & Outdoors,164.84,2,329.68
1704,813,Apparel,99.87,1,99.87
1705,814,Sports & Outdoors,104.06,1,104.06
1706,814,Beauty,37.66,1,37.66
1707,814,Sports & Outdoors,121.27,2,242.54
1708,815,Books,14.02,1,14.02
1709,815,Grocery,10.93,1,10.93
1710,815,Apparel,90.79,1,90.79
1711,815,Electronics,581.1,1,581.1
1712,815,Beauty,49.57,1,49.57
1713,816,Beauty,57.71,1,57.71
1714,817,Sports & Outdoors,214.76,1,214.76
1715,817,Apparel,126.68,1,126.68
1716,817,Home & Kitchen,70.38,2,140.76
1717,818,Grocery,24.59,1,24.59
1718,819,Electronics,834.7,1,834.7
1719,819,Toys & Games,84.66,1,84.66
1720,819,Beauty,15.46,1,15.46
1721,820,Toys & Games,96.35,1,96.35
1722,820,Sports & Outdoors,35.46,2,70.92
1723,820,Toys & Games,91.76,3,275.28
1724,820,Beauty,44.71,3,134.13
1725,821,Sports & Outdoors,238.43,1,238.43
1726,821,Home & Kitchen,240.82,1,240.82
1727,821,Home & Kitchen,147.89,1,147.89
1728,821,Apparel,22.78,1,22.78
1729,822,Electronics,519.11,1,519.11
1730,823,Electronics,873.31,1,873.31
1731,824,Books,28.36,1,28.36
1732,825,Apparel,108.99,1,108.99
1733,825,Sports & Outdoors,34.7,1,34.7
1734,826,Home & Kitchen,79.72,1,79.72
1735,826,Toys & Games,60.16,1,60.16
1736,826,Electronics,401.59,1,401.59
1737,826,Apparel,134.45,1,134.45
1738,826,Grocery,4.46,3,13.38
1739,827,Toys & Games,23.62,1,23.62
1740,827,Apparel,34.32,1,34.32
1741,828,Electronics,533.28,1,533.28
1742,828,Apparel,55.96,3,167.88
1743,829,Home & Kitchen,48.1,1,48.1
1744,829,Apparel,20.73,1,20.73
1745,829,Apparel,24.91,2,49.82
1746,830,Home & Kitchen,267.3,1,267.3
1747,831,Home & Kitchen,251.56,3,754.68
1748,831,Home & Kitchen,187.43,1,187.43
1749,831,Books,38.1,1,38.1
1750,831,Sports & Outdoors,198.12,1,198.12
1751,832,Toys & Games,99.23,1,99.23
1752,832,Home & Kitchen,108.68,1,108.68
1753,832,Home & Kitchen,179.67,1,179.67
1754,832,Grocery,35.21,1,35.21
1755,833,Beauty,57.81,1,57.81
1756,834,Home & Kitchen,73.12,1,73.12
1757,834,Sports & Outdoors,111.6,1,111.6
1758,834,Sports & Outdoors,59.82,1,59.82
1759,835,Grocery,21.85,1,21.85
1760,836,Beauty,57.93,1,57.93
1761,836,Beauty,29.26,1,29.26
1762,837,Apparel,46.85,1,46.85
1763,837,Books,24.02,1,24.02
1764,838,Grocery,44.78,1,44.78
1765,838,Apparel,65.97,1,65.97
1766,839,Sports & Outdoors,92.42,2,184.84
1767,840,Apparel,98.58,1,98.58
1768,840,Apparel,68.81,1,68.81
1769,840,Electronics,450.47,1,450.47
1770,840,Electronics,426.9,1,426.9
1771,841,Grocery,8.87,1,8.87
1772,841,Electronics,497.72,1,497.72
1773,841,Home & Kitchen,242.4,1,242.4
1774,842,Electronics,842.05,1,842.05
1775,843,Apparel,96.93,3,290.79
1776,844,Home & Kitchen,298.57,1,298.57
1777,845,Electronics,380.6,1,380.6
1778,845,Grocery,26.7,1,26.7
1779,846,Beauty,83.36,1,83.36
1780,847,Apparel,79.68,1,79.68
1781,847,Books,27.99,1,27.99
1782,847,Electronics,846.49,2,1692.98
1783,847,Electronics,746.51,1,746.51
1784,848,Beauty,54.45,1,54.45
1785,848,Home & Kitchen,50.33,2,100.66
1786,848,Apparel,115.77,1,115.77
1787,848,Grocery,13.58,1,13.58
1788,848,Beauty,86.14,1,86.14
1789,849,Books,14.57,1,14.57
1790,850,Electronics,117.88,1,117.88
1791,850,Home & Kitchen,275.14,1,275.14
1792,851,Beauty,73.6,1,73.6
1793,851,Apparel,25.42,1,25.42
1794,852,Apparel,31.94,1,31.94
1795,852,Apparel,92.47,1,92.47
1796,852,Toys & Games,118.72,1,118.72
1797,853,Electronics,673.78,1,673.78
1798,853,Apparel,74.85,2,149.7
1799,853,Electronics,86.93,1,86.93
1800,853,Electronics,631.34,2,1262.68
1801,854,Grocery,14.81,1,14.81
1802,854,Grocery,42.17,2,84.34
1803,854,Electronics,789.71,1,789.71
1804,855,Home & Kitchen,253.91,1,253.91
1805,855,Grocery,8.41,2,16.82
1806,855,Sports & Outdoors,56.0,1,56.0
1807,855,Apparel,25.04,1,25.04
1808,856,Electronics,481.37,3,1444.11
1809,857,Sports & Outdoors,175.07,2,350.14
1810,857,Electronics,851.56,1,851.56
1811,858,Apparel,91.86,1,91.86
1812,859,Sports & Outdoors,107.58,1,107.58
1813,860,Books,39.59,1,39.59
1814,861,Beauty,84.52,1,84.52
1815,861,Electronics,106.83,2,213.66
1816,861,Beauty,18.43,1,18.43
1817,861,Books,35.37,1,35.37
1818,861,Apparel,145.56,2,291.12
1819,862,Sports & Outdoors,181.8,2,363.6
1820,862,Electronics,310.97,2,621.94
1821,863,Grocery,56.44,3,169.32
1822,864,Electronics,318.63,1,318.63
1823,865,Grocery,39.03,1,39.03
1824,866,Electronics,251.46,1,251.46
1825,867,Apparel,30.48,1,30.48
1826,868,Electronics,719.21,1,719.21
1827,869,Electronics,52.74,1,52.74
1828,869,Apparel,78.86,2,157.72
1829,870,Grocery,11.78,1,11.78
1830,871,Electronics,702.97,1,702.97
1831,871,Sports & Outdoors,123.36,2,246.72
1832,872,Electronics,312.68,1,312.68
1833,872,Home & Kitchen,188.68,1,188.68
1834,873,Toys & Games,85.5,1,85.5
1835,874,Beauty,73.44,1,73.44
1836,874,Sports & Outdoors,247.86,1,247.86
1837,875,Electronics,226.99,1,226.99
1838,875,Home & Kitchen,194.31,1,194.31
1839,875,Electronics,357.63,1,357.63
1840,875,Beauty,57.32,1,57.32
1841,876,Sports & Outdoors,77.13,1,77.13
1842,877,Apparel,98.53,2,197.06
1843,877,Beauty,54.4,1,54.4
1844,877,Home & Kitchen,245.16,1,245.16
1845,877,Toys & Games,73.66,2,147.32
1846,877,Electronics,787.58,1,787.58
1847,878,Sports & Outdoors,29.5,1,29.5
1848,878,Beauty,32.22,3,96.66
1849,879,Home & Kitchen,191.6,2,383.2
1850,880,Home & Kitchen,79.16,3,237.48
1851,880,Home & Kitchen,166.83,1,166.83
1852,881,Electronics,530.33,1,530.33
1853,882,Electronics,41.86,1,41.86
1854,882,Books,37.31,1,37.31
1855,882,Sports & Outdoors,131.74,2,263.48
1856,882,Electronics,739.33,1,739.33
1857,883,Beauty,65.25,1,65.25
1858,883,Books,15.34,1,15.34
1859,884,Sports & Outdoors,84.1,1,84.1
1860,884,Apparel,142.34,1,142.34
1861,885,Apparel,71.34,1,71.34
1862,885,Sports & Outdoors,233.85,1,233.85
1863,886,Toys & Games,108.85,1,108.85
1864,886,Electronics,130.85,1,130.85
1865,887,Toys & Games,66.29,1,66.29
1866,887,Beauty,60.36,1,60.36
1867,887,Books,9.62,2,19.24
1868,887,Electronics,468.25,2,936.5
1869,887,Electronics,485.26,1,485.26
1870,888,Electronics,455.04,1,455.04
1871,889,Grocery,4.0,1,4.0
1872,890,Grocery,24.29,2,48.58
1873,890,Apparel,54.08,1,54.08
1874,891,Apparel,70.34,3,211.02
1875,891,Apparel,62.53,2,125.06
1876,891,Apparel,44.26,1,44.26
1877,891,Sports & Outdoors,20.38,1,20.38
1878,891,Apparel,45.78,1,45.78
1879,892,Electronics,461.72,2,923.44
1880,892,Electronics,709.32,3,2127.96
1881,892,Electronics,747.12,1,747.12
1882,892,Electronics,464.15,1,464.15
1883,892,Home & Kitchen,20.52,2,41.04
1884,893,Electronics,672.44,1,672.44
1885,894,Home & Kitchen,206.81,1,206.81
1886,894,Books,34.45,1,34.45
1887,895,Electronics,71.85,1,71.85
1888,896,Toys & Games,23.48,1,23.48
1889,896,Electronics,131.47,1,131.47
1890,896,Grocery,41.98,3,125.94
1891,897,Sports & Outdoors,99.14,1,99.14
1892,898,Books,18.18,1,18.18
1893,899,Apparel,91.56,1,91.56
1894,900,Home & Kitchen,184.15,1,184.15
1895,901,Beauty,21.1,1,21.1
1896,901,Apparel,125.13,1,125.13
1897,902,Sports & Outdoors,237.21,1,237.21
1898,902,Electronics,821.26,1,821.26
1899,902,Sports & Outdoors,219.57,1,219.57
1900,903,Sports & Outdoors,172.51,1,172.51
1901,904,Home & Kitchen,165.56,1,165.56
1902,904,Grocery,7.09,1,7.09
1903,904,Apparel,65.34,2,130.68
1904,904,Apparel,138.54,1,138.54
1905,904,Toys & Games,66.44,1,66.44
1906,905,Electronics,328.96,1,328.96
1907,906,Home & Kitchen,61.77,1,61.77
1908,907,Beauty,86.52,2,173.04
1909,907,Electronics,76.6,1,76.6
1910,907,Home & Kitchen,161.94,1,161.94
1911,908,Apparel,81.34,1,81.34
1912,909,Books,18.52,2,37.04
1913,909,Books,26.8,1,26.8
1914,909,Books,37.86,1,37.86
1915,910,Electronics,120.02,1,120.02
1916,910,Toys & Games,11.97,2,23.94
1917,910,Home & Kitchen,260.36,2,520.72
1918,911,Electronics,795.91,1,795.91
1919,912,Sports & Outdoors,145.59,3,436.77
1920,913,Apparel,32.61,2,65.22
1921,913,Books,14.25,2,28.5
1922,913,Beauty,16.98,1,16.98
1923,913,Grocery,32.36,2,64.72
1924,913,Electronics,666.15,3,1998.45
1925,914,Electronics,387.18,1,387.18
1926,914,Home & Kitchen,169.02,3,507.06
1927,914,Home & Kitchen,176.58,2,353.16
1928,914,Apparel,105.03,2,210.06
1929,915,Home & Kitchen,284.64,1,284.64
1930,915,Apparel,135.8,1,135.8
1931,916,Home & Kitchen,292.87,1,292.87
1932,916,Home & Kitchen,137.66,1,137.66
1933,917,Apparel,73.65,1,73.65
1934,918,Beauty,59.57,1,59.57
1935,919,Electronics,742.65,1,742.65
1936,919,Apparel,79.74,1,79.74
1937,920,Toys & Games,74.17,1,74.17
1938,920,Electronics,212.22,1,212.22
1939,920,Home & Kitchen,223.44,1,223.44
1940,920,Electronics,417.84,1,417.84
1941,921,Apparel,22.49,1,22.49
1942,921,Electronics,545.48,2,1090.96
1943,922,Grocery,12.79,1,12.79
1944,922,Sports & Outdoors,219.35,1,219.35
1945,923,Toys & Games,40.97,1,40.97
1946,923,Apparel,94.41,2,188.82
1947,924,Sports & Outdoors,75.75,1,75.75
1948,924,Apparel,18.24,2,36.48
1949,925,Electronics,729.81,1,729.81
1950,926,Sports & Outdoors,147.97,1,147.97
1951,927,Apparel,65.6,1,65.6
1952,928,Toys & Games,52.97,2,105.94
1953,928,Apparel,31.33,1,31.33
1954,928,Apparel,66.84,1,66.84
1955,929,Toys & Games,27.41,1,27.41
1956,930,Apparel,102.6,2,205.2
1957,931,Toys & Games,65.03,1,65.03
1958,932,Toys & Games,100.4,1,100.4
1959,933,Electronics,554.2,1,554.2
1960,933,Beauty,63.2,1,63.2
1961,934,Toys & Games,95.87,3,287.61
1962,935,Home & Kitchen,140.65,1,140.65
1963,936,Sports & Outdoors,64.52,1,64.52
1964,936,Sports & Outdoors,135.13,1,135.13
1965,937,Electronics,772.06,2,1544.12
1966,938,Electronics,536.36,1,536.36
1967,939,Sports & Outdoors,220.06,1,220.06
1968,939,Home & Kitchen,80.34,2,160.68
1969,939,Grocery,49.66,1,49.66
1970,940,Apparel,53.98,1,53.98
1971,941,Beauty,20.63,2,41.26
1972,941,Apparel,62.64,1,62.64
1973,942,Books,11.4,1,11.4
1974,942,Home & Kitchen,226.85,1,226.85
1975,943,Toys & Games,107.37,1,107.37
1976,943,Electronics,582.04,2,1164.08
1977,944,Sports & Outdoors,173.64,1,173.64
1978,945,Home & Kitchen,92.82,2,185.64
1979,945,Toys & Games,85.24,2,170.48
1980,945,Apparel,51.85,2,103.7
1981,945,Beauty,27.2,1,27.2
1982,946,Apparel,105.01,1,105.01
1983,947,Apparel,59.11,1,59.11
1984,947,Electronics,454.3,1,454.3
1985,948,Books,18.98,1,18.98
1986,948,Beauty,64.54,1,64.54
1987,948,Toys & Games,115.58,1,115.58
1988,948,Home & Kitchen,255.22,1,255.22
1989,949,Toys & Games,47.36,1,47.36
1990,950,Electronics,452.47,1,452.47
1991,951,Grocery,42.69,2,85.38
1992,951,Electronics,58.37,1,58.37
1993,952,Electronics,323.06,1,323.06
1994,953,Electronics,140.42,1,140.42
1995,953,Apparel,39.37,1,39.37
1996,953,Electronics,565.33,1,565.33
1997,954,Grocery,25.77,2,51.54
1998,954,Books,19.26,1,19.26
1999,954,Sports & Outdoors,42.75,1,42.75
2000,954,Home & Kitchen,208.77,3,626.31
2001,955,Home & Kitchen,259.23,1,259.23
2002,955,Home & Kitchen,138.29,2,276.58
2003,956,Toys & Games,63.29,1,63.29
2004,956,Apparel,87.95,1,87.95
2005,956,Electronics,71.81,1,71.81
2006,957,Apparel,97.9,1,97.9
2007,957,Sports & Outdoors,242.77,2,485.54
2008,957,Beauty,72.68,3,218.04
2009,958,Electronics,193.27,2,386.54
2010,958,Electronics,175.93,1,175.93
2011,958,Toys & Games,38.07,2,76.14
2012,958,Books,28.59,1,28.59
2013,959,Home & Kitchen,116.15,2,232.3
2014,960,Beauty,8.08,2,16.16
2015,961,Electronics,111.85,1,111.85
2016,961,Electronics,709.74,1,709.74
2017,962,Electronics,318.51,1,318.51
2018,963,Electronics,460.63,1,460.63
2019,964,Electronics,263.37,1,263.37
2020,965,Electronics,575.82,1,575.82
2021,965,Books,32.93,1,32.93
2022,966,Apparel,81.43,3,244.29
2023,966,Beauty,42.77,1,42.77
2024,966,Electronics,537.65,1,537.65
2025,967,Books,25.99,1,25.99
2026,968,Sports & Outdoors,34.65,1,34.65
2027,969,Apparel,111.5,1,111.5
2028,969,Toys & Games,51.43,2,102.86
2029,969,Apparel,13.19,1,13.19
2030,969,Home & Kitchen,49.15,1,49.15
2031,969,Books,7.43,1,7.43
2032,970,Electronics,185.59,1,185.59
2033,970,Apparel,98.03,3,294.09
2034,970,Grocery,23.81,1,23.81
2035,970,Toys & Games,18.32,1,18.32
2036,971,Toys & Games,112.77,1,112.77
2037,971,Home & Kitchen,266.37,1,266.37
2038,972,Sports & Outdoors,220.07,2,440.14
2039,972,Apparel,111.18,1,111.18
2040,972,Home & Kitchen,244.74,1,244.74
2041,972,Books,15.93,2,31.86
2042,973,Electronics,350.66,1,350.66
2043,973,Beauty,53.02,1,53.02
2044,974,Beauty,15.84,1,15.84
2045,975,Sports & Outdoors,151.27,2,302.54
2046,975,Grocery,37.68,1,37.68
2047,975,Electronics,542.12,1,542.12
2048,976,Home & Kitchen,137.88,1,137.88
2049,977,Toys & Games,119.46,1,119.46
2050,977,Books,12.33,1,12.33
2051,978,Home & Kitchen,209.46,1,209.46
2052,979,Beauty,63.04,2,126.08
2053,979,Toys & Games,52.0,1,52.0
2054,980,Apparel,105.16,1,105.16
2055,980,Home & Kitchen,261.17,1,261.17
2056,980,Sports & Outdoors,63.0,1,63.0
2057,980,Home & Kitchen,224.09,1,224.09
2058,981,Grocery,44.22,2,88.44
2059,981,Books,39.64,3,118.92
2060,981,Home & Kitchen,133.71,1,133.71
2061,981,Sports & Outdoors,196.11,2,392.22
2062,981,Home & Kitchen,118.56,3,355.68
2063,982,Home & Kitchen,98.33,1,98.33
2064,983,Books,18.27,1,18.27
2065,984,Toys & Games,76.25,1,76.25
2066,984,Beauty,15.35,1,15.35
2067,984,Home & Kitchen,253.74,3,761.22
2068,984,Home & Kitchen,146.26,1,146.26
2069,984,Electronics,837.51,1,837.51
2070,985,Grocery,59.08,2,118.16
2071,986,Electronics,209.53,1,209.53
2072,986,Electronics,635.74,2,1271.48
2073,986,Sports & Outdoors,115.67,2,231.34
2074,987,Electronics,381.8,3,1145.4
2075,988,Sports & Outdoors,69.29,1,69.29
2076,988,Home & Kitchen,196.07,1,196.07
2077,988,Home & Kitchen,224.73,1,224.73
2078,988,Electronics,96.22,1,96.22
2079,989,Sports & Outdoors,195.56,1,195.56
2080,990,Home & Kitchen,220.53,2,441.06
2081,990,Home & Kitchen,90.14,1,90.14
2082,990,Electronics,785.56,1,785.56
2083,991,Apparel,78.15,1,78.15
2084,991,Sports & Outdoors,139.92,1,139.92
2085,992,Beauty,59.51,1,59.51
2086,992,Toys & Games,94.23,1,94.23
2087,992,Toys & Games,26.89,1,26.89
2088,993,Apparel,40.06,2,80.12
2089,993,Sports & Outdoors,91.71,1,91.71
2090,994,Apparel,50.89,1,50.89
2091,995,Apparel,61.91,2,123.82
2092,995,Sports & Outdoors,148.38,1,148.38
2093,996,Apparel,41.31,1,41.31
2094,996,Apparel,33.78,1,33.78
2095,997,Toys & Games,33.8,1,33.8
2096,997,Electronics,143.32,1,143.32
2097,997,Home & Kitchen,231.12,1,231.12
2098,998,Apparel,149.35,1,149.35
2099,999,Home & Kitchen,292.07,2,584.14
2100,999,Home & Kitchen,123.66,3,370.98
2101,999,Sports & Outdoors,159.14,2,318.28
2102,1000,Electronics,416.12,2,832.24
2103,1000,Electronics,95.52,2,191.04
2104,1001,Apparel,63.92,1,63.92
2105,1001,Toys & Games,65.01,1,65.01
2106,1002,Electronics,606.01,1,606.01
2107,1003,Sports & Outdoors,150.5,1,150.5
2108,1003,Home & Kitchen,40.48,3,121.44
2109,1003,Books,30.24,1,30.24
2110,1003,Home & Kitchen,88.37,1,88.37
2111,1003,Beauty,13.76,1,13.76
2112,1004,Electronics,541.45,2,1082.9
2113,1005,Electronics,80.86,1,80.86
2114,1006,Toys & Games,66.46,2,132.92
2115,1007,Books,25.66,3,76.98
2116,1008,Electronics,546.04,1,546.04
2117,1008,Electronics,328.07,1,328.07
2118,1009,Electronics,65.21,1,65.21
2119,1010,Electronics,156.09,1,156.09
2120,1010,Toys & Games,31.52,1,31.52
2121,1010,Home & Kitchen,170.15,1,170.15
2122,1011,Home & Kitchen,20.12,1,20.12
2123,1012,Toys & Games,104.58,1,104.58
2124,1013,Home & Kitchen,191.5,2,383.0
2125,1014,Sports & Outdoors,64.21,1,64.21
2126,1015,Electronics,191.86,1,191.86
2127,1015,Home & Kitchen,153.56,3,460.68
2128,1015,Sports & Outdoors,79.67,1,79.67
2129,1016,Books,9.84,1,9.84
2130,1017,Home & Kitchen,274.23,1,274.23
2131,1017,Home & Kitchen,83.0,1,83.0
2132,1018,Electronics,405.81,3,1217.43
2133,1018,Electronics,550.83,2,1101.66
2134,1018,Grocery,51.38,2,102.76
2135,1018,Sports & Outdoors,62.9,2,125.8
2136,1019,Sports & Outdoors,59.99,1,59.99
2137,1019,Beauty,58.21,1,58.21
2138,1020,Apparel,59.92,1,59.92
2139,1021,Home & Kitchen,45.93,1,45.93
2140,1021,Books,16.09,1,16.09
2141,1021,Grocery,40.83,1,40.83
2142,1022,Electronics,589.69,1,589.69
2143,1022,Electronics,897.35,1,897.35
2144,1023,Electronics,117.55,1,117.55
2145,1024,Books,27.32,2,54.64
2146,1024,Home & Kitchen,240.34,1,240.34
2147,1025,Sports & Outdoors,190.1,1,190.1
2148,1025,Home & Kitchen,89.32,2,178.64
2149,1026,Apparel,104.68,1,104.68
2150,1027,Apparel,118.12,1,118.12
2151,1028,Beauty,28.35,2,56.7
2152,1028,Home & Kitchen,17.01,1,17.01
2153,1029,Electronics,492.14,1,492.14
2154,1030,Home & Kitchen,194.5,1,194.5
2155,1030,Apparel,130.51,2,261.02
2156,1031,Home & Kitchen,43.7,1,43.7
2157,1031,Electronics,376.13,1,376.13
2158,1031,Beauty,37.65,1,37.65
2159,1032,Electronics,274.03,1,274.03
2160,1033,Toys & Games,8.2,1,8.2
2161,1034,Electronics,379.51,2,759.02
2162,1034,Toys & Games,61.49,1,61.49
2163,1034,Beauty,29.63,1,29.63
2164,1034,Books,12.02,1,12.02
2165,1035,Home & Kitchen,272.68,1,272.68
2166,1035,Home & Kitchen,15.91,1,15.91
2167,1035,Toys & Games,45.36,1,45.36
2168,1036,Home & Kitchen,240.54,1,240.54
2169,1037,Electronics,298.79,1,298.79
2170,1037,Electronics,50.46,1,50.46
2171,1037,Books,27.29,1,27.29
2172,1038,Electronics,553.5,1,553.5
2173,1038,Home & Kitchen,135.44,1,135.44
2174,1039,Toys & Games,94.19,3,282.57
2175,1039,Electronics,231.37,1,231.37
2176,1040,Sports & Outdoors,75.91,3,227.73
2177,1041,Home & Kitchen,43.83,2,87.66
2178,1041,Beauty,57.4,3,172.2
2179,1041,Beauty,8.46,2,16.92
2180,1042,Sports & Outdoors,113.1,1,113.1
2181,1043,Sports & Outdoors,139.56,1,139.56
2182,1043,Home & Kitchen,138.44,1,138.44
2183,1043,Sports & Outdoors,40.1,3,120.3
2184,1044,Sports & Outdoors,241.27,1,241.27
2185,1044,Electronics,827.02,1,827.02
2186,1044,Sports & Outdoors,24.56,2,49.12
2187,1045,Electronics,291.16,1,291.16
2188,1045,Toys & Games,74.52,1,74.52
2189,1045,Electronics,460.57,1,460.57
2190,1045,Apparel,118.56,1,118.56
2191,1045,Beauty,75.49,2,150.98
2192,1046,Electronics,589.22,2,1178.44
2193,1047,Books,16.39,2,32.78
2194,1047,Apparel,129.64,1,129.64
2195,1048,Apparel,138.0,1,138.0
2196,1048,Sports & Outdoors,149.05,1,149.05
2197,1048,Electronics,560.07,1,560.07
2198,1048,Home & Kitchen,187.2,2,374.4
2199,1049,Sports & Outdoors,233.64,3,700.92
2200,1050,Grocery,46.62,1,46.62
2201,1051,Home & Kitchen,107.03,3,321.09
2202,1052,Electronics,507.15,1,507.15
2203,1052,Grocery,6.28,1,6.28
2204,1053,Sports & Outdoors,133.41,1,133.41
2205,1054,Electronics,565.89,3,1697.67
2206,1055,Books,20.12,1,20.12
2207,1055,Electronics,171.43,1,171.43
2208,1056,Electronics,469.8,3,1409.4
2209,1056,Electronics,582.65,2,1165.3
2210,1057,Apparel,105.19,1,105.19
2211,1057,Sports & Outdoors,67.31,1,67.31
2212,1057,Electronics,664.33,1,664.33
2213,1058,Grocery,47.59,2,95.18
2214,1058,Electronics,141.37,1,141.37
2215,1058,Grocery,41.0,1,41.0
2216,1059,Toys & Games,9.72,3,29.16
2217,1059,Apparel,131.96,1,131.96
2218,1059,Home & Kitchen,27.59,1,27.59
2219,1059,Grocery,49.39,1,49.39
2220,1060,Sports & Outdoors,98.12,2,196.24
2221,1060,Toys & Games,39.62,3,118.86
2222,1061,Apparel,53.79,1,53.79
2223,1062,Beauty,89.47,1,89.47
2224,1063,Home & Kitchen,107.75,1,107.75
2225,1063,Grocery,55.07,1,55.07
2226,1064,Apparel,17.81,1,17.81
2227,1064,Sports & Outdoors,224.01,1,224.01
2228,1065,Sports & Outdoors,111.89,1,111.89
2229,1065,Grocery,39.39,1,39.39
2230,1065,Books,10.49,1,10.49
2231,1066,Apparel,88.72,1,88.72
2232,1066,Beauty,57.4,1,57.4
2233,1067,Apparel,120.03,1,120.03
2234,1067,Apparel,25.45,1,25.45
2235,1068,Grocery,42.64,2,85.28
2236,1069,Apparel,75.41,1,75.41
2237,1069,Sports & Outdoors,84.39,1,84.39
2238,1069,Grocery,28.87,1,28.87
2239,1069,Home & Kitchen,243.91,1,243.91
2240,1069,Electronics,688.52,1,688.52
2241,1070,Sports & Outdoors,174.65,1,174.65
2242,1071,Grocery,45.79,1,45.79
2243,1072,Electronics,511.83,3,1535.49
2244,1072,Toys & Games,47.88,1,47.88
2245,1072,Apparel,83.0,1,83.0
2246,1072,Electronics,395.65,2,791.3
2247,1073,Apparel,83.2,1,83.2
2248,1073,Apparel,148.37,2,296.74
2249,1074,Books,7.51,1,7.51
2250,1074,Home & Kitchen,75.46,1,75.46
2251,1075,Sports & Outdoors,118.8,1,118.8
2252,1075,Sports & Outdoors,204.98,1,204.98
2253,1076,Toys & Games,39.69,1,39.69
2254,1077,Toys & Games,51.22,3,153.66
2255,1078,Books,40.54,1,40.54
2256,1078,Electronics,453.9,2,907.8
2257,1079,Grocery,55.41,1,55.41
2258,1080,Home & Kitchen,111.21,1,111.21
2259,1081,Toys & Games,107.28,3,321.84
2260,1081,Apparel,111.02,1,111.02
2261,1082,Toys & Games,97.08,1,97.08
2262,1083,Books,39.34,1,39.34
2263,1083,Beauty,75.97,2,151.94
2264,1084,Books,12.82,2,25.64
2265,1085,Electronics,598.61,2,1197.22
2266,1086,Apparel,44.03,1,44.03
2267,1087,Books,21.17,1,21.17
2268,1087,Grocery,40.71,3,122.13
2269,1087,Home & Kitchen,127.63,1,127.63
2270,1088,Apparel,48.07,1,48.07
2271,1088,Apparel,67.51,1,67.51
2272,1089,Sports & Outdoors,187.52,1,187.52
2273,1089,Home & Kitchen,239.48,1,239.48
2274,1090,Apparel,56.83,2,113.66
2275,1090,Home & Kitchen,183.42,1,183.42
2276,1090,Electronics,70.86,1,70.86
2277,1091,Electronics,398.99,2,797.98
2278,1091,Electronics,150.96,1,150.96
2279,1092,Sports & Outdoors,205.7,1,205.7
2280,1093,Apparel,30.2,2,60.4
2281,1094,Electronics,868.93,1,868.93
2282,1095,Grocery,39.82,1,39.82
2283,1095,Toys & Games,70.07,2,140.14
2284,1095,Beauty,11.14,1,11.14
2285,1096,Electronics,775.9,2,1551.8
2286,1096,Beauty,48.1,1,48.1
2287,1097,Sports & Outdoors,188.26,1,188.26
2288,1098,Home & Kitchen,46.59,1,46.59
2289,1098,Electronics,248.53,1,248.53
2290,1099,Apparel,54.11,2,108.22
2291,1099,Beauty,32.06,1,32.06
2292,1099,Apparel,92.94,3,278.82
2293,1100,Apparel,105.79,2,211.58
2294,1101,Grocery,25.68,3,77.04
2295,1102,Electronics,869.38,1,869.38
2296,1102,Apparel,97.21,1,97.21
2297,1102,Electronics,751.89,1,751.89
2298,1103,Home & Kitchen,233.15,1,233.15
2299,1104,Apparel,84.83,1,84.83
2300,1104,Apparel,145.8,2,291.6
2301,1104,Home & Kitchen,53.98,2,107.96
2302,1105,Electronics,531.7,1,531.7
2303,1105,Toys & Games,111.12,2,222.24
2304,1106,Electronics,440.61,1,440.61
2305,1106,Apparel,67.99,3,203.97
2306,1106,Apparel,79.99,3,239.97
2307,1106,Home & Kitchen,261.13,1,261.13
2308,1107,Home & Kitchen,102.96,1,102.96
2309,1108,Home & Kitchen,70.7,1,70.7
2310,1108,Sports & Outdoors,168.19,2,336.38
2311,1108,Electronics,539.12,3,1617.36
2312,1108,Electronics,121.13,1,121.13
2313,1108,Apparel,102.88,1,102.88
2314,1109,Books,33.32,1,33.32
2315,1110,Toys & Games,55.35,2,110.7
2316,1111,Electronics,216.67,1,216.67
2317,1111,Electronics,92.84,1,92.84
2318,1111,Electronics,446.42,2,892.84
2319,1112,Books,28.21,1,28.21
2320,1112,Home & Kitchen,42.37,3,127.11
2321,1112,Toys & Games,15.35,1,15.35
2322,1113,Apparel,12.84,2,25.68
2323,1113,Home & Kitchen,198.08,1,198.08
2324,1113,Electronics,620.77,1,620.77
2325,1114,Electronics,439.48,1,439.48
2326,1114,Apparel,62.62,2,125.24
2327,1115,Home & Kitchen,262.78,3,788.34
2328,1116,Beauty,27.99,1,27.99
2329,1117,Grocery,8.91,1,8.91
2330,1117,Home & Kitchen,244.29,1,244.29
2331,1117,Electronics,309.83,3,929.49
2332,1118,Grocery,11.54,1,11.54
2333,1118,Apparel,133.46,1,133.46
2334,1119,Books,40.79,1,40.79
2335,1120,Apparel,106.8,1,106.8
2336,1120,Home & Kitchen,189.67,1,189.67
2337,1120,Electronics,207.48,1,207.48
2338,1121,Electronics,246.07,1,246.07
2339,1122,Electronics,590.75,2,1181.5
2340,1122,Apparel,106.87,1,106.87
2341,1123,Home & Kitchen,86.27,1,86.27
2342,1124,Sports & Outdoors,27.6,1,27.6
2343,1124,Grocery,8.17,1,8.17
2344,1124,Sports & Outdoors,170.25,1,170.25
2345,1125,Toys & Games,119.9,1,119.9
2346,1125,Apparel,37.38,1,37.38
2347,1126,Home & Kitchen,39.29,2,78.58
2348,1127,Apparel,27.61,1,27.61
2349,1127,Toys & Games,109.77,1,109.77
2350,1127,Sports & Outdoors,17.27,1,17.27
2351,1128,Electronics,240.31,1,240.31
2352,1128,Beauty,83.1,2,166.2
2353,1128,Beauty,29.11,2,58.22
2354,1128,Apparel,145.19,1,145.19
2355,1129,Sports & Outdoors,198.54,1,198.54
2356,1129,Apparel,134.72,2,269.44
2357,1130,Apparel,95.71,1,95.71
2358,1130,Sports & Outdoors,140.75,3,422.25
2359,1131,Beauty,42.78,3,128.34
2360,1131,Home & Kitchen,202.38,1,202.38
2361,1131,Apparel,134.64,2,269.28
2362,1132,Home & Kitchen,191.71,1,191.71
2363,1132,Home & Kitchen,290.4,1,290.4
2364,1133,Electronics,512.25,1,512.25
2365,1134,Apparel,115.53,1,115.53
2366,1135,Toys & Games,26.56,1,26.56
2367,1136,Apparel,49.48,1,49.48
2368,1137,Home & Kitchen,123.07,2,246.14
2369,1137,Apparel,43.74,1,43.74
2370,1138,Beauty,44.63,2,89.26
2371,1138,Sports & Outdoors,98.09,1,98.09
2372,1138,Sports & Outdoors,68.91,1,68.91
2373,1138,Electronics,889.41,1,889.41
2374,1139,Books,32.37,1,32.37
2375,1140,Books,40.27,1,40.27
2376,1140,Apparel,55.5,1,55.5
2377,1140,Sports & Outdoors,42.68,1,42.68
2378,1140,Books,41.28,2,82.56
2379,1141,Grocery,9.79,2,19.58
2380,1141,Beauty,55.61,2,111.22
2381,1142,Electronics,153.38,1,153.38
2382,1143,Beauty,17.11,2,34.22
2383,1143,Books,17.99,1,17.99
2384,1144,Electronics,518.25,1,518.25
2385,1145,Books,17.76,2,35.52
2386,1146,Beauty,66.28,2,132.56
2387,1147,Sports & Outdoors,227.3,3,681.9
2388,1147,Apparel,85.1,1,85.1
2389,1147,Electronics,85.88,2,171.76
2390,1148,Apparel,145.43,2,290.86
2391,1148,Beauty,37.0,1,37.0
2392,1148,Books,28.64,1,28.64
2393,1148,Beauty,68.13,1,68.13
2394,1149,Books,19.69,1,19.69
2395,1149,Home & Kitchen,299.04,1,299.04
2396,1150,Grocery,4.82,1,4.82
2397,1150,Apparel,117.69,1,117.69
2398,1151,Home & Kitchen,116.35,1,116.35
2399,1152,Beauty,21.41,1,21.41
2400,1153,Books,32.6,1,32.6
2401,1153,Grocery,54.91,1,54.91
2402,1153,Books,21.97,1,21.97
2403,1154,Sports & Outdoors,132.09,1,132.09
2404,1154,Grocery,48.85,1,48.85
2405,1154,Electronics,710.4,3,2131.2
2406,1154,Apparel,138.39,1,138.39
2407,1155,Beauty,56.67,2,113.34
2408,1156,Toys & Games,102.19,2,204.38
2409,1156,Electronics,542.08,1,542.08
2410,1157,Home & Kitchen,27.48,1,27.48
2411,1158,Grocery,23.93,1,23.93
2412,1158,Sports & Outdoors,242.15,2,484.3
2413,1158,Sports & Outdoors,215.61,1,215.61
2414,1159,Home & Kitchen,121.67,2,243.34
2415,1160,Books,25.38,1,25.38
2416,1161,Books,17.44,2,34.88
2417,1161,Sports & Outdoors,210.15,1,210.15
2418,1161,Beauty,16.97,1,16.97
2419,1162,Beauty,38.14,1,38.14
2420,1162,Apparel,118.1,1,118.1
2421,1163,Grocery,37.58,2,75.16
2422,1163,Grocery,52.18,1,52.18
2423,1164,Grocery,29.47,1,29.47
2424,1165,Apparel,125.22,1,125.22
2425,1165,Home & Kitchen,95.3,1,95.3
2426,1165,Electronics,300.96,1,300.96
2427,1165,Beauty,60.26,1,60.26
2428,1165,Apparel,142.74,1,142.74
2429,1166,Apparel,125.85,1,125.85
2430,1167,Apparel,21.77,1,21.77
2431,1167,Beauty,10.32,1,10.32
2432,1168,Home & Kitchen,291.94,3,875.82
2433,1168,Home & Kitchen,57.4,2,114.8
2434,1169,Apparel,12.39,1,12.39
2435,1169,Apparel,99.11,1,99.11
2436,1170,Home & Kitchen,183.05,1,183.05
2437,1170,Electronics,209.49,1,209.49
2438,1171,Apparel,131.51,1,131.51
2439,1171,Electronics,589.96,1,589.96
2440,1172,Grocery,49.69,3,149.07
2441,1172,Beauty,54.67,2,109.34
2442,1172,Home & Kitchen,130.92,1,130.92
2443,1172,Sports & Outdoors,190.21,1,190.21
2444,1173,Books,7.2,3,21.6
2445,1174,Beauty,30.73,1,30.73
2446,1175,Beauty,28.37,1,28.37
2447,1176,Books,43.52,2,87.04
2448,1176,Home & Kitchen,100.25,1,100.25
2449,1177,Electronics,137.2,1,137.2
2450,1178,Grocery,44.78,1,44.78
2451,1179,Apparel,21.74,1,21.74
2452,1180,Toys & Games,96.62,3,289.86
2453,1180,Beauty,65.27,2,130.54
2454,1181,Toys & Games,94.99,2,189.98
2455,1182,Books,40.79,1,40.79
2456,1182,Home & Kitchen,199.52,1,199.52
2457,1183,Apparel,83.0,1,83.0
2458,1183,Electronics,788.3,1,788.3
2459,1184,Sports & Outdoors,150.37,1,150.37
2460,1184,Apparel,126.93,1,126.93
2461,1185,Beauty,27.94,2,55.88
2462,1186,Home & Kitchen,77.98,1,77.98
2463,1187,Apparel,81.77,1,81.77
2464,1187,Grocery,33.23,1,33.23
2465,1187,Apparel,23.44,1,23.44
2466,1188,Books,18.32,1,18.32
2467,1189,Grocery,34.86,1,34.86
2468,1190,Grocery,16.34,3,49.02
2469,1190,Sports & Outdoors,14.54,1,14.54
2470,1190,Home & Kitchen,181.1,1,181.1
2471,1190,Apparel,127.46,2,254.92
2472,1191,Home & Kitchen,184.77,2,369.54
2473,1191,Apparel,84.2,1,84.2
2474,1192,Electronics,455.57,1,455.57
2475,1193,Toys & Games,90.53,1,90.53
2476,1194,Home & Kitchen,148.44,2,296.88
2477,1195,Grocery,35.32,2,70.64
2478,1196,Electronics,769.42,1,769.42
2479,1197,Toys & Games,63.04,1,63.04
2480,1198,Apparel,69.8,2,139.6
2481,1198,Books,9.28,1,9.28
2482,1198,Home & Kitchen,53.15,1,53.15
2483,1198,Electronics,349.8,1,349.8
2484,1199,Sports & Outdoors,217.75,2,435.5
2485,1199,Toys & Games,25.15,1,25.15
2486,1200,Grocery,23.43,1,23.43
2487,1201,Books,34.32,3,102.96
2488,1201,Home & Kitchen,219.78,1,219.78
2489,1201,Sports & Outdoors,13.38,1,13.38
2490,1201,Home & Kitchen,18.45,1,18.45
2491,1201,Home & Kitchen,192.16,1,192.16
2492,1202,Electronics,313.79,2,627.58
2493,1202,Apparel,85.33,1,85.33
2494,1202,Grocery,50.2,1,50.2
2495,1202,Electronics,104.39,1,104.39
2496,1203,Home & Kitchen,264.7,1,264.7
2497,1203,Sports & Outdoors,157.69,1,157.69
2498,1204,Books,22.16,1,22.16
2499,1204,Home & Kitchen,82.83,1,82.83
2500,1205,Books,15.15,1,15.15
2501,1206,Beauty,13.61,1,13.61
2502,1206,Grocery,36.03,1,36.03
2503,1207,Grocery,15.64,1,15.64
2504,1208,Home & Kitchen,225.26,1,225.26
2505,1208,Beauty,17.34,1,17.34
2506,1209,Home & Kitchen,16.7,2,33.4
2507,1209,Toys & Games,27.57,2,55.14
2508,1209,Toys & Games,60.78,2,121.56
2509,1209,Home & Kitchen,175.75,1,175.75
2510,1210,Toys & Games,32.78,1,32.78
2511,1210,Beauty,28.24,2,56.48
2512,1211,Electronics,79.73,1,79.73
2513,1212,Books,30.49,1,30.49
2514,1212,Toys & Games,110.75,1,110.75
2515,1213,Grocery,15.16,1,15.16
2516,1213,Books,36.56,2,73.12
2517,1214,Home & Kitchen,130.76,1,130.76
2518,1214,Home & Kitchen,57.04,1,57.04
2519,1215,Apparel,68.01,1,68.01
2520,1215,Electronics,728.57,2,1457.14
2521,1216,Home & Kitchen,91.95,1,91.95
2522,1216,Apparel,42.22,1,42.22
2523,1216,Books,24.56,1,24.56
2524,1217,Beauty,12.75,1,12.75
2525,1218,Electronics,232.67,1,232.67
2526,1218,Toys & Games,107.92,2,215.84
2527,1218,Electronics,745.96,2,1491.92
2528,1219,Home & Kitchen,267.5,2,535.0
2529,1220,Home & Kitchen,26.95,1,26.95
2530,1220,Apparel,18.77,1,18.77
2531,1221,Electronics,514.67,1,514.67
2532,1221,Electronics,772.27,1,772.27
2533,1222,Electronics,338.6,1,338.6
2534,1222,Apparel,103.11,1,103.11
2535,1223,Sports & Outdoors,204.85,1,204.85
2536,1224,Apparel,58.88,2,117.76
2537,1224,Apparel,120.4,1,120.4
2538,1225,Electronics,687.27,1,687.27
2539,1226,Books,27.84,1,27.84
2540,1226,Grocery,38.94,2,77.88
2541,1226,Electronics,427.27,2,854.54
2542,1227,Books,10.39,2,20.78
2543,1228,Sports & Outdoors,12.02,1,12.02
2544,1228,Beauty,8.54,2,17.08
2545,1229,Electronics,709.05,1,709.05
2546,1229,Beauty,71.92,1,71.92
2547,1229,Beauty,34.19,1,34.19
2548,1229,Electronics,157.37,1,157.37
2549,1230,Beauty,88.82,1,88.82
2550,1230,Sports & Outdoors,16.36,2,32.72
2551,1230,Home & Kitchen,189.22,1,189.22
2552,1230,Electronics,662.22,2,1324.44
2553,1231,Grocery,12.25,1,12.25
2554,1231,Apparel,65.61,2,131.22
2555,1231,Sports & Outdoors,242.48,1,242.48
2556,1232,Grocery,30.87,1,30.87
2557,1233,Apparel,94.01,1,94.01
2558,1233,Sports & Outdoors,207.36,1,207.36
2559,1234,Electronics,533.08,1,533.08
2560,1235,Toys & Games,63.75,1,63.75
2561,1235,Toys & Games,76.46,1,76.46
2562,1235,Beauty,89.36,2,178.72
2563,1235,Apparel,143.51,3,430.53
2564,1235,Apparel,135.59,2,271.18
2565,1236,Apparel,34.87,2,69.74
2566,1236,Grocery,6.8,1,6.8
2567,1237,Beauty,52.4,2,104.8
2568,1237,Home & Kitchen,256.0,1,256.0
2569,1237,Electronics,431.71,1,431.71
2570,1238,Home & Kitchen,79.04,1,79.04
2571,1238,Toys & Games,14.29,1,14.29
2572,1238,Electronics,404.41,1,404.41
2573,1238,Electronics,483.4,1,483.4
2574,1239,Apparel,128.9,1,128.9
2575,1239,Apparel,138.41,3,415.23
2576,1240,Apparel,143.51,2,287.02
2577,1240,Apparel,79.5,1,79.5
2578,1240,Grocery,36.08,1,36.08
2579,1241,Grocery,20.57,2,41.14
2580,1241,Electronics,193.36,1,193.36
2581,1242,Beauty,13.41,2,26.82
2582,1242,Home & Kitchen,221.08,2,442.16
2583,1243,Electronics,868.72,1,868.72
2584,1244,Apparel,20.69,1,20.69
2585,1245,Books,8.45,2,16.9
2586,1246,Beauty,44.04,1,44.04
2587,1247,Electronics,410.72,3,1232.16
2588,1247,Toys & Games,54.01,1,54.01
2589,1248,Grocery,49.5,1,49.5
2590,1248,Electronics,552.16,1,552.16
2591,1248,Home & Kitchen,212.12,2,424.24
2592,1248,Books,25.59,2,51.18
2593,1249,Electronics,205.46,3,616.38
2594,1250,Grocery,37.93,2,75.86
2595,1250,Home & Kitchen,86.21,1,86.21
2596,1251,Home & Kitchen,177.91,1,177.91
2597,1252,Grocery,21.26,2,42.52
2598,1252,Sports & Outdoors,239.86,1,239.86
2599,1252,Apparel,109.19,3,327.57
2600,1253,Books,35.38,1,35.38
2601,1253,Electronics,607.35,1,607.35
2602,1253,Grocery,38.0,1,38.0
2603,1254,Apparel,59.77,2,119.54
2604,1254,Beauty,16.43,1,16.43
2605,1255,Beauty,12.87,1,12.87
2606,1255,Beauty,35.51,1,35.51
2607,1255,Toys & Games,47.2,1,47.2
2608,1256,Grocery,56.26,1,56.26
2609,1257,Books,18.69,1,18.69
2610,1258,Electronics,356.71,1,356.71
2611,1258,Apparel,59.1,3,177.3
2612,1259,Electronics,295.86,1,295.86
2613,1260,Home & Kitchen,287.98,1,287.98
2614,1261,Electronics,173.03,1,173.03
2615,1262,Apparel,77.55,1,77.55
2616,1262,Electronics,92.95,1,92.95
2617,1262,Beauty,83.12,1,83.12
2618,1263,Home & Kitchen,109.96,2,219.92
2619,1263,Home & Kitchen,16.0,3,48.0
2620,1263,Apparel,126.62,2,253.24
2621,1264,Sports & Outdoors,66.9,1,66.9
2622,1265,Home & Kitchen,165.07,1,165.07
2623,1265,Toys & Games,96.97,2,193.94
2624,1266,Toys & Games,95.4,1,95.4
2625,1267,Apparel,44.56,2,89.12
2626,1267,Electronics,709.86,1,709.86
2627,1268,Home & Kitchen,73.2,1,73.2
2628,1269,Home & Kitchen,258.65,1,258.65
2629,1270,Grocery,55.36,1,55.36
2630,1270,Apparel,34.37,3,103.11
2631,1271,Electronics,416.55,1,416.55
2632,1271,Sports & Outdoors,164.88,1,164.88
2633,1272,Home & Kitchen,165.41,1,165.41
2634,1273,Apparel,64.31,1,64.31
2635,1273,Grocery,33.98,1,33.98
2636,1273,Beauty,87.61,2,175.22
2637,1273,Electronics,730.8,2,1461.6
2638,1274,Sports & Outdoors,39.48,1,39.48
2639,1274,Electronics,763.44,1,763.44
2640,1275,Home & Kitchen,80.15,3,240.45
2641,1275,Apparel,90.31,1,90.31
2642,1276,Electronics,310.43,1,310.43
2643,1277,Sports & Outdoors,215.97,1,215.97
2644,1277,Beauty,66.56,1,66.56
2645,1277,Books,6.1,1,6.1
2646,1278,Sports & Outdoors,90.59,1,90.59
2647,1279,Home & Kitchen,107.12,1,107.12
2648,1279,Sports & Outdoors,93.21,1,93.21
2649,1279,Beauty,32.11,1,32.11
2650,1280,Electronics,364.56,1,364.56
2651,1280,Beauty,77.73,1,77.73
2652,1281,Electronics,124.45,1,124.45
2653,1282,Grocery,6.38,2,12.76
2654,1282,Books,41.18,1,41.18
2655,1282,Books,8.0,1,8.0
2656,1283,Electronics,787.99,2,1575.98
2657,1283,Electronics,58.79,1,58.79
2658,1283,Grocery,53.21,1,53.21
2659,1283,Home & Kitchen,125.55,2,251.1
2660,1284,Electronics,719.44,1,719.44
2661,1284,Home & Kitchen,206.9,1,206.9
2662,1285,Beauty,51.56,1,51.56
2663,1285,Apparel,107.65,1,107.65
2664,1286,Grocery,45.84,1,45.84
2665,1286,Apparel,50.51,2,101.02
2666,1287,Toys & Games,23.74,1,23.74
2667,1287,Beauty,31.3,1,31.3
2668,1287,Electronics,859.91,2,1719.82
2669,1287,Electronics,793.87,1,793.87
2670,1288,Home & Kitchen,157.69,1,157.69
2671,1288,Home & Kitchen,176.81,3,530.43
2672,1288,Beauty,20.09,1,20.09
2673,1289,Grocery,45.89,1,45.89
2674,1289,Home & Kitchen,231.43,2,462.86
2675,1289,Grocery,32.65,2,65.3
2676,1290,Electronics,304.9,3,914.7
2677,1290,Apparel,43.06,2,86.12
2678,1290,Sports & Outdoors,123.32,3,369.96
2679,1290,Apparel,138.05,2,276.1
2680,1290,Apparel,123.35,1,123.35
2681,1291,Home & Kitchen,44.6,2,89.2
2682,1292,Apparel,53.12,1,53.12
2683,1292,Home & Kitchen,189.33,3,567.99
2684,1293,Grocery,56.21,1,56.21
2685,1293,Beauty,60.74,1,60.74
2686,1293,Grocery,20.31,1,20.31
2687,1293,Home & Kitchen,107.1,3,321.3
2688,1294,Books,35.97,1,35.97
2689,1295,Home & Kitchen,22.06,2,44.12
2690,1295,Grocery,30.33,1,30.33
2691,1296,Beauty,18.04,1,18.04
2692,1296,Electronics,476.49,1,476.49
2693,1296,Beauty,34.08,2,68.16
2694,1296,Books,44.94,1,44.94
2695,1297,Beauty,56.55,1,56.55
2696,1298,Apparel,33.67,1,33.67
2697,1299,Grocery,51.3,1,51.3
2698,1299,Toys & Games,58.6,1,58.6
2699,1300,Apparel,64.46,2,128.92
2700,1300,Beauty,13.53,1,13.53
2701,1300,Books,26.63,1,26.63
2702,1301,Electronics,136.79,2,273.58
2703,1301,Beauty,66.65,1,66.65
2704,1301,Books,24.71,1,24.71
2705,1302,Electronics,553.59,1,553.59
2706,1303,Grocery,33.9,1,33.9
2707,1303,Apparel,132.21,1,132.21
2708,1304,Sports & Outdoors,14.88,1,14.88
2709,1305,Apparel,127.36,1,127.36
2710,1305,Sports & Outdoors,90.27,1,90.27
2711,1305,Apparel,20.43,1,20.43
2712,1305,Apparel,146.72,3,440.16
2713,1306,Home & Kitchen,27.79,1,27.79
2714,1306,Electronics,729.65,1,729.65
2715,1307,Apparel,121.99,1,121.99
2716,1308,Beauty,51.19,2,102.38
2717,1309,Apparel,54.18,2,108.36
2718,1310,Home & Kitchen,85.1,1,85.1
2719,1310,Beauty,14.39,1,14.39
2720,1310,Home & Kitchen,229.71,1,229.71
2721,1311,Sports & Outdoors,145.54,1,145.54
2722,1312,Apparel,15.55,1,15.55
2723,1313,Books,16.41,1,16.41
2724,1313,Home & Kitchen,63.83,1,63.83
2725,1314,Electronics,445.01,2,890.02
2726,1314,Apparel,139.07,2,278.14
2727,1314,Electronics,63.56,3,190.68
2728,1314,Grocery,27.65,1,27.65
2729,1315,Beauty,31.33,1,31.33
2730,1315,Apparel,17.19,1,17.19
2731,1315,Home & Kitchen,232.46,2,464.92
2732,1316,Sports & Outdoors,135.3,2,270.6
2733,1317,Apparel,68.18,1,68.18
2734,1318,Apparel,64.72,1,64.72
2735,1319,Sports & Outdoors,28.95,3,86.85
2736,1319,Grocery,43.86,1,43.86
2737,1319,Apparel,116.38,2,232.76
2738,1319,Sports & Outdoors,160.98,1,160.98
2739,1320,Books,19.05,1,19.05
2740,1320,Books,11.53,1,11.53
2741,1321,Toys & Games,71.06,1,71.06
2742,1321,Home & Kitchen,121.25,1,121.25
2743,1322,Sports & Outdoors,184.4,1,184.4
2744,1323,Beauty,31.94,1,31.94
2745,1323,Sports & Outdoors,179.87,1,179.87
2746,1323,Beauty,57.52,1,57.52
2747,1323,Grocery,30.84,1,30.84
2748,1324,Electronics,788.37,1,788.37
2749,1324,Apparel,54.95,1,54.95
2750,1325,Electronics,59.23,2,118.46
2751,1326,Sports & Outdoors,39.99,1,39.99
2752,1327,Electronics,869.34,1,869.34
2753,1328,Books,23.5,1,23.5
2754,1328,Books,39.75,1,39.75
2755,1329,Beauty,22.62,1,22.62
2756,1329,Electronics,267.04,1,267.04
2757,1330,Beauty,42.45,3,127.35
2758,1331,Electronics,543.78,1,543.78
2759,1331,Beauty,18.94,1,18.94
2760,1331,Electronics,75.26,1,75.26
2761,1332,Electronics,175.79,3,527.37
2762,1333,Apparel,115.9,1,115.9
2763,1334,Beauty,46.9,2,93.8
2764,1334,Sports & Outdoors,197.65,1,197.65
2765,1335,Sports & Outdoors,229.28,1,229.28
2766,1335,Grocery,5.39,3,16.17
2767,1335,Beauty,17.17,1,17.17
2768,1336,Home & Kitchen,109.58,1,109.58
2769,1337,Electronics,783.56,1,783.56
2770,1338,Grocery,44.26,1,44.26
2771,1339,Home & Kitchen,95.59,3,286.77
2772,1339,Electronics,681.13,1,681.13
2773,1339,Grocery,50.59,1,50.59
2774,1339,Apparel,80.39,3,241.17
2775,1340,Apparel,20.25,3,60.75
2776,1341,Apparel,126.94,1,126.94
2777,1341,Apparel,101.98,1,101.98
2778,1341,Apparel,129.03,3,387.09
2779,1342,Electronics,248.22,1,248.22
2780,1343,Apparel,106.44,1,106.44
2781,1343,Electronics,671.29,1,671.29
2782,1343,Apparel,61.15,1,61.15
2783,1344,Apparel,140.89,3,422.67
2784,1344,Beauty,13.88,1,13.88
2785,1345,Electronics,859.84,1,859.84
2786,1345,Sports & Outdoors,230.07,1,230.07
2787,1345,Grocery,25.77,3,77.31
2788,1346,Apparel,23.61,1,23.61
2789,1347,Electronics,94.12,1,94.12
2790,1347,Toys & Games,97.1,1,97.1
2791,1347,Apparel,13.86,1,13.86
2792,1347,Home & Kitchen,113.11,1,113.11
2793,1347,Sports & Outdoors,178.21,1,178.21
2794,1348,Sports & Outdoors,194.3,1,194.3
2795,1348,Toys & Games,22.91,2,45.82
2796,1348,Apparel,26.55,1,26.55
2797,1349,Beauty,81.12,1,81.12
2798,1350,Books,6.03,1,6.03
2799,1350,Apparel,35.42,1,35.42
2800,1351,Beauty,79.11,3,237.33
2801,1352,Beauty,52.2,2,104.4
2802,1353,Beauty,51.51,1,51.51
2803,1354,Home & Kitchen,67.04,1,67.04
2804,1354,Apparel,19.57,1,19.57
2805,1355,Electronics,377.56,1,377.56
2806,1355,Electronics,171.85,1,171.85
2807,1356,Electronics,212.6,1,212.6
2808,1357,Beauty,64.5,1,64.5
2809,1357,Grocery,18.62,1,18.62
2810,1357,Electronics,457.69,1,457.69
2811,1358,Sports & Outdoors,103.42,2,206.84
2812,1358,Toys & Games,109.94,1,109.94
2813,1358,Apparel,24.57,2,49.14
2814,1358,Electronics,294.47,1,294.47
2815,1358,Electronics,819.94,1,819.94
2816,1359,Home & Kitchen,203.99,1,203.99
2817,1359,Home & Kitchen,88.43,3,265.29
2818,1359,Electronics,276.22,2,552.44
2819,1359,Home & Kitchen,186.02,1,186.02
2820,1360,Grocery,12.42,2,24.84
2821,1361,Apparel,131.7,1,131.7
2822,1362,Grocery,12.06,1,12.06
2823,1362,Electronics,343.25,2,686.5
2824,1362,Apparel,55.25,1,55.25
2825,1363,Sports & Outdoors,194.47,1,194.47
2826,1364,Grocery,58.43,1,58.43
2827,1365,Apparel,102.58,1,102.58
2828,1365,Electronics,70.67,2,141.34
2829,1365,Beauty,37.68,2,75.36
2830,1366,Electronics,864.2,3,2592.6
2831,1367,Beauty,77.74,1,77.74
2832,1368,Electronics,503.67,2,1007.34
2833,1368,Apparel,129.23,1,129.23
2834,1369,Apparel,102.14,1,102.14
2835,1370,Electronics,529.58,1,529.58
2836,1370,Sports & Outdoors,11.89,1,11.89
2837,1370,Books,8.9,1,8.9
2838,1370,Grocery,59.17,1,59.17
2839,1370,Beauty,53.85,1,53.85
2840,1371,Home & Kitchen,153.92,1,153.92
2841,1372,Grocery,13.14,1,13.14
2842,1372,Home & Kitchen,116.02,1,116.02
2843,1372,Books,10.35,3,31.05
2844,1373,Apparel,46.82,2,93.64
2845,1373,Home & Kitchen,143.46,2,286.92
2846,1374,Books,42.77,1,42.77
2847,1374,Home & Kitchen,158.09,2,316.18
2848,1375,Beauty,16.85,3,50.55
2849,1376,Beauty,35.34,1,35.34
2850,1376,Grocery,53.35,1,53.35
2851,1376,Grocery,50.09,2,100.18
2852,1376,Sports & Outdoors,215.84,2,431.68
2853,1377,Apparel,17.74,2,35.48
2854,1377,Home & Kitchen,185.81,2,371.62
2855,1377,Sports & Outdoors,185.41,2,370.82
2856,1378,Grocery,24.03,1,24.03
2857,1378,Apparel,104.55,1,104.55
2858,1378,Books,42.0,3,126.0
2859,1378,Electronics,864.01,2,1728.02
2860,1379,Electronics,149.85,1,149.85
2861,1379,Grocery,58.4,1,58.4
2862,1379,Apparel,137.31,2,274.62
2863,1379,Grocery,54.02,1,54.02
2864,1379,Books,7.89,2,15.78
2865,1380,Electronics,456.42,2,912.84
2866,1381,Electronics,231.72,1,231.72
2867,1382,Apparel,82.22,1,82.22
2868,1383,Apparel,47.3,1,47.3
2869,1383,Beauty,9.36,1,9.36
2870,1384,Electronics,770.59,3,2311.77
2871,1385,Apparel,87.19,1,87.19
2872,1385,Beauty,30.05,1,30.05
2873,1385,Beauty,14.66,2,29.32
2874,1385,Sports & Outdoors,221.31,1,221.31
2875,1385,Electronics,436.86,1,436.86
2876,1386,Electronics,866.08,3,2598.24
2877,1387,Toys & Games,68.97,1,68.97
2878,1387,Electronics,811.09,2,1622.18
2879,1387,Home & Kitchen,108.52,1,108.52
2880,1387,Books,34.54,1,34.54
2881,1388,Electronics,100.28,1,100.28
2882,1389,Toys & Games,50.37,2,100.74
2883,1389,Electronics,136.97,1,136.97
2884,1390,Toys & Games,67.73,1,67.73
2885,1391,Apparel,24.23,1,24.23
2886,1391,Books,16.04,1,16.04
2887,1392,Toys & Games,58.6,1,58.6
2888,1393,Apparel,55.48,1,55.48
2889,1393,Beauty,44.05,2,88.1
2890,1394,Home & Kitchen,279.3,2,558.6
2891,1394,Apparel,42.64,3,127.92
2892,1394,Books,15.74,1,15.74
2893,1394,Sports & Outdoors,82.72,1,82.72
2894,1394,Sports & Outdoors,173.02,1,173.02
2895,1395,Apparel,26.42,1,26.42
2896,1396,Beauty,8.29,1,8.29
2897,1396,Beauty,29.79,1,29.79
2898,1396,Apparel,98.06,1,98.06
2899,1397,Home & Kitchen,122.84,2,245.68
2900,1397,Apparel,130.54,1,130.54
2901,1397,Apparel,96.57,1,96.57
2902,1398,Toys & Games,104.51,1,104.51
2903,1398,Sports & Outdoors,65.28,1,65.28
2904,1398,Toys & Games,12.58,3,37.74
2905,1399,Grocery,47.13,1,47.13
2906,1399,Beauty,35.63,3,106.89
2907,1399,Toys & Games,71.57,2,143.14
2908,1400,Books,20.78,1,20.78
2909,1400,Home & Kitchen,46.66,1,46.66
2910,1401,Beauty,57.01,1,57.01
2911,1402,Toys & Games,112.27,2,224.54
2912,1402,Electronics,682.97,2,1365.94
2913,1402,Toys & Games,111.58,1,111.58
2914,1402,Sports & Outdoors,12.29,1,12.29
2915,1403,Electronics,385.74,1,385.74
2916,1403,Electronics,242.8,2,485.6
2917,1403,Electronics,84.18,1,84.18
2918,1404,Home & Kitchen,284.79,1,284.79
2919,1404,Apparel,73.85,2,147.7
2920,1404,Toys & Games,48.06,1,48.06
2921,1405,Apparel,73.68,1,73.68
2922,1405,Books,42.19,1,42.19
2923,1406,Sports & Outdoors,15.64,1,15.64
2924,1406,Grocery,39.69,1,39.69
2925,1407,Apparel,95.77,1,95.77
2926,1408,Beauty,45.37,1,45.37
2927,1409,Grocery,18.26,1,18.26
2928,1409,Home & Kitchen,152.22,1,152.22
2929,1409,Home & Kitchen,81.18,1,81.18
2930,1409,Beauty,84.47,1,84.47
2931,1409,Sports & Outdoors,115.1,1,115.1
2932,1410,Beauty,8.81,1,8.81
2933,1411,Electronics,508.95,1,508.95
2934,1412,Apparel,86.58,1,86.58
2935,1413,Home & Kitchen,79.15,1,79.15
2936,1414,Electronics,55.06,1,55.06
2937,1414,Home & Kitchen,27.8,1,27.8
2938,1415,Toys & Games,104.73,1,104.73
2939,1415,Electronics,155.56,1,155.56
2940,1415,Apparel,126.57,1,126.57
2941,1416,Apparel,128.93,1,128.93
2942,1417,Sports & Outdoors,239.11,1,239.11
2943,1418,Electronics,829.05,1,829.05
2944,1418,Home & Kitchen,170.75,1,170.75
2945,1418,Apparel,51.52,1,51.52
2946,1419,Sports & Outdoors,144.47,1,144.47
2947,1420,Beauty,75.81,1,75.81
2948,1420,Electronics,894.97,1,894.97
2949,1420,Apparel,34.51,1,34.51
2950,1420,Apparel,94.95,3,284.85
2951,1421,Beauty,79.61,1,79.61
2952,1422,Home & Kitchen,270.0,1,270.0
2953,1423,Apparel,148.69,1,148.69
2954,1423,Books,18.21,1,18.21
2955,1424,Apparel,46.65,1,46.65
2956,1425,Grocery,14.47,1,14.47
2957,1425,Home & Kitchen,57.4,1,57.4
2958,1425,Home & Kitchen,107.52,2,215.04
2959,1425,Books,44.53,1,44.53
2960,1425,Toys & Games,68.24,1,68.24
2961,1426,Home & Kitchen,190.29,2,380.58
2962,1427,Grocery,8.93,1,8.93
2963,1428,Home & Kitchen,211.94,1,211.94
2964,1429,Electronics,168.68,1,168.68
2965,1430,Grocery,25.71,1,25.71
2966,1431,Apparel,16.05,1,16.05
2967,1432,Electronics,687.07,1,687.07
2968,1432,Apparel,34.26,1,34.26
2969,1433,Electronics,743.36,1,743.36
2970,1433,Home & Kitchen,231.99,1,231.99
2971,1434,Apparel,53.43,3,160.29
2972,1435,Sports & Outdoors,35.0,1,35.0
2973,1435,Home & Kitchen,101.91,1,101.91
2974,1435,Toys & Games,91.75,1,91.75
2975,1436,Apparel,42.07,1,42.07
2976,1437,Toys & Games,63.52,2,127.04
2977,1438,Sports & Outdoors,201.26,1,201.26
2978,1439,Home & Kitchen,77.86,1,77.86
2979,1440,Toys & Games,66.94,1,66.94
2980,1441,Beauty,31.13,3,93.39
2981,1441,Apparel,46.88,1,46.88
2982,1441,Toys & Games,64.85,1,64.85
2983,1442,Sports & Outdoors,65.83,1,65.83
2984,1442,Sports & Outdoors,67.21,1,67.21
2985,1442,Sports & Outdoors,221.34,1,221.34
2986,1443,Sports & Outdoors,158.84,3,476.52
2987,1443,Electronics,104.02,1,104.02
2988,1443,Apparel,25.34,1,25.34
2989,1443,Sports & Outdoors,221.35,1,221.35
2990,1443,Beauty,32.28,1,32.28
2991,1444,Electronics,501.63,2,1003.26
2992,1444,Toys & Games,52.6,2,105.2
2993,1445,Electronics,344.27,1,344.27
2994,1446,Apparel,82.59,2,165.18
2995,1446,Toys & Games,116.7,1,116.7
2996,1447,Electronics,85.11,3,255.33
2997,1447,Books,10.0,2,20.0
2998,1447,Toys & Games,109.39,1,109.39
2999,1448,Beauty,47.29,3,141.87
3000,1448,Apparel,24.18,2,48.36
3001,1449,Grocery,44.47,1,44.47
3002,1449,Grocery,21.2,1,21.2
3003,1450,Apparel,105.05,2,210.1
3004,1450,Electronics,828.14,3,2484.42
3005,1451,Apparel,63.49,1,63.49
3006,1452,Home & Kitchen,173.95,1,173.95
3007,1453,Toys & Games,39.4,1,39.4
3008,1454,Electronics,436.01,1,436.01
3009,1454,Beauty,68.5,1,68.5
3010,1455,Home & Kitchen,163.45,1,163.45
3011,1455,Toys & Games,102.07,1,102.07
3012,1455,Electronics,365.92,1,365.92
3013,1455,Grocery,18.89,1,18.89
3014,1456,Beauty,34.87,1,34.87
3015,1456,Electronics,533.88,1,533.88
3016,1457,Electronics,174.84,2,349.68
3017,1457,Apparel,106.49,1,106.49
3018,1458,Home & Kitchen,269.84,1,269.84
3019,1458,Sports & Outdoors,166.57,1,166.57
3020,1459,Beauty,33.16,1,33.16
3021,1460,Sports & Outdoors,113.78,3,341.34
3022,1460,Home & Kitchen,172.26,1,172.26
3023,1461,Apparel,65.71,2,131.42
3024,1461,Beauty,15.96,2,31.92
3025,1461,Apparel,88.27,1,88.27
3026,1462,Apparel,149.63,1,149.63
3027,1463,Apparel,82.44,2,164.88
3028,1464,Beauty,69.07,1,69.07
3029,1464,Electronics,444.26,3,1332.78
3030,1465,Books,15.87,1,15.87
3031,1466,Sports & Outdoors,201.52,1,201.52
3032,1467,Apparel,104.48,1,104.48
3033,1468,Beauty,26.87,1,26.87
3034,1468,Electronics,545.37,1,545.37
3035,1469,Home & Kitchen,205.18,2,410.36
3036,1469,Apparel,52.92,1,52.92
3037,1470,Electronics,209.99,1,209.99
3038,1471,Toys & Games,72.7,2,145.4
3039,1471,Books,43.18,1,43.18
3040,1471,Electronics,190.53,3,571.59
3041,1472,Grocery,44.86,2,89.72
3042,1472,Apparel,76.45,2,152.9
3043,1472,Books,32.69,1,32.69
3044,1473,Grocery,42.91,1,42.91
3045,1473,Electronics,770.6,1,770.6
3046,1474,Apparel,61.89,1,61.89
3047,1475,Sports & Outdoors,37.38,3,112.14
3048,1475,Home & Kitchen,274.32,3,822.96
3049,1476,Books,7.88,1,7.88
3050,1476,Grocery,59.51,1,59.51
3051,1477,Sports & Outdoors,105.79,1,105.79
3052,1477,Apparel,105.95,2,211.9
3053,1477,Books,38.56,2,77.12
3054,1477,Grocery,46.44,1,46.44
3055,1477,Books,18.56,3,55.68
3056,1478,Books,23.11,1,23.11
3057,1479,Electronics,185.11,1,185.11
3058,1479,Home & Kitchen,26.8,1,26.8
3059,1479,Grocery,4.65,1,4.65
3060,1479,Books,12.03,1,12.03
3061,1479,Beauty,8.82,2,17.64
3062,1480,Electronics,655.86,1,655.86
3063,1480,Grocery,25.93,2,51.86
3064,1480,Home & Kitchen,270.86,1,270.86
3065,1481,Electronics,550.9,1,550.9
3066,1482,Apparel,63.48,1,63.48
3067,1483,Apparel,102.41,1,102.41
3068,1483,Grocery,58.22,2,116.44
3069,1484,Sports & Outdoors,77.11,2,154.22
3070,1484,Beauty,44.64,2,89.28
3071,1484,Home & Kitchen,201.37,1,201.37
3072,1485,Home & Kitchen,256.51,1,256.51
3073,1485,Toys & Games,53.19,1,53.19
3074,1486,Grocery,14.68,2,29.36
3075,1487,Home & Kitchen,171.96,1,171.96
3076,1488,Toys & Games,24.34,1,24.34
3077,1489,Beauty,14.45,2,28.9
3078,1489,Home & Kitchen,73.35,1,73.35
3079,1490,Apparel,83.81,2,167.62
3080,1491,Beauty,59.26,2,118.52
3081,1492,Apparel,99.25,2,198.5
3082,1492,Books,30.87,1,30.87
3083,1492,Grocery,49.48,1,49.48
3084,1492,Sports & Outdoors,45.34,1,45.34
3085,1493,Electronics,381.35,1,381.35
3086,1494,Electronics,571.89,1,571.89
3087,1495,Home & Kitchen,239.56,2,479.12
3088,1496,Beauty,26.06,1,26.06
3089,1496,Beauty,17.85,1,17.85
3090,1497,Grocery,5.19,1,5.19
3091,1498,Home & Kitchen,126.45,1,126.45
3092,1499,Electronics,183.52,2,367.04
3093,1499,Sports & Outdoors,131.57,1,131.57
3094,1500,Sports & Outdoors,149.46,1,149.46
3095,1501,Sports & Outdoors,200.0,1,200.0
3096,1501,Apparel,60.1,1,60.1
3097,1501,Electronics,745.13,1,745.13
3098,1502,Beauty,28.53,1,28.53
3099,1502,Toys & Games,107.11,1,107.11
3100,1502,Apparel,50.96,3,152.88
3101,1503,Apparel,143.32,2,286.64
3102,1504,Sports & Outdoors,57.06,1,57.06
3103,1504,Beauty,84.44,1,84.44
3104,1504,Home & Kitchen,59.96,1,59.96
3105,1505,Home & Kitchen,261.89,2,523.78
3106,1506,Apparel,121.38,1,121.38
3107,1506,Grocery,5.35,1,5.35
3108,1507,Apparel,17.32,2,34.64
3109,1507,Grocery,38.64,2,77.28
3110,1507,Electronics,271.19,1,271.19
3111,1508,Electronics,244.51,1,244.51
3112,1509,Electronics,761.93,1,761.93
3113,1510,Electronics,862.02,1,862.02
3114,1511,Beauty,79.28,1,79.28
3115,1511,Apparel,25.29,1,25.29
3116,1512,Toys & Games,14.54,1,14.54
3117,1512,Apparel,126.88,1,126.88
3118,1513,Home & Kitchen,111.75,1,111.75
3119,1513,Electronics,784.86,3,2354.58
3120,1513,Home & Kitchen,78.08,1,78.08
3121,1514,Electronics,700.52,2,1401.04
3122,1514,Apparel,120.05,1,120.05
3123,1515,Books,40.8,2,81.6
3124,1515,Electronics,145.7,2,291.4
3125,1515,Grocery,21.23,1,21.23
3126,1516,Apparel,135.37,1,135.37
3127,1517,Apparel,70.62,2,141.24
3128,1518,Grocery,15.86,1,15.86
3129,1519,Toys & Games,97.9,1,97.9
3130,1520,Toys & Games,41.14,2,82.28
3131,1520,Beauty,14.24,1,14.24
3132,1521,Electronics,212.08,1,212.08
3133,1522,Electronics,603.53,1,603.53
3134,1522,Electronics,693.4,1,693.4
3135,1522,Beauty,42.88,1,42.88
3136,1522,Sports & Outdoors,206.88,1,206.88
3137,1523,Sports & Outdoors,242.04,1,242.04
3138,1523,Beauty,65.32,1,65.32
3139,1524,Apparel,81.83,2,163.66
3140,1524,Toys & Games,92.09,1,92.09
3141,1525,Apparel,117.83,2,235.66
3142,1525,Toys & Games,92.43,1,92.43
3143,1525,Beauty,34.29,1,34.29
3144,1526,Sports & Outdoors,54.31,3,162.93
3145,1527,Apparel,126.68,1,126.68
3146,1527,Apparel,21.03,2,42.06
3147,1527,Apparel,134.69,1,134.69
3148,1528,Toys & Games,94.22,1,94.22
3149,1529,Apparel,48.26,3,144.78
3150,1529,Apparel,143.58,1,143.58
3151,1529,Electronics,328.73,1,328.73
3152,1529,Toys & Games,44.8,1,44.8
3153,1530,Electronics,115.47,1,115.47
3154,1530,Electronics,451.14,1,451.14
3155,1531,Apparel,69.88,3,209.64
3156,1532,Grocery,14.69,1,14.69
3157,1532,Apparel,32.66,1,32.66
3158,1532,Toys & Games,85.08,1,85.08
3159,1533,Apparel,39.03,1,39.03
3160,1534,Apparel,112.71,1,112.71
3161,1535,Books,7.15,1,7.15
3162,1536,Books,39.29,1,39.29
3163,1536,Grocery,51.67,3,155.01
3164,1537,Books,14.3,2,28.6
3165,1538,Electronics,249.38,1,249.38
3166,1538,Sports & Outdoors,156.33,1,156.33
3167,1539,Apparel,122.71,1,122.71
3168,1540,Toys & Games,41.64,1,41.64
3169,1541,Grocery,45.56,1,45.56
3170,1542,Apparel,148.2,1,148.2
3171,1542,Electronics,828.51,1,828.51
3172,1542,Apparel,117.15,1,117.15
3173,1543,Apparel,77.71,1,77.71
3174,1544,Books,29.94,1,29.94
3175,1544,Electronics,779.51,1,779.51
3176,1545,Toys & Games,76.15,2,152.3
3177,1545,Home & Kitchen,239.72,1,239.72
3178,1545,Electronics,855.93,2,1711.86
3179,1545,Grocery,44.96,1,44.96
3180,1545,Apparel,36.84,1,36.84
3181,1546,Beauty,35.98,1,35.98
3182,1547,Home & Kitchen,298.9,1,298.9
3183,1548,Books,43.02,1,43.02
3184,1549,Toys & Games,49.13,3,147.39
3185,1550,Books,9.49,2,18.98
3186,1550,Beauty,46.57,2,93.14
3187,1550,Sports & Outdoors,41.93,1,41.93
3188,1551,Books,10.99,1,10.99
3189,1551,Beauty,72.74,1,72.74
3190,1551,Books,30.27,1,30.27
3191,1552,Beauty,56.39,1,56.39
3192,1552,Electronics,614.4,1,614.4
3193,1552,Beauty,54.18,2,108.36
3194,1553,Sports & Outdoors,130.05,1,130.05
3195,1553,Electronics,356.41,1,356.41
3196,1554,Home & Kitchen,105.58,1,105.58
3197,1554,Apparel,39.7,1,39.7
3198,1555,Electronics,472.33,1,472.33
3199,1555,Toys & Games,110.26,3,330.78
3200,1555,Beauty,63.68,1,63.68
3201,1555,Home & Kitchen,270.89,1,270.89
3202,1556,Home & Kitchen,249.64,3,748.92
3203,1556,Electronics,108.11,1,108.11
3204,1557,Home & Kitchen,211.9,1,211.9
3205,1558,Apparel,97.94,1,97.94
3206,1559,Home & Kitchen,299.13,1,299.13
3207,1559,Home & Kitchen,207.79,2,415.58
3208,1560,Apparel,105.53,1,105.53
3209,1560,Home & Kitchen,270.62,1,270.62
3210,1561,Sports & Outdoors,192.75,1,192.75
3211,1561,Grocery,55.22,1,55.22
3212,1562,Home & Kitchen,29.69,1,29.69
3213,1563,Electronics,836.39,1,836.39
3214,1563,Beauty,28.31,2,56.62
3215,1563,Electronics,859.16,1,859.16
3216,1563,Apparel,76.06,2,152.12
3217,1564,Beauty,64.66,1,64.66
3218,1564,Home & Kitchen,238.97,1,238.97
3219,1564,Toys & Games,101.37,2,202.74
3220,1565,Apparel,62.66,1,62.66
3221,1565,Electronics,264.68,1,264.68
3222,1565,Home & Kitchen,290.54,1,290.54
3223,1565,Sports & Outdoors,118.76,2,237.52
3224,1565,Toys & Games,115.69,1,115.69
3225,1566,Sports & Outdoors,153.5,1,153.5
3226,1567,Home & Kitchen,34.63,1,34.63
3227,1568,Beauty,46.58,1,46.58
3228,1569,Grocery,59.2,1,59.2
3229,1569,Sports & Outdoors,75.51,2,151.02
3230,1569,Books,22.52,1,22.52
3231,1569,Apparel,51.85,3,155.55
3232,1569,Toys & Games,29.49,1,29.49
3233,1570,Sports & Outdoors,189.51,1,189.51
3234,1570,Grocery,33.5,1,33.5
3235,1571,Toys & Games,94.45,1,94.45
3236,1571,Home & Kitchen,87.52,1,87.52
3237,1572,Home & Kitchen,205.33,1,205.33
3238,1572,Electronics,686.48,2,1372.96
3239,1573,Grocery,58.16,2,116.32
3240,1573,Books,10.34,2,20.68
3241,1573,Apparel,89.8,1,89.8
3242,1574,Home & Kitchen,204.38,3,613.14
3243,1574,Home & Kitchen,172.06,1,172.06
3244,1574,Grocery,23.69,3,71.07
3245,1575,Beauty,50.38,1,50.38
3246,1575,Beauty,76.78,2,153.56
3247,1576,Apparel,57.29,1,57.29
3248,1577,Grocery,5.75,1,5.75
3249,1577,Grocery,58.72,1,58.72
3250,1578,Beauty,67.21,1,67.21
3251,1578,Toys & Games,12.76,1,12.76
3252,1579,Apparel,133.73,2,267.46
3253,1580,Grocery,18.38,2,36.76
3254,1581,Beauty,24.85,1,24.85
3255,1582,Grocery,48.21,1,48.21
3256,1582,Apparel,22.88,1,22.88
3257,1583,Electronics,278.94,1,278.94
3258,1584,Electronics,776.13,2,1552.26
3259,1584,Home & Kitchen,193.65,1,193.65
3260,1585,Apparel,23.84,1,23.84
3261,1585,Electronics,113.32,1,113.32
3262,1585,Home & Kitchen,180.34,1,180.34
3263,1585,Sports & Outdoors,113.92,1,113.92
3264,1586,Apparel,22.83,1,22.83
3265,1587,Beauty,23.57,3,70.71
3266,1587,Toys & Games,60.78,1,60.78
3267,1587,Apparel,123.23,1,123.23
3268,1587,Beauty,60.49,1,60.49
3269,1588,Toys & Games,66.59,1,66.59
3270,1588,Home & Kitchen,57.64,3,172.92
3271,1589,Apparel,133.02,1,133.02
3272,1589,Beauty,47.19,1,47.19
3273,1590,Grocery,23.3,1,23.3
3274,1591,Books,24.88,1,24.88
3275,1591,Apparel,71.72,1,71.72
3276,1591,Electronics,429.72,1,429.72
3277,1591,Sports & Outdoors,133.95,2,267.9
3278,1591,Apparel,68.54,1,68.54
3279,1592,Sports & Outdoors,24.79,1,24.79
3280,1592,Beauty,27.55,1,27.55
3281,1592,Books,28.5,1,28.5
3282,1592,Beauty,19.78,2,39.56
3283,1593,Sports & Outdoors,181.11,2,362.22
3284,1593,Apparel,149.33,1,149.33
3285,1594,Apparel,70.2,1,70.2
3286,1594,Electronics,653.15,1,653.15
3287,1594,Toys & Games,78.92,1,78.92
3288,1594,Apparel,29.43,3,88.29
3289,1594,Sports & Outdoors,90.73,1,90.73
3290,1595,Home & Kitchen,267.46,1,267.46
3291,1595,Home & Kitchen,217.53,1,217.53
3292,1595,Apparel,90.89,1,90.89
3293,1596,Electronics,493.22,1,493.22
3294,1597,Beauty,21.04,1,21.04
3295,1597,Sports & Outdoors,30.13,1,30.13
3296,1597,Electronics,312.13,1,312.13
3297,1598,Books,21.57,1,21.57
3298,1599,Electronics,476.76,1,476.76
3299,1600,Home & Kitchen,294.09,3,882.27
3300,1600,Books,43.22,1,43.22
3301,1600,Books,18.54,2,37.08
3302,1601,Books,32.31,1,32.31
3303,1602,Electronics,694.37,1,694.37
3304,1603,Sports & Outdoors,147.72,1,147.72
3305,1603,Electronics,195.6,1,195.6
3306,1604,Apparel,132.98,1,132.98
3307,1605,Apparel,68.67,1,68.67
3308,1605,Electronics,72.12,1,72.12
3309,1606,Electronics,104.41,1,104.41
3310,1607,Electronics,751.85,2,1503.7
3311,1607,Home & Kitchen,274.52,1,274.52
3312,1608,Electronics,782.06,1,782.06
3313,1609,Toys & Games,59.28,1,59.28
3314,1610,Beauty,9.33,1,9.33
3315,1610,Books,30.02,2,60.04
3316,1611,Electronics,700.82,1,700.82
3317,1612,Sports & Outdoors,59.52,1,59.52
3318,1612,Grocery,46.35,3,139.05
3319,1613,Apparel,70.71,1,70.71
3320,1613,Grocery,7.86,1,7.86
3321,1614,Sports & Outdoors,74.61,1,74.61
3322,1614,Beauty,76.47,3,229.41
3323,1615,Books,11.94,1,11.94
3324,1615,Apparel,48.43,1,48.43
3325,1615,Beauty,43.8,1,43.8
3326,1615,Grocery,27.81,2,55.62
3327,1615,Electronics,736.66,1,736.66
3328,1616,Home & Kitchen,235.76,2,471.52
3329,1616,Electronics,748.04,3,2244.12
3330,1617,Sports & Outdoors,87.62,1,87.62
3331,1617,Home & Kitchen,68.86,1,68.86
3332,1617,Sports & Outdoors,180.86,1,180.86
3333,1618,Toys & Games,82.02,3,246.06
3334,1618,Toys & Games,24.27,1,24.27
3335,1618,Electronics,440.84,2,881.68
3336,1618,Electronics,797.16,1,797.16
3337,1619,Toys & Games,105.87,1,105.87
3338,1619,Apparel,38.91,2,77.82
3339,1620,Home & Kitchen,101.91,2,203.82
3340,1621,Apparel,148.06,1,148.06
3341,1621,Electronics,641.5,2,1283.0
3342,1622,Apparel,129.39,1,129.39
3343,1623,Sports & Outdoors,27.61,2,55.22
3344,1623,Home & Kitchen,200.89,2,401.78
3345,1623,Toys & Games,53.78,1,53.78
3346,1623,Apparel,117.7,3,353.1
3347,1624,Grocery,22.56,3,67.68
3348,1624,Apparel,129.92,1,129.92
3349,1624,Books,19.8,1,19.8
3350,1624,Grocery,15.99,3,47.97
3351,1624,Electronics,48.62,2,97.24
3352,1625,Sports & Outdoors,33.76,1,33.76
3353,1625,Books,27.8,2,55.6
3354,1625,Electronics,66.33,1,66.33
3355,1626,Electronics,128.74,1,128.74
3356,1626,Apparel,126.42,2,252.84
3357,1627,Electronics,496.46,1,496.46
3358,1628,Beauty,65.57,1,65.57
3359,1628,Sports & Outdoors,44.5,1,44.5
3360,1629,Electronics,81.4,1,81.4
3361,1629,Home & Kitchen,274.09,1,274.09
3362,1629,Home & Kitchen,164.91,2,329.82
3363,1630,Home & Kitchen,235.02,1,235.02
3364,1630,Books,26.43,1,26.43
3365,1630,Electronics,677.74,1,677.74
3366,1631,Apparel,32.63,1,32.63
3367,1631,Home & Kitchen,158.47,1,158.47
3368,1632,Toys & Games,35.32,2,70.64
3369,1633,Apparel,112.8,1,112.8
3370,1633,Home & Kitchen,31.11,3,93.33
3371,1633,Toys & Games,96.86,1,96.86
3372,1634,Apparel,95.82,2,191.64
3373,1634,Apparel,68.23,1,68.23
3374,1634,Sports & Outdoors,217.31,2,434.62
3375,1634,Sports & Outdoors,93.32,1,93.32
3376,1635,Sports & Outdoors,61.75,3,185.25
3377,1636,Grocery,19.12,1,19.12
3378,1636,Home & Kitchen,280.16,1,280.16
3379,1637,Electronics,154.17,1,154.17
3380,1638,Home & Kitchen,283.43,1,283.43
3381,1639,Books,26.1,2,52.2
3382,1639,Books,12.12,1,12.12
3383,1639,Sports & Outdoors,243.95,1,243.95
3384,1640,Electronics,56.32,1,56.32
3385,1640,Sports & Outdoors,44.18,2,88.36
3386,1641,Books,8.58,1,8.58
3387,1641,Toys & Games,54.55,1,54.55
3388,1641,Electronics,895.61,3,2686.83
3389,1642,Home & Kitchen,166.35,1,166.35
3390,1642,Books,36.96,1,36.96
3391,1642,Toys & Games,20.98,2,41.96
3392,1643,Toys & Games,82.21,1,82.21
3393,1644,Home & Kitchen,296.22,1,296.22
3394,1645,Grocery,55.79,1,55.79
3395,1645,Apparel,65.99,1,65.99
3396,1645,Apparel,109.73,2,219.46
3397,1645,Apparel,67.88,3,203.64
3398,1646,Apparel,25.78,1,25.78
3399,1647,Electronics,784.11,1,784.11
3400,1647,Apparel,135.46,1,135.46
3401,1648,Electronics,134.19,2,268.38
3402,1649,Apparel,34.2,2,68.4
3403,1650,Electronics,436.44,1,436.44
3404,1651,Beauty,79.28,1,79.28
3405,1651,Electronics,747.43,2,1494.86
3406,1651,Grocery,9.24,1,9.24
3407,1652,Home & Kitchen,146.34,2,292.68
3408,1653,Electronics,884.77,1,884.77
3409,1653,Electronics,344.72,1,344.72
3410,1653,Electronics,328.39,1,328.39
3411,1654,Books,24.71,3,74.13
3412,1655,Grocery,22.78,1,22.78
3413,1656,Home & Kitchen,286.3,2,572.6
3414,1657,Beauty,60.09,1,60.09
3415,1657,Sports & Outdoors,22.6,1,22.6
3416,1657,Electronics,371.7,2,743.4
3417,1657,Grocery,41.39,2,82.78
3418,1657,Apparel,83.81,2,167.62
3419,1658,Books,10.27,2,20.54
3420,1658,Apparel,115.54,2,231.08
3421,1658,Electronics,609.18,2,1218.36
3422,1658,Apparel,23.09,1,23.09
3423,1658,Electronics,43.62,1,43.62
3424,1659,Books,17.43,1,17.43
3425,1659,Home & Kitchen,30.62,3,91.86
3426,1659,Apparel,144.25,2,288.5
3427,1659,Home & Kitchen,48.72,1,48.72
3428,1660,Electronics,76.5,1,76.5
3429,1661,Sports & Outdoors,77.19,1,77.19
3430,1662,Grocery,36.19,1,36.19
3431,1663,Home & Kitchen,118.12,1,118.12
3432,1664,Books,44.72,1,44.72
3433,1664,Beauty,85.62,1,85.62
3434,1664,Beauty,39.09,1,39.09
3435,1664,Electronics,714.06,3,2142.18
3436,1665,Toys & Games,88.67,1,88.67
3437,1665,Apparel,140.56,2,281.12
3438,1666,Books,10.97,3,32.91
3439,1666,Apparel,73.79,1,73.79
3440,1667,Home & Kitchen,110.88,1,110.88
3441,1668,Electronics,859.85,2,1719.7
3442,1668,Grocery,19.53,1,19.53
3443,1669,Grocery,10.71,1,10.71
3444,1669,Apparel,133.29,1,133.29
3445,1669,Apparel,16.67,1,16.67
3446,1669,Electronics,161.53,1,161.53
3447,1669,Sports & Outdoors,122.32,1,122.32
3448,1670,Apparel,38.77,1,38.77
3449,1671,Home & Kitchen,89.41,3,268.23
3450,1672,Apparel,125.24,1,125.24
3451,1672,Toys & Games,89.01,1,89.01
3452,1673,Home & Kitchen,166.26,1,166.26
3453,1673,Toys & Games,82.78,1,82.78
3454,1674,Beauty,45.8,3,137.4
3455,1674,Toys & Games,86.04,1,86.04
3456,1674,Sports & Outdoors,137.61,1,137.61
3457,1675,Electronics,698.23,1,698.23
3458,1675,Home & Kitchen,178.44,2,356.88
3459,1675,Books,22.28,1,22.28
3460,1676,Electronics,293.82,1,293.82
3461,1677,Home & Kitchen,135.76,1,135.76
3462,1677,Beauty,57.44,1,57.44
3463,1677,Toys & Games,93.44,2,186.88
3464,1677,Electronics,313.59,1,313.59
3465,1678,Grocery,34.24,3,102.72
3466,1678,Apparel,52.01,1,52.01
3467,1679,Apparel,23.93,1,23.93
3468,1680,Apparel,52.87,1,52.87
3469,1681,Electronics,225.87,1,225.87
3470,1681,Electronics,660.16,2,1320.32
3471,1682,Electronics,103.01,3,309.03
3472,1683,Apparel,128.3,2,256.6
3473,1683,Home & Kitchen,108.84,2,217.68
3474,1684,Home & Kitchen,284.38,1,284.38
3475,1684,Electronics,839.41,1,839.41
3476,1685,Toys & Games,114.51,1,114.51
3477,1685,Home & Kitchen,199.71,2,399.42
3478,1685,Apparel,138.22,1,138.22
3479,1686,Electronics,338.5,1,338.5
3480,1687,Apparel,102.31,1,102.31
3481,1687,Apparel,47.24,1,47.24
3482,1688,Apparel,145.3,1,145.3
3483,1688,Electronics,87.33,1,87.33
3484,1688,Apparel,128.43,2,256.86
3485,1688,Toys & Games,74.0,1,74.0
3486,1689,Grocery,39.84,2,79.68
3487,1690,Books,25.44,1,25.44
3488,1691,Electronics,41.73,1,41.73
3489,1692,Electronics,837.01,2,1674.02
3490,1693,Home & Kitchen,106.7,2,213.4
3491,1693,Electronics,577.81,1,577.81
3492,1694,Beauty,18.37,1,18.37
3493,1694,Home & Kitchen,248.74,1,248.74
3494,1695,Sports & Outdoors,232.34,1,232.34
3495,1695,Electronics,729.93,2,1459.86
3496,1695,Beauty,55.52,2,111.04
3497,1695,Electronics,570.22,1,570.22
3498,1696,Home & Kitchen,277.23,2,554.46
3499,1697,Books,14.02,2,28.04
3500,1697,Home & Kitchen,19.66,1,19.66
3501,1697,Sports & Outdoors,142.42,1,142.42
3502,1698,Books,13.06,1,13.06
3503,1698,Apparel,79.98,1,79.98
3504,1698,Beauty,37.34,1,37.34
3505,1699,Home & Kitchen,236.86,1,236.86
3506,1699,Apparel,24.38,1,24.38
3507,1700,Electronics,290.27,1,290.27
3508,1700,Beauty,17.53,1,17.53
3509,1700,Sports & Outdoors,49.47,2,98.94
3510,1700,Electronics,168.68,1,168.68
3511,1701,Toys & Games,80.73,1,80.73
3512,1702,Apparel,102.01,1,102.01
3513,1703,Beauty,42.02,1,42.02
3514,1704,Sports & Outdoors,48.48,1,48.48
3515,1704,Electronics,230.76,1,230.76
3516,1705,Beauty,83.71,1,83.71
3517,1706,Sports & Outdoors,140.11,2,280.22
3518,1706,Electronics,863.46,1,863.46
3519,1707,Electronics,734.48,1,734.48
3520,1707,Sports & Outdoors,244.74,1,244.74
3521,1707,Home & Kitchen,229.71,1,229.71
3522,1708,Electronics,332.31,1,332.31
3523,1709,Books,35.38,1,35.38
3524,1710,Electronics,363.37,1,363.37
3525,1710,Apparel,102.67,3,308.01
3526,1711,Home & Kitchen,246.94,2,493.88
3527,1711,Beauty,23.18,1,23.18
3528,1712,Home & Kitchen,74.71,2,149.42
3529,1712,Toys & Games,93.08,1,93.08
3530,1713,Electronics,571.72,2,1143.44
3531,1713,Electronics,331.69,1,331.69
3532,1714,Home & Kitchen,36.99,1,36.99
3533,1715,Sports & Outdoors,171.21,1,171.21
3534,1716,Electronics,389.7,2,779.4
3535,1716,Home & Kitchen,136.02,1,136.02
3536,1716,Sports & Outdoors,15.5,1,15.5
3537,1716,Apparel,98.62,1,98.62
3538,1716,Sports & Outdoors,166.9,1,166.9
3539,1717,Beauty,25.74,2,51.48
3540,1717,Home & Kitchen,51.21,1,51.21
3541,1718,Toys & Games,19.4,1,19.4
3542,1718,Toys & Games,40.81,1,40.81
3543,1719,Electronics,423.26,1,423.26
3544,1719,Apparel,125.38,1,125.38
3545,1720,Apparel,33.21,1,33.21
3546,1720,Home & Kitchen,294.36,1,294.36
3547,1720,Toys & Games,107.45,1,107.45
3548,1721,Electronics,660.49,1,660.49
3549,1722,Home & Kitchen,204.6,1,204.6
3550,1723,Books,10.06,1,10.06
3551,1723,Electronics,164.68,2,329.36
3552,1724,Beauty,47.86,1,47.86
3553,1724,Toys & Games,9.07,1,9.07
3554,1725,Grocery,30.38,1,30.38
3555,1725,Home & Kitchen,297.02,1,297.02
3556,1725,Beauty,64.91,1,64.91
3557,1725,Beauty,33.79,2,67.58
3558,1726,Beauty,82.1,1,82.1
3559,1726,Home & Kitchen,61.51,2,123.02
3560,1726,Grocery,26.4,1,26.4
3561,1727,Electronics,449.38,1,449.38
3562,1727,Toys & Games,50.79,1,50.79
3563,1727,Toys & Games,13.32,1,13.32
3564,1727,Home & Kitchen,56.63,1,56.63
3565,1728,Home & Kitchen,96.59,1,96.59
3566,1729,Books,14.67,2,29.34
3567,1730,Electronics,645.24,2,1290.48
3568,1730,Apparel,88.81,1,88.81
3569,1731,Home & Kitchen,119.31,1,119.31
3570,1731,Apparel,96.48,1,96.48
3571,1732,Books,38.22,1,38.22
3572,1732,Sports & Outdoors,55.58,1,55.58
3573,1733,Home & Kitchen,277.09,1,277.09
3574,1734,Beauty,37.47,2,74.94
3575,1734,Electronics,113.31,3,339.93
3576,1735,Beauty,15.59,2,31.18
3577,1736,Electronics,681.07,1,681.07
3578,1736,Apparel,145.66,3,436.98
3579,1737,Beauty,25.56,2,51.12
3580,1737,Toys & Games,86.76,1,86.76
3581,1737,Electronics,576.87,1,576.87
3582,1737,Sports & Outdoors,36.81,1,36.81
3583,1738,Sports & Outdoors,194.51,1,194.51
3584,1739,Apparel,70.2,1,70.2
3585,1739,Home & Kitchen,159.32,1,159.32
3586,1739,Electronics,67.92,1,67.92
3587,1739,Electronics,692.56,1,692.56
3588,1740,Grocery,22.28,2,44.56
3589,1740,Toys & Games,13.4,2,26.8
3590,1741,Apparel,133.78,1,133.78
3591,1741,Sports & Outdoors,108.71,3,326.13
3592,1741,Electronics,391.56,1,391.56
3593,1741,Grocery,21.02,1,21.02
3594,1741,Home & Kitchen,87.02,2,174.04
3595,1742,Home & Kitchen,251.54,1,251.54
3596,1743,Grocery,38.56,1,38.56
3597,1744,Electronics,178.12,1,178.12
3598,1745,Apparel,109.5,1,109.5
3599,1745,Books,12.52,1,12.52
3600,1745,Sports & Outdoors,229.58,1,229.58
3601,1746,Grocery,48.96,1,48.96
3602,1747,Beauty,89.52,1,89.52
3603,1747,Sports & Outdoors,120.1,1,120.1
3604,1748,Beauty,34.7,1,34.7
3605,1748,Apparel,50.28,1,50.28
3606,1748,Sports & Outdoors,151.74,3,455.22
3607,1748,Apparel,63.38,1,63.38
3608,1749,Toys & Games,105.02,1,105.02
3609,1750,Apparel,105.29,1,105.29
3610,1751,Home & Kitchen,135.36,3,406.08
3611,1752,Apparel,60.77,1,60.77
3612,1753,Apparel,110.15,1,110.15
3613,1753,Books,11.97,1,11.97
3614,1753,Books,35.69,3,107.07
3615,1754,Apparel,36.31,2,72.62
3616,1755,Grocery,9.95,1,9.95
3617,1755,Electronics,556.31,1,556.31
3618,1755,Books,31.12,1,31.12
3619,1755,Books,25.51,1,25.51
3620,1756,Grocery,32.86,3,98.58
3621,1756,Electronics,501.85,1,501.85
3622,1757,Electronics,810.79,2,1621.58
3623,1758,Beauty,75.91,2,151.82
3624,1759,Apparel,50.05,1,50.05
3625,1759,Grocery,13.9,1,13.9
3626,1759,Electronics,703.39,2,1406.78
3627,1759,Books,27.97,3,83.91
3628,1760,Electronics,68.75,1,68.75
3629,1760,Electronics,455.67,1,455.67
3630,1761,Sports & Outdoors,195.04,2,390.08
3631,1761,Sports & Outdoors,89.26,1,89.26
3632,1761,Apparel,127.98,1,127.98
3633,1761,Home & Kitchen,23.38,1,23.38
3634,1761,Sports & Outdoors,132.97,1,132.97
3635,1762,Beauty,24.4,2,48.8
3636,1762,Home & Kitchen,297.72,1,297.72
3637,1763,Sports & Outdoors,158.72,1,158.72
3638,1764,Electronics,206.69,1,206.69
3639,1764,Sports & Outdoors,186.84,1,186.84
3640,1764,Toys & Games,68.93,1,68.93
3641,1764,Books,15.5,2,31.0
3642,1765,Apparel,116.08,1,116.08
3643,1766,Books,39.26,3,117.78
3644,1767,Home & Kitchen,159.42,1,159.42
3645,1768,Electronics,653.84,1,653.84
3646,1768,Sports & Outdoors,43.92,2,87.84
3647,1768,Sports & Outdoors,102.61,1,102.61
3648,1769,Apparel,24.71,1,24.71
3649,1769,Beauty,69.81,2,139.62
3650,1770,Home & Kitchen,178.24,1,178.24
3651,1770,Electronics,492.23,1,492.23
3652,1771,Books,16.56,2,33.12
3653,1771,Apparel,55.12,2,110.24
3654,1771,Toys & Games,52.63,1,52.63
3655,1771,Electronics,821.99,2,1643.98
3656,1772,Apparel,82.6,2,165.2
3657,1772,Apparel,47.03,1,47.03
3658,1772,Sports & Outdoors,206.2,1,206.2
3659,1772,Electronics,423.77,1,423.77
3660,1773,Books,34.36,2,68.72
3661,1773,Books,30.45,1,30.45
3662,1773,Electronics,436.49,3,1309.47
3663,1774,Grocery,13.01,1,13.01
3664,1774,Sports & Outdoors,246.05,1,246.05
3665,1775,Beauty,44.82,1,44.82
3666,1776,Beauty,29.65,1,29.65
3667,1776,Apparel,81.81,1,81.81
3668,1776,Toys & Games,119.33,1,119.33
3669,1776,Electronics,228.62,1,228.62
3670,1777,Home & Kitchen,272.45,1,272.45
3671,1777,Sports & Outdoors,166.52,1,166.52
3672,1778,Electronics,419.79,1,419.79
3673,1778,Beauty,72.42,1,72.42
3674,1778,Apparel,31.28,2,62.56
3675,1779,Books,23.89,1,23.89
3676,1779,Apparel,149.88,1,149.88
3677,1780,Electronics,813.08,1,813.08
3678,1781,Electronics,172.11,1,172.11
3679,1782,Home & Kitchen,190.57,1,190.57
3680,1782,Electronics,795.84,1,795.84
3681,1783,Grocery,24.46,3,73.38
3682,1784,Grocery,6.87,3,20.61
3683,1785,Home & Kitchen,46.89,2,93.78
3684,1785,Electronics,664.67,1,664.67
3685,1786,Apparel,142.7,3,428.1
3686,1786,Books,40.38,1,40.38
3687,1786,Electronics,534.57,2,1069.14
3688,1786,Grocery,35.95,2,71.9
3689,1787,Apparel,45.77,1,45.77
3690,1787,Books,28.71,2,57.42
3691,1787,Apparel,46.83,1,46.83
3692,1788,Books,16.79,1,16.79
3693,1788,Home & Kitchen,27.01,1,27.01
3694,1789,Books,7.62,1,7.62
3695,1790,Home & Kitchen,253.26,1,253.26
3696,1791,Beauty,86.73,1,86.73
3697,1792,Home & Kitchen,173.31,3,519.93
3698,1793,Beauty,50.73,1,50.73
3699,1794,Toys & Games,9.48,3,28.44
3700,1795,Toys & Games,22.18,1,22.18
3701,1795,Home & Kitchen,139.21,2,278.42
3702,1796,Toys & Games,116.74,2,233.48
3703,1797,Apparel,51.33,2,102.66
3704,1797,Beauty,55.96,1,55.96
3705,1798,Apparel,86.28,1,86.28
3706,1799,Sports & Outdoors,200.14,1,200.14
3707,1799,Beauty,33.34,1,33.34
3708,1800,Home & Kitchen,264.45,1,264.45
3709,1800,Books,37.37,1,37.37
3710,1800,Sports & Outdoors,176.87,1,176.87
3711,1801,Beauty,28.46,1,28.46
3712,1802,Apparel,60.03,1,60.03
3713,1802,Grocery,27.83,1,27.83
3714,1803,Apparel,110.63,1,110.63
3715,1804,Beauty,37.59,1,37.59
3716,1805,Toys & Games,23.27,1,23.27
3717,1806,Beauty,45.14,1,45.14
3718,1807,Home & Kitchen,61.01,1,61.01
3719,1807,Grocery,46.77,2,93.54
3720,1807,Sports & Outdoors,92.19,1,92.19
3721,1807,Grocery,31.42,1,31.42
3722,1808,Electronics,156.31,1,156.31
3723,1808,Beauty,23.33,1,23.33
3724,1809,Apparel,91.15,2,182.3
3725,1810,Home & Kitchen,197.99,1,197.99
3726,1811,Electronics,357.64,1,357.64
3727,1812,Home & Kitchen,74.53,2,149.06
3728,1813,Apparel,64.91,1,64.91
3729,1813,Home & Kitchen,79.82,2,159.64
3730,1814,Beauty,75.46,2,150.92
3731,1814,Home & Kitchen,196.22,1,196.22
3732,1815,Sports & Outdoors,47.84,1,47.84
3733,1815,Home & Kitchen,238.15,1,238.15
3734,1816,Apparel,141.87,2,283.74
3735,1816,Toys & Games,112.42,3,337.26
3736,1816,Apparel,29.62,1,29.62
3737,1817,Electronics,344.71,1,344.71
3738,1818,Electronics,480.56,2,961.12
3739,1818,Sports & Outdoors,64.67,2,129.34
3740,1819,Electronics,791.15,3,2373.45
3741,1820,Beauty,76.58,2,153.16
3742,1821,Apparel,42.42,1,42.42
3743,1821,Electronics,130.93,2,261.86
3744,1822,Home & Kitchen,46.54,2,93.08
3745,1822,Sports & Outdoors,104.73,1,104.73
3746,1823,Apparel,136.69,1,136.69
3747,1824,Sports & Outdoors,215.17,1,215.17
3748,1824,Home & Kitchen,233.82,2,467.64
3749,1825,Electronics,304.6,1,304.6
3750,1826,Sports & Outdoors,205.41,1,205.41
3751,1826,Electronics,515.63,1,515.63
3752,1827,Electronics,739.09,3,2217.27
3753,1828,Apparel,105.64,1,105.64
3754,1828,Electronics,154.72,2,309.44
3755,1828,Sports & Outdoors,49.83,1,49.83
3756,1829,Grocery,44.54,1,44.54
3757,1830,Electronics,520.53,1,520.53
3758,1830,Electronics,572.56,1,572.56
3759,1831,Home & Kitchen,137.95,1,137.95
3760,1831,Electronics,340.45,1,340.45
3761,1832,Toys & Games,91.46,1,91.46
3762,1833,Home & Kitchen,290.82,1,290.82
3763,1833,Electronics,324.23,1,324.23
3764,1833,Electronics,42.17,1,42.17
3765,1834,Beauty,85.07,2,170.14
3766,1834,Grocery,58.1,1,58.1
3767,1835,Sports & Outdoors,15.98,1,15.98
3768,1836,Sports & Outdoors,245.8,1,245.8
3769,1836,Beauty,41.55,1,41.55
3770,1837,Electronics,705.58,1,705.58
3771,1838,Toys & Games,118.7,1,118.7
3772,1839,Toys & Games,81.08,1,81.08
3773,1840,Home & Kitchen,97.19,3,291.57
3774,1841,Beauty,26.54,1,26.54
3775,1842,Apparel,16.53,3,49.59
3776,1842,Books,19.21,1,19.21
3777,1843,Electronics,824.46,1,824.46
3778,1844,Toys & Games,30.56,1,30.56
3779,1844,Beauty,73.29,1,73.29
3780,1845,Apparel,41.42,1,41.42
3781,1846,Toys & Games,38.79,1,38.79
3782,1847,Beauty,46.21,3,138.63
3783,1848,Sports & Outdoors,11.97,1,11.97
3784,1848,Grocery,6.14,1,6.14
3785,1848,Beauty,23.12,1,23.12
3786,1848,Apparel,49.2,2,98.4
3787,1849,Electronics,657.4,1,657.4
3788,1850,Apparel,66.45,2,132.9
3789,1851,Apparel,94.91,1,94.91
3790,1852,Grocery,21.47,1,21.47
3791,1852,Apparel,62.86,2,125.72
3792,1852,Home & Kitchen,257.13,1,257.13
3793,1852,Beauty,10.78,2,21.56
3794,1853,Apparel,68.47,1,68.47
3795,1853,Electronics,226.25,1,226.25
3796,1853,Beauty,57.71,1,57.71
3797,1853,Home & Kitchen,243.6,3,730.8
3798,1853,Apparel,29.97,1,29.97
3799,1854,Electronics,515.8,1,515.8
3800,1854,Books,43.26,1,43.26
3801,1855,Electronics,640.49,1,640.49
3802,1855,Books,24.34,1,24.34
3803,1856,Home & Kitchen,211.79,1,211.79
3804,1857,Electronics,461.73,3,1385.19
3805,1858,Books,42.47,1,42.47
3806,1858,Home & Kitchen,191.47,3,574.41
3807,1858,Beauty,29.12,1,29.12
3808,1859,Sports & Outdoors,23.61,2,47.22
3809,1859,Home & Kitchen,283.16,3,849.48
3810,1859,Home & Kitchen,291.11,1,291.11
3811,1860,Toys & Games,67.65,1,67.65
3812,1860,Home & Kitchen,262.84,1,262.84
3813,1860,Apparel,120.39,3,361.17
3814,1860,Electronics,731.24,1,731.24
3815,1861,Home & Kitchen,231.11,1,231.11
3816,1862,Grocery,4.44,1,4.44
3817,1863,Electronics,86.85,1,86.85
3818,1863,Electronics,45.54,1,45.54
3819,1863,Books,43.33,1,43.33
3820,1864,Apparel,137.38,1,137.38
3821,1864,Electronics,725.09,1,725.09
3822,1865,Toys & Games,75.12,1,75.12
3823,1866,Toys & Games,114.65,1,114.65
3824,1867,Electronics,830.49,1,830.49
3825,1867,Sports & Outdoors,83.65,1,83.65
3826,1868,Apparel,131.9,2,263.8
3827,1869,Home & Kitchen,96.95,1,96.95
3828,1870,Grocery,8.4,1,8.4
3829,1870,Home & Kitchen,63.56,1,63.56
3830,1870,Home & Kitchen,180.51,2,361.02
3831,1871,Beauty,44.97,3,134.91
3832,1871,Sports & Outdoors,173.61,1,173.61
3833,1871,Toys & Games,96.85,1,96.85
3834,1872,Electronics,834.25,2,1668.5
3835,1872,Apparel,64.45,1,64.45
3836,1873,Toys & Games,98.7,1,98.7
3837,1873,Toys & Games,65.69,1,65.69
3838,1873,Sports & Outdoors,230.96,1,230.96
3839,1873,Apparel,48.63,1,48.63
3840,1874,Apparel,14.85,1,14.85
3841,1874,Sports & Outdoors,53.77,1,53.77
3842,1875,Toys & Games,32.68,2,65.36
3843,1875,Apparel,98.78,2,197.56
3844,1875,Apparel,94.93,1,94.93
3845,1876,Sports & Outdoors,155.39,1,155.39
3846,1877,Electronics,769.59,2,1539.18
3847,1878,Toys & Games,93.1,1,93.1
3848,1878,Home & Kitchen,18.04,1,18.04
3849,1879,Home & Kitchen,247.96,1,247.96
3850,1880,Toys & Games,13.42,1,13.42
3851,1881,Books,33.77,2,67.54
3852,1882,Electronics,403.63,2,807.26
3853,1882,Beauty,63.9,1,63.9
3854,1882,Electronics,65.07,3,195.21
3855,1883,Apparel,58.14,1,58.14
3856,1884,Electronics,676.0,1,676.0
3857,1884,Electronics,168.33,3,504.99
3858,1885,Beauty,80.74,2,161.48
3859,1885,Electronics,246.11,1,246.11
3860,1885,Apparel,59.4,1,59.4
3861,1886,Books,25.01,1,25.01
3862,1886,Electronics,239.04,1,239.04
3863,1886,Electronics,233.3,1,233.3
3864,1886,Home & Kitchen,51.0,2,102.0
3865,1886,Apparel,104.74,2,209.48
3866,1887,Apparel,134.3,1,134.3
3867,1888,Toys & Games,94.22,1,94.22
3868,1888,Beauty,77.07,1,77.07
3869,1888,Electronics,176.72,1,176.72
3870,1889,Sports & Outdoors,160.47,1,160.47
3871,1890,Apparel,15.1,2,30.2
3872,1891,Apparel,55.41,2,110.82
3873,1891,Books,17.47,1,17.47
3874,1892,Toys & Games,28.07,2,56.14
3875,1892,Electronics,613.52,2,1227.04
3876,1893,Beauty,38.57,1,38.57
3877,1894,Electronics,451.5,1,451.5
3878,1895,Sports & Outdoors,239.9,1,239.9
3879,1896,Beauty,81.23,1,81.23
3880,1896,Apparel,23.46,2,46.92
3881,1897,Apparel,50.64,2,101.28
3882,1898,Sports & Outdoors,222.75,1,222.75
3883,1898,Books,37.72,1,37.72
3884,1898,Electronics,294.09,1,294.09
3885,1898,Grocery,24.32,2,48.64
3886,1898,Books,21.05,1,21.05
3887,1899,Home & Kitchen,240.3,1,240.3
3888,1900,Toys & Games,9.81,1,9.81
3889,1900,Apparel,19.01,1,19.01
3890,1900,Beauty,83.36,1,83.36
3891,1901,Toys & Games,34.35,1,34.35
3892,1901,Apparel,76.67,2,153.34
3893,1901,Sports & Outdoors,67.23,1,67.23
3894,1901,Apparel,119.73,1,119.73
3895,1901,Grocery,49.73,1,49.73
3896,1902,Grocery,31.1,1,31.1
3897,1903,Apparel,82.09,1,82.09
3898,1904,Apparel,59.53,1,59.53
3899,1904,Apparel,110.98,1,110.98
3900,1905,Books,17.61,1,17.61
3901,1905,Electronics,156.7,1,156.7
3902,1906,Grocery,46.63,1,46.63
3903,1906,Beauty,33.45,1,33.45
3904,1907,Electronics,339.63,1,339.63
3905,1907,Beauty,49.51,1,49.51
3906,1908,Toys & Games,24.07,1,24.07
3907,1908,Beauty,23.81,1,23.81
3908,1908,Beauty,34.35,2,68.7
3909,1908,Electronics,826.07,2,1652.14
3910,1908,Sports & Outdoors,73.02,1,73.02
3911,1909,Home & Kitchen,231.08,1,231.08
3912,1909,Grocery,5.89,1,5.89
3913,1909,Electronics,128.93,1,128.93
3914,1909,Books,17.11,2,34.22
3915,1910,Electronics,349.01,1,349.01
3916,1911,Apparel,26.56,1,26.56
3917,1912,Beauty,12.84,1,12.84
3918,1912,Electronics,609.22,1,609.22
3919,1913,Grocery,57.73,2,115.46
3920,1914,Apparel,25.37,1,25.37
3921,1914,Sports & Outdoors,101.92,1,101.92
3922,1914,Books,25.06,1,25.06
3923,1914,Electronics,205.77,1,205.77
3924,1914,Home & Kitchen,236.06,2,472.12
3925,1915,Toys & Games,35.37,1,35.37
3926,1916,Home & Kitchen,109.2,2,218.4
3927,1917,Sports & Outdoors,26.63,1,26.63
3928,1917,Books,21.84,1,21.84
3929,1918,Toys & Games,48.74,1,48.74
3930,1919,Sports & Outdoors,43.6,1,43.6
3931,1920,Apparel,144.96,1,144.96
3932,1920,Sports & Outdoors,167.62,2,335.24
3933,1920,Home & Kitchen,129.52,1,129.52
3934,1921,Home & Kitchen,101.31,1,101.31
3935,1921,Sports & Outdoors,185.0,2,370.0
3936,1922,Books,9.85,3,29.55
3937,1923,Books,8.87,2,17.74
3938,1923,Beauty,11.33,1,11.33
3939,1923,Home & Kitchen,68.71,1,68.71
3940,1924,Apparel,114.26,1,114.26
3941,1925,Beauty,17.45,1,17.45
3942,1926,Electronics,354.64,3,1063.92
3943,1926,Electronics,376.08,1,376.08
3944,1926,Beauty,30.86,2,61.72
3945,1926,Grocery,51.55,1,51.55
3946,1927,Sports & Outdoors,184.86,1,184.86
3947,1928,Toys & Games,21.15,3,63.45
3948,1929,Sports & Outdoors,127.01,2,254.02
3949,1930,Toys & Games,35.12,1,35.12
3950,1930,Beauty,83.79,1,83.79
3951,1930,Apparel,65.11,1,65.11
3952,1931,Apparel,129.71,1,129.71
3953,1932,Grocery,53.85,2,107.7
3954,1933,Beauty,70.29,2,140.58
3955,1933,Sports & Outdoors,245.15,2,490.3
3956,1934,Home & Kitchen,221.83,1,221.83
3957,1934,Electronics,800.77,3,2402.31
3958,1934,Home & Kitchen,20.22,2,40.44
3959,1934,Home & Kitchen,36.38,1,36.38
3960,1935,Toys & Games,115.13,1,115.13
3961,1936,Apparel,142.99,3,428.97
3962,1937,Beauty,60.03,2,120.06
3963,1937,Electronics,233.4,3,700.2
3964,1938,Electronics,218.85,1,218.85
3965,1939,Toys & Games,93.12,1,93.12
3966,1940,Books,28.79,2,57.58
3967,1941,Electronics,366.72,1,366.72
3968,1941,Beauty,17.34,3,52.02
3969,1941,Beauty,83.75,2,167.5
3970,1942,Home & Kitchen,249.53,1,249.53
3971,1943,Grocery,33.99,3,101.97
3972,1943,Sports & Outdoors,38.97,2,77.94
3973,1944,Grocery,31.03,1,31.03
3974,1944,Home & Kitchen,264.97,1,264.97
3975,1944,Electronics,810.26,1,810.26
3976,1944,Electronics,159.72,2,319.44
3977,1945,Electronics,539.65,1,539.65
3978,1945,Beauty,30.9,1,30.9
3979,1945,Beauty,52.19,1,52.19
3980,1946,Electronics,631.95,1,631.95
3981,1946,Apparel,101.28,1,101.28
3982,1947,Electronics,136.15,1,136.15
3983,1947,Electronics,122.03,1,122.03
3984,1947,Electronics,784.86,1,784.86
3985,1948,Electronics,547.73,1,547.73
3986,1949,Apparel,148.09,1,148.09
3987,1949,Apparel,135.41,1,135.41
3988,1949,Sports & Outdoors,108.02,2,216.04
3989,1950,Grocery,38.86,3,116.58
3990,1950,Apparel,138.28,1,138.28
3991,1951,Sports & Outdoors,48.31,1,48.31
3992,1951,Toys & Games,44.89,3,134.67
3993,1952,Grocery,17.17,1,17.17
3994,1952,Sports & Outdoors,223.52,1,223.52
3995,1952,Toys & Games,15.09,1,15.09
3996,1952,Sports & Outdoors,55.68,2,111.36
3997,1952,Grocery,54.29,1,54.29
3998,1953,Electronics,694.82,1,694.82
3999,1953,Beauty,11.87,1,11.87
4000,1953,Home & Kitchen,208.0,2,416.0
4001,1953,Electronics,171.14,2,342.28
4002,1953,Books,15.23,1,15.23
4003,1954,Toys & Games,24.75,2,49.5
4004,1954,Beauty,85.07,2,170.14
4005,1955,Apparel,137.93,2,275.86
4006,1956,Toys & Games,66.05,2,132.1
4007,1956,Sports & Outdoors,129.9,1,129.9
4008,1956,Apparel,47.8,1,47.8
4009,1957,Grocery,53.8,1,53.8
4010,1957,Books,22.26,1,22.26
4011,1958,Books,13.41,1,13.41
4012,1959,Beauty,59.72,1,59.72
4013,1960,Apparel,38.63,1,38.63
4014,1960,Toys & Games,75.21,1,75.21
4015,1961,Books,18.85,2,37.7
4016,1962,Books,15.06,3,45.18
4017,1962,Beauty,21.78,1,21.78
4018,1962,Home & Kitchen,248.61,1,248.61
4019,1962,Toys & Games,98.94,1,98.94
4020,1963,Grocery,45.42,2,90.84
4021,1964,Apparel,104.7,2,209.4
4022,1964,Electronics,563.78,1,563.78
4023,1964,Apparel,13.62,2,27.24
4024,1964,Electronics,795.18,1,795.18
4025,1964,Beauty,75.95,1,75.95
4026,1965,Apparel,94.81,1,94.81
4027,1965,Books,27.82,3,83.46
4028,1966,Apparel,67.22,3,201.66
4029,1966,Apparel,28.76,2,57.52
4030,1967,Beauty,75.33,1,75.33
4031,1967,Sports & Outdoors,210.34,2,420.68
4032,1968,Home & Kitchen,258.36,2,516.72
4033,1969,Electronics,723.61,1,723.61
4034,1969,Beauty,16.32,2,32.64
4035,1970,Grocery,48.58,2,97.16
4036,1971,Books,22.23,1,22.23
4037,1972,Grocery,44.8,1,44.8
4038,1972,Electronics,452.45,3,1357.35
4039,1972,Toys & Games,112.51,1,112.51
4040,1972,Toys & Games,43.81,1,43.81
4041,1973,Electronics,208.37,1,208.37
4042,1973,Books,7.53,1,7.53
4043,1974,Apparel,101.58,3,304.74
4044,1975,Toys & Games,72.23,1,72.23
4045,1975,Electronics,718.78,1,718.78
4046,1976,Sports & Outdoors,165.07,1,165.07
4047,1976,Apparel,83.19,2,166.38
4048,1976,Beauty,87.55,1,87.55
4049,1977,Home & Kitchen,242.14,2,484.28
4050,1978,Home & Kitchen,115.59,2,231.18
4051,1978,Sports & Outdoors,103.19,1,103.19
4052,1978,Sports & Outdoors,94.69,1,94.69
4053,1978,Beauty,34.49,1,34.49
4054,1979,Home & Kitchen,30.65,1,30.65
4055,1980,Toys & Games,48.68,1,48.68
4056,1981,Beauty,74.36,1,74.36
4057,1981,Home & Kitchen,289.14,2,578.28
4058,1982,Books,33.23,1,33.23
4059,1983,Toys & Games,104.94,1,104.94
4060,1984,Home & Kitchen,297.57,3,892.71
4061,1985,Sports & Outdoors,79.16,1,79.16
4062,1986,Electronics,329.87,1,329.87
4063,1986,Home & Kitchen,94.9,1,94.9
4064,1987,Home & Kitchen,28.99,1,28.99
4065,1987,Beauty,67.34,1,67.34
4066,1987,Toys & Games,23.73,1,23.73
4067,1987,Apparel,79.81,3,239.43
4068,1987,Toys & Games,105.65,1,105.65
4069,1988,Electronics,764.45,1,764.45
4070,1989,Sports & Outdoors,149.82,2,299.64
4071,1989,Home & Kitchen,52.85,1,52.85
4072,1990,Apparel,35.45,2,70.9
4073,1990,Electronics,335.97,1,335.97
4074,1991,Apparel,61.37,1,61.37
4075,1991,Electronics,836.91,1,836.91
4076,1992,Beauty,14.86,2,29.72
4077,1993,Toys & Games,68.18,1,68.18
4078,1994,Home & Kitchen,116.13,1,116.13
4079,1994,Electronics,681.03,1,681.03
4080,1994,Grocery,20.62,2,41.24
4081,1995,Apparel,21.84,1,21.84
4082,1996,Grocery,6.01,1,6.01
4083,1997,Electronics,260.81,3,782.43
4084,1998,Beauty,75.41,2,150.82
4085,1999,Apparel,128.47,1,128.47
4086,1999,Toys & Games,71.47,2,142.94
4087,2000,Beauty,69.93,2,139.86
4088,2000,Beauty,12.65,2,25.3
4089,2001,Home & Kitchen,199.38,1,199.38
4090,2001,Sports & Outdoors,71.0,1,71.0
4091,2001,Electronics,661.06,1,661.06
4092,2002,Grocery,12.75,1,12.75
4093,2002,Apparel,54.13,1,54.13
4094,2003,Home & Kitchen,32.8,3,98.4
4095,2003,Apparel,104.26,1,104.26
4096,2003,Electronics,43.1,1,43.1
4097,2004,Beauty,8.05,1,8.05
4098,2004,Sports & Outdoors,54.83,2,109.66
4099,2005,Toys & Games,45.38,1,45.38
4100,2006,Home & Kitchen,125.42,1,125.42
4101,2007,Apparel,72.46,1,72.46
4102,2008,Grocery,14.38,1,14.38
4103,2008,Apparel,68.98,1,68.98
4104,2009,Electronics,145.7,1,145.7
4105,2009,Electronics,686.42,1,686.42
4106,2009,Sports & Outdoors,193.06,1,193.06
4107,2009,Home & Kitchen,163.08,2,326.16
4108,2009,Electronics,312.45,2,624.9
4109,2010,Home & Kitchen,248.7,1,248.7
4110,2011,Apparel,56.16,2,112.32
4111,2011,Apparel,67.69,1,67.69
4112,2011,Electronics,333.17,2,666.34
4113,2012,Electronics,52.0,1,52.0
4114,2013,Apparel,46.09,1,46.09
4115,2013,Electronics,54.99,1,54.99
4116,2013,Apparel,84.84,1,84.84
4117,2014,Sports & Outdoors,233.52,1,233.52
4118,2015,Home & Kitchen,80.85,3,242.55
4119,2016,Home & Kitchen,296.46,2,592.92
4120,2016,Apparel,88.1,1,88.1
4121,2017,Home & Kitchen,97.68,1,97.68
4122,2018,Electronics,97.72,1,97.72
4123,2019,Grocery,21.06,1,21.06
4124,2019,Electronics,818.23,1,818.23
4125,2019,Beauty,81.46,2,162.92
4126,2019,Books,36.16,2,72.32
4127,2020,Apparel,73.0,1,73.0
4128,2020,Apparel,126.06,1,126.06
4129,2020,Toys & Games,41.73,1,41.73
4130,2021,Electronics,422.82,1,422.82
4131,2021,Apparel,60.51,1,60.51
4132,2021,Grocery,13.51,1,13.51
4133,2022,Apparel,117.18,3,351.54
4134,2023,Electronics,337.02,1,337.02
4135,2024,Apparel,74.26,3,222.78
4136,2024,Home & Kitchen,75.04,1,75.04
4137,2025,Beauty,62.53,2,125.06
4138,2025,Toys & Games,30.79,1,30.79
4139,2025,Sports & Outdoors,45.0,2,90.0
4140,2026,Electronics,365.79,1,365.79
4141,2026,Apparel,147.86,1,147.86
4142,2026,Home & Kitchen,207.92,1,207.92
4143,2027,Books,44.34,1,44.34
4144,2027,Grocery,21.08,1,21.08
4145,2027,Home & Kitchen,28.5,2,57.0
4146,2027,Electronics,667.69,1,667.69
4147,2028,Sports & Outdoors,140.46,1,140.46
4148,2028,Home & Kitchen,25.19,2,50.38
4149,2028,Electronics,551.21,1,551.21
4150,2028,Apparel,99.3,2,198.6
4151,2028,Electronics,556.74,2,1113.48
4152,2029,Toys & Games,106.68,1,106.68
4153,2030,Electronics,177.67,1,177.67
4154,2031,Toys & Games,13.68,2,27.36
4155,2032,Electronics,735.99,2,1471.98
4156,2032,Grocery,56.4,1,56.4
4157,2032,Home & Kitchen,274.77,1,274.77
4158,2033,Books,23.44,1,23.44
4159,2033,Beauty,83.57,1,83.57
4160,2034,Books,30.11,1,30.11
4161,2035,Toys & Games,42.79,1,42.79
4162,2035,Home & Kitchen,52.06,3,156.18
4163,2035,Home & Kitchen,159.11,1,159.11
4164,2035,Electronics,231.11,1,231.11
4165,2035,Home & Kitchen,71.91,3,215.73
4166,2036,Apparel,96.91,1,96.91
4167,2036,Electronics,584.01,1,584.01
4168,2036,Electronics,343.09,1,343.09
4169,2037,Toys & Games,62.46,3,187.38
4170,2037,Home & Kitchen,49.92,1,49.92
4171,2037,Toys & Games,68.26,2,136.52
4172,2038,Apparel,72.84,2,145.68
4173,2039,Electronics,863.71,1,863.71
4174,2040,Electronics,743.68,2,1487.36
4175,2040,Beauty,47.35,1,47.35
4176,2040,Apparel,79.69,2,159.38
4177,2040,Books,25.34,2,50.68
4178,2041,Electronics,46.15,1,46.15
4179,2042,Apparel,41.87,1,41.87
4180,2042,Home & Kitchen,39.4,2,78.8
4181,2042,Home & Kitchen,132.76,1,132.76
4182,2042,Books,44.45,1,44.45
4183,2042,Apparel,35.22,2,70.44
4184,2043,Electronics,350.69,1,350.69
4185,2043,Toys & Games,10.0,1,10.0
4186,2044,Electronics,568.8,1,568.8
4187,2044,Grocery,54.37,1,54.37
4188,2045,Apparel,132.12,1,132.12
4189,2046,Apparel,69.9,1,69.9
4190,2046,Apparel,55.39,1,55.39
4191,2046,Grocery,33.86,1,33.86
4192,2047,Apparel,77.07,1,77.07
4193,2047,Sports & Outdoors,92.68,2,185.36
4194,2047,Apparel,67.68,1,67.68
4195,2048,Sports & Outdoors,112.07,1,112.07
4196,2048,Beauty,49.98,1,49.98
4197,2049,Beauty,26.19,1,26.19
4198,2049,Electronics,406.69,1,406.69
4199,2049,Apparel,117.47,1,117.47
4200,2050,Electronics,98.51,2,197.02
4201,2050,Apparel,148.14,1,148.14
4202,2050,Electronics,545.87,1,545.87
4203,2050,Apparel,139.1,1,139.1
4204,2051,Electronics,69.65,3,208.95
4205,2052,Toys & Games,13.78,1,13.78
4206,2052,Home & Kitchen,37.36,1,37.36
4207,2052,Beauty,60.7,2,121.4
4208,2053,Grocery,23.04,1,23.04
4209,2054,Home & Kitchen,89.46,1,89.46
4210,2055,Books,7.11,1,7.11
4211,2055,Grocery,18.66,2,37.32
4212,2056,Apparel,80.8,2,161.6
4213,2057,Apparel,26.32,2,52.64
4214,2057,Home & Kitchen,65.31,1,65.31
4215,2058,Electronics,642.36,1,642.36
4216,2058,Apparel,39.14,1,39.14
4217,2059,Toys & Games,13.7,1,13.7
4218,2060,Toys & Games,24.18,1,24.18
4219,2060,Electronics,424.1,2,848.2
4220,2060,Books,28.24,2,56.48
4221,2061,Toys & Games,71.04,3,213.12
4222,2061,Sports & Outdoors,145.28,1,145.28
4223,2061,Toys & Games,18.1,1,18.1
4224,2062,Grocery,34.62,1,34.62
4225,2063,Sports & Outdoors,143.27,2,286.54
4226,2063,Home & Kitchen,178.68,1,178.68
4227,2064,Electronics,384.35,1,384.35
4228,2064,Home & Kitchen,106.58,1,106.58
4229,2065,Home & Kitchen,147.26,1,147.26
4230,2066,Home & Kitchen,220.54,1,220.54
4231,2066,Electronics,747.26,1,747.26
4232,2066,Sports & Outdoors,136.58,1,136.58
4233,2067,Toys & Games,91.97,2,183.94
4234,2068,Sports & Outdoors,209.07,2,418.14
4235,2069,Toys & Games,81.44,2,162.88
4236,2069,Electronics,624.42,1,624.42
4237,2069,Sports & Outdoors,160.83,1,160.83
4238,2070,Home & Kitchen,47.92,1,47.92
4239,2071,Electronics,451.51,2,903.02
4240,2072,Home & Kitchen,264.35,2,528.7
4241,2072,Electronics,626.99,1,626.99
4242,2073,Sports & Outdoors,49.59,1,49.59
4243,2073,Apparel,87.69,1,87.69
4244,2074,Beauty,27.86,2,55.72
4245,2074,Electronics,260.62,1,260.62
4246,2074,Electronics,559.46,1,559.46
4247,2074,Home & Kitchen,98.9,1,98.9
4248,2075,Beauty,32.38,3,97.14
4249,2075,Apparel,110.27,1,110.27
4250,2076,Grocery,35.88,1,35.88
4251,2076,Toys & Games,16.0,1,16.0
4252,2077,Books,24.85,2,49.7
4253,2077,Home & Kitchen,269.23,1,269.23
4254,2078,Home & Kitchen,135.12,1,135.12
4255,2078,Apparel,79.83,1,79.83
4256,2078,Toys & Games,71.16,2,142.32
4257,2078,Sports & Outdoors,61.02,2,122.04
4258,2079,Apparel,94.81,2,189.62
4259,2079,Apparel,28.31,1,28.31
4260,2079,Home & Kitchen,223.66,1,223.66
4261,2080,Books,21.98,1,21.98
4262,2081,Books,15.66,1,15.66
4263,2081,Home & Kitchen,74.37,1,74.37
4264,2081,Books,14.56,2,29.12
4265,2082,Home & Kitchen,34.96,3,104.88
4266,2082,Sports & Outdoors,159.09,1,159.09
4267,2083,Toys & Games,48.57,3,145.71
4268,2083,Electronics,593.78,1,593.78
4269,2083,Apparel,99.46,1,99.46
4270,2084,Home & Kitchen,193.34,1,193.34
4271,2085,Sports & Outdoors,59.87,1,59.87
4272,2085,Electronics,377.72,1,377.72
4273,2086,Grocery,9.67,1,9.67
4274,2086,Home & Kitchen,166.81,1,166.81
4275,2086,Electronics,648.67,3,1946.01
4276,2086,Beauty,35.03,3,105.09
4277,2087,Sports & Outdoors,178.08,1,178.08
4278,2087,Electronics,635.79,1,635.79
4279,2088,Home & Kitchen,153.45,1,153.45
4280,2088,Home & Kitchen,62.7,1,62.7
4281,2088,Apparel,18.35,1,18.35
4282,2089,Electronics,567.88,2,1135.76
4283,2089,Electronics,466.82,1,466.82
4284,2089,Electronics,257.15,2,514.3
4285,2089,Beauty,33.89,2,67.78
4286,2090,Electronics,421.5,3,1264.5
4287,2090,Sports & Outdoors,174.23,1,174.23
4288,2090,Electronics,856.57,1,856.57
4289,2091,Home & Kitchen,240.26,3,720.78
4290,2092,Home & Kitchen,67.29,1,67.29
4291,2092,Sports & Outdoors,128.6,2,257.2
4292,2092,Apparel,128.19,1,128.19
4293,2093,Grocery,43.54,1,43.54
4294,2094,Apparel,139.1,1,139.1
4295,2094,Beauty,42.06,2,84.12
4296,2095,Books,20.21,1,20.21
4297,2095,Home & Kitchen,42.56,2,85.12
4298,2095,Electronics,433.91,1,433.91
4299,2095,Grocery,7.51,1,7.51
4300,2096,Apparel,83.21,1,83.21
4301,2097,Home & Kitchen,66.92,1,66.92
4302,2097,Apparel,18.99,2,37.98
4303,2097,Apparel,142.43,2,284.86
4304,2098,Apparel,136.36,1,136.36
4305,2098,Sports & Outdoors,156.62,2,313.24
4306,2099,Electronics,378.5,1,378.5
4307,2100,Home & Kitchen,189.44,1,189.44
4308,2100,Electronics,854.74,2,1709.48
4309,2100,Apparel,144.3,1,144.3
4310,2101,Books,17.51,1,17.51
4311,2102,Beauty,59.25,1,59.25
4312,2103,Sports & Outdoors,178.82,1,178.82
4313,2104,Sports & Outdoors,65.22,2,130.44
4314,2104,Toys & Games,99.23,1,99.23
4315,2105,Toys & Games,55.81,2,111.62
4316,2106,Grocery,8.12,1,8.12
4317,2107,Sports & Outdoors,231.82,1,231.82
4318,2108,Books,28.35,1,28.35
4319,2108,Apparel,107.02,1,107.02
4320,2108,Apparel,44.64,1,44.64
4321,2108,Books,28.69,1,28.69
4322,2108,Electronics,226.76,1,226.76
4323,2109,Apparel,89.69,1,89.69
4324,2109,Home & Kitchen,259.41,1,259.41
4325,2109,Electronics,768.92,1,768.92
4326,2110,Beauty,84.08,1,84.08
4327,2110,Apparel,141.28,1,141.28
4328,2111,Books,10.06,1,10.06
4329,2112,Home & Kitchen,214.8,1,214.8
4330,2113,Home & Kitchen,295.03,3,885.09
4331,2113,Home & Kitchen,169.48,1,169.48
4332,2113,Apparel,103.36,1,103.36
4333,2113,Electronics,773.35,3,2320.05
4334,2114,Home & Kitchen,172.12,1,172.12
4335,2114,Toys & Games,84.55,1,84.55
4336,2115,Books,38.08,1,38.08
4337,2116,Electronics,430.61,1,430.61
4338,2116,Beauty,23.58,1,23.58
4339,2117,Sports & Outdoors,83.61,1,83.61
4340,2118,Toys & Games,52.95,1,52.95
4341,2118,Books,37.33,3,111.99
4342,2119,Home & Kitchen,194.04,1,194.04
4343,2120,Electronics,611.08,2,1222.16
4344,2121,Sports & Outdoors,95.97,3,287.91
4345,2122,Home & Kitchen,104.6,1,104.6
4346,2122,Books,23.5,1,23.5
4347,2123,Apparel,88.41,1,88.41
4348,2123,Beauty,43.42,1,43.42
4349,2124,Grocery,29.93,1,29.93
4350,2125,Electronics,416.79,1,416.79
4351,2126,Beauty,11.24,1,11.24
4352,2126,Apparel,139.54,2,279.08
4353,2127,Sports & Outdoors,52.5,1,52.5
4354,2128,Home & Kitchen,288.51,1,288.51
4355,2128,Sports & Outdoors,210.6,1,210.6
4356,2129,Sports & Outdoors,54.7,1,54.7
4357,2130,Home & Kitchen,163.32,2,326.64
4358,2131,Apparel,129.6,1,129.6
4359,2131,Electronics,421.49,1,421.49
4360,2132,Apparel,111.13,1,111.13
4361,2132,Home & Kitchen,22.29,1,22.29
4362,2133,Home & Kitchen,29.74,1,29.74
4363,2133,Beauty,53.1,3,159.3
4364,2133,Beauty,62.66,1,62.66
4365,2133,Electronics,557.73,2,1115.46
4366,2133,Beauty,44.31,1,44.31
4367,2134,Home & Kitchen,174.5,1,174.5
4368,2134,Home & Kitchen,192.4,1,192.4
4369,2135,Beauty,38.63,1,38.63
4370,2136,Sports & Outdoors,87.56,2,175.12
4371,2137,Beauty,30.48,2,60.96
4372,2138,Apparel,73.85,1,73.85
4373,2138,Sports & Outdoors,16.61,2,33.22
4374,2139,Sports & Outdoors,196.41,1,196.41
4375,2139,Sports & Outdoors,71.93,2,143.86
4376,2140,Books,9.37,2,18.74
4377,2141,Home & Kitchen,271.59,1,271.59
4378,2141,Grocery,23.69,2,47.38
4379,2141,Sports & Outdoors,240.47,2,480.94
4380,2142,Electronics,597.79,1,597.79
4381,2142,Toys & Games,15.39,3,46.17
4382,2142,Home & Kitchen,63.63,3,190.89
4383,2143,Home & Kitchen,214.62,3,643.86
4384,2144,Sports & Outdoors,23.49,1,23.49
4385,2145,Grocery,34.69,1,34.69
4386,2145,Electronics,653.35,1,653.35
4387,2145,Electronics,210.65,1,210.65
4388,2146,Apparel,82.71,1,82.71
4389,2147,Apparel,14.04,1,14.04
4390,2147,Apparel,90.21,1,90.21
4391,2147,Grocery,58.33,1,58.33
4392,2147,Sports & Outdoors,112.21,3,336.63
4393,2148,Beauty,28.1,1,28.1
4394,2149,Toys & Games,15.1,1,15.1
4395,2149,Sports & Outdoors,194.31,1,194.31
4396,2150,Apparel,24.44,1,24.44
4397,2151,Beauty,81.64,1,81.64
4398,2151,Apparel,131.39,2,262.78
4399,2152,Apparel,137.56,1,137.56
4400,2153,Beauty,64.22,1,64.22
4401,2153,Grocery,48.58,1,48.58
4402,2153,Beauty,38.87,1,38.87
4403,2154,Home & Kitchen,152.4,1,152.4
4404,2155,Beauty,69.64,3,208.92
4405,2156,Grocery,17.35,2,34.7
4406,2157,Books,42.19,1,42.19
4407,2158,Electronics,237.77,2,475.54
4408,2158,Apparel,27.42,3,82.26
4409,2158,Electronics,169.17,1,169.17
4410,2159,Electronics,796.76,1,796.76
4411,2160,Beauty,86.48,1,86.48
4412,2160,Books,11.18,1,11.18
4413,2161,Toys & Games,73.21,1,73.21
4414,2161,Beauty,72.95,1,72.95
4415,2161,Home & Kitchen,27.15,1,27.15
4416,2161,Electronics,866.1,1,866.1
4417,2161,Electronics,875.97,1,875.97
4418,2162,Home & Kitchen,173.2,1,173.2
4419,2163,Electronics,780.89,1,780.89
4420,2163,Home & Kitchen,115.38,2,230.76
4421,2164,Electronics,759.46,1,759.46
4422,2165,Electronics,106.5,1,106.5
4423,2166,Grocery,39.16,1,39.16
4424,2166,Beauty,82.05,1,82.05
4425,2167,Electronics,571.6,1,571.6
4426,2167,Home & Kitchen,106.73,1,106.73
4427,2168,Beauty,80.29,2,160.58
4428,2168,Electronics,524.59,1,524.59
4429,2169,Beauty,20.66,1,20.66
4430,2170,Beauty,35.87,1,35.87
4431,2170,Toys & Games,13.93,1,13.93
4432,2171,Books,25.43,3,76.29
4433,2171,Home & Kitchen,213.5,1,213.5
4434,2171,Home & Kitchen,181.82,2,363.64
4435,2172,Apparel,35.25,1,35.25
4436,2172,Electronics,786.6,3,2359.8
4437,2173,Grocery,51.36,1,51.36
4438,2173,Apparel,92.62,1,92.62
4439,2173,Beauty,65.95,1,65.95
4440,2174,Apparel,129.36,1,129.36
4441,2174,Home & Kitchen,93.73,2,187.46
4442,2175,Sports & Outdoors,224.08,1,224.08
4443,2175,Beauty,42.5,1,42.5
4444,2175,Electronics,728.75,1,728.75
4445,2175,Home & Kitchen,81.87,1,81.87
4446,2176,Beauty,88.3,1,88.3
4447,2176,Home & Kitchen,88.2,2,176.4
4448,2176,Electronics,565.02,2,1130.04
4449,2176,Beauty,14.46,1,14.46
4450,2177,Grocery,26.96,1,26.96
4451,2177,Home & Kitchen,203.16,2,406.32
4452,2177,Grocery,54.94,1,54.94
4453,2177,Sports & Outdoors,10.57,1,10.57
4454,2178,Apparel,88.58,2,177.16
4455,2179,Toys & Games,114.16,2,228.32
4456,2179,Toys & Games,10.16,1,10.16
4457,2180,Home & Kitchen,199.93,1,199.93
4458,2180,Beauty,74.87,1,74.87
4459,2180,Grocery,15.95,2,31.9
4460,2180,Electronics,506.77,3,1520.31
4461,2181,Electronics,255.92,1,255.92
4462,2182,Apparel,39.54,2,79.08
4463,2182,Apparel,20.94,1,20.94
4464,2182,Grocery,35.69,1,35.69
4465,2183,Toys & Games,104.46,1,104.46
4466,2183,Home & Kitchen,208.6,1,208.6
4467,2183,Apparel,82.04,1,82.04
4468,2183,Toys & Games,44.2,2,88.4
4469,2184,Electronics,462.1,1,462.1
4470,2184,Home & Kitchen,248.9,2,497.8
4471,2184,Electronics,463.27,2,926.54
4472,2185,Toys & Games,113.67,3,341.01
4473,2186,Electronics,370.73,2,741.46
4474,2187,Electronics,522.34,1,522.34
4475,2187,Beauty,67.72,1,67.72
4476,2188,Toys & Games,80.62,1,80.62
4477,2188,Apparel,14.78,1,14.78
4478,2188,Beauty,74.03,1,74.03
4479,2189,Grocery,44.13,1,44.13
4480,2189,Beauty,74.95,2,149.9
4481,2189,Grocery,44.91,1,44.91
4482,2189,Grocery,57.68,1,57.68
4483,2189,Beauty,74.36,1,74.36
4484,2190,Sports & Outdoors,37.94,1,37.94
4485,2190,Toys & Games,42.02,1,42.02
4486,2191,Books,26.49,3,79.47
4487,2192,Books,17.54,1,17.54
4488,2192,Apparel,47.86,1,47.86
4489,2192,Grocery,16.02,1,16.02
4490,2193,Toys & Games,41.32,1,41.32
4491,2194,Electronics,207.81,3,623.43
4492,2195,Beauty,24.73,1,24.73
4493,2196,Toys & Games,8.07,1,8.07
4494,2197,Beauty,61.01,1,61.01
4495,2197,Electronics,674.83,1,674.83
4496,2197,Beauty,42.13,1,42.13
4497,2197,Sports & Outdoors,181.07,1,181.07
4498,2198,Beauty,13.71,1,13.71
4499,2198,Sports & Outdoors,179.08,2,358.16
4500,2199,Apparel,37.41,1,37.41
4501,2199,Electronics,733.39,1,733.39
4502,2200,Electronics,361.83,1,361.83
4503,2201,Apparel,134.71,1,134.71
4504,2202,Electronics,570.19,1,570.19
4505,2202,Apparel,147.04,1,147.04
4506,2203,Apparel,18.9,1,18.9
4507,2203,Apparel,64.4,1,64.4
4508,2203,Beauty,43.86,1,43.86
4509,2203,Grocery,57.6,1,57.6
4510,2204,Grocery,31.34,2,62.68
4511,2204,Electronics,413.38,1,413.38
4512,2205,Home & Kitchen,181.28,1,181.28
4513,2205,Home & Kitchen,78.51,1,78.51
4514,2205,Apparel,18.1,1,18.1
4515,2205,Home & Kitchen,52.35,1,52.35
4516,2206,Home & Kitchen,184.88,1,184.88
4517,2207,Home & Kitchen,154.97,1,154.97
4518,2207,Sports & Outdoors,185.07,1,185.07
4519,2208,Apparel,65.25,1,65.25
4520,2208,Electronics,387.5,2,775.0
4521,2208,Toys & Games,107.25,1,107.25
4522,2208,Books,25.6,1,25.6
4523,2209,Beauty,48.16,1,48.16
4524,2209,Electronics,565.07,1,565.07
4525,2209,Home & Kitchen,168.25,2,336.5
4526,2209,Apparel,87.94,1,87.94
4527,2209,Apparel,139.63,2,279.26
4528,2210,Books,19.8,3,59.4
4529,2210,Apparel,17.52,1,17.52
4530,2210,Apparel,33.21,3,99.63
4531,2211,Electronics,814.48,1,814.48
4532,2212,Electronics,668.52,1,668.52
4533,2213,Electronics,888.57,1,888.57
4534,2213,Home & Kitchen,266.85,1,266.85
4535,2213,Apparel,100.75,1,100.75
4536,2213,Electronics,427.38,1,427.38
4537,2213,Apparel,87.36,1,87.36
4538,2214,Electronics,623.72,2,1247.44
4539,2214,Home & Kitchen,155.7,3,467.1
4540,2215,Apparel,103.87,1,103.87
4541,2216,Apparel,18.68,2,37.36
4542,2216,Electronics,281.94,1,281.94
4543,2217,Electronics,158.28,1,158.28
4544,2218,Apparel,104.22,1,104.22
4545,2218,Sports & Outdoors,223.79,1,223.79
4546,2218,Apparel,87.05,1,87.05
4547,2219,Sports & Outdoors,145.14,1,145.14
4548,2219,Beauty,17.47,2,34.94
4549,2219,Beauty,67.68,1,67.68
4550,2220,Toys & Games,80.22,1,80.22
4551,2220,Grocery,59.11,1,59.11
4552,2220,Home & Kitchen,171.25,1,171.25
4553,2220,Electronics,502.43,3,1507.29
4554,2220,Electronics,824.7,2,1649.4
4555,2221,Grocery,33.2,1,33.2
4556,2222,Electronics,794.5,1,794.5
4557,2222,Grocery,28.95,1,28.95
4558,2223,Home & Kitchen,200.06,1,200.06
4559,2224,Beauty,37.86,1,37.86
4560,2225,Apparel,98.39,1,98.39
4561,2225,Home & Kitchen,96.87,1,96.87
4562,2226,Sports & Outdoors,163.24,2,326.48
4563,2227,Beauty,14.32,1,14.32
4564,2228,Home & Kitchen,287.08,1,287.08
4565,2229,Grocery,43.14,3,129.42
4566,2230,Beauty,46.7,2,93.4
4567,2230,Books,20.29,1,20.29
4568,2230,Beauty,10.33,1,10.33
4569,2231,Toys & Games,37.09,1,37.09
4570,2231,Grocery,43.46,1,43.46
4571,2232,Home & Kitchen,212.7,1,212.7
4572,2233,Electronics,699.49,1,699.49
4573,2234,Apparel,106.24,1,106.24
4574,2234,Apparel,22.77,2,45.54
4575,2234,Apparel,43.8,2,87.6
4576,2234,Electronics,246.64,1,246.64
4577,2234,Grocery,17.87,3,53.61
4578,2235,Home & Kitchen,70.62,1,70.62
4579,2235,Toys & Games,50.92,1,50.92
4580,2235,Grocery,40.5,1,40.5
4581,2235,Apparel,104.22,1,104.22
4582,2236,Electronics,643.88,1,643.88
4583,2237,Beauty,77.98,3,233.94
4584,2238,Sports & Outdoors,45.47,1,45.47
4585,2239,Beauty,62.74,1,62.74
4586,2239,Sports & Outdoors,151.82,1,151.82
4587,2240,Apparel,114.74,1,114.74
4588,2240,Sports & Outdoors,224.96,1,224.96
4589,2240,Grocery,5.66,1,5.66
4590,2240,Toys & Games,87.37,1,87.37
4591,2241,Home & Kitchen,94.27,2,188.54
4592,2241,Sports & Outdoors,159.53,2,319.06
4593,2241,Toys & Games,33.4,2,66.8
4594,2241,Apparel,71.58,3,214.74
4595,2242,Electronics,803.47,2,1606.94
4596,2242,Books,27.81,1,27.81
4597,2243,Toys & Games,77.74,1,77.74
4598,2243,Apparel,74.38,1,74.38
4599,2243,Sports & Outdoors,199.19,1,199.19
4600,2243,Sports & Outdoors,204.7,1,204.7
4601,2243,Grocery,52.98,1,52.98
4602,2244,Beauty,34.59,1,34.59
4603,2244,Electronics,785.25,1,785.25
4604,2244,Beauty,84.41,1,84.41
4605,2245,Sports & Outdoors,32.78,1,32.78
4606,2245,Toys & Games,15.5,1,15.5
4607,2245,Books,39.48,2,78.96
4608,2246,Beauty,67.07,2,134.14
4609,2247,Sports & Outdoors,70.78,1,70.78
4610,2247,Sports & Outdoors,228.19,2,456.38
4611,2247,Beauty,88.16,1,88.16
4612,2248,Home & Kitchen,27.7,1,27.7
4613,2248,Electronics,318.93,3,956.79
4614,2249,Beauty,24.58,2,49.16
4615,2249,Books,43.1,1,43.1
4616,2249,Home & Kitchen,299.95,2,599.9
4617,2250,Electronics,635.62,2,1271.24
4618,2250,Electronics,295.47,1,295.47
4619,2250,Toys & Games,95.4,1,95.4
4620,2251,Sports & Outdoors,68.02,1,68.02
4621,2252,Grocery,19.12,3,57.36
4622,2253,Home & Kitchen,83.13,2,166.26
4623,2253,Beauty,24.21,3,72.63
4624,2253,Grocery,24.55,1,24.55
4625,2254,Grocery,23.62,2,47.24
4626,2254,Electronics,357.95,1,357.95
4627,2254,Electronics,546.36,2,1092.72
4628,2254,Home & Kitchen,164.39,1,164.39
4629,2255,Electronics,414.85,1,414.85
4630,2256,Apparel,21.83,1,21.83
4631,2257,Toys & Games,38.43,2,76.86
4632,2258,Beauty,77.92,1,77.92
4633,2258,Sports & Outdoors,170.26,2,340.52
4634,2259,Toys & Games,82.21,1,82.21
4635,2259,Home & Kitchen,250.76,2,501.52
4636,2260,Electronics,466.28,1,466.28
4637,2261,Beauty,89.51,1,89.51
4638,2261,Grocery,55.33,1,55.33
4639,2262,Beauty,48.01,2,96.02
4640,2262,Apparel,98.3,1,98.3
4641,2262,Books,44.92,3,134.76
4642,2262,Apparel,85.29,1,85.29
4643,2263,Home & Kitchen,173.6,1,173.6
4644,2264,Apparel,44.76,1,44.76
4645,2264,Electronics,198.83,2,397.66
4646,2265,Toys & Games,94.45,1,94.45
4647,2265,Apparel,103.89,1,103.89
4648,2265,Beauty,61.41,1,61.41
4649,2265,Home & Kitchen,114.15,2,228.3
4650,2266,Home & Kitchen,31.1,1,31.1
4651,2267,Books,36.57,2,73.14
4652,2268,Books,23.47,1,23.47
4653,2268,Apparel,139.46,1,139.46
4654,2269,Home & Kitchen,57.12,1,57.12
4655,2269,Electronics,157.5,1,157.5
4656,2270,Apparel,120.48,1,120.48
4657,2271,Apparel,30.45,1,30.45
4658,2271,Home & Kitchen,137.36,2,274.72
4659,2271,Apparel,98.51,2,197.02
4660,2271,Apparel,48.87,1,48.87
4661,2272,Home & Kitchen,287.59,1,287.59
4662,2273,Grocery,11.53,1,11.53
4663,2273,Apparel,13.2,1,13.2
4664,2274,Apparel,91.91,1,91.91
4665,2275,Beauty,46.47,1,46.47
4666,2276,Apparel,27.47,1,27.47
4667,2276,Electronics,378.08,1,378.08
4668,2276,Toys & Games,71.61,1,71.61
4669,2276,Books,11.08,2,22.16
4670,2277,Beauty,81.28,2,162.56
4671,2277,Toys & Games,54.69,2,109.38
4672,2278,Toys & Games,98.24,3,294.72
4673,2278,Apparel,32.85,2,65.7
4674,2279,Sports & Outdoors,204.97,1,204.97
4675,2279,Grocery,14.13,1,14.13
4676,2279,Beauty,66.38,1,66.38
4677,2279,Apparel,116.03,2,232.06
4678,2280,Toys & Games,11.53,1,11.53
4679,2280,Electronics,463.5,1,463.5
4680,2280,Beauty,64.06,1,64.06
4681,2280,Apparel,66.49,1,66.49
4682,2281,Beauty,52.32,1,52.32
4683,2282,Sports & Outdoors,75.56,1,75.56
4684,2282,Electronics,271.1,1,271.1
4685,2283,Home & Kitchen,90.38,1,90.38
4686,2283,Apparel,98.18,2,196.36
4687,2284,Toys & Games,99.06,1,99.06
4688,2285,Beauty,60.1,1,60.1
4689,2286,Apparel,141.19,2,282.38
4690,2286,Grocery,9.39,3,28.17
4691,2286,Beauty,63.12,1,63.12
4692,2287,Electronics,861.36,2,1722.72
4693,2288,Beauty,63.84,1,63.84
4694,2289,Sports & Outdoors,56.4,2,112.8
4695,2289,Beauty,71.35,2,142.7
4696,2289,Apparel,100.91,1,100.91
4697,2289,Apparel,83.85,1,83.85
4698,2290,Sports & Outdoors,12.76,1,12.76
4699,2291,Toys & Games,69.88,1,69.88
4700,2291,Books,18.45,1,18.45
4701,2291,Electronics,470.08,1,470.08
4702,2291,Sports & Outdoors,19.79,1,19.79
4703,2292,Sports & Outdoors,119.27,1,119.27
4704,2293,Beauty,88.59,2,177.18
4705,2293,Toys & Games,74.96,1,74.96
4706,2293,Toys & Games,21.2,1,21.2
4707,2293,Toys & Games,60.91,1,60.91
4708,2294,Toys & Games,12.95,1,12.95
4709,2294,Apparel,13.66,1,13.66
4710,2294,Electronics,484.97,1,484.97
4711,2295,Apparel,126.2,1,126.2
4712,2296,Apparel,94.62,2,189.24
4713,2297,Apparel,138.35,1,138.35
4714,2298,Electronics,750.25,2,1500.5
4715,2299,Sports & Outdoors,31.71,2,63.42
4716,2299,Electronics,189.73,2,379.46
4717,2299,Electronics,145.26,1,145.26
4718,2300,Apparel,110.57,1,110.57
4719,2301,Home & Kitchen,252.05,2,504.1
4720,2301,Books,21.47,2,42.94
4721,2301,Electronics,608.56,1,608.56
4722,2302,Apparel,93.79,1,93.79
4723,2302,Home & Kitchen,131.94,1,131.94
4724,2303,Electronics,530.3,2,1060.6
4725,2304,Apparel,138.95,1,138.95
4726,2305,Home & Kitchen,224.51,1,224.51
4727,2306,Electronics,432.96,1,432.96
4728,2306,Home & Kitchen,128.29,2,256.58
4729,2307,Beauty,36.56,2,73.12
4730,2307,Electronics,481.1,1,481.1
4731,2307,Grocery,59.5,2,119.0
4732,2307,Home & Kitchen,170.96,1,170.96
4733,2307,Books,35.12,2,70.24
4734,2308,Apparel,24.07,3,72.21
4735,2309,Toys & Games,62.98,1,62.98
4736,2309,Beauty,75.32,1,75.32
4737,2309,Toys & Games,83.81,3,251.43
4738,2310,Electronics,647.21,2,1294.42
4739,2311,Apparel,52.84,2,105.68
4740,2311,Books,40.91,1,40.91
4741,2312,Electronics,725.99,2,1451.98
4742,2312,Apparel,112.45,1,112.45
4743,2312,Beauty,65.45,1,65.45
4744,2313,Beauty,79.86,1,79.86
4745,2313,Books,39.93,2,79.86
4746,2313,Toys & Games,32.59,1,32.59
4747,2313,Electronics,195.27,1,195.27
4748,2314,Electronics,179.38,1,179.38
4749,2314,Beauty,13.06,2,26.12
4750,2314,Electronics,176.25,1,176.25
4751,2314,Beauty,80.28,3,240.84
4752,2315,Electronics,517.4,1,517.4
4753,2315,Apparel,25.03,3,75.09
4754,2316,Electronics,887.9,2,1775.8
4755,2316,Apparel,114.19,1,114.19
4756,2316,Sports & Outdoors,24.31,1,24.31
4757,2317,Sports & Outdoors,76.88,1,76.88
4758,2318,Toys & Games,19.92,1,19.92
4759,2318,Beauty,87.57,1,87.57
4760,2318,Apparel,124.8,1,124.8
4761,2318,Toys & Games,117.16,3,351.48
4762,2319,Beauty,61.02,1,61.02
4763,2320,Electronics,576.91,1,576.91
4764,2320,Sports & Outdoors,159.08,2,318.16
4765,2320,Apparel,15.79,2,31.58
4766,2321,Home & Kitchen,249.19,1,249.19
4767,2321,Electronics,646.59,1,646.59
4768,2322,Home & Kitchen,182.3,1,182.3
4769,2322,Grocery,55.28,2,110.56
4770,2322,Home & Kitchen,56.35,1,56.35
4771,2323,Sports & Outdoors,160.09,2,320.18
4772,2323,Home & Kitchen,106.67,1,106.67
4773,2324,Apparel,66.48,1,66.48
4774,2325,Home & Kitchen,18.17,1,18.17
4775,2325,Beauty,18.33,3,54.99
4776,2325,Beauty,46.48,1,46.48
4777,2325,Apparel,143.49,1,143.49
4778,2326,Electronics,639.67,1,639.67
4779,2326,Grocery,45.09,1,45.09
4780,2327,Beauty,75.7,1,75.7
4781,2328,Beauty,45.97,3,137.91
4782,2329,Home & Kitchen,68.35,2,136.7
4783,2330,Home & Kitchen,295.23,1,295.23
4784,2330,Electronics,804.0,1,804.0
4785,2330,Electronics,720.62,1,720.62
4786,2330,Toys & Games,100.66,1,100.66
4787,2331,Electronics,170.16,1,170.16
4788,2332,Apparel,137.14,1,137.14
4789,2333,Books,28.82,1,28.82
4790,2333,Toys & Games,101.72,3,305.16
4791,2334,Toys & Games,38.37,1,38.37
4792,2335,Electronics,222.66,1,222.66
4793,2335,Home & Kitchen,155.9,2,311.8
4794,2336,Books,37.12,1,37.12
4795,2336,Books,39.26,1,39.26
4796,2336,Books,36.27,1,36.27
4797,2337,Home & Kitchen,23.98,1,23.98
4798,2337,Grocery,22.89,1,22.89
4799,2337,Home & Kitchen,90.75,1,90.75
4800,2337,Books,16.04,2,32.08
4801,2338,Home & Kitchen,121.78,1,121.78
4802,2338,Grocery,32.45,2,64.9
4803,2338,Home & Kitchen,77.36,1,77.36
4804,2338,Electronics,58.34,1,58.34
4805,2339,Home & Kitchen,114.2,1,114.2
4806,2339,Beauty,36.16,1,36.16
4807,2340,Apparel,44.93,1,44.93
4808,2340,Electronics,629.69,2,1259.38
4809,2340,Apparel,76.21,1,76.21
4810,2340,Electronics,651.72,1,651.72
4811,2341,Books,29.79,1,29.79
4812,2342,Electronics,452.94,2,905.88
4813,2343,Electronics,704.2,3,2112.6
4814,2344,Home & Kitchen,224.73,1,224.73
4815,2345,Electronics,378.05,1,378.05
4816,2346,Books,40.47,2,80.94
4817,2346,Electronics,148.08,2,296.16
4818,2347,Beauty,28.85,1,28.85
4819,2347,Beauty,24.91,3,74.73
4820,2348,Apparel,90.02,1,90.02
4821,2348,Home & Kitchen,78.91,1,78.91
4822,2349,Apparel,44.51,1,44.51
4823,2349,Sports & Outdoors,147.01,1,147.01
4824,2349,Electronics,498.09,1,498.09
4825,2349,Books,24.65,1,24.65
4826,2350,Beauty,71.03,1,71.03
4827,2351,Home & Kitchen,126.28,1,126.28
4828,2352,Home & Kitchen,210.78,2,421.56
4829,2353,Apparel,114.63,1,114.63
4830,2353,Books,44.39,2,88.78
4831,2354,Beauty,87.9,1,87.9
4832,2355,Apparel,18.79,1,18.79
4833,2355,Sports & Outdoors,142.29,1,142.29
4834,2356,Electronics,228.08,1,228.08
4835,2356,Home & Kitchen,199.04,1,199.04
4836,2356,Toys & Games,95.04,1,95.04
4837,2356,Beauty,52.43,1,52.43
4838,2357,Home & Kitchen,196.21,1,196.21
4839,2358,Home & Kitchen,119.8,1,119.8
4840,2359,Home & Kitchen,178.83,1,178.83
4841,2359,Electronics,468.77,2,937.54
4842,2359,Books,34.43,1,34.43
4843,2360,Electronics,165.04,1,165.04
4844,2360,Electronics,533.26,1,533.26
4845,2361,Apparel,134.43,1,134.43
4846,2361,Beauty,16.97,1,16.97
4847,2361,Toys & Games,76.13,1,76.13
4848,2362,Electronics,53.69,1,53.69
4849,2363,Apparel,24.67,1,24.67
4850,2364,Grocery,32.09,1,32.09
4851,2364,Apparel,110.04,1,110.04
4852,2365,Grocery,14.75,3,44.25
4853,2366,Home & Kitchen,30.42,1,30.42
4854,2366,Beauty,60.99,1,60.99
4855,2366,Apparel,79.16,2,158.32
4856,2367,Electronics,475.51,1,475.51
4857,2367,Beauty,58.49,1,58.49
4858,2367,Apparel,25.21,1,25.21
4859,2367,Sports & Outdoors,67.86,2,135.72
4860,2368,Electronics,781.03,1,781.03
4861,2369,Electronics,304.22,1,304.22
4862,2369,Apparel,145.84,1,145.84
4863,2370,Home & Kitchen,93.78,1,93.78
4864,2370,Apparel,59.01,1,59.01
4865,2371,Apparel,59.87,2,119.74
4866,2372,Electronics,209.85,1,209.85
4867,2372,Home & Kitchen,205.0,3,615.0
4868,2372,Electronics,204.8,1,204.8
4869,2373,Home & Kitchen,161.5,2,323.0
4870,2373,Home & Kitchen,17.13,2,34.26
4871,2374,Home & Kitchen,186.71,1,186.71
4872,2375,Home & Kitchen,158.69,1,158.69
4873,2375,Toys & Games,67.75,1,67.75
4874,2375,Electronics,557.57,1,557.57
4875,2376,Apparel,44.6,2,89.2
4876,2376,Books,13.93,2,27.86
4877,2376,Electronics,133.95,1,133.95
4878,2377,Sports & Outdoors,153.8,3,461.4
4879,2378,Grocery,5.08,1,5.08
4880,2379,Electronics,524.75,1,524.75
4881,2379,Electronics,93.7,2,187.4
4882,2379,Electronics,484.12,1,484.12
4883,2380,Toys & Games,41.63,1,41.63
4884,2380,Toys & Games,117.62,1,117.62
4885,2380,Home & Kitchen,56.08,1,56.08
4886,2381,Home & Kitchen,274.44,1,274.44
4887,2381,Electronics,852.28,1,852.28
4888,2381,Sports & Outdoors,117.04,1,117.04
4889,2381,Sports & Outdoors,184.62,3,553.86
4890,2381,Apparel,108.34,1,108.34
4891,2382,Books,31.58,1,31.58
4892,2383,Sports & Outdoors,121.94,1,121.94
4893,2384,Grocery,54.73,1,54.73
4894,2385,Sports & Outdoors,159.53,1,159.53
4895,2386,Grocery,19.9,2,39.8
4896,2386,Toys & Games,21.98,1,21.98
4897,2386,Beauty,30.34,1,30.34
4898,2387,Sports & Outdoors,105.6,1,105.6
4899,2388,Electronics,273.61,1,273.61
4900,2389,Electronics,42.19,2,84.38
4901,2390,Books,22.94,2,45.88
4902,2391,Books,13.4,1,13.4
4903,2392,Home & Kitchen,42.4,1,42.4
4904,2392,Apparel,104.39,1,104.39
4905,2392,Sports & Outdoors,98.16,3,294.48
4906,2392,Electronics,98.83,2,197.66
4907,2392,Home & Kitchen,147.69,3,443.07
4908,2393,Apparel,134.34,2,268.68
4909,2393,Beauty,78.84,1,78.84
4910,2394,Beauty,8.82,3,26.46
4911,2395,Electronics,328.07,1,328.07
4912,2395,Apparel,142.74,1,142.74
4913,2396,Beauty,69.71,1,69.71
4914,2396,Electronics,409.66,1,409.66
4915,2396,Home & Kitchen,213.19,1,213.19
4916,2396,Grocery,59.03,1,59.03
4917,2396,Beauty,41.43,1,41.43
4918,2397,Sports & Outdoors,56.67,2,113.34
4919,2398,Beauty,20.29,3,60.87
4920,2398,Books,17.23,1,17.23
4921,2398,Electronics,606.74,1,606.74
4922,2399,Books,25.37,2,50.74
4923,2399,Toys & Games,85.53,1,85.53
4924,2399,Home & Kitchen,261.36,1,261.36
4925,2399,Beauty,86.33,1,86.33
4926,2400,Grocery,42.7,1,42.7
4927,2401,Electronics,385.37,1,385.37
4928,2401,Electronics,88.16,3,264.48
4929,2402,Home & Kitchen,186.1,2,372.2
4930,2403,Home & Kitchen,93.39,1,93.39
4931,2404,Books,9.54,1,9.54
4932,2405,Electronics,235.11,1,235.11
4933,2406,Beauty,34.43,1,34.43
4934,2407,Beauty,57.38,1,57.38
4935,2408,Electronics,784.83,1,784.83
4936,2408,Toys & Games,42.53,3,127.59
4937,2408,Beauty,59.42,2,118.84
4938,2408,Home & Kitchen,88.72,1,88.72
4939,2409,Home & Kitchen,241.25,1,241.25
4940,2409,Sports & Outdoors,35.39,1,35.39
4941,2410,Home & Kitchen,174.97,3,524.91
4942,2410,Beauty,56.45,1,56.45
4943,2411,Apparel,89.71,1,89.71
4944,2412,Electronics,424.48,1,424.48
4945,2412,Apparel,83.74,1,83.74
4946,2412,Home & Kitchen,278.5,1,278.5
4947,2413,Home & Kitchen,171.02,1,171.02
4948,2413,Beauty,36.57,1,36.57
4949,2413,Grocery,8.57,1,8.57
4950,2414,Apparel,116.75,1,116.75
4951,2414,Grocery,52.09,2,104.18
4952,2415,Electronics,733.53,1,733.53
4953,2415,Beauty,52.06,1,52.06
4954,2416,Electronics,344.61,1,344.61
4955,2416,Electronics,819.56,1,819.56
4956,2417,Grocery,38.62,2,77.24
4957,2417,Toys & Games,19.36,1,19.36
4958,2418,Home & Kitchen,228.74,1,228.74
4959,2418,Apparel,35.28,1,35.28
4960,2418,Sports & Outdoors,146.31,1,146.31
4961,2419,Home & Kitchen,267.67,1,267.67
4962,2419,Toys & Games,61.33,2,122.66
4963,2419,Electronics,786.96,1,786.96
4964,2419,Apparel,59.95,1,59.95
4965,2420,Grocery,18.08,1,18.08
4966,2420,Home & Kitchen,55.91,2,111.82
4967,2420,Home & Kitchen,191.69,1,191.69
4968,2421,Electronics,70.72,3,212.16
4969,2421,Sports & Outdoors,55.29,1,55.29
4970,2421,Home & Kitchen,215.25,2,430.5
4971,2421,Electronics,604.65,1,604.65
4972,2421,Beauty,49.7,1,49.7
4973,2422,Apparel,15.44,1,15.44
4974,2423,Sports & Outdoors,48.14,1,48.14
4975,2424,Electronics,284.14,1,284.14
4976,2425,Toys & Games,40.09,2,80.18
4977,2425,Apparel,52.8,1,52.8
4978,2425,Sports & Outdoors,72.8,1,72.8
4979,2426,Beauty,83.02,1,83.02
4980,2427,Grocery,32.49,2,64.98
4981,2427,Electronics,401.67,1,401.67
4982,2427,Beauty,47.47,3,142.41
4983,2428,Beauty,14.64,1,14.64
4984,2428,Electronics,158.25,1,158.25
4985,2429,Beauty,14.86,2,29.72
4986,2430,Apparel,108.13,3,324.39
4987,2431,Home & Kitchen,222.16,2,444.32
4988,2431,Beauty,56.46,2,112.92
4989,2432,Home & Kitchen,116.98,1,116.98
4990,2433,Apparel,100.48,2,200.96
4991,2434,Grocery,27.91,3,83.73
4992,2434,Apparel,143.49,2,286.98
4993,2434,Electronics,488.35,1,488.35
4994,2435,Home & Kitchen,283.03,1,283.03
4995,2435,Sports & Outdoors,11.82,1,11.82
4996,2436,Apparel,67.53,1,67.53
4997,2436,Apparel,105.76,3,317.28
4998,2437,Apparel,90.36,1,90.36
4999,2438,Grocery,17.19,2,34.38
5000,2438,Apparel,85.37,1,85.37
5001,2439,Books,13.68,3,41.04
5002,2439,Beauty,82.99,1,82.99
5003,2440,Beauty,10.64,1,10.64
5004,2441,Sports & Outdoors,39.81,1,39.81
5005,2441,Grocery,15.99,1,15.99
5006,2441,Beauty,40.11,3,120.33
5007,2442,Grocery,47.09,1,47.09
5008,2443,Home & Kitchen,126.67,2,253.34
5009,2443,Books,41.14,1,41.14
5010,2443,Sports & Outdoors,165.44,2,330.88
5011,2444,Apparel,149.38,1,149.38
5012,2444,Beauty,61.02,2,122.04
5013,2445,Apparel,107.11,1,107.11
5014,2445,Books,34.01,1,34.01
5015,2446,Apparel,145.8,1,145.8
5016,2446,Electronics,450.85,1,450.85
5017,2446,Electronics,815.52,2,1631.04
5018,2447,Books,31.12,1,31.12
5019,2447,Apparel,83.33,1,83.33
5020,2448,Beauty,31.67,1,31.67
5021,2448,Beauty,11.85,1,11.85
5022,2449,Apparel,100.78,1,100.78
5023,2449,Electronics,468.62,1,468.62
5024,2449,Electronics,286.46,1,286.46
5025,2450,Home & Kitchen,141.95,1,141.95
5026,2450,Home & Kitchen,237.05,1,237.05
5027,2450,Electronics,140.6,2,281.2
5028,2450,Electronics,811.9,1,811.9
5029,2451,Sports & Outdoors,175.95,1,175.95
5030,2451,Apparel,118.03,3,354.09
5031,2452,Home & Kitchen,208.93,1,208.93
5032,2452,Apparel,96.03,2,192.06
5033,2452,Home & Kitchen,129.08,3,387.24
5034,2452,Home & Kitchen,296.09,2,592.18
5035,2453,Sports & Outdoors,104.93,2,209.86
5036,2454,Electronics,188.4,1,188.4
5037,2455,Sports & Outdoors,145.72,2,291.44
5038,2455,Home & Kitchen,244.37,2,488.74
5039,2456,Electronics,231.82,1,231.82
5040,2456,Electronics,264.14,1,264.14
5041,2456,Apparel,66.74,2,133.48
5042,2457,Home & Kitchen,78.72,2,157.44
5043,2457,Toys & Games,77.61,1,77.61
5044,2457,Electronics,197.06,1,197.06
5045,2458,Home & Kitchen,117.3,1,117.3
5046,2459,Electronics,257.39,1,257.39
5047,2460,Apparel,77.62,3,232.86
5048,2460,Home & Kitchen,256.8,2,513.6
5049,2460,Grocery,21.12,1,21.12
5050,2461,Apparel,109.89,1,109.89
5051,2462,Apparel,128.14,1,128.14
5052,2462,Beauty,8.15,3,24.45
5053,2463,Home & Kitchen,240.55,1,240.55
5054,2464,Sports & Outdoors,147.55,2,295.1
5055,2464,Electronics,379.26,2,758.52
5056,2464,Home & Kitchen,279.12,1,279.12
5057,2464,Apparel,70.75,1,70.75
5058,2465,Apparel,78.72,1,78.72
5059,2465,Toys & Games,74.87,2,149.74
5060,2465,Toys & Games,71.39,1,71.39
5061,2465,Home & Kitchen,257.5,1,257.5
5062,2466,Sports & Outdoors,36.66,1,36.66
5063,2466,Electronics,769.24,3,2307.72
5064,2467,Sports & Outdoors,62.11,1,62.11
5065,2467,Electronics,832.18,1,832.18
5066,2467,Grocery,29.16,1,29.16
5067,2468,Electronics,732.7,2,1465.4
5068,2469,Home & Kitchen,295.18,2,590.36
5069,2469,Electronics,292.41,1,292.41
5070,2470,Beauty,30.17,1,30.17
5071,2470,Books,39.8,1,39.8
5072,2471,Electronics,374.0,2,748.0
5073,2471,Toys & Games,37.65,1,37.65
5074,2471,Electronics,771.77,2,1543.54
5075,2471,Apparel,98.08,1,98.08
5076,2472,Beauty,75.53,1,75.53
5077,2472,Beauty,8.54,2,17.08
5078,2473,Electronics,270.26,2,540.52
5079,2474,Grocery,9.47,1,9.47
5080,2474,Electronics,743.84,1,743.84
5081,2474,Beauty,78.13,1,78.13
5082,2474,Electronics,423.28,1,423.28
5083,2475,Apparel,60.84,1,60.84
5084,2476,Toys & Games,59.49,1,59.49
5085,2477,Home & Kitchen,57.67,1,57.67
5086,2478,Grocery,34.37,1,34.37
5087,2478,Grocery,18.07,1,18.07
5088,2478,Electronics,524.91,1,524.91
5089,2478,Grocery,28.17,2,56.34
5090,2478,Apparel,107.78,1,107.78
5091,2479,Grocery,28.72,1,28.72
5092,2480,Electronics,310.8,2,621.6
5093,2480,Sports & Outdoors,31.2,1,31.2
5094,2481,Beauty,9.0,1,9.0
5095,2482,Beauty,66.15,1,66.15
5096,2482,Sports & Outdoors,157.41,1,157.41
5097,2482,Sports & Outdoors,164.94,1,164.94
5098,2483,Electronics,813.14,1,813.14
5099,2483,Home & Kitchen,94.23,3,282.69
5100,2484,Apparel,83.15,1,83.15
5101,2485,Books,29.82,1,29.82
5102,2486,Apparel,60.1,1,60.1
5103,2486,Home & Kitchen,23.34,2,46.68
5104,2486,Toys & Games,67.47,1,67.47
5105,2487,Electronics,862.26,1,862.26
5106,2487,Apparel,55.87,1,55.87
5107,2488,Electronics,266.9,1,266.9
5108,2488,Apparel,92.79,1,92.79
5109,2488,Electronics,164.29,1,164.29
5110,2488,Electronics,147.3,1,147.3
5111,2489,Electronics,606.09,2,1212.18
5112,2489,Beauty,24.51,1,24.51
5113,2490,Apparel,107.42,1,107.42
5114,2490,Home & Kitchen,53.27,1,53.27
5115,2491,Toys & Games,26.75,1,26.75
5116,2491,Home & Kitchen,290.4,2,580.8
5117,2492,Electronics,760.79,1,760.79
5118,2493,Beauty,89.55,1,89.55
5119,2494,Apparel,58.19,1,58.19
5120,2494,Beauty,14.74,2,29.48
5121,2494,Beauty,78.14,1,78.14
5122,2495,Electronics,839.4,2,1678.8
5123,2496,Toys & Games,66.4,2,132.8
5124,2497,Home & Kitchen,261.25,1,261.25
5125,2498,Apparel,20.05,1,20.05
5126,2498,Grocery,45.98,1,45.98
5127,2499,Books,36.83,2,73.66
5128,2499,Apparel,113.9,2,227.8
5129,2500,Apparel,45.11,1,45.11
5130,2501,Apparel,13.64,2,27.28
5131,2501,Sports & Outdoors,65.02,1,65.02
5132,2502,Home & Kitchen,157.21,1,157.21
5133,2503,Beauty,77.42,2,154.84
5134,2504,Home & Kitchen,96.26,1,96.26
5135,2505,Books,39.95,1,39.95
5136,2506,Toys & Games,53.47,2,106.94
5137,2506,Toys & Games,59.66,3,178.98
5138,2506,Grocery,16.16,1,16.16
5139,2506,Apparel,79.46,1,79.46
5140,2506,Electronics,875.66,2,1751.32
5141,2507,Home & Kitchen,117.67,1,117.67
5142,2507,Sports & Outdoors,207.41,1,207.41
5143,2508,Apparel,133.12,1,133.12
5144,2508,Home & Kitchen,235.25,2,470.5
5145,2508,Sports & Outdoors,175.58,1,175.58
5146,2509,Toys & Games,77.24,1,77.24
5147,2509,Sports & Outdoors,49.13,1,49.13
5148,2509,Books,28.36,1,28.36
5149,2510,Beauty,27.29,2,54.58
5150,2510,Grocery,48.38,1,48.38
5151,2511,Electronics,262.88,1,262.88
5152,2511,Home & Kitchen,261.78,1,261.78
5153,2512,Beauty,86.83,2,173.66
5154,2513,Toys & Games,50.72,1,50.72
5155,2514,Beauty,56.41,2,112.82
5156,2515,Home & Kitchen,119.72,1,119.72
5157,2515,Grocery,26.7,2,53.4
5158,2516,Toys & Games,101.2,2,202.4
5159,2516,Apparel,84.03,1,84.03
5160,2516,Apparel,53.57,1,53.57
5161,2517,Apparel,39.84,2,79.68
5162,2517,Apparel,90.57,1,90.57
5163,2518,Books,12.88,1,12.88
5164,2519,Home & Kitchen,290.11,1,290.11
5165,2520,Electronics,511.33,1,511.33
5166,2520,Home & Kitchen,149.76,1,149.76
5167,2520,Sports & Outdoors,177.23,3,531.69
5168,2521,Electronics,450.81,1,450.81
5169,2522,Toys & Games,53.26,1,53.26
5170,2522,Grocery,34.81,2,69.62
5171,2523,Home & Kitchen,203.71,1,203.71
5172,2524,Sports & Outdoors,85.92,1,85.92
5173,2524,Books,39.48,1,39.48
5174,2525,Apparel,95.45,3,286.35
5175,2525,Sports & Outdoors,118.83,1,118.83
5176,2525,Electronics,690.28,1,690.28
5177,2526,Toys & Games,119.17,2,238.34
5178,2526,Electronics,278.83,1,278.83
5179,2527,Books,25.82,1,25.82
5180,2527,Grocery,44.43,1,44.43
5181,2528,Beauty,69.01,1,69.01
5182,2528,Electronics,647.17,1,647.17
5183,2529,Sports & Outdoors,169.79,1,169.79
5184,2529,Beauty,31.18,1,31.18
5185,2530,Beauty,20.8,1,20.8
5186,2531,Toys & Games,81.66,2,163.32
5187,2532,Books,9.52,1,9.52
5188,2532,Toys & Games,33.7,1,33.7
5189,2532,Electronics,580.16,1,580.16
5190,2532,Grocery,53.97,1,53.97
5191,2533,Beauty,42.88,1,42.88
5192,2533,Sports & Outdoors,105.92,1,105.92
5193,2533,Toys & Games,28.57,1,28.57
5194,2533,Books,39.11,2,78.22
5195,2534,Apparel,23.6,3,70.8
5196,2535,Electronics,551.12,2,1102.24
5197,2535,Beauty,75.78,1,75.78
5198,2536,Books,23.86,1,23.86
5199,2536,Home & Kitchen,76.55,1,76.55
5200,2537,Apparel,149.38,1,149.38
5201,2538,Home & Kitchen,230.18,2,460.36
5202,2539,Apparel,135.25,3,405.75
5203,2539,Sports & Outdoors,242.87,1,242.87
5204,2540,Home & Kitchen,240.62,2,481.24
5205,2541,Sports & Outdoors,68.64,1,68.64
5206,2542,Home & Kitchen,209.33,1,209.33
5207,2542,Home & Kitchen,225.03,1,225.03
5208,2543,Books,13.44,1,13.44
5209,2544,Beauty,79.73,2,159.46
5210,2544,Electronics,572.8,1,572.8
5211,2544,Home & Kitchen,132.4,2,264.8
5212,2545,Toys & Games,78.25,1,78.25
5213,2546,Toys & Games,60.34,1,60.34
5214,2546,Apparel,147.43,1,147.43
5215,2547,Electronics,246.87,1,246.87
5216,2547,Beauty,40.71,1,40.71
5217,2547,Apparel,130.77,2,261.54
5218,2548,Apparel,85.3,2,170.6
5219,2548,Home & Kitchen,131.24,1,131.24
5220,2548,Electronics,797.32,2,1594.64
5221,2548,Apparel,64.68,1,64.68
5222,2548,Apparel,102.24,1,102.24
5223,2549,Books,38.21,1,38.21
5224,2549,Beauty,57.81,1,57.81
5225,2550,Electronics,842.95,1,842.95
5226,2550,Home & Kitchen,32.61,1,32.61
5227,2551,Home & Kitchen,109.85,1,109.85
5228,2551,Home & Kitchen,191.22,3,573.66
5229,2551,Home & Kitchen,156.98,2,313.96
5230,2551,Books,26.13,1,26.13
5231,2551,Grocery,25.13,1,25.13
5232,2552,Sports & Outdoors,90.24,1,90.24
5233,2553,Books,41.23,1,41.23
5234,2553,Books,37.08,3,111.24
5235,2553,Sports & Outdoors,224.23,1,224.23
5236,2554,Electronics,896.48,1,896.48
5237,2555,Electronics,93.8,3,281.4
5238,2556,Toys & Games,9.56,1,9.56
5239,2556,Electronics,465.92,1,465.92
5240,2557,Grocery,16.84,1,16.84
5241,2557,Books,40.03,1,40.03
5242,2558,Electronics,376.24,1,376.24
5243,2558,Toys & Games,94.94,1,94.94
5244,2559,Sports & Outdoors,147.72,1,147.72
5245,2560,Home & Kitchen,150.16,1,150.16
5246,2560,Home & Kitchen,116.32,1,116.32
5247,2560,Beauty,69.41,3,208.23
5248,2560,Electronics,97.33,2,194.66
5249,2560,Beauty,86.55,1,86.55
5250,2561,Electronics,478.01,2,956.02
5251,2562,Home & Kitchen,245.62,1,245.62
5252,2563,Beauty,10.09,1,10.09
5253,2563,Sports & Outdoors,124.03,1,124.03
5254,2563,Sports & Outdoors,78.58,2,157.16
5255,2563,Home & Kitchen,194.9,3,584.7
5256,2564,Home & Kitchen,263.93,1,263.93
5257,2564,Home & Kitchen,112.75,1,112.75
5258,2565,Grocery,15.88,1,15.88
5259,2566,Home & Kitchen,204.03,1,204.03
5260,2567,Sports & Outdoors,124.4,1,124.4
5261,2568,Beauty,24.62,2,49.24
5262,2569,Electronics,48.78,2,97.56
5263,2570,Sports & Outdoors,107.13,3,321.39
5264,2570,Beauty,62.91,1,62.91
5265,2570,Apparel,79.36,1,79.36
5266,2570,Home & Kitchen,23.77,1,23.77
5267,2571,Home & Kitchen,246.98,2,493.96
5268,2571,Apparel,70.14,2,140.28
5269,2571,Home & Kitchen,258.69,1,258.69
5270,2572,Electronics,264.07,1,264.07
5271,2572,Beauty,77.2,1,77.2
5272,2573,Home & Kitchen,193.11,2,386.22
5273,2573,Apparel,87.42,1,87.42
5274,2574,Electronics,680.74,1,680.74
5275,2575,Apparel,31.5,3,94.5
5276,2575,Beauty,8.6,1,8.6
5277,2576,Sports & Outdoors,206.95,1,206.95
5278,2577,Apparel,142.81,1,142.81
5279,2578,Sports & Outdoors,66.3,1,66.3
5280,2579,Sports & Outdoors,244.03,1,244.03
5281,2579,Books,9.67,2,19.34
5282,2580,Books,20.07,3,60.21
5283,2581,Beauty,12.2,1,12.2
5284,2581,Apparel,110.53,1,110.53
5285,2581,Beauty,77.45,1,77.45
5286,2582,Apparel,99.63,1,99.63
5287,2583,Electronics,746.51,1,746.51
5288,2583,Electronics,535.1,1,535.1
5289,2584,Home & Kitchen,64.24,1,64.24
5290,2585,Electronics,397.13,2,794.26
5291,2585,Home & Kitchen,203.6,1,203.6
5292,2585,Electronics,181.81,1,181.81
5293,2586,Sports & Outdoors,137.59,2,275.18
5294,2586,Books,19.7,1,19.7
5295,2587,Toys & Games,57.24,2,114.48
5296,2587,Sports & Outdoors,189.07,1,189.07
5297,2587,Beauty,35.49,1,35.49
5298,2588,Electronics,889.29,3,2667.87
5299,2588,Apparel,91.67,2,183.34
5300,2588,Home & Kitchen,185.76,1,185.76
5301,2589,Toys & Games,104.78,2,209.56
5302,2589,Home & Kitchen,239.0,1,239.0
5303,2590,Toys & Games,110.23,1,110.23
5304,2590,Home & Kitchen,138.55,1,138.55
5305,2591,Electronics,638.26,1,638.26
5306,2591,Books,8.9,1,8.9
5307,2592,Electronics,641.0,1,641.0
5308,2592,Apparel,14.82,1,14.82
5309,2593,Electronics,739.2,1,739.2
5310,2593,Electronics,179.44,3,538.32
5311,2593,Beauty,22.29,1,22.29
5312,2594,Grocery,52.43,1,52.43
5313,2594,Toys & Games,79.08,1,79.08
5314,2594,Apparel,107.11,2,214.22
5315,2594,Toys & Games,68.91,1,68.91
5316,2594,Sports & Outdoors,196.65,1,196.65
5317,2595,Beauty,15.66,2,31.32
5318,2596,Apparel,25.29,1,25.29
5319,2596,Apparel,49.68,3,149.04
5320,2596,Books,24.93,1,24.93
5321,2596,Electronics,296.95,1,296.95
5322,2596,Home & Kitchen,22.05,3,66.15
5323,2597,Grocery,21.31,2,42.62
5324,2597,Electronics,817.34,1,817.34
5325,2597,Books,17.99,1,17.99
5326,2598,Apparel,38.12,2,76.24
5327,2599,Electronics,899.21,1,899.21
5328,2599,Apparel,69.26,1,69.26
5329,2599,Toys & Games,38.07,1,38.07
5330,2599,Beauty,72.87,1,72.87
5331,2600,Electronics,140.36,1,140.36
5332,2600,Electronics,201.16,1,201.16
5333,2600,Home & Kitchen,85.82,1,85.82
5334,2600,Home & Kitchen,223.23,3,669.69
5335,2601,Grocery,46.82,1,46.82
5336,2601,Toys & Games,90.38,1,90.38
5337,2602,Electronics,700.98,2,1401.96
5338,2603,Electronics,735.49,3,2206.47
5339,2603,Beauty,12.95,1,12.95
5340,2603,Electronics,262.98,2,525.96
5341,2604,Apparel,119.41,1,119.41
5342,2604,Sports & Outdoors,216.82,1,216.82
5343,2604,Home & Kitchen,227.96,2,455.92
5344,2604,Electronics,333.65,1,333.65
5345,2605,Electronics,576.95,3,1730.85
5346,2606,Books,19.09,2,38.18
5347,2606,Home & Kitchen,203.23,3,609.69
5348,2606,Apparel,121.71,1,121.71
5349,2606,Grocery,11.53,1,11.53
5350,2606,Electronics,252.04,1,252.04
5351,2607,Apparel,70.51,1,70.51
5352,2608,Toys & Games,109.07,1,109.07
5353,2608,Toys & Games,66.68,1,66.68
5354,2609,Electronics,197.46,3,592.38
5355,2609,Home & Kitchen,101.45,3,304.35
5356,2609,Toys & Games,12.96,1,12.96
5357,2610,Sports & Outdoors,47.98,1,47.98
5358,2611,Home & Kitchen,182.96,1,182.96
5359,2611,Beauty,87.86,1,87.86
5360,2611,Apparel,50.82,3,152.46
5361,2611,Electronics,738.63,1,738.63
5362,2611,Toys & Games,62.63,1,62.63
5363,2612,Electronics,846.35,1,846.35
5364,2612,Apparel,51.79,1,51.79
5365,2612,Home & Kitchen,145.45,1,145.45
5366,2613,Electronics,555.77,1,555.77
5367,2614,Home & Kitchen,129.12,1,129.12
5368,2614,Beauty,75.9,1,75.9
5369,2615,Home & Kitchen,35.32,2,70.64
5370,2615,Toys & Games,26.19,1,26.19
5371,2615,Electronics,318.61,3,955.83
5372,2615,Electronics,731.27,2,1462.54
5373,2615,Books,9.21,1,9.21
5374,2616,Home & Kitchen,139.21,1,139.21
5375,2616,Apparel,73.47,1,73.47
5376,2616,Toys & Games,9.32,1,9.32
5377,2617,Books,22.45,1,22.45
5378,2618,Toys & Games,107.37,1,107.37
5379,2619,Home & Kitchen,253.0,1,253.0
5380,2619,Home & Kitchen,265.99,3,797.97
5381,2620,Apparel,91.52,1,91.52
5382,2620,Beauty,76.39,1,76.39
5383,2620,Apparel,73.95,2,147.9
5384,2621,Home & Kitchen,184.16,1,184.16
5385,2621,Beauty,58.27,2,116.54
5386,2622,Apparel,99.1,1,99.1
5387,2622,Books,9.64,1,9.64
5388,2623,Beauty,11.81,1,11.81
5389,2623,Home & Kitchen,26.11,2,52.22
5390,2624,Beauty,66.0,1,66.0
5391,2624,Toys & Games,61.61,1,61.61
5392,2625,Sports & Outdoors,136.51,1,136.51
5393,2625,Books,10.84,1,10.84
5394,2625,Electronics,650.32,1,650.32
5395,2625,Toys & Games,23.54,2,47.08
5396,2626,Home & Kitchen,81.35,2,162.7
5397,2626,Apparel,149.76,2,299.52
5398,2626,Sports & Outdoors,12.98,1,12.98
5399,2627,Electronics,290.19,1,290.19
5400,2628,Books,28.92,1,28.92
5401,2629,Apparel,93.58,1,93.58
5402,2630,Electronics,637.43,1,637.43
5403,2631,Apparel,33.79,1,33.79
5404,2632,Toys & Games,61.98,1,61.98
5405,2632,Sports & Outdoors,13.21,1,13.21
5406,2632,Home & Kitchen,144.07,1,144.07
5407,2633,Grocery,40.06,2,80.12
5408,2633,Books,19.49,1,19.49
5409,2633,Apparel,106.83,1,106.83
5410,2633,Toys & Games,73.32,1,73.32
5411,2633,Toys & Games,106.3,2,212.6
5412,2634,Apparel,38.17,1,38.17
5413,2634,Electronics,168.59,1,168.59
5414,2635,Apparel,39.34,1,39.34
5415,2635,Apparel,111.54,3,334.62
5416,2636,Beauty,38.58,1,38.58
5417,2637,Beauty,57.52,1,57.52
5418,2638,Apparel,133.49,2,266.98
5419,2638,Beauty,65.28,1,65.28
5420,2639,Sports & Outdoors,81.99,2,163.98
5421,2640,Sports & Outdoors,136.24,1,136.24
5422,2640,Electronics,255.69,2,511.38
5423,2641,Grocery,48.52,1,48.52
5424,2641,Electronics,351.89,1,351.89
5425,2642,Toys & Games,96.46,1,96.46
5426,2642,Electronics,147.97,2,295.94
5427,2642,Home & Kitchen,48.48,2,96.96
5428,2642,Electronics,546.58,2,1093.16
5429,2642,Beauty,89.48,1,89.48
5430,2643,Beauty,44.02,1,44.02
5431,2643,Toys & Games,92.89,1,92.89
5432,2644,Electronics,713.35,1,713.35
5433,2644,Beauty,74.13,1,74.13
5434,2644,Home & Kitchen,106.56,1,106.56
5435,2645,Beauty,33.71,1,33.71
5436,2646,Beauty,68.69,2,137.38
5437,2646,Books,44.74,2,89.48
5438,2646,Sports & Outdoors,100.29,1,100.29
5439,2646,Toys & Games,42.21,1,42.21
5440,2646,Apparel,144.51,2,289.02
5441,2647,Electronics,870.76,1,870.76
5442,2647,Sports & Outdoors,214.86,1,214.86
5443,2648,Books,28.43,2,56.86
5444,2649,Toys & Games,8.56,1,8.56
5445,2649,Toys & Games,111.74,1,111.74
5446,2650,Grocery,25.28,1,25.28
5447,2651,Electronics,794.46,2,1588.92
5448,2652,Toys & Games,66.8,1,66.8
5449,2653,Books,18.13,2,36.26
5450,2653,Electronics,378.61,1,378.61
5451,2654,Home & Kitchen,127.59,1,127.59
5452,2654,Beauty,70.87,2,141.74
5453,2655,Home & Kitchen,186.34,1,186.34
5454,2655,Electronics,114.66,2,229.32
5455,2655,Beauty,58.94,2,117.88
5456,2655,Electronics,186.43,1,186.43
5457,2656,Home & Kitchen,24.33,1,24.33
5458,2657,Sports & Outdoors,232.31,1,232.31
5459,2657,Toys & Games,97.89,1,97.89
5460,2658,Electronics,444.51,1,444.51
5461,2658,Beauty,62.53,1,62.53
5462,2658,Apparel,31.95,1,31.95
5463,2658,Books,35.28,1,35.28
5464,2659,Electronics,428.18,1,428.18
5465,2659,Grocery,9.02,1,9.02
5466,2659,Grocery,26.72,2,53.44
5467,2660,Books,38.78,1,38.78
5468,2661,Apparel,57.26,2,114.52
5469,2661,Home & Kitchen,178.23,1,178.23
5470,2661,Apparel,38.06,1,38.06
5471,2661,Electronics,281.33,1,281.33
5472,2662,Grocery,23.44,1,23.44
5473,2662,Apparel,124.78,1,124.78
5474,2663,Toys & Games,67.01,3,201.03
5475,2663,Apparel,46.85,1,46.85
5476,2663,Electronics,813.97,1,813.97
5477,2664,Books,44.32,1,44.32
5478,2664,Home & Kitchen,264.34,1,264.34
5479,2664,Electronics,154.3,3,462.9
5480,2665,Toys & Games,59.95,1,59.95
5481,2666,Electronics,771.06,2,1542.12
5482,2666,Books,12.95,1,12.95
5483,2667,Grocery,38.59,1,38.59
5484,2667,Home & Kitchen,20.21,2,40.42
5485,2667,Sports & Outdoors,165.83,2,331.66
5486,2667,Grocery,25.81,1,25.81
5487,2668,Apparel,66.04,1,66.04
5488,2669,Sports & Outdoors,228.63,1,228.63
5489,2669,Grocery,17.69,1,17.69
5490,2670,Electronics,633.2,2,1266.4
5491,2671,Electronics,407.93,1,407.93
5492,2671,Sports & Outdoors,166.01,2,332.02
5493,2672,Home & Kitchen,22.77,1,22.77
5494,2672,Toys & Games,40.12,1,40.12
5495,2673,Sports & Outdoors,76.17,1,76.17
5496,2674,Home & Kitchen,43.52,1,43.52
5497,2674,Electronics,496.57,1,496.57
5498,2674,Home & Kitchen,102.07,2,204.14
5499,2674,Home & Kitchen,256.73,3,770.19
5500,2675,Electronics,604.84,1,604.84
5501,2675,Electronics,443.61,1,443.61
5502,2676,Electronics,562.25,1,562.25
5503,2677,Toys & Games,46.67,1,46.67
5504,2677,Grocery,46.62,2,93.24
5505,2677,Apparel,70.57,1,70.57
5506,2678,Home & Kitchen,213.89,2,427.78
5507,2678,Apparel,31.97,1,31.97
5508,2678,Toys & Games,82.56,1,82.56
5509,2678,Books,15.23,1,15.23
5510,2678,Beauty,72.79,1,72.79
5511,2679,Beauty,50.03,2,100.06
5512,2679,Sports & Outdoors,45.82,1,45.82
5513,2679,Apparel,122.69,1,122.69
5514,2680,Electronics,155.77,2,311.54
5515,2680,Electronics,628.03,2,1256.06
5516,2680,Sports & Outdoors,206.38,1,206.38
5517,2681,Electronics,442.32,1,442.32
5518,2681,Home & Kitchen,214.56,1,214.56
5519,2681,Books,8.07,1,8.07
5520,2682,Grocery,59.98,1,59.98
5521,2683,Apparel,71.37,1,71.37
5522,2683,Sports & Outdoors,46.04,1,46.04
5523,2683,Toys & Games,100.6,1,100.6
5524,2684,Apparel,134.77,1,134.77
5525,2684,Home & Kitchen,46.82,2,93.64
5526,2685,Apparel,66.98,1,66.98
5527,2686,Toys & Games,52.72,2,105.44
5528,2686,Electronics,88.53,1,88.53
5529,2686,Electronics,485.94,1,485.94
5530,2687,Grocery,24.61,1,24.61
5531,2687,Apparel,99.74,2,199.48
5532,2687,Home & Kitchen,99.47,1,99.47
5533,2688,Grocery,11.03,3,33.09
5534,2688,Grocery,39.12,2,78.24
5535,2688,Electronics,874.53,1,874.53
5536,2688,Toys & Games,51.13,2,102.26
5537,2689,Toys & Games,68.86,2,137.72
5538,2689,Sports & Outdoors,27.32,2,54.64
5539,2690,Apparel,87.51,1,87.51
5540,2690,Home & Kitchen,57.76,1,57.76
5541,2690,Apparel,130.54,1,130.54
5542,2690,Apparel,79.8,1,79.8
5543,2691,Apparel,90.56,2,181.12
5544,2691,Electronics,519.97,2,1039.94
5545,2692,Home & Kitchen,58.75,1,58.75
5546,2693,Toys & Games,13.52,1,13.52
5547,2694,Books,40.57,1,40.57
5548,2695,Toys & Games,49.05,1,49.05
5549,2695,Beauty,30.33,1,30.33
5550,2695,Grocery,31.52,1,31.52
5551,2695,Electronics,473.57,2,947.14
5552,2696,Toys & Games,34.55,1,34.55
5553,2697,Apparel,123.94,2,247.88
5554,2697,Sports & Outdoors,102.35,1,102.35
5555,2698,Apparel,122.57,1,122.57
5556,2698,Home & Kitchen,125.17,1,125.17
5557,2698,Toys & Games,90.97,1,90.97
5558,2698,Books,34.03,1,34.03
5559,2698,Electronics,759.22,2,1518.44
5560,2699,Beauty,66.26,1,66.26
5561,2699,Electronics,120.01,1,120.01
5562,2699,Apparel,132.61,1,132.61
5563,2700,Apparel,98.5,1,98.5
5564,2701,Grocery,37.0,1,37.0
5565,2701,Toys & Games,104.49,1,104.49
5566,2702,Books,31.61,1,31.61
5567,2702,Sports & Outdoors,146.71,2,293.42
5568,2702,Beauty,86.42,1,86.42
5569,2703,Home & Kitchen,67.38,1,67.38
5570,2703,Books,22.13,1,22.13
5571,2704,Electronics,608.66,1,608.66
5572,2704,Toys & Games,111.21,1,111.21
5573,2705,Books,24.89,1,24.89
5574,2706,Electronics,187.96,1,187.96
5575,2707,Electronics,111.1,1,111.1
5576,2707,Beauty,16.19,1,16.19
5577,2707,Beauty,69.37,1,69.37
5578,2707,Home & Kitchen,245.16,1,245.16
5579,2708,Electronics,567.86,2,1135.72
5580,2708,Home & Kitchen,104.21,3,312.63
5581,2708,Electronics,220.96,2,441.92
5582,2709,Sports & Outdoors,122.45,1,122.45
5583,2709,Electronics,139.66,1,139.66
5584,2709,Toys & Games,88.86,2,177.72
5585,2710,Sports & Outdoors,190.88,1,190.88
5586,2711,Home & Kitchen,132.46,1,132.46
5587,2712,Home & Kitchen,247.55,1,247.55
5588,2713,Toys & Games,26.47,1,26.47
5589,2713,Home & Kitchen,141.44,1,141.44
5590,2713,Beauty,87.31,2,174.62
5591,2713,Toys & Games,86.78,1,86.78
5592,2713,Home & Kitchen,160.67,2,321.34
5593,2714,Electronics,479.97,2,959.94
5594,2715,Apparel,77.12,1,77.12
5595,2715,Apparel,70.12,1,70.12
5596,2715,Books,35.16,1,35.16
5597,2716,Beauty,59.65,1,59.65
5598,2716,Electronics,638.03,1,638.03
5599,2717,Home & Kitchen,122.65,1,122.65
5600,2718,Grocery,17.5,1,17.5
5601,2719,Apparel,64.84,1,64.84
5602,2719,Beauty,62.46,1,62.46
5603,2719,Sports & Outdoors,168.03,1,168.03
5604,2720,Apparel,21.27,1,21.27
5605,2720,Beauty,89.1,1,89.1
5606,2720,Home & Kitchen,146.44,2,292.88
5607,2720,Home & Kitchen,235.06,1,235.06
5608,2721,Electronics,556.55,1,556.55
5609,2721,Home & Kitchen,177.35,1,177.35
5610,2721,Grocery,48.02,1,48.02
5611,2722,Books,24.29,2,48.58
5612,2723,Home & Kitchen,119.91,2,239.82
5613,2723,Apparel,24.34,2,48.68
5614,2723,Home & Kitchen,52.79,1,52.79
5615,2724,Sports & Outdoors,249.75,2,499.5
5616,2725,Apparel,138.27,2,276.54
5617,2725,Electronics,845.28,1,845.28
5618,2726,Beauty,42.9,1,42.9
5619,2726,Sports & Outdoors,10.73,3,32.19
5620,2727,Electronics,105.77,2,211.54
5621,2727,Sports & Outdoors,75.13,1,75.13
5622,2727,Beauty,51.22,1,51.22
5623,2727,Grocery,59.29,3,177.87
5624,2727,Beauty,34.08,1,34.08
5625,2728,Toys & Games,34.61,1,34.61
5626,2728,Home & Kitchen,52.03,1,52.03
5627,2729,Electronics,742.91,2,1485.82
5628,2729,Home & Kitchen,30.37,1,30.37
5629,2729,Apparel,36.38,1,36.38
5630,2729,Apparel,112.79,1,112.79
5631,2730,Toys & Games,99.1,1,99.1
5632,2730,Beauty,59.78,1,59.78
5633,2731,Books,8.99,3,26.97
5634,2731,Apparel,41.72,3,125.16
5635,2731,Home & Kitchen,244.53,1,244.53
5636,2731,Toys & Games,101.22,1,101.22
5637,2732,Sports & Outdoors,102.74,3,308.22
5638,2732,Electronics,386.9,1,386.9
5639,2733,Beauty,35.48,1,35.48
5640,2733,Beauty,53.96,1,53.96
5641,2733,Electronics,573.83,1,573.83
5642,2733,Home & Kitchen,81.71,1,81.71
5643,2734,Apparel,79.27,1,79.27
5644,2735,Toys & Games,81.73,2,163.46
5645,2736,Beauty,53.22,1,53.22
5646,2736,Home & Kitchen,249.78,1,249.78
5647,2737,Toys & Games,90.3,1,90.3
5648,2738,Sports & Outdoors,100.13,1,100.13
5649,2739,Beauty,16.9,1,16.9
5650,2740,Apparel,135.01,1,135.01
5651,2741,Electronics,514.36,1,514.36
5652,2742,Beauty,56.56,2,113.12
5653,2743,Electronics,636.8,1,636.8
5654,2744,Electronics,808.84,1,808.84
5655,2744,Home & Kitchen,263.84,1,263.84
5656,2745,Beauty,52.9,1,52.9
5657,2746,Home & Kitchen,165.18,2,330.36
5658,2747,Apparel,137.63,1,137.63
5659,2748,Beauty,50.61,2,101.22
5660,2748,Sports & Outdoors,147.15,1,147.15
5661,2748,Electronics,57.14,3,171.42
5662,2749,Apparel,112.22,1,112.22
5663,2750,Toys & Games,87.71,1,87.71
5664,2750,Grocery,16.72,1,16.72
5665,2750,Books,14.14,1,14.14
5666,2750,Home & Kitchen,192.85,3,578.55
5667,2751,Beauty,22.19,1,22.19
5668,2751,Electronics,201.27,1,201.27
5669,2751,Home & Kitchen,107.65,1,107.65
5670,2751,Toys & Games,84.0,1,84.0
5671,2751,Sports & Outdoors,176.96,2,353.92
5672,2752,Electronics,606.49,2,1212.98
5673,2752,Sports & Outdoors,204.22,2,408.44
5674,2752,Home & Kitchen,270.44,2,540.88
5675,2752,Home & Kitchen,153.16,1,153.16
5676,2753,Beauty,77.72,2,155.44
5677,2753,Apparel,37.57,1,37.57
5678,2753,Grocery,51.01,2,102.02
5679,2754,Beauty,33.94,2,67.88
5680,2755,Grocery,26.58,1,26.58
5681,2756,Sports & Outdoors,219.9,2,439.8
5682,2757,Beauty,85.38,1,85.38
5683,2757,Apparel,38.33,1,38.33
5684,2758,Beauty,78.92,1,78.92
5685,2758,Beauty,51.09,3,153.27
5686,2758,Books,29.22,1,29.22
5687,2759,Beauty,50.47,2,100.94
5688,2760,Sports & Outdoors,43.52,1,43.52
5689,2761,Home & Kitchen,266.0,1,266.0
5690,2762,Home & Kitchen,113.12,1,113.12
5691,2763,Home & Kitchen,28.68,2,57.36
5692,2764,Apparel,41.55,2,83.1
5693,2764,Apparel,124.33,1,124.33
5694,2765,Electronics,439.78,1,439.78
5695,2766,Electronics,329.99,1,329.99
5696,2766,Electronics,72.54,1,72.54
5697,2766,Home & Kitchen,32.45,1,32.45
5698,2767,Apparel,120.78,1,120.78
5699,2767,Home & Kitchen,56.48,1,56.48
5700,2768,Home & Kitchen,43.58,1,43.58
5701,2769,Home & Kitchen,105.8,1,105.8
5702,2769,Sports & Outdoors,146.38,1,146.38
5703,2769,Apparel,73.87,1,73.87
5704,2770,Beauty,83.94,1,83.94
5705,2771,Home & Kitchen,207.11,1,207.11
5706,2771,Electronics,855.77,1,855.77
5707,2772,Apparel,28.7,2,57.4
5708,2772,Apparel,108.68,2,217.36
5709,2772,Beauty,78.62,1,78.62
5710,2772,Toys & Games,33.38,1,33.38
5711,2773,Beauty,23.5,1,23.5
5712,2773,Electronics,212.57,1,212.57
5713,2773,Toys & Games,94.43,1,94.43
5714,2774,Electronics,384.28,1,384.28
5715,2775,Home & Kitchen,18.78,1,18.78
5716,2775,Grocery,9.37,1,9.37
5717,2775,Sports & Outdoors,80.58,2,161.16
5718,2775,Home & Kitchen,241.88,1,241.88
5719,2775,Electronics,372.08,1,372.08
5720,2776,Sports & Outdoors,25.66,1,25.66
5721,2777,Home & Kitchen,189.82,3,569.46
5722,2777,Home & Kitchen,238.3,1,238.3
5723,2777,Electronics,757.65,3,2272.95
5724,2777,Home & Kitchen,158.54,1,158.54
5725,2778,Beauty,10.06,1,10.06
5726,2778,Electronics,790.82,1,790.82
5727,2778,Toys & Games,113.37,1,113.37
5728,2779,Sports & Outdoors,232.12,1,232.12
5729,2779,Apparel,128.33,1,128.33
5730,2779,Grocery,45.73,1,45.73
5731,2780,Apparel,149.0,1,149.0
5732,2780,Apparel,129.02,1,129.02
5733,2781,Electronics,527.56,3,1582.68
5734,2782,Toys & Games,50.06,1,50.06
5735,2782,Home & Kitchen,122.21,1,122.21
5736,2783,Grocery,10.51,1,10.51
5737,2784,Beauty,51.44,2,102.88
5738,2784,Home & Kitchen,277.85,3,833.55
5739,2785,Grocery,18.98,1,18.98
5740,2786,Apparel,96.02,2,192.04
5741,2787,Electronics,720.56,1,720.56
5742,2787,Home & Kitchen,233.59,1,233.59
5743,2787,Books,37.73,1,37.73
5744,2787,Apparel,124.57,1,124.57
5745,2787,Home & Kitchen,277.32,2,554.64
5746,2788,Sports & Outdoors,81.74,1,81.74
5747,2788,Books,37.71,1,37.71
5748,2788,Apparel,113.59,1,113.59
5749,2788,Home & Kitchen,134.77,1,134.77
5750,2789,Books,36.12,1,36.12
5751,2790,Home & Kitchen,87.01,1,87.01
5752,2790,Toys & Games,85.52,1,85.52
5753,2790,Grocery,51.58,1,51.58
5754,2791,Books,8.18,1,8.18
5755,2791,Beauty,81.66,2,163.32
5756,2792,Home & Kitchen,15.62,1,15.62
5757,2792,Grocery,5.85,1,5.85
5758,2792,Home & Kitchen,137.43,1,137.43
5759,2793,Electronics,639.09,1,639.09
5760,2794,Home & Kitchen,289.47,1,289.47
5761,2794,Electronics,547.64,1,547.64
5762,2794,Beauty,46.84,1,46.84
5763,2794,Toys & Games,29.49,1,29.49
5764,2795,Home & Kitchen,292.47,2,584.94
5765,2795,Electronics,477.92,2,955.84
5766,2796,Electronics,668.31,1,668.31
5767,2797,Sports & Outdoors,204.19,1,204.19
5768,2798,Apparel,119.29,1,119.29
5769,2798,Sports & Outdoors,142.69,2,285.38
5770,2799,Electronics,545.66,3,1636.98
5771,2800,Grocery,6.87,2,13.74
5772,2800,Apparel,33.21,1,33.21
5773,2800,Grocery,49.32,1,49.32
5774,2801,Grocery,30.08,2,60.16
5775,2801,Toys & Games,9.08,1,9.08
5776,2802,Toys & Games,31.08,1,31.08
5777,2802,Home & Kitchen,164.13,1,164.13
5778,2802,Home & Kitchen,210.81,1,210.81
5779,2803,Grocery,11.86,1,11.86
5780,2803,Books,21.56,2,43.12
5781,2804,Electronics,238.91,2,477.82
5782,2805,Apparel,117.63,1,117.63
5783,2805,Sports & Outdoors,87.15,1,87.15
5784,2805,Apparel,23.56,1,23.56
5785,2806,Home & Kitchen,290.6,3,871.8
5786,2806,Electronics,569.02,2,1138.04
5787,2807,Grocery,47.71,1,47.71
5788,2808,Apparel,116.08,1,116.08
5789,2809,Electronics,586.0,1,586.0
5790,2809,Apparel,25.89,1,25.89
5791,2809,Apparel,58.77,1,58.77
5792,2809,Grocery,22.68,2,45.36
5793,2810,Books,17.19,1,17.19
5794,2811,Toys & Games,86.54,3,259.62
5795,2811,Toys & Games,89.65,2,179.3
5796,2811,Books,25.59,1,25.59
5797,2811,Electronics,66.01,2,132.02
5798,2811,Beauty,70.4,3,211.2
5799,2812,Home & Kitchen,187.51,1,187.51
5800,2812,Toys & Games,27.41,3,82.23
5801,2812,Electronics,287.66,1,287.66
5802,2813,Beauty,27.05,1,27.05
5803,2813,Sports & Outdoors,173.33,2,346.66
5804,2813,Toys & Games,100.38,1,100.38
5805,2814,Beauty,71.03,1,71.03
5806,2815,Apparel,147.02,1,147.02
5807,2815,Apparel,78.88,1,78.88
5808,2815,Home & Kitchen,115.27,1,115.27
5809,2815,Grocery,57.87,1,57.87
5810,2816,Beauty,70.59,1,70.59
5811,2817,Books,20.2,1,20.2
5812,2818,Electronics,842.73,1,842.73
5813,2819,Home & Kitchen,100.4,1,100.4
5814,2819,Electronics,656.82,1,656.82
5815,2820,Grocery,58.95,1,58.95
5816,2821,Home & Kitchen,164.69,2,329.38
5817,2821,Electronics,507.92,1,507.92
5818,2822,Grocery,53.77,1,53.77
5819,2822,Beauty,72.49,1,72.49
5820,2822,Home & Kitchen,106.9,1,106.9
5821,2823,Beauty,79.62,1,79.62
5822,2824,Books,30.74,1,30.74
5823,2824,Apparel,107.51,1,107.51
5824,2824,Toys & Games,47.65,1,47.65
5825,2824,Apparel,78.47,1,78.47
5826,2824,Apparel,108.85,1,108.85
5827,2825,Beauty,50.76,1,50.76
5828,2826,Electronics,633.63,2,1267.26
5829,2826,Electronics,64.73,1,64.73
5830,2826,Books,33.98,2,67.96
5831,2826,Home & Kitchen,298.22,1,298.22
5832,2827,Electronics,151.04,1,151.04
5833,2828,Home & Kitchen,33.0,1,33.0
5834,2829,Apparel,56.23,1,56.23
5835,2830,Apparel,28.74,1,28.74
5836,2830,Grocery,27.21,1,27.21
5837,2830,Home & Kitchen,145.37,1,145.37
5838,2831,Toys & Games,69.09,1,69.09
5839,2832,Home & Kitchen,97.09,3,291.27
5840,2832,Apparel,96.23,1,96.23
5841,2832,Home & Kitchen,45.21,1,45.21
5842,2833,Sports & Outdoors,40.89,3,122.67
5843,2833,Electronics,341.39,1,341.39
5844,2833,Electronics,186.64,2,373.28
5845,2834,Beauty,61.28,2,122.56
5846,2834,Apparel,88.62,1,88.62
5847,2835,Books,15.47,1,15.47
5848,2835,Apparel,116.0,2,232.0
5849,2835,Apparel,12.3,1,12.3
5850,2835,Apparel,97.37,1,97.37
5851,2835,Electronics,496.95,2,993.9
5852,2836,Grocery,5.33,1,5.33
5853,2836,Sports & Outdoors,150.45,1,150.45
5854,2837,Electronics,395.75,1,395.75
5855,2837,Apparel,18.84,1,18.84
5856,2837,Grocery,8.04,2,16.08
5857,2837,Electronics,536.04,1,536.04
5858,2838,Grocery,8.77,1,8.77
5859,2839,Books,16.41,1,16.41
5860,2839,Home & Kitchen,294.77,1,294.77
5861,2840,Electronics,81.64,1,81.64
5862,2840,Grocery,43.76,1,43.76
5863,2841,Sports & Outdoors,23.1,1,23.1
5864,2842,Books,44.14,1,44.14
5865,2842,Electronics,425.89,1,425.89
5866,2842,Electronics,176.22,1,176.22
5867,2843,Toys & Games,111.37,1,111.37
5868,2844,Toys & Games,37.62,3,112.86
5869,2845,Toys & Games,20.31,3,60.93
5870,2846,Grocery,5.95,1,5.95
5871,2846,Grocery,24.69,1,24.69
5872,2847,Apparel,44.74,1,44.74
5873,2847,Electronics,592.85,2,1185.7
5874,2848,Toys & Games,70.5,1,70.5
5875,2849,Sports & Outdoors,81.44,1,81.44
5876,2850,Toys & Games,91.11,1,91.11
5877,2850,Sports & Outdoors,70.75,1,70.75
5878,2850,Books,43.43,1,43.43
5879,2850,Electronics,228.54,3,685.62
5880,2851,Apparel,33.33,2,66.66
5881,2851,Home & Kitchen,87.96,1,87.96
5882,2852,Apparel,72.95,2,145.9
5883,2852,Sports & Outdoors,105.93,1,105.93
5884,2852,Grocery,4.44,2,8.88
5885,2853,Apparel,74.28,1,74.28
5886,2854,Apparel,49.82,1,49.82
5887,2855,Sports & Outdoors,158.64,3,475.92
5888,2856,Apparel,67.93,1,67.93
5889,2857,Home & Kitchen,224.8,3,674.4
5890,2858,Sports & Outdoors,222.76,1,222.76
5891,2858,Electronics,409.5,2,819.0
5892,2858,Home & Kitchen,267.12,1,267.12
5893,2858,Electronics,694.71,1,694.71
5894,2859,Toys & Games,46.66,1,46.66
5895,2860,Home & Kitchen,160.74,1,160.74
5896,2861,Electronics,830.42,1,830.42
5897,2862,Books,27.73,1,27.73
5898,2863,Beauty,73.1,2,146.2
5899,2864,Electronics,742.85,1,742.85
5900,2865,Apparel,143.46,1,143.46
5901,2866,Grocery,5.61,1,5.61
5902,2867,Electronics,492.38,1,492.38
5903,2867,Apparel,97.3,2,194.6
5904,2868,Home & Kitchen,240.03,1,240.03
5905,2868,Apparel,29.08,2,58.16
5906,2868,Books,12.6,1,12.6
5907,2868,Books,44.36,2,88.72
5908,2869,Apparel,146.13,2,292.26
5909,2870,Apparel,137.85,1,137.85
5910,2870,Sports & Outdoors,105.85,1,105.85
5911,2870,Home & Kitchen,153.36,1,153.36
5912,2871,Sports & Outdoors,28.21,1,28.21
5913,2871,Books,38.45,1,38.45
5914,2872,Beauty,16.58,1,16.58
5915,2872,Electronics,803.5,1,803.5
5916,2872,Books,13.77,1,13.77
5917,2872,Toys & Games,41.15,1,41.15
5918,2873,Apparel,109.38,1,109.38
5919,2873,Toys & Games,46.85,2,93.7
5920,2874,Grocery,17.67,2,35.34
5921,2875,Apparel,145.92,2,291.84
5922,2875,Grocery,24.9,1,24.9
5923,2876,Beauty,47.89,1,47.89
5924,2876,Toys & Games,95.47,1,95.47
5925,2877,Grocery,42.32,1,42.32
5926,2877,Home & Kitchen,130.75,1,130.75
5927,2878,Beauty,88.18,1,88.18
5928,2878,Grocery,30.13,1,30.13
5929,2879,Apparel,115.99,2,231.98
5930,2879,Beauty,38.04,1,38.04
5931,2879,Books,17.44,1,17.44
5932,2880,Apparel,47.26,1,47.26
5933,2881,Toys & Games,67.11,1,67.11
5934,2882,Beauty,47.73,2,95.46
5935,2883,Electronics,625.4,3,1876.2
5936,2883,Home & Kitchen,135.76,1,135.76
5937,2884,Home & Kitchen,237.37,1,237.37
5938,2884,Home & Kitchen,23.59,2,47.18
5939,2884,Grocery,8.7,1,8.7
5940,2884,Apparel,59.27,1,59.27
5941,2885,Beauty,34.15,2,68.3
5942,2886,Books,43.13,1,43.13
5943,2887,Books,25.52,3,76.56
5944,2888,Electronics,484.35,2,968.7
5945,2888,Toys & Games,72.4,1,72.4
5946,2889,Sports & Outdoors,192.66,1,192.66
5947,2889,Beauty,45.2,1,45.2
5948,2889,Toys & Games,52.07,2,104.14
5949,2890,Apparel,134.03,1,134.03
5950,2891,Home & Kitchen,50.52,1,50.52
5951,2892,Home & Kitchen,154.27,1,154.27
5952,2892,Books,18.96,2,37.92
5953,2893,Electronics,125.21,2,250.42
5954,2894,Home & Kitchen,32.67,1,32.67
5955,2894,Sports & Outdoors,188.11,1,188.11
5956,2895,Beauty,68.04,1,68.04
5957,2895,Home & Kitchen,187.94,1,187.94
5958,2896,Sports & Outdoors,84.19,1,84.19
5959,2897,Apparel,61.59,1,61.59
5960,2898,Books,6.87,1,6.87
5961,2899,Toys & Games,83.87,2,167.74
5962,2900,Apparel,144.11,1,144.11
5963,2900,Apparel,40.96,2,81.92
5964,2901,Beauty,65.36,1,65.36
5965,2901,Electronics,498.19,1,498.19
5966,2901,Home & Kitchen,44.1,1,44.1
5967,2902,Apparel,50.67,1,50.67
5968,2902,Sports & Outdoors,86.05,1,86.05
5969,2902,Books,38.61,1,38.61
5970,2903,Electronics,824.24,1,824.24
5971,2903,Electronics,500.16,2,1000.32
5972,2903,Home & Kitchen,65.75,1,65.75
5973,2904,Apparel,13.01,1,13.01
5974,2905,Beauty,78.62,1,78.62
5975,2905,Electronics,585.8,1,585.8
5976,2905,Grocery,43.38,2,86.76
5977,2906,Apparel,105.77,2,211.54
5978,2906,Apparel,39.55,2,79.1
5979,2907,Grocery,24.77,3,74.31
5980,2907,Apparel,107.98,1,107.98
5981,2908,Home & Kitchen,140.27,1,140.27
5982,2909,Electronics,769.24,1,769.24
5983,2909,Apparel,80.75,1,80.75
5984,2909,Sports & Outdoors,15.31,1,15.31
5985,2909,Sports & Outdoors,223.54,1,223.54
5986,2909,Apparel,82.07,1,82.07
5987,2910,Beauty,60.17,3,180.51
5988,2911,Electronics,168.89,1,168.89
5989,2911,Beauty,54.52,2,109.04
5990,2912,Sports & Outdoors,179.62,1,179.62
5991,2912,Sports & Outdoors,175.81,1,175.81
5992,2912,Apparel,24.05,1,24.05
5993,2913,Toys & Games,17.37,1,17.37
5994,2913,Home & Kitchen,22.59,1,22.59
5995,2913,Home & Kitchen,182.7,3,548.1
5996,2913,Apparel,100.2,1,100.2
5997,2914,Books,29.96,1,29.96
5998,2914,Home & Kitchen,218.84,2,437.68
5999,2914,Home & Kitchen,299.91,1,299.91
6000,2914,Home & Kitchen,264.49,1,264.49
6001,2914,Books,41.4,1,41.4
6002,2915,Home & Kitchen,246.17,2,492.34
6003,2915,Sports & Outdoors,188.48,1,188.48
6004,2915,Home & Kitchen,292.19,1,292.19
6005,2916,Sports & Outdoors,117.61,1,117.61
6006,2916,Apparel,70.46,1,70.46
6007,2917,Apparel,43.3,1,43.3
6008,2918,Toys & Games,96.32,3,288.96
6009,2919,Toys & Games,15.75,1,15.75
6010,2919,Electronics,737.13,1,737.13
6011,2920,Apparel,33.55,1,33.55
6012,2921,Beauty,55.79,1,55.79
6013,2921,Home & Kitchen,171.86,1,171.86
6014,2921,Electronics,211.62,3,634.86
6015,2922,Toys & Games,70.16,1,70.16
6016,2922,Toys & Games,39.39,1,39.39
6017,2922,Electronics,581.09,2,1162.18
6018,2923,Apparel,138.77,1,138.77
6019,2924,Apparel,58.44,1,58.44
6020,2925,Home & Kitchen,112.39,1,112.39
6021,2926,Sports & Outdoors,126.16,1,126.16
6022,2927,Electronics,777.99,1,777.99
6023,2927,Electronics,689.81,1,689.81
6024,2928,Books,9.9,1,9.9
6025,2928,Apparel,87.4,1,87.4
6026,2928,Beauty,71.76,3,215.28
6027,2929,Home & Kitchen,275.66,1,275.66
6028,2930,Toys & Games,41.12,1,41.12
6029,2931,Electronics,872.36,1,872.36
6030,2932,Sports & Outdoors,148.71,2,297.42
6031,2932,Electronics,266.7,1,266.7
6032,2932,Toys & Games,19.07,3,57.21
6033,2932,Electronics,609.16,1,609.16
6034,2933,Grocery,5.69,1,5.69
6035,2933,Apparel,112.46,2,224.92
6036,2933,Books,22.98,1,22.98
6037,2934,Apparel,28.4,2,56.8
6038,2934,Beauty,63.28,1,63.28
6039,2935,Home & Kitchen,279.78,1,279.78
6040,2936,Electronics,556.45,1,556.45
6041,2937,Apparel,112.64,2,225.28
6042,2938,Apparel,35.59,3,106.77
6043,2938,Home & Kitchen,198.4,2,396.8
6044,2938,Sports & Outdoors,145.52,1,145.52
6045,2939,Beauty,34.63,1,34.63
6046,2939,Home & Kitchen,238.37,2,476.74
6047,2939,Beauty,89.38,3,268.14
6048,2940,Home & Kitchen,110.75,2,221.5
6049,2940,Sports & Outdoors,242.49,1,242.49
6050,2940,Grocery,20.29,2,40.58
6051,2941,Toys & Games,80.35,1,80.35
6052,2941,Home & Kitchen,94.27,3,282.81
6053,2942,Home & Kitchen,148.26,1,148.26
6054,2943,Books,23.54,1,23.54
6055,2944,Electronics,181.86,1,181.86
6056,2944,Beauty,65.7,1,65.7
6057,2945,Home & Kitchen,168.35,1,168.35
6058,2946,Toys & Games,73.73,1,73.73
6059,2947,Beauty,84.79,1,84.79
6060,2948,Home & Kitchen,47.8,1,47.8
6061,2948,Apparel,59.66,1,59.66
6062,2948,Apparel,56.69,1,56.69
6063,2948,Books,18.03,1,18.03
6064,2948,Apparel,50.4,2,100.8
6065,2949,Books,31.33,1,31.33
6066,2950,Beauty,45.25,1,45.25
6067,2951,Apparel,139.73,1,139.73
6068,2951,Toys & Games,28.64,3,85.92
6069,2951,Beauty,23.57,2,47.14
6070,2951,Home & Kitchen,223.85,1,223.85
6071,2952,Sports & Outdoors,76.6,1,76.6
6072,2952,Beauty,24.14,1,24.14
6073,2952,Beauty,31.36,1,31.36
6074,2953,Grocery,57.98,1,57.98
6075,2953,Toys & Games,48.92,1,48.92
6076,2954,Electronics,769.46,1,769.46
6077,2954,Books,31.68,1,31.68
6078,2955,Home & Kitchen,146.44,2,292.88
6079,2956,Apparel,51.43,1,51.43
6080,2956,Electronics,193.51,1,193.51
6081,2957,Toys & Games,34.97,1,34.97
6082,2957,Apparel,127.72,1,127.72
6083,2958,Home & Kitchen,299.26,2,598.52
6084,2958,Toys & Games,73.58,3,220.74
6085,2959,Beauty,67.57,1,67.57
6086,2959,Sports & Outdoors,76.43,1,76.43
6087,2959,Home & Kitchen,271.08,1,271.08
6088,2960,Toys & Games,81.13,1,81.13
6089,2961,Grocery,46.15,2,92.3
6090,2962,Sports & Outdoors,140.24,1,140.24
6091,2962,Electronics,442.26,1,442.26
6092,2963,Toys & Games,25.4,3,76.2
6093,2963,Electronics,762.5,1,762.5
6094,2963,Sports & Outdoors,154.95,2,309.9
6095,2963,Beauty,77.59,1,77.59
6096,2964,Grocery,4.37,1,4.37
6097,2965,Home & Kitchen,136.15,1,136.15
6098,2965,Sports & Outdoors,133.54,2,267.08
6099,2966,Apparel,120.53,1,120.53
6100,2966,Electronics,382.28,1,382.28
6101,2966,Books,13.65,1,13.65
6102,2966,Apparel,43.21,1,43.21
6103,2967,Electronics,708.0,1,708.0
6104,2967,Toys & Games,105.17,3,315.51
6105,2968,Home & Kitchen,36.7,1,36.7
6106,2969,Home & Kitchen,170.82,1,170.82
6107,2969,Toys & Games,108.37,1,108.37
6108,2970,Grocery,22.87,1,22.87
6109,2970,Grocery,42.95,1,42.95
6110,2971,Toys & Games,20.01,1,20.01
6111,2971,Electronics,672.37,3,2017.11
6112,2972,Grocery,7.65,1,7.65
6113,2973,Books,19.71,1,19.71
6114,2974,Sports & Outdoors,168.58,1,168.58
6115,2974,Grocery,15.95,1,15.95
6116,2975,Beauty,54.31,1,54.31
6117,2975,Beauty,69.48,1,69.48
6118,2975,Beauty,46.74,1,46.74
6119,2975,Toys & Games,13.72,1,13.72
6120,2975,Sports & Outdoors,100.65,1,100.65
6121,2976,Apparel,52.78,1,52.78
6122,2977,Electronics,280.54,1,280.54
6123,2977,Home & Kitchen,286.65,1,286.65
6124,2978,Electronics,777.33,1,777.33
6125,2979,Sports & Outdoors,90.23,1,90.23
6126,2979,Apparel,37.02,3,111.06
6127,2979,Home & Kitchen,289.7,1,289.7
6128,2980,Sports & Outdoors,104.0,1,104.0
6129,2981,Home & Kitchen,95.42,1,95.42
6130,2981,Grocery,57.14,1,57.14
6131,2982,Toys & Games,98.07,1,98.07
6132,2982,Apparel,84.66,1,84.66
6133,2982,Apparel,62.53,1,62.53
6134,2983,Apparel,77.53,1,77.53
6135,2984,Electronics,568.9,1,568.9
6136,2984,Electronics,378.11,1,378.11
6137,2984,Apparel,117.67,2,235.34
6138,2984,Electronics,184.4,1,184.4
6139,2985,Electronics,571.46,1,571.46
6140,2986,Beauty,38.0,1,38.0
6141,2987,Toys & Games,28.49,1,28.49
6142,2988,Apparel,41.38,1,41.38
6143,2989,Apparel,64.74,2,129.48
6144,2989,Sports & Outdoors,49.0,1,49.0
6145,2989,Grocery,33.42,1,33.42
6146,2990,Apparel,81.84,1,81.84
6147,2991,Electronics,142.08,1,142.08
6148,2992,Home & Kitchen,87.27,1,87.27
6149,2992,Grocery,55.05,1,55.05
6150,2993,Home & Kitchen,247.51,1,247.51
6151,2993,Apparel,121.15,1,121.15
6152,2993,Beauty,55.04,1,55.04
6153,2994,Beauty,85.31,1,85.31
6154,2994,Home & Kitchen,294.73,1,294.73
6155,2995,Grocery,13.52,1,13.52
6156,2995,Sports & Outdoors,182.53,1,182.53
6157,2996,Electronics,667.87,1,667.87
6158,2996,Electronics,234.46,1,234.46
6159,2997,Apparel,117.17,2,234.34
6160,2997,Electronics,839.8,3,2519.4
6161,2997,Home & Kitchen,134.04,2,268.08
6162,2997,Home & Kitchen,242.77,1,242.77
6163,2997,Apparel,24.57,1,24.57
6164,2998,Sports & Outdoors,72.03,1,72.03
6165,2998,Toys & Games,50.6,1,50.6
6166,2998,Electronics,256.49,1,256.49
6167,2998,Sports & Outdoors,77.25,3,231.75
6168,2999,Grocery,14.47,1,14.47
6169,2999,Electronics,647.01,2,1294.02
6170,2999,Home & Kitchen,128.07,1,128.07
6171,3000,Toys & Games,44.44,1,44.44
6172,3001,Books,43.06,2,86.12
6173,3001,Electronics,430.94,1,430.94
6174,3001,Grocery,8.77,1,8.77
6175,3002,Grocery,48.98,2,97.96
6176,3003,Grocery,35.75,1,35.75
6177,3004,Beauty,68.24,1,68.24
6178,3004,Home & Kitchen,266.04,2,532.08
6179,3004,Toys & Games,18.74,1,18.74
6180,3004,Apparel,82.85,1,82.85
6181,3005,Grocery,7.1,1,7.1
6182,3005,Electronics,691.41,1,691.41
6183,3005,Beauty,64.72,1,64.72
6184,3005,Apparel,116.1,2,232.2
6185,3006,Electronics,676.29,1,676.29
6186,3007,Electronics,856.66,1,856.66
6187,3008,Beauty,22.52,2,45.04
6188,3008,Home & Kitchen,196.86,2,393.72
6189,3008,Apparel,62.5,3,187.5
6190,3009,Sports & Outdoors,96.32,3,288.96
6191,3010,Grocery,29.89,1,29.89
6192,3010,Electronics,77.44,1,77.44
6193,3010,Beauty,33.62,1,33.62
6194,3010,Books,22.33,1,22.33
6195,3011,Apparel,125.04,1,125.04
6196,3011,Apparel,72.76,2,145.52
6197,3012,Apparel,120.38,2,240.76
6198,3012,Sports & Outdoors,205.41,2,410.82
6199,3012,Beauty,8.35,1,8.35
6200,3013,Electronics,358.89,1,358.89
6201,3013,Home & Kitchen,205.16,1,205.16
6202,3014,Electronics,385.7,1,385.7
6203,3015,Home & Kitchen,99.64,1,99.64
6204,3015,Electronics,593.78,2,1187.56
6205,3016,Apparel,48.26,1,48.26
6206,3016,Sports & Outdoors,132.5,3,397.5
6207,3016,Electronics,450.54,1,450.54
6208,3016,Electronics,86.17,1,86.17
6209,3017,Apparel,14.08,1,14.08
6210,3017,Beauty,62.02,1,62.02
6211,3018,Electronics,444.69,1,444.69
6212,3018,Books,30.24,1,30.24
6213,3018,Apparel,146.27,1,146.27
6214,3019,Sports & Outdoors,178.76,1,178.76
6215,3019,Beauty,9.64,2,19.28
6216,3019,Toys & Games,21.69,2,43.38
6217,3019,Beauty,31.4,3,94.2
6218,3019,Electronics,275.69,2,551.38
6219,3020,Apparel,72.96,2,145.92
6220,3020,Beauty,13.85,1,13.85
6221,3020,Apparel,149.14,1,149.14
6222,3020,Toys & Games,16.75,1,16.75
6223,3021,Beauty,12.32,3,36.96
6224,3022,Electronics,582.07,2,1164.14
6225,3022,Electronics,566.51,2,1133.02
6226,3023,Apparel,149.47,1,149.47
6227,3024,Beauty,62.39,1,62.39
6228,3024,Beauty,32.83,2,65.66
6229,3024,Apparel,133.36,1,133.36
6230,3024,Beauty,50.7,1,50.7
6231,3025,Electronics,362.38,1,362.38
6232,3025,Home & Kitchen,100.16,2,200.32
6233,3025,Toys & Games,10.12,1,10.12
6234,3025,Electronics,553.85,2,1107.7
6235,3026,Apparel,65.4,2,130.8
6236,3026,Electronics,95.01,2,190.02
6237,3026,Electronics,623.52,1,623.52
6238,3027,Home & Kitchen,178.58,2,357.16
6239,3028,Sports & Outdoors,175.76,1,175.76
6240,3028,Books,31.75,1,31.75
6241,3029,Electronics,815.91,2,1631.82
6242,3029,Sports & Outdoors,29.9,2,59.8
6243,3029,Apparel,114.89,2,229.78
6244,3029,Apparel,138.21,1,138.21
6245,3030,Beauty,53.43,1,53.43
6246,3030,Electronics,51.67,1,51.67
6247,3031,Electronics,549.92,1,549.92
6248,3031,Sports & Outdoors,83.72,1,83.72
6249,3031,Toys & Games,62.68,1,62.68
6250,3032,Apparel,100.6,1,100.6
6251,3033,Books,39.51,1,39.51
6252,3034,Books,8.42,1,8.42
6253,3034,Electronics,263.8,2,527.6
6254,3035,Sports & Outdoors,215.73,2,431.46
6255,3035,Electronics,663.72,1,663.72
6256,3035,Grocery,47.59,1,47.59
6257,3035,Grocery,20.37,1,20.37
6258,3036,Apparel,50.53,1,50.53
6259,3036,Electronics,616.06,1,616.06
6260,3037,Apparel,45.45,1,45.45
6261,3038,Apparel,48.73,3,146.19
6262,3039,Grocery,12.53,1,12.53
6263,3040,Home & Kitchen,94.89,2,189.78
6264,3041,Books,10.57,3,31.71
6265,3041,Home & Kitchen,226.55,1,226.55
6266,3041,Beauty,35.06,3,105.18
6267,3041,Home & Kitchen,230.34,1,230.34
6268,3042,Apparel,130.77,1,130.77
6269,3042,Electronics,647.88,2,1295.76
6270,3042,Sports & Outdoors,101.2,1,101.2
6271,3043,Apparel,38.39,1,38.39
6272,3044,Electronics,228.47,2,456.94
6273,3045,Books,7.51,1,7.51
6274,3046,Electronics,583.26,3,1749.78
6275,3046,Electronics,229.31,2,458.62
6276,3046,Electronics,756.14,1,756.14
6277,3047,Beauty,71.79,1,71.79
6278,3047,Electronics,357.59,1,357.59
6279,3047,Toys & Games,68.78,1,68.78
6280,3047,Sports & Outdoors,220.62,2,441.24
6281,3048,Books,16.43,3,49.29
6282,3048,Toys & Games,15.24,2,30.48
6283,3048,Books,14.62,1,14.62
6284,3048,Grocery,41.85,2,83.7
6285,3049,Beauty,69.55,1,69.55
6286,3050,Books,11.79,3,35.37
6287,3051,Electronics,729.7,3,2189.1
6288,3051,Books,22.81,1,22.81
6289,3052,Beauty,88.22,1,88.22
6290,3052,Beauty,26.87,1,26.87
6291,3052,Sports & Outdoors,154.39,1,154.39
6292,3053,Apparel,64.42,1,64.42
6293,3053,Beauty,56.24,1,56.24
6294,3054,Grocery,14.14,2,28.28
6295,3054,Home & Kitchen,251.7,1,251.7
6296,3055,Beauty,46.01,2,92.02
6297,3056,Electronics,87.78,1,87.78
6298,3056,Toys & Games,47.92,1,47.92
6299,3057,Apparel,112.44,2,224.88
6300,3058,Electronics,823.93,1,823.93
6301,3059,Electronics,768.61,1,768.61
6302,3060,Toys & Games,75.79,1,75.79
6303,3060,Beauty,41.47,2,82.94
6304,3060,Books,37.94,1,37.94
6305,3060,Books,12.07,1,12.07
6306,3061,Home & Kitchen,27.5,2,55.0
6307,3061,Electronics,818.09,1,818.09
6308,3061,Sports & Outdoors,231.96,2,463.92
6309,3062,Beauty,81.47,2,162.94
6310,3062,Books,32.35,1,32.35
6311,3063,Home & Kitchen,54.06,1,54.06
6312,3063,Apparel,144.27,1,144.27
6313,3063,Home & Kitchen,228.65,1,228.65
6314,3063,Sports & Outdoors,59.8,1,59.8
6315,3063,Grocery,24.66,2,49.32
6316,3064,Beauty,37.66,2,75.32
6317,3064,Toys & Games,34.32,1,34.32
6318,3064,Apparel,105.08,2,210.16
6319,3065,Apparel,141.55,2,283.1
6320,3066,Electronics,802.95,2,1605.9
6321,3067,Grocery,43.86,1,43.86
6322,3067,Books,15.6,3,46.8
6323,3068,Grocery,26.88,2,53.76
6324,3068,Apparel,34.0,1,34.0
6325,3068,Apparel,99.03,2,198.06
6326,3069,Apparel,42.35,1,42.35
6327,3070,Books,17.87,3,53.61
6328,3070,Electronics,493.79,1,493.79
6329,3071,Apparel,22.08,1,22.08
6330,3071,Books,43.17,1,43.17
6331,3072,Beauty,81.3,1,81.3
6332,3073,Electronics,805.79,1,805.79
6333,3073,Toys & Games,15.27,2,30.54
6334,3073,Sports & Outdoors,143.02,1,143.02
6335,3074,Home & Kitchen,73.33,2,146.66
6336,3074,Grocery,15.87,1,15.87
6337,3074,Apparel,130.85,1,130.85
6338,3075,Sports & Outdoors,177.36,1,177.36
6339,3075,Apparel,138.19,1,138.19
6340,3075,Electronics,321.57,1,321.57
6341,3075,Electronics,124.53,1,124.53
6342,3076,Sports & Outdoors,194.02,2,388.04
6343,3077,Apparel,19.37,1,19.37
6344,3077,Sports & Outdoors,232.44,1,232.44
6345,3078,Electronics,226.64,2,453.28
6346,3079,Home & Kitchen,125.01,1,125.01
6347,3079,Home & Kitchen,216.04,1,216.04
6348,3080,Beauty,67.36,2,134.72
6349,3080,Apparel,104.04,1,104.04
6350,3081,Electronics,366.31,3,1098.93
6351,3081,Electronics,59.68,1,59.68
6352,3081,Grocery,5.12,1,5.12
6353,3082,Beauty,54.08,1,54.08
6354,3083,Grocery,54.64,1,54.64
6355,3083,Apparel,142.02,2,284.04
6356,3083,Books,19.03,1,19.03
6357,3083,Books,28.47,1,28.47
6358,3084,Books,16.2,2,32.4
6359,3085,Beauty,33.06,1,33.06
6360,3086,Grocery,27.96,1,27.96
6361,3087,Apparel,120.99,2,241.98
6362,3087,Home & Kitchen,87.18,1,87.18
6363,3087,Toys & Games,9.23,1,9.23
6364,3087,Books,29.44,1,29.44
6365,3087,Beauty,58.78,1,58.78
6366,3088,Electronics,169.57,1,169.57
6367,3088,Grocery,40.9,1,40.9
6368,3088,Grocery,54.41,1,54.41
6369,3088,Beauty,82.24,1,82.24
6370,3088,Home & Kitchen,241.01,1,241.01
6371,3089,Toys & Games,38.44,1,38.44
6372,3090,Home & Kitchen,132.94,1,132.94
6373,3090,Apparel,84.65,1,84.65
6374,3091,Apparel,121.97,2,243.94
6375,3092,Electronics,610.52,1,610.52
6376,3092,Beauty,82.42,1,82.42
6377,3092,Apparel,121.73,2,243.46
6378,3092,Home & Kitchen,256.84,3,770.52
6379,3093,Apparel,25.72,1,25.72
6380,3093,Electronics,655.31,1,655.31
6381,3093,Sports & Outdoors,66.29,3,198.87
6382,3094,Beauty,86.0,1,86.0
6383,3095,Toys & Games,30.37,1,30.37
6384,3096,Beauty,53.7,1,53.7
6385,3096,Sports & Outdoors,28.8,1,28.8
6386,3097,Grocery,5.83,3,17.49
6387,3098,Apparel,126.01,2,252.02
6388,3098,Electronics,84.66,1,84.66
6389,3099,Apparel,144.33,1,144.33
6390,3100,Beauty,38.53,1,38.53
6391,3100,Sports & Outdoors,43.61,1,43.61
6392,3101,Home & Kitchen,278.12,2,556.24
6393,3101,Home & Kitchen,190.95,1,190.95
6394,3101,Home & Kitchen,184.25,1,184.25
6395,3102,Electronics,721.46,1,721.46
6396,3103,Electronics,426.6,1,426.6
6397,3104,Sports & Outdoors,168.64,1,168.64
6398,3105,Grocery,27.24,2,54.48
6399,3106,Electronics,793.46,1,793.46
6400,3106,Electronics,723.17,1,723.17
6401,3106,Toys & Games,25.67,1,25.67
6402,3106,Apparel,47.51,1,47.51
6403,3106,Home & Kitchen,126.58,1,126.58
6404,3107,Home & Kitchen,129.94,3,389.82
6405,3107,Grocery,14.66,1,14.66
6406,3107,Books,38.07,1,38.07
6407,3107,Home & Kitchen,130.04,2,260.08
6408,3108,Apparel,87.71,1,87.71
6409,3108,Toys & Games,95.98,2,191.96
6410,3108,Electronics,458.73,1,458.73
6411,3109,Home & Kitchen,50.24,1,50.24
6412,3110,Toys & Games,90.17,2,180.34
6413,3110,Grocery,29.17,1,29.17
6414,3111,Electronics,534.97,2,1069.94
6415,3111,Apparel,13.98,2,27.96
6416,3111,Apparel,71.17,1,71.17
6417,3112,Apparel,70.59,1,70.59
6418,3112,Beauty,48.44,2,96.88
6419,3113,Electronics,48.85,1,48.85
6420,3113,Beauty,86.24,2,172.48
6421,3114,Books,23.1,1,23.1
6422,3114,Apparel,103.14,1,103.14
6423,3115,Electronics,693.35,2,1386.7
6424,3115,Electronics,428.76,2,857.52
6425,3115,Home & Kitchen,247.35,1,247.35
6426,3116,Toys & Games,43.36,1,43.36
6427,3117,Electronics,445.09,1,445.09
6428,3117,Sports & Outdoors,36.67,1,36.67
6429,3117,Grocery,29.42,1,29.42
6430,3117,Home & Kitchen,133.48,1,133.48
6431,3117,Home & Kitchen,299.45,1,299.45
6432,3118,Home & Kitchen,165.82,1,165.82
6433,3118,Home & Kitchen,169.4,2,338.8
6434,3119,Grocery,9.05,2,18.1
6435,3119,Beauty,9.26,1,9.26
6436,3119,Electronics,715.32,2,1430.64
6437,3120,Toys & Games,48.36,1,48.36
6438,3120,Electronics,83.94,1,83.94
6439,3120,Beauty,34.36,1,34.36
6440,3120,Beauty,82.38,2,164.76
6441,3121,Home & Kitchen,201.3,2,402.6
6442,3122,Home & Kitchen,298.54,1,298.54
6443,3123,Books,11.73,1,11.73
6444,3123,Apparel,19.33,1,19.33
6445,3124,Books,16.65,1,16.65
6446,3124,Toys & Games,52.45,1,52.45
6447,3124,Books,6.36,1,6.36
6448,3124,Sports & Outdoors,213.68,2,427.36
6449,3125,Home & Kitchen,132.99,1,132.99
6450,3126,Books,18.83,2,37.66
6451,3126,Apparel,132.66,1,132.66
6452,3127,Home & Kitchen,255.84,2,511.68
6453,3128,Home & Kitchen,213.32,1,213.32
6454,3128,Electronics,316.48,1,316.48
6455,3128,Books,39.21,1,39.21
6456,3128,Home & Kitchen,93.07,1,93.07
6457,3129,Home & Kitchen,156.51,1,156.51
6458,3129,Beauty,34.67,1,34.67
6459,3129,Home & Kitchen,290.73,1,290.73
6460,3129,Beauty,39.29,1,39.29
6461,3129,Electronics,632.07,1,632.07
6462,3130,Sports & Outdoors,161.82,2,323.64
6463,3130,Electronics,491.72,1,491.72
6464,3130,Books,26.3,2,52.6
6465,3131,Sports & Outdoors,159.76,2,319.52
6466,3132,Home & Kitchen,191.24,2,382.48
6467,3132,Grocery,10.82,1,10.82
6468,3133,Sports & Outdoors,171.78,1,171.78
6469,3134,Books,27.58,2,55.16
6470,3134,Electronics,707.47,1,707.47
6471,3135,Toys & Games,103.49,1,103.49
6472,3136,Toys & Games,14.9,1,14.9
6473,3137,Books,39.04,3,117.12
6474,3137,Electronics,186.33,1,186.33
6475,3137,Home & Kitchen,288.17,1,288.17
6476,3137,Beauty,75.79,3,227.37
6477,3137,Sports & Outdoors,224.89,1,224.89
6478,3138,Grocery,34.5,1,34.5
6479,3138,Toys & Games,87.36,3,262.08
6480,3138,Home & Kitchen,293.13,1,293.13
6481,3138,Beauty,14.77,1,14.77
6482,3138,Books,23.13,1,23.13
6483,3139,Grocery,7.0,1,7.0
6484,3139,Electronics,787.06,1,787.06
6485,3139,Electronics,235.76,2,471.52
6486,3139,Sports & Outdoors,158.05,2,316.1
6487,3140,Books,28.06,1,28.06
6488,3140,Apparel,144.88,1,144.88
6489,3141,Apparel,86.06,1,86.06
6490,3142,Grocery,21.28,1,21.28
6491,3143,Sports & Outdoors,122.46,1,122.46
6492,3143,Beauty,30.2,1,30.2
6493,3143,Apparel,25.09,1,25.09
6494,3144,Apparel,41.73,1,41.73
6495,3145,Grocery,42.72,2,85.44
6496,3145,Apparel,103.77,1,103.77
6497,3145,Grocery,41.53,1,41.53
6498,3145,Books,6.62,1,6.62
6499,3146,Home & Kitchen,227.59,2,455.18
6500,3147,Home & Kitchen,244.58,2,489.16
6501,3147,Home & Kitchen,26.57,1,26.57
6502,3148,Home & Kitchen,173.08,1,173.08
6503,3148,Sports & Outdoors,110.52,1,110.52
6504,3149,Home & Kitchen,124.95,2,249.9
6505,3149,Apparel,13.89,1,13.89
6506,3150,Books,22.99,2,45.98
6507,3150,Electronics,355.64,1,355.64
6508,3150,Apparel,42.05,1,42.05
6509,3151,Apparel,71.9,3,215.7
6510,3151,Beauty,67.97,1,67.97
6511,3152,Books,34.1,2,68.2
6512,3152,Electronics,775.59,1,775.59
6513,3152,Electronics,626.85,1,626.85
6514,3153,Sports & Outdoors,114.24,1,114.24
6515,3154,Apparel,68.57,1,68.57
6516,3155,Sports & Outdoors,121.55,1,121.55
6517,3156,Grocery,56.75,1,56.75
6518,3157,Toys & Games,82.36,1,82.36
6519,3158,Electronics,158.67,1,158.67
6520,3159,Apparel,77.49,1,77.49
6521,3159,Books,22.69,1,22.69
6522,3159,Home & Kitchen,232.4,1,232.4
6523,3160,Books,11.47,1,11.47
6524,3160,Grocery,57.22,1,57.22
6525,3160,Home & Kitchen,59.44,1,59.44
6526,3161,Sports & Outdoors,122.73,1,122.73
6527,3161,Apparel,85.22,2,170.44
6528,3161,Beauty,47.41,1,47.41
6529,3161,Books,35.38,2,70.76
6530,3162,Books,39.32,1,39.32
6531,3162,Apparel,94.98,1,94.98
6532,3163,Electronics,425.98,1,425.98
6533,3163,Books,17.86,1,17.86
6534,3163,Grocery,21.77,2,43.54
6535,3163,Apparel,36.64,2,73.28
6536,3163,Electronics,325.5,2,651.0
6537,3164,Electronics,735.49,1,735.49
6538,3164,Sports & Outdoors,61.08,1,61.08
6539,3164,Books,41.52,1,41.52
6540,3165,Grocery,20.61,1,20.61
6541,3165,Electronics,453.55,1,453.55
6542,3165,Apparel,14.35,1,14.35
6543,3165,Toys & Games,58.06,1,58.06
6544,3166,Toys & Games,54.94,1,54.94
6545,3166,Home & Kitchen,289.21,1,289.21
6546,3167,Toys & Games,80.46,1,80.46
6547,3168,Beauty,19.32,1,19.32
6548,3168,Apparel,59.74,1,59.74
6549,3168,Electronics,57.87,1,57.87
6550,3168,Books,6.6,1,6.6
6551,3169,Books,16.09,1,16.09
6552,3170,Books,24.42,1,24.42
6553,3171,Electronics,620.57,1,620.57
6554,3171,Electronics,60.88,1,60.88
6555,3172,Grocery,10.67,1,10.67
6556,3173,Home & Kitchen,145.26,1,145.26
6557,3173,Home & Kitchen,244.75,2,489.5
6558,3173,Apparel,124.07,1,124.07
6559,3174,Beauty,42.99,2,85.98
6560,3174,Electronics,539.85,1,539.85
6561,3174,Electronics,555.03,1,555.03
6562,3175,Beauty,13.09,1,13.09
6563,3175,Home & Kitchen,123.7,1,123.7
6564,3176,Apparel,134.93,1,134.93
6565,3177,Home & Kitchen,251.24,1,251.24
6566,3177,Electronics,325.13,1,325.13
6567,3178,Electronics,210.98,1,210.98
6568,3179,Sports & Outdoors,141.73,2,283.46
6569,3180,Electronics,569.59,1,569.59
6570,3181,Apparel,82.81,1,82.81
6571,3182,Books,12.96,2,25.92
6572,3182,Electronics,891.86,2,1783.72
6573,3183,Grocery,48.67,1,48.67
6574,3183,Beauty,37.86,3,113.58
6575,3183,Electronics,808.05,1,808.05
6576,3183,Electronics,848.35,2,1696.7
6577,3184,Beauty,86.58,2,173.16
6578,3184,Grocery,19.76,1,19.76
6579,3184,Toys & Games,72.93,2,145.86
6580,3184,Grocery,49.06,1,49.06
6581,3185,Electronics,321.14,2,642.28
6582,3186,Grocery,10.9,3,32.7
6583,3187,Home & Kitchen,196.82,1,196.82
6584,3188,Apparel,64.56,2,129.12
6585,3188,Apparel,102.42,2,204.84
6586,3189,Books,14.31,2,28.62
6587,3189,Electronics,799.55,2,1599.1
6588,3190,Books,22.28,2,44.56
6589,3191,Grocery,5.16,3,15.48
6590,3191,Electronics,222.01,2,444.02
6591,3192,Electronics,209.22,1,209.22
6592,3193,Apparel,27.34,3,82.02
6593,3193,Beauty,87.65,1,87.65
6594,3193,Books,10.29,2,20.58
6595,3193,Electronics,99.06,1,99.06
6596,3194,Books,37.58,2,75.16
6597,3194,Toys & Games,111.96,3,335.88
6598,3194,Apparel,42.3,1,42.3
6599,3195,Sports & Outdoors,238.15,1,238.15
6600,3195,Home & Kitchen,94.89,1,94.89
6601,3196,Sports & Outdoors,159.24,2,318.48
6602,3196,Apparel,91.72,1,91.72
6603,3196,Toys & Games,58.15,1,58.15
6604,3197,Apparel,46.65,1,46.65
6605,3197,Home & Kitchen,171.21,1,171.21
6606,3197,Home & Kitchen,142.21,1,142.21
6607,3197,Home & Kitchen,148.13,1,148.13
6608,3198,Sports & Outdoors,119.44,1,119.44
6609,3198,Toys & Games,90.9,1,90.9
6610,3199,Electronics,101.31,1,101.31
6611,3199,Apparel,40.18,1,40.18
6612,3200,Electronics,627.16,1,627.16
6613,3201,Beauty,16.04,1,16.04
6614,3201,Electronics,397.07,2,794.14
6615,3201,Home & Kitchen,171.89,1,171.89
6616,3201,Electronics,894.31,1,894.31
6617,3201,Apparel,90.84,2,181.68
6618,3202,Electronics,478.7,1,478.7
6619,3202,Toys & Games,78.3,3,234.9
6620,3203,Beauty,23.89,1,23.89
6621,3203,Home & Kitchen,131.33,1,131.33
6622,3203,Sports & Outdoors,158.26,1,158.26
6623,3204,Electronics,830.96,1,830.96
6624,3204,Apparel,124.46,1,124.46
6625,3204,Toys & Games,44.74,1,44.74
6626,3205,Apparel,77.08,1,77.08
6627,3205,Grocery,49.54,1,49.54
6628,3205,Grocery,56.14,1,56.14
6629,3205,Apparel,79.22,1,79.22
6630,3206,Grocery,49.08,1,49.08
6631,3206,Beauty,75.21,1,75.21
6632,3206,Sports & Outdoors,136.93,1,136.93
6633,3207,Beauty,50.9,1,50.9
6634,3207,Beauty,67.44,1,67.44
6635,3208,Apparel,99.23,2,198.46
6636,3208,Home & Kitchen,66.9,1,66.9
6637,3209,Beauty,20.78,1,20.78
6638,3209,Beauty,67.45,1,67.45
6639,3210,Electronics,130.57,1,130.57
6640,3210,Toys & Games,101.85,1,101.85
6641,3210,Electronics,730.0,1,730.0
6642,3210,Electronics,731.63,3,2194.89
6643,3210,Electronics,285.85,2,571.7
6644,3211,Sports & Outdoors,166.79,1,166.79
6645,3212,Apparel,88.82,1,88.82
6646,3212,Toys & Games,42.28,2,84.56
6647,3213,Toys & Games,98.61,1,98.61
6648,3213,Apparel,99.84,3,299.52
6649,3213,Beauty,86.42,1,86.42
6650,3214,Home & Kitchen,210.67,3,632.01
6651,3214,Home & Kitchen,286.25,1,286.25
6652,3214,Electronics,464.67,2,929.34
6653,3215,Apparel,22.11,1,22.11
6654,3216,Home & Kitchen,70.18,1,70.18
6655,3216,Grocery,54.3,1,54.3
6656,3217,Electronics,765.24,1,765.24
6657,3217,Beauty,12.64,1,12.64
6658,3218,Electronics,875.06,1,875.06
6659,3219,Electronics,515.39,1,515.39
6660,3219,Sports & Outdoors,224.25,3,672.75
6661,3220,Grocery,28.54,2,57.08
6662,3220,Books,36.64,2,73.28
6663,3220,Apparel,115.7,1,115.7
6664,3221,Sports & Outdoors,32.67,2,65.34
6665,3221,Toys & Games,85.05,3,255.15
6666,3221,Electronics,649.44,1,649.44
6667,3222,Home & Kitchen,188.07,1,188.07
6668,3222,Apparel,47.03,2,94.06
6669,3223,Electronics,177.95,1,177.95
6670,3224,Beauty,12.99,1,12.99
6671,3224,Home & Kitchen,143.83,1,143.83
6672,3224,Sports & Outdoors,18.94,1,18.94
6673,3224,Books,26.7,1,26.7
6674,3225,Beauty,56.49,1,56.49
6675,3226,Apparel,48.29,2,96.58
6676,3226,Beauty,15.05,1,15.05
6677,3226,Books,15.17,3,45.51
6678,3227,Apparel,27.46,1,27.46
6679,3228,Grocery,50.07,1,50.07
6680,3228,Toys & Games,31.9,1,31.9
6681,3228,Grocery,26.68,1,26.68
6682,3228,Apparel,62.98,1,62.98
6683,3229,Apparel,48.21,1,48.21
6684,3230,Apparel,24.82,2,49.64
6685,3230,Home & Kitchen,248.73,1,248.73
6686,3230,Home & Kitchen,141.93,1,141.93
6687,3230,Home & Kitchen,156.59,1,156.59
6688,3231,Home & Kitchen,16.08,2,32.16
6689,3231,Toys & Games,81.09,1,81.09
6690,3231,Beauty,60.55,3,181.65
6691,3232,Beauty,69.78,2,139.56
6692,3232,Beauty,46.7,1,46.7
6693,3233,Sports & Outdoors,195.26,1,195.26
6694,3233,Apparel,126.74,1,126.74
6695,3233,Sports & Outdoors,223.11,1,223.11
6696,3234,Apparel,55.33,2,110.66
6697,3234,Apparel,134.1,1,134.1
6698,3234,Toys & Games,43.58,1,43.58
6699,3234,Home & Kitchen,120.23,1,120.23
6700,3235,Books,6.21,1,6.21
6701,3235,Electronics,103.19,2,206.38
6702,3235,Books,37.77,2,75.54
6703,3236,Electronics,168.07,1,168.07
6704,3236,Electronics,104.76,1,104.76
6705,3236,Books,42.17,1,42.17
6706,3236,Grocery,49.33,1,49.33
6707,3237,Apparel,125.06,1,125.06
6708,3238,Grocery,14.71,1,14.71
6709,3239,Apparel,30.67,1,30.67
6710,3240,Home & Kitchen,247.38,3,742.14
6711,3241,Electronics,435.12,3,1305.36
6712,3241,Beauty,31.24,3,93.72
6713,3242,Apparel,76.46,1,76.46
6714,3242,Sports & Outdoors,39.4,2,78.8
6715,3243,Beauty,71.76,1,71.76
6716,3243,Grocery,13.93,1,13.93
6717,3243,Books,30.51,2,61.02
6718,3243,Beauty,75.77,1,75.77
6719,3243,Apparel,73.28,2,146.56
6720,3244,Apparel,93.94,1,93.94
6721,3244,Home & Kitchen,215.96,1,215.96
6722,3244,Toys & Games,46.97,2,93.94
6723,3245,Beauty,26.06,1,26.06
6724,3245,Beauty,70.36,1,70.36
6725,3246,Apparel,118.39,1,118.39
6726,3246,Beauty,31.26,1,31.26
6727,3246,Beauty,49.56,1,49.56
6728,3247,Sports & Outdoors,149.16,1,149.16
6729,3248,Electronics,822.57,2,1645.14
6730,3249,Electronics,675.31,1,675.31
6731,3249,Home & Kitchen,260.59,1,260.59
6732,3250,Grocery,41.42,1,41.42
6733,3250,Grocery,39.09,1,39.09
6734,3251,Toys & Games,11.23,1,11.23
6735,3252,Apparel,144.44,1,144.44
6736,3252,Beauty,83.21,1,83.21
6737,3253,Electronics,306.62,2,613.24
6738,3254,Grocery,25.38,1,25.38
6739,3255,Home & Kitchen,34.35,2,68.7
6740,3256,Home & Kitchen,271.16,3,813.48
6741,3256,Electronics,823.67,1,823.67
6742,3256,Toys & Games,55.57,1,55.57
6743,3257,Sports & Outdoors,142.56,2,285.12
6744,3257,Toys & Games,97.67,1,97.67
6745,3258,Grocery,37.54,1,37.54
6746,3259,Books,21.25,1,21.25
6747,3259,Books,41.49,1,41.49
6748,3260,Apparel,21.75,1,21.75
6749,3261,Home & Kitchen,112.69,2,225.38
6750,3262,Toys & Games,15.28,1,15.28
6751,3263,Home & Kitchen,297.37,1,297.37
6752,3263,Apparel,149.52,3,448.56
6753,3263,Beauty,25.14,1,25.14
6754,3264,Books,25.39,1,25.39
6755,3264,Beauty,17.38,2,34.76
6756,3264,Apparel,131.42,1,131.42
6757,3264,Apparel,53.98,1,53.98
6758,3264,Home & Kitchen,45.63,1,45.63
6759,3265,Toys & Games,95.64,2,191.28
6760,3265,Apparel,148.49,1,148.49
6761,3265,Books,9.78,1,9.78
6762,3266,Books,26.59,1,26.59
6763,3267,Beauty,20.87,1,20.87
6764,3267,Books,32.67,1,32.67
6765,3268,Apparel,54.42,1,54.42
6766,3268,Beauty,71.05,1,71.05
6767,3269,Apparel,79.05,1,79.05
6768,3270,Home & Kitchen,121.53,1,121.53
6769,3271,Electronics,168.47,2,336.94
6770,3271,Beauty,63.26,1,63.26
6771,3271,Toys & Games,79.14,1,79.14
6772,3272,Electronics,898.92,1,898.92
6773,3273,Home & Kitchen,22.03,1,22.03
6774,3274,Electronics,726.68,1,726.68
6775,3274,Electronics,232.49,2,464.98
6776,3274,Sports & Outdoors,55.2,1,55.2
6777,3275,Electronics,471.79,3,1415.37
6778,3275,Grocery,59.62,1,59.62
6779,3276,Books,41.85,2,83.7
6780,3277,Apparel,47.73,1,47.73
6781,3277,Home & Kitchen,164.48,1,164.48
6782,3278,Books,12.61,1,12.61
6783,3278,Electronics,767.79,1,767.79
6784,3279,Grocery,9.96,1,9.96
6785,3280,Apparel,69.68,1,69.68
6786,3280,Beauty,89.07,2,178.14
6787,3281,Beauty,81.43,1,81.43
6788,3281,Electronics,710.4,1,710.4
6789,3282,Grocery,38.39,2,76.78
6790,3283,Beauty,19.77,1,19.77
6791,3284,Home & Kitchen,112.68,1,112.68
6792,3284,Beauty,15.43,1,15.43
6793,3284,Home & Kitchen,119.4,1,119.4
6794,3284,Home & Kitchen,97.74,1,97.74
6795,3285,Grocery,18.21,1,18.21
6796,3285,Beauty,77.88,1,77.88
6797,3285,Apparel,87.56,1,87.56
6798,3285,Toys & Games,71.39,1,71.39
6799,3286,Toys & Games,93.63,1,93.63
6800,3286,Toys & Games,48.14,1,48.14
6801,3287,Beauty,8.63,2,17.26
6802,3288,Toys & Games,94.9,1,94.9
6803,3288,Toys & Games,51.55,1,51.55
6804,3289,Home & Kitchen,158.28,1,158.28
6805,3289,Home & Kitchen,277.1,1,277.1
6806,3290,Home & Kitchen,226.15,1,226.15
6807,3290,Electronics,362.44,1,362.44
6808,3290,Beauty,87.79,1,87.79
6809,3291,Beauty,47.55,2,95.1
6810,3291,Apparel,67.03,1,67.03
6811,3291,Electronics,632.18,1,632.18
6812,3291,Apparel,69.2,1,69.2
6813,3292,Sports & Outdoors,66.62,1,66.62
6814,3293,Apparel,143.1,1,143.1
6815,3294,Electronics,631.09,2,1262.18
6816,3295,Home & Kitchen,118.6,1,118.6
6817,3296,Books,40.67,3,122.01
6818,3296,Toys & Games,21.72,1,21.72
6819,3296,Electronics,344.03,1,344.03
6820,3297,Electronics,413.56,1,413.56
6821,3297,Grocery,55.68,1,55.68
6822,3298,Sports & Outdoors,90.39,1,90.39
6823,3298,Home & Kitchen,170.18,1,170.18
6824,3299,Electronics,335.86,1,335.86
6825,3299,Apparel,79.29,1,79.29
6826,3299,Sports & Outdoors,97.36,1,97.36
6827,3299,Beauty,87.47,1,87.47
6828,3299,Electronics,314.25,1,314.25
6829,3300,Books,33.2,1,33.2
6830,3300,Home & Kitchen,67.57,3,202.71
6831,3301,Apparel,107.72,1,107.72
6832,3301,Electronics,835.76,1,835.76
6833,3301,Books,26.78,1,26.78
6834,3302,Apparel,48.29,1,48.29
6835,3303,Home & Kitchen,218.25,2,436.5
6836,3303,Beauty,71.45,1,71.45
6837,3304,Home & Kitchen,149.55,1,149.55
6838,3304,Home & Kitchen,233.43,1,233.43
6839,3305,Electronics,571.98,1,571.98
6840,3305,Home & Kitchen,208.73,1,208.73
6841,3305,Home & Kitchen,247.12,1,247.12
6842,3305,Books,42.35,1,42.35
6843,3306,Electronics,289.14,1,289.14
6844,3307,Home & Kitchen,229.34,2,458.68
6845,3308,Sports & Outdoors,122.4,1,122.4
6846,3309,Electronics,403.64,1,403.64
6847,3309,Apparel,81.06,1,81.06
6848,3309,Sports & Outdoors,231.35,2,462.7
6849,3309,Grocery,37.34,1,37.34
6850,3310,Sports & Outdoors,80.15,2,160.3
6851,3310,Beauty,13.66,1,13.66
6852,3310,Electronics,221.69,2,443.38
6853,3311,Toys & Games,43.47,1,43.47
6854,3311,Toys & Games,94.31,2,188.62
6855,3312,Apparel,108.8,1,108.8
6856,3312,Sports & Outdoors,180.04,2,360.08
6857,3313,Beauty,11.59,2,23.18
6858,3314,Apparel,116.69,1,116.69
6859,3315,Beauty,79.18,1,79.18
6860,3315,Beauty,63.68,1,63.68
6861,3316,Electronics,508.53,1,508.53
6862,3317,Toys & Games,81.4,1,81.4
6863,3317,Home & Kitchen,280.53,1,280.53
6864,3318,Apparel,149.78,1,149.78
6865,3319,Apparel,14.65,1,14.65
6866,3320,Electronics,352.47,1,352.47
6867,3320,Apparel,87.38,1,87.38
6868,3321,Books,33.19,1,33.19
6869,3321,Books,33.84,1,33.84
6870,3322,Apparel,89.45,1,89.45
6871,3322,Apparel,57.67,2,115.34
6872,3322,Electronics,93.42,1,93.42
6873,3322,Home & Kitchen,61.04,1,61.04
6874,3323,Electronics,374.56,2,749.12
6875,3324,Home & Kitchen,130.25,1,130.25
6876,3324,Apparel,58.74,2,117.48
6877,3324,Beauty,24.47,1,24.47
6878,3325,Books,23.47,2,46.94
6879,3325,Home & Kitchen,62.91,1,62.91
6880,3325,Apparel,66.12,1,66.12
6881,3326,Electronics,632.25,1,632.25
6882,3326,Toys & Games,52.98,1,52.98
6883,3327,Books,17.28,1,17.28
6884,3328,Electronics,695.14,1,695.14
6885,3328,Sports & Outdoors,36.49,1,36.49
6886,3328,Electronics,785.26,1,785.26
6887,3328,Electronics,580.22,1,580.22
6888,3329,Toys & Games,73.72,1,73.72
6889,3329,Sports & Outdoors,235.0,2,470.0
6890,3330,Toys & Games,101.03,1,101.03
6891,3331,Beauty,52.5,1,52.5
6892,3332,Toys & Games,96.64,2,193.28
6893,3333,Electronics,147.57,2,295.14
6894,3334,Books,37.4,2,74.8
6895,3334,Books,8.4,2,16.8
6896,3335,Electronics,818.49,1,818.49
6897,3335,Beauty,24.99,1,24.99
6898,3336,Apparel,97.26,1,97.26
6899,3336,Toys & Games,10.49,1,10.49
6900,3337,Grocery,22.72,2,45.44
6901,3337,Sports & Outdoors,35.96,1,35.96
6902,3337,Books,24.26,1,24.26
6903,3338,Toys & Games,99.82,2,199.64
6904,3339,Apparel,21.84,1,21.84
6905,3339,Beauty,16.31,1,16.31
6906,3340,Electronics,513.27,1,513.27
6907,3340,Sports & Outdoors,151.82,2,303.64
6908,3340,Electronics,415.88,1,415.88
6909,3341,Electronics,322.23,1,322.23
6910,3342,Grocery,34.67,1,34.67
6911,3343,Toys & Games,111.05,1,111.05
6912,3344,Toys & Games,34.82,1,34.82
6913,3345,Apparel,110.47,1,110.47
6914,3345,Apparel,57.47,1,57.47
6915,3346,Toys & Games,62.25,2,124.5
6916,3347,Books,44.36,2,88.72
6917,3347,Home & Kitchen,46.37,2,92.74
6918,3347,Beauty,78.37,1,78.37
6919,3347,Electronics,85.08,1,85.08
6920,3348,Books,15.87,1,15.87
6921,3348,Sports & Outdoors,230.42,1,230.42
6922,3349,Grocery,56.04,2,112.08
6923,3349,Beauty,15.93,1,15.93
6924,3349,Apparel,16.59,1,16.59
6925,3349,Apparel,24.52,1,24.52
6926,3350,Toys & Games,91.51,1,91.51
6927,3350,Sports & Outdoors,190.92,1,190.92
6928,3350,Books,8.78,1,8.78
6929,3351,Beauty,85.67,1,85.67
6930,3352,Beauty,75.82,1,75.82
6931,3353,Electronics,564.11,1,564.11
6932,3353,Electronics,755.75,1,755.75
6933,3353,Electronics,810.09,1,810.09
6934,3353,Sports & Outdoors,111.64,1,111.64
6935,3353,Home & Kitchen,96.99,1,96.99
6936,3354,Toys & Games,82.6,1,82.6
6937,3355,Home & Kitchen,89.57,2,179.14
6938,3356,Home & Kitchen,208.25,1,208.25
6939,3356,Toys & Games,84.69,2,169.38
6940,3356,Books,17.17,1,17.17
6941,3357,Apparel,25.7,2,51.4
6942,3358,Home & Kitchen,16.85,1,16.85
6943,3358,Books,13.34,3,40.02
6944,3358,Toys & Games,95.16,1,95.16
6945,3359,Electronics,311.18,2,622.36
6946,3359,Electronics,443.79,3,1331.37
6947,3359,Apparel,109.02,1,109.02
6948,3359,Beauty,35.8,1,35.8
6949,3359,Home & Kitchen,100.21,1,100.21
6950,3360,Apparel,138.3,1,138.3
6951,3360,Apparel,123.33,1,123.33
6952,3361,Sports & Outdoors,18.74,1,18.74
6953,3362,Books,30.49,2,60.98
6954,3362,Home & Kitchen,169.43,1,169.43
6955,3363,Beauty,89.02,1,89.02
6956,3363,Apparel,89.69,3,269.07
6957,3364,Toys & Games,76.45,2,152.9
6958,3365,Electronics,835.37,1,835.37
6959,3366,Electronics,708.18,3,2124.54
6960,3366,Apparel,96.32,1,96.32
6961,3366,Books,27.83,1,27.83
6962,3367,Beauty,61.61,1,61.61
6963,3367,Sports & Outdoors,200.86,1,200.86
6964,3368,Sports & Outdoors,232.15,1,232.15
6965,3368,Beauty,64.26,3,192.78
6966,3368,Home & Kitchen,129.05,1,129.05
6967,3369,Grocery,57.28,1,57.28
6968,3370,Electronics,725.36,1,725.36
6969,3371,Sports & Outdoors,22.89,3,68.67
6970,3371,Electronics,46.91,1,46.91
6971,3372,Apparel,133.42,1,133.42
6972,3372,Apparel,75.92,1,75.92
6973,3372,Beauty,53.87,3,161.61
6974,3373,Toys & Games,39.48,2,78.96
6975,3373,Electronics,490.14,2,980.28
6976,3373,Home & Kitchen,22.5,1,22.5
6977,3374,Beauty,53.28,1,53.28
6978,3375,Electronics,102.44,2,204.88
6979,3375,Electronics,438.85,1,438.85
6980,3375,Electronics,583.62,3,1750.86
6981,3375,Sports & Outdoors,94.89,1,94.89
6982,3376,Sports & Outdoors,38.44,1,38.44
6983,3377,Electronics,530.64,1,530.64
6984,3377,Electronics,441.0,1,441.0
6985,3377,Electronics,353.95,1,353.95
6986,3377,Apparel,77.11,1,77.11
6987,3378,Home & Kitchen,122.06,2,244.12
6988,3379,Toys & Games,107.39,1,107.39
6989,3379,Apparel,95.59,1,95.59
6990,3379,Books,33.74,2,67.48
6991,3380,Home & Kitchen,160.13,2,320.26
6992,3380,Books,26.87,1,26.87
6993,3381,Sports & Outdoors,243.09,1,243.09
6994,3381,Grocery,14.48,1,14.48
6995,3382,Toys & Games,113.18,1,113.18
6996,3382,Books,42.41,1,42.41
6997,3383,Sports & Outdoors,47.0,2,94.0
6998,3383,Home & Kitchen,157.59,1,157.59
6999,3384,Home & Kitchen,45.9,2,91.8
7000,3385,Beauty,65.62,1,65.62
7001,3386,Apparel,101.51,1,101.51
7002,3387,Apparel,20.75,1,20.75
7003,3387,Home & Kitchen,100.31,1,100.31
7004,3387,Home & Kitchen,73.12,1,73.12
7005,3387,Sports & Outdoors,147.4,2,294.8
7006,3388,Apparel,47.19,1,47.19
7007,3388,Grocery,58.17,1,58.17
7008,3388,Apparel,117.78,1,117.78
7009,3389,Toys & Games,69.28,1,69.28
7010,3389,Home & Kitchen,201.7,1,201.7
7011,3389,Apparel,56.55,1,56.55
7012,3389,Grocery,15.29,1,15.29
7013,3390,Toys & Games,101.86,2,203.72
7014,3390,Electronics,389.59,1,389.59
7015,3391,Electronics,676.4,1,676.4
7016,3392,Apparel,17.57,1,17.57
7017,3393,Books,40.12,1,40.12
7018,3393,Sports & Outdoors,145.99,1,145.99
7019,3393,Home & Kitchen,241.85,3,725.55
7020,3393,Books,39.95,1,39.95
7021,3394,Toys & Games,84.41,2,168.82
7022,3394,Apparel,71.86,2,143.72
7023,3394,Home & Kitchen,26.39,1,26.39
7024,3394,Home & Kitchen,59.07,1,59.07
7025,3395,Electronics,687.19,1,687.19
7026,3395,Sports & Outdoors,164.57,1,164.57
7027,3395,Toys & Games,72.08,2,144.16
7028,3396,Electronics,256.39,2,512.78
7029,3397,Beauty,17.69,2,35.38
7030,3398,Beauty,76.21,1,76.21
7031,3398,Electronics,486.43,2,972.86
7032,3398,Beauty,58.74,1,58.74
7033,3398,Grocery,33.66,1,33.66
7034,3398,Home & Kitchen,35.51,1,35.51
7035,3399,Home & Kitchen,148.14,1,148.14
7036,3399,Electronics,447.87,3,1343.61
7037,3400,Electronics,705.25,1,705.25
7038,3401,Books,38.6,1,38.6
7039,3402,Electronics,626.16,1,626.16
7040,3403,Electronics,730.08,1,730.08
7041,3403,Home & Kitchen,107.82,1,107.82
7042,3403,Sports & Outdoors,48.58,1,48.58
7043,3403,Home & Kitchen,237.84,1,237.84
7044,3404,Home & Kitchen,57.97,1,57.97
7045,3405,Beauty,54.02,2,108.04
7046,3405,Apparel,72.55,1,72.55
7047,3406,Apparel,71.4,2,142.8
7048,3406,Sports & Outdoors,15.62,1,15.62
7049,3407,Books,24.48,1,24.48
7050,3408,Home & Kitchen,24.33,2,48.66
7051,3408,Grocery,8.16,1,8.16
7052,3408,Sports & Outdoors,249.32,2,498.64
7053,3409,Home & Kitchen,132.92,1,132.92
7054,3410,Home & Kitchen,63.2,1,63.2
7055,3410,Electronics,543.88,1,543.88
7056,3411,Home & Kitchen,275.9,2,551.8
7057,3411,Electronics,173.92,1,173.92
7058,3411,Apparel,92.52,1,92.52
7059,3412,Books,31.02,3,93.06
7060,3412,Sports & Outdoors,114.67,1,114.67
7061,3413,Sports & Outdoors,102.65,1,102.65
7062,3414,Home & Kitchen,17.2,1,17.2
7063,3414,Apparel,31.21,2,62.42
7064,3414,Electronics,178.27,1,178.27
7065,3414,Apparel,145.73,2,291.46
7066,3415,Toys & Games,65.26,1,65.26
7067,3416,Apparel,92.65,1,92.65
7068,3416,Electronics,178.63,1,178.63
7069,3416,Books,24.27,1,24.27
7070,3417,Books,11.55,1,11.55
7071,3418,Electronics,832.38,1,832.38
7072,3418,Books,8.62,1,8.62
7073,3418,Beauty,62.02,1,62.02
7074,3419,Beauty,21.79,2,43.58
7075,3419,Toys & Games,30.82,1,30.82
7076,3420,Electronics,811.1,2,1622.2
7077,3420,Beauty,30.53,1,30.53
7078,3420,Home & Kitchen,159.55,1,159.55
7079,3420,Books,42.45,2,84.9
7080,3421,Apparel,96.73,1,96.73
7081,3422,Electronics,469.43,1,469.43
7082,3423,Beauty,79.46,1,79.46
7083,3424,Electronics,280.96,1,280.96
7084,3424,Home & Kitchen,43.99,2,87.98
7085,3425,Beauty,87.86,1,87.86
7086,3425,Apparel,129.64,1,129.64
7087,3425,Grocery,30.75,3,92.25
7088,3425,Electronics,49.8,1,49.8
7089,3426,Electronics,65.55,1,65.55
7090,3427,Apparel,103.17,1,103.17
7091,3428,Books,15.47,2,30.94
7092,3428,Apparel,137.7,2,275.4
7093,3428,Electronics,703.3,1,703.3
7094,3428,Grocery,29.67,1,29.67
7095,3429,Home & Kitchen,152.79,2,305.58
7096,3430,Toys & Games,83.67,1,83.67
7097,3430,Beauty,34.42,1,34.42
7098,3431,Grocery,25.78,1,25.78
7099,3431,Electronics,43.4,3,130.2
7100,3431,Grocery,6.88,1,6.88
7101,3432,Grocery,57.35,1,57.35
7102,3432,Apparel,46.21,2,92.42
7103,3433,Apparel,90.19,1,90.19
7104,3434,Electronics,677.33,1,677.33
7105,3434,Grocery,9.76,2,19.52
7106,3435,Home & Kitchen,20.99,2,41.98
7107,3436,Beauty,33.12,1,33.12
7108,3436,Home & Kitchen,196.19,1,196.19
7109,3436,Books,7.77,1,7.77
7110,3437,Electronics,395.19,1,395.19
7111,3438,Electronics,648.2,1,648.2
7112,3439,Toys & Games,92.46,1,92.46
7113,3439,Sports & Outdoors,139.01,2,278.02
7114,3440,Electronics,582.46,1,582.46
7115,3441,Electronics,832.12,1,832.12
7116,3441,Grocery,21.71,1,21.71
7117,3442,Grocery,53.1,1,53.1
7118,3443,Beauty,56.35,1,56.35
7119,3444,Grocery,7.69,1,7.69
7120,3444,Apparel,104.38,3,313.14
7121,3445,Books,39.73,2,79.46
7122,3445,Apparel,124.14,1,124.14
7123,3446,Home & Kitchen,238.15,3,714.45
7124,3446,Electronics,68.76,1,68.76
7125,3447,Apparel,106.15,1,106.15
7126,3447,Apparel,145.74,1,145.74
7127,3447,Beauty,39.17,1,39.17
7128,3448,Beauty,85.4,1,85.4
7129,3448,Toys & Games,50.47,1,50.47
7130,3449,Electronics,575.87,1,575.87
7131,3449,Beauty,84.9,3,254.7
7132,3449,Apparel,74.98,2,149.96
7133,3450,Apparel,93.5,1,93.5
7134,3450,Sports & Outdoors,76.67,1,76.67
7135,3451,Apparel,18.9,1,18.9
7136,3452,Beauty,87.04,1,87.04
7137,3453,Electronics,188.14,1,188.14
7138,3454,Apparel,122.17,1,122.17
7139,3455,Apparel,66.29,3,198.87
7140,3455,Beauty,43.4,1,43.4
7141,3455,Home & Kitchen,194.9,1,194.9
7142,3455,Electronics,44.62,1,44.62
7143,3456,Electronics,550.46,1,550.46
7144,3456,Home & Kitchen,259.12,1,259.12
7145,3457,Electronics,800.55,1,800.55
7146,3457,Electronics,440.32,2,880.64
7147,3457,Electronics,623.49,1,623.49
7148,3457,Books,28.17,1,28.17
7149,3457,Electronics,782.92,1,782.92
7150,3458,Books,17.35,1,17.35
7151,3459,Grocery,46.91,1,46.91
7152,3459,Toys & Games,75.39,3,226.17
7153,3460,Sports & Outdoors,51.11,2,102.22
7154,3461,Electronics,702.9,1,702.9
7155,3461,Toys & Games,88.09,2,176.18
7156,3462,Toys & Games,23.96,1,23.96
7157,3463,Electronics,132.29,1,132.29
7158,3463,Electronics,426.0,1,426.0
7159,3463,Toys & Games,115.23,1,115.23
7160,3463,Home & Kitchen,222.14,1,222.14
7161,3464,Books,33.27,1,33.27
7162,3465,Home & Kitchen,260.42,3,781.26
7163,3465,Electronics,641.73,1,641.73
7164,3466,Home & Kitchen,182.09,1,182.09
7165,3466,Apparel,98.82,2,197.64
7166,3467,Toys & Games,11.84,1,11.84
7167,3467,Electronics,520.81,2,1041.62
7168,3467,Books,37.64,1,37.64
7169,3468,Grocery,28.44,3,85.32
7170,3468,Apparel,147.56,2,295.12
7171,3468,Toys & Games,22.6,2,45.2
7172,3469,Apparel,52.18,1,52.18
7173,3469,Sports & Outdoors,179.53,1,179.53
7174,3469,Apparel,79.22,1,79.22
7175,3470,Apparel,101.07,1,101.07
7176,3471,Home & Kitchen,202.37,3,607.11
7177,3471,Electronics,424.95,1,424.95
7178,3471,Toys & Games,119.3,1,119.3
7179,3471,Beauty,83.47,2,166.94
7180,3472,Beauty,61.08,1,61.08
7181,3472,Home & Kitchen,254.86,1,254.86
7182,3472,Beauty,17.41,1,17.41
7183,3473,Books,44.33,1,44.33
7184,3473,Home & Kitchen,69.12,1,69.12
7185,3474,Electronics,69.92,1,69.92
7186,3475,Home & Kitchen,273.07,1,273.07
7187,3476,Books,14.37,2,28.74
7188,3476,Books,10.34,2,20.68
7189,3476,Beauty,74.91,1,74.91
7190,3476,Home & Kitchen,186.33,1,186.33
7191,3477,Books,41.52,1,41.52
7192,3477,Apparel,62.0,1,62.0
7193,3477,Grocery,8.12,1,8.12
7194,3477,Electronics,737.37,1,737.37
7195,3477,Home & Kitchen,127.5,1,127.5
7196,3478,Electronics,288.63,2,577.26
7197,3478,Apparel,78.29,1,78.29
7198,3478,Sports & Outdoors,53.09,2,106.18
7199,3478,Beauty,52.95,3,158.85
7200,3478,Books,34.98,2,69.96
7201,3479,Electronics,808.6,2,1617.2
7202,3480,Grocery,25.34,1,25.34
7203,3481,Grocery,35.84,3,107.52
7204,3481,Beauty,19.89,1,19.89
7205,3482,Apparel,89.94,2,179.88
7206,3483,Apparel,133.88,1,133.88
7207,3483,Apparel,47.58,1,47.58
7208,3484,Apparel,136.45,1,136.45
7209,3484,Sports & Outdoors,172.83,1,172.83
7210,3485,Beauty,71.15,1,71.15
7211,3486,Home & Kitchen,49.85,2,99.7
7212,3486,Home & Kitchen,242.11,1,242.11
7213,3486,Apparel,97.85,1,97.85
7214,3487,Electronics,550.68,1,550.68
7215,3487,Books,13.86,1,13.86
7216,3487,Home & Kitchen,62.47,1,62.47
7217,3488,Home & Kitchen,265.37,2,530.74
7218,3489,Beauty,65.6,1,65.6
7219,3490,Toys & Games,56.72,2,113.44
7220,3491,Apparel,145.31,1,145.31
7221,3492,Grocery,53.23,1,53.23
7222,3492,Electronics,230.46,1,230.46
7223,3492,Apparel,77.75,2,155.5
7224,3493,Apparel,64.79,1,64.79
7225,3493,Apparel,108.43,1,108.43
7226,3493,Toys & Games,110.77,2,221.54
7227,3493,Beauty,23.23,1,23.23
7228,3494,Apparel,23.92,2,47.84
7229,3494,Toys & Games,58.19,1,58.19
7230,3494,Electronics,93.8,1,93.8
7231,3494,Apparel,75.75,1,75.75
7232,3495,Apparel,62.84,1,62.84
7233,3496,Apparel,16.69,1,16.69
7234,3496,Beauty,28.68,3,86.04
7235,3497,Grocery,53.58,1,53.58
7236,3497,Beauty,89.67,1,89.67
7237,3497,Beauty,82.34,2,164.68
7238,3498,Home & Kitchen,145.45,2,290.9
7239,3498,Home & Kitchen,209.06,1,209.06
7240,3498,Apparel,37.92,1,37.92
7241,3498,Toys & Games,28.3,1,28.3
7242,3499,Electronics,57.99,1,57.99
7243,3499,Grocery,33.78,1,33.78
7244,3500,Apparel,62.68,3,188.04
7245,3500,Apparel,103.3,1,103.3
7246,3500,Home & Kitchen,27.88,1,27.88
7247,3501,Electronics,514.87,1,514.87
7248,3502,Electronics,804.68,1,804.68
7249,3503,Electronics,258.47,2,516.94
7250,3503,Apparel,44.15,1,44.15
7251,3504,Toys & Games,102.05,2,204.1
7252,3505,Apparel,106.34,3,319.02
7253,3506,Sports & Outdoors,193.0,1,193.0
7254,3506,Electronics,258.11,3,774.33
7255,3506,Apparel,118.48,1,118.48
7256,3507,Electronics,690.64,1,690.64
7257,3508,Beauty,58.36,1,58.36
7258,3509,Toys & Games,45.07,1,45.07
7259,3510,Home & Kitchen,103.82,1,103.82
7260,3511,Beauty,89.34,2,178.68
7261,3511,Apparel,116.7,1,116.7
7262,3512,Beauty,35.57,3,106.71
7263,3512,Sports & Outdoors,232.67,1,232.67
7264,3513,Apparel,147.86,1,147.86
7265,3514,Grocery,49.3,1,49.3
7266,3515,Books,14.68,1,14.68
7267,3515,Electronics,120.0,3,360.0
7268,3515,Toys & Games,18.17,1,18.17
7269,3516,Electronics,318.4,1,318.4
7270,3516,Apparel,78.92,2,157.84
7271,3517,Apparel,91.89,2,183.78
7272,3517,Apparel,59.37,1,59.37
7273,3518,Apparel,96.27,1,96.27
7274,3519,Beauty,55.76,2,111.52
7275,3520,Apparel,95.18,1,95.18
7276,3521,Beauty,34.5,1,34.5
7277,3522,Toys & Games,66.07,2,132.14
7278,3522,Home & Kitchen,146.15,1,146.15
7279,3522,Apparel,17.22,1,17.22
7280,3522,Apparel,37.9,1,37.9
7281,3523,Electronics,487.07,1,487.07
7282,3523,Electronics,885.86,2,1771.72
7283,3524,Toys & Games,114.35,1,114.35
7284,3524,Home & Kitchen,278.06,1,278.06
7285,3524,Home & Kitchen,283.6,2,567.2
7286,3525,Toys & Games,40.05,1,40.05
7287,3525,Electronics,642.02,1,642.02
7288,3526,Home & Kitchen,177.44,1,177.44
7289,3526,Grocery,47.03,1,47.03
7290,3526,Grocery,20.9,1,20.9
7291,3527,Home & Kitchen,66.26,2,132.52
7292,3528,Home & Kitchen,26.87,1,26.87
7293,3529,Toys & Games,42.1,2,84.2
7294,3530,Books,33.69,1,33.69
7295,3531,Electronics,892.24,1,892.24
7296,3531,Home & Kitchen,39.15,1,39.15
7297,3532,Toys & Games,119.75,1,119.75
7298,3532,Home & Kitchen,224.79,1,224.79
7299,3533,Beauty,64.12,2,128.24
7300,3533,Electronics,671.8,1,671.8
7301,3533,Electronics,616.1,1,616.1
7302,3533,Beauty,31.04,1,31.04
7303,3533,Apparel,72.56,1,72.56
7304,3534,Beauty,48.21,1,48.21
7305,3534,Apparel,149.11,2,298.22
7306,3534,Apparel,49.56,1,49.56
7307,3534,Apparel,61.03,2,122.06
7308,3535,Apparel,43.32,2,86.64
7309,3536,Sports & Outdoors,170.71,2,341.42
7310,3536,Beauty,84.91,3,254.73
7311,3537,Electronics,165.71,2,331.42
7312,3537,Beauty,32.05,3,96.15
7313,3537,Sports & Outdoors,138.36,1,138.36
7314,3538,Sports & Outdoors,149.55,2,299.1
7315,3539,Sports & Outdoors,63.45,1,63.45
7316,3539,Electronics,325.27,1,325.27
7317,3539,Toys & Games,82.66,3,247.98
7318,3540,Apparel,42.85,1,42.85
7319,3540,Electronics,299.7,1,299.7
7320,3540,Electronics,514.15,1,514.15
7321,3540,Beauty,13.79,1,13.79
7322,3541,Electronics,389.12,1,389.12
7323,3542,Toys & Games,75.35,2,150.7
7324,3542,Electronics,135.85,1,135.85
7325,3542,Beauty,80.44,1,80.44
7326,3542,Electronics,769.21,1,769.21
7327,3542,Sports & Outdoors,141.53,1,141.53
7328,3543,Electronics,388.19,1,388.19
7329,3543,Electronics,109.16,1,109.16
7330,3543,Home & Kitchen,95.55,2,191.1
7331,3543,Apparel,111.39,1,111.39
7332,3544,Apparel,13.11,1,13.11
7333,3545,Sports & Outdoors,20.61,1,20.61
7334,3545,Home & Kitchen,195.05,1,195.05
7335,3545,Sports & Outdoors,148.37,1,148.37
7336,3545,Beauty,83.15,1,83.15
7337,3545,Books,6.47,1,6.47
7338,3546,Electronics,366.73,1,366.73
7339,3547,Grocery,34.77,1,34.77
7340,3547,Books,22.34,1,22.34
7341,3548,Home & Kitchen,164.27,1,164.27
7342,3549,Books,35.52,1,35.52
7343,3549,Grocery,7.72,1,7.72
7344,3550,Sports & Outdoors,95.27,2,190.54
7345,3551,Home & Kitchen,115.25,2,230.5
7346,3551,Apparel,61.15,1,61.15
7347,3552,Home & Kitchen,235.86,1,235.86
7348,3552,Beauty,74.11,2,148.22
7349,3552,Electronics,850.8,2,1701.6
7350,3552,Sports & Outdoors,214.49,1,214.49
7351,3552,Books,29.35,1,29.35
7352,3553,Electronics,290.75,1,290.75
7353,3553,Toys & Games,92.15,1,92.15
7354,3553,Sports & Outdoors,27.31,1,27.31
7355,3553,Electronics,80.89,2,161.78
7356,3553,Home & Kitchen,31.97,1,31.97
7357,3554,Electronics,359.72,1,359.72
7358,3555,Books,24.32,1,24.32
7359,3555,Home & Kitchen,210.9,1,210.9
7360,3555,Beauty,64.88,2,129.76
7361,3556,Sports & Outdoors,176.41,1,176.41
7362,3556,Home & Kitchen,193.55,1,193.55
7363,3556,Electronics,497.9,1,497.9
7364,3556,Electronics,486.7,1,486.7
7365,3556,Home & Kitchen,92.07,3,276.21
7366,3557,Beauty,71.32,1,71.32
7367,3557,Apparel,94.53,3,283.59
7368,3558,Electronics,889.59,1,889.59
7369,3558,Grocery,30.27,1,30.27
7370,3559,Home & Kitchen,117.59,1,117.59
7371,3559,Sports & Outdoors,178.15,2,356.3
7372,3560,Electronics,691.91,1,691.91
7373,3560,Apparel,131.24,1,131.24
7374,3561,Sports & Outdoors,21.8,1,21.8
7375,3561,Beauty,83.18,1,83.18
7376,3561,Beauty,23.25,1,23.25
7377,3561,Beauty,65.15,1,65.15
7378,3561,Home & Kitchen,87.96,1,87.96
7379,3562,Electronics,848.46,1,848.46
7380,3562,Sports & Outdoors,214.86,1,214.86
7381,3563,Apparel,65.01,1,65.01
7382,3564,Home & Kitchen,236.93,1,236.93
7383,3564,Apparel,18.5,2,37.0
7384,3564,Home & Kitchen,210.27,1,210.27
7385,3565,Home & Kitchen,172.4,2,344.8
7386,3565,Grocery,24.58,1,24.58
7387,3566,Electronics,595.74,1,595.74
7388,3567,Apparel,127.62,1,127.62
7389,3568,Apparel,102.71,1,102.71
7390,3569,Electronics,828.91,3,2486.73
7391,3569,Beauty,47.28,2,94.56
7392,3569,Toys & Games,34.03,1,34.03
7393,3570,Sports & Outdoors,205.49,1,205.49
7394,3571,Toys & Games,12.31,1,12.31
7395,3572,Toys & Games,10.77,2,21.54
7396,3572,Home & Kitchen,254.1,1,254.1
7397,3572,Electronics,661.09,1,661.09
7398,3572,Beauty,64.48,1,64.48
7399,3573,Beauty,25.3,1,25.3
7400,3573,Apparel,51.91,2,103.82
7401,3573,Toys & Games,43.82,2,87.64
7402,3573,Sports & Outdoors,115.87,1,115.87
7403,3574,Electronics,846.04,1,846.04
7404,3575,Books,34.33,1,34.33
7405,3576,Home & Kitchen,81.47,2,162.94
7406,3577,Electronics,661.91,1,661.91
7407,3577,Electronics,526.8,1,526.8
7408,3577,Beauty,84.85,1,84.85
7409,3578,Sports & Outdoors,141.68,1,141.68
7410,3578,Apparel,107.09,1,107.09
7411,3579,Home & Kitchen,122.87,1,122.87
7412,3579,Electronics,463.52,1,463.52
7413,3580,Electronics,303.09,2,606.18
7414,3580,Electronics,442.54,1,442.54
7415,3581,Electronics,239.87,1,239.87
7416,3582,Beauty,48.84,2,97.68
7417,3582,Toys & Games,39.95,1,39.95
7418,3583,Sports & Outdoors,114.98,2,229.96
7419,3583,Sports & Outdoors,208.35,1,208.35
7420,3583,Books,20.31,2,40.62
7421,3583,Home & Kitchen,130.48,2,260.96
7422,3584,Home & Kitchen,199.07,1,199.07
7423,3584,Toys & Games,103.69,1,103.69
7424,3585,Toys & Games,88.4,2,176.8
7425,3585,Books,38.68,1,38.68
7426,3585,Books,43.02,1,43.02
7427,3585,Electronics,102.26,1,102.26
7428,3586,Toys & Games,54.68,1,54.68
7429,3586,Apparel,32.33,1,32.33
7430,3586,Electronics,390.47,1,390.47
7431,3586,Home & Kitchen,257.59,1,257.59
7432,3587,Electronics,337.5,1,337.5
7433,3587,Electronics,189.39,3,568.17
7434,3587,Beauty,46.87,2,93.74
7435,3588,Beauty,58.36,2,116.72
7436,3588,Sports & Outdoors,248.86,1,248.86
7437,3588,Toys & Games,76.59,1,76.59
7438,3588,Toys & Games,119.58,1,119.58
7439,3589,Grocery,46.53,1,46.53
7440,3590,Books,28.32,2,56.64
7441,3591,Electronics,444.54,1,444.54
7442,3592,Apparel,88.07,2,176.14
7443,3592,Electronics,276.63,1,276.63
7444,3592,Toys & Games,97.48,1,97.48
7445,3593,Home & Kitchen,55.35,1,55.35
7446,3593,Electronics,763.51,1,763.51
7447,3594,Home & Kitchen,58.09,1,58.09
7448,3595,Toys & Games,111.31,1,111.31
7449,3595,Grocery,44.58,1,44.58
7450,3596,Apparel,118.1,1,118.1
7451,3596,Books,11.93,1,11.93
7452,3597,Electronics,225.6,3,676.8
7453,3598,Home & Kitchen,81.75,2,163.5
7454,3598,Electronics,499.25,1,499.25
7455,3599,Apparel,43.24,1,43.24
7456,3599,Books,7.23,1,7.23
7457,3599,Apparel,132.74,1,132.74
7458,3600,Sports & Outdoors,241.42,1,241.42
7459,3601,Home & Kitchen,157.11,2,314.22
7460,3601,Electronics,754.04,1,754.04
7461,3602,Sports & Outdoors,85.59,1,85.59
7462,3602,Toys & Games,115.65,2,231.3
7463,3603,Grocery,46.05,1,46.05
7464,3603,Electronics,880.28,1,880.28
7465,3604,Toys & Games,13.8,2,27.6
7466,3604,Beauty,11.65,1,11.65
7467,3605,Electronics,86.81,2,173.62
7468,3606,Beauty,21.95,1,21.95
7469,3606,Grocery,31.66,2,63.32
7470,3607,Grocery,24.47,1,24.47
7471,3607,Books,41.64,1,41.64
7472,3608,Toys & Games,36.48,1,36.48
7473,3608,Electronics,726.07,1,726.07
7474,3608,Toys & Games,53.56,1,53.56
7475,3609,Apparel,36.71,1,36.71
7476,3609,Electronics,658.47,1,658.47
7477,3610,Grocery,15.66,2,31.32
7478,3611,Sports & Outdoors,137.49,1,137.49
7479,3611,Apparel,102.62,3,307.86
7480,3612,Beauty,30.37,1,30.37
7481,3612,Apparel,102.11,1,102.11
7482,3613,Apparel,51.69,1,51.69
7483,3614,Apparel,68.87,2,137.74
7484,3615,Beauty,12.17,1,12.17
7485,3616,Toys & Games,52.36,1,52.36
7486,3616,Electronics,618.27,1,618.27
7487,3616,Apparel,63.26,1,63.26
7488,3616,Electronics,866.75,2,1733.5
7489,3617,Apparel,111.08,1,111.08
7490,3618,Beauty,18.62,1,18.62
7491,3619,Grocery,6.12,2,12.24
7492,3619,Apparel,139.2,1,139.2
7493,3620,Sports & Outdoors,52.08,1,52.08
7494,3621,Grocery,46.29,2,92.58
7495,3621,Beauty,51.36,2,102.72
7496,3621,Electronics,92.8,1,92.8
7497,3622,Books,22.35,1,22.35
7498,3622,Apparel,30.17,1,30.17
7499,3623,Grocery,19.96,2,39.92
7500,3624,Apparel,87.58,1,87.58
7501,3625,Toys & Games,112.61,2,225.22
7502,3626,Apparel,135.95,2,271.9
7503,3626,Grocery,9.24,1,9.24
7504,3626,Home & Kitchen,206.54,1,206.54
7505,3626,Toys & Games,101.93,1,101.93
7506,3626,Home & Kitchen,131.01,3,393.03
7507,3627,Beauty,49.71,1,49.71
7508,3627,Grocery,23.44,1,23.44
7509,3627,Home & Kitchen,133.04,1,133.04
7510,3627,Sports & Outdoors,218.31,1,218.31
7511,3628,Electronics,138.68,1,138.68
7512,3628,Apparel,36.4,1,36.4
7513,3628,Sports & Outdoors,23.03,2,46.06
7514,3629,Electronics,182.29,1,182.29
7515,3630,Electronics,326.75,1,326.75
7516,3631,Beauty,45.2,1,45.2
7517,3631,Books,24.62,1,24.62
7518,3632,Grocery,51.26,2,102.52
7519,3632,Apparel,33.43,1,33.43
7520,3632,Electronics,726.7,2,1453.4
7521,3633,Home & Kitchen,93.87,2,187.74
7522,3633,Apparel,69.43,1,69.43
7523,3634,Home & Kitchen,138.12,1,138.12
7524,3635,Electronics,629.19,1,629.19
7525,3636,Electronics,387.88,2,775.76
7526,3637,Apparel,102.79,1,102.79
7527,3638,Electronics,580.29,2,1160.58
7528,3638,Apparel,40.33,1,40.33
7529,3638,Grocery,42.8,1,42.8
7530,3639,Apparel,75.29,1,75.29
7531,3640,Apparel,51.5,1,51.5
7532,3640,Home & Kitchen,138.5,1,138.5
7533,3641,Apparel,94.73,3,284.19
7534,3642,Sports & Outdoors,178.06,2,356.12
7535,3643,Grocery,37.33,1,37.33
7536,3643,Grocery,34.11,1,34.11
7537,3644,Apparel,133.8,3,401.4
7538,3644,Apparel,80.86,3,242.58
7539,3645,Apparel,87.17,1,87.17
7540,3646,Beauty,75.64,1,75.64
7541,3646,Electronics,80.15,2,160.3
7542,3646,Home & Kitchen,293.27,2,586.54
7543,3647,Home & Kitchen,32.02,1,32.02
7544,3647,Home & Kitchen,198.15,1,198.15
7545,3648,Toys & Games,118.18,2,236.36
7546,3648,Electronics,433.17,1,433.17
7547,3649,Electronics,519.85,1,519.85
7548,3649,Apparel,46.54,1,46.54
7549,3650,Home & Kitchen,280.4,1,280.4
7550,3650,Books,9.42,1,9.42
7551,3651,Apparel,86.4,1,86.4
7552,3651,Books,42.84,1,42.84
7553,3652,Apparel,137.05,1,137.05
7554,3652,Grocery,51.41,2,102.82
7555,3653,Toys & Games,92.59,2,185.18
7556,3654,Electronics,285.92,2,571.84
7557,3655,Beauty,70.36,1,70.36
7558,3655,Sports & Outdoors,81.46,1,81.46
7559,3656,Beauty,25.88,1,25.88
7560,3656,Electronics,192.15,2,384.3
7561,3656,Home & Kitchen,73.03,1,73.03
7562,3657,Electronics,430.32,1,430.32
7563,3657,Apparel,137.6,2,275.2
7564,3657,Home & Kitchen,67.39,1,67.39
7565,3658,Sports & Outdoors,99.17,1,99.17
7566,3659,Grocery,33.67,1,33.67
7567,3659,Electronics,167.9,1,167.9
7568,3660,Home & Kitchen,122.73,1,122.73
7569,3661,Beauty,29.52,1,29.52
7570,3661,Beauty,57.9,1,57.9
7571,3662,Electronics,352.78,1,352.78
7572,3663,Sports & Outdoors,63.47,2,126.94
7573,3663,Electronics,421.88,1,421.88
7574,3664,Home & Kitchen,20.35,1,20.35
7575,3665,Apparel,43.07,1,43.07
7576,3666,Apparel,143.23,2,286.46
7577,3666,Apparel,109.02,1,109.02
7578,3667,Toys & Games,37.66,1,37.66
7579,3667,Sports & Outdoors,218.88,3,656.64
7580,3668,Sports & Outdoors,77.49,1,77.49
7581,3668,Apparel,17.35,1,17.35
7582,3669,Sports & Outdoors,64.94,1,64.94
7583,3669,Sports & Outdoors,77.85,1,77.85
7584,3669,Home & Kitchen,248.09,1,248.09
7585,3670,Apparel,144.67,1,144.67
7586,3670,Beauty,85.19,1,85.19
7587,3670,Toys & Games,114.75,2,229.5
7588,3670,Books,16.32,1,16.32
7589,3671,Beauty,16.61,1,16.61
7590,3672,Sports & Outdoors,52.86,2,105.72
7591,3672,Sports & Outdoors,123.1,1,123.1
7592,3673,Electronics,476.76,1,476.76
7593,3674,Electronics,744.15,2,1488.3
7594,3675,Apparel,140.25,2,280.5
7595,3676,Electronics,373.02,3,1119.06
7596,3677,Apparel,111.71,1,111.71
7597,3677,Apparel,66.17,3,198.51
7598,3677,Toys & Games,110.36,2,220.72
7599,3678,Beauty,27.68,1,27.68
7600,3678,Home & Kitchen,223.95,1,223.95
7601,3678,Books,21.48,2,42.96
7602,3679,Sports & Outdoors,110.43,1,110.43
7603,3679,Electronics,237.24,1,237.24
7604,3679,Apparel,36.42,1,36.42
7605,3679,Toys & Games,35.95,1,35.95
7606,3680,Grocery,29.64,1,29.64
7607,3681,Apparel,84.82,2,169.64
7608,3681,Electronics,485.34,1,485.34
7609,3682,Apparel,49.42,1,49.42
7610,3682,Sports & Outdoors,198.53,1,198.53
7611,3683,Home & Kitchen,105.42,1,105.42
7612,3683,Home & Kitchen,95.79,1,95.79
7613,3683,Home & Kitchen,270.65,1,270.65
7614,3683,Apparel,116.57,1,116.57
7615,3683,Books,34.09,1,34.09
7616,3684,Home & Kitchen,73.52,1,73.52
7617,3685,Beauty,56.19,1,56.19
7618,3685,Sports & Outdoors,186.68,3,560.04
7619,3685,Apparel,120.36,3,361.08
7620,3685,Electronics,361.63,1,361.63
7621,3686,Electronics,139.39,3,418.17
7622,3686,Books,33.2,1,33.2
7623,3686,Toys & Games,111.35,2,222.7
7624,3686,Home & Kitchen,181.31,1,181.31
7625,3687,Home & Kitchen,63.6,1,63.6
7626,3688,Books,7.29,2,14.58
7627,3689,Sports & Outdoors,198.72,1,198.72
7628,3690,Sports & Outdoors,195.12,2,390.24
7629,3690,Apparel,67.49,1,67.49
7630,3690,Beauty,12.03,1,12.03
7631,3690,Electronics,733.65,3,2200.95
7632,3691,Electronics,675.59,1,675.59
7633,3692,Toys & Games,26.28,3,78.84
7634,3693,Sports & Outdoors,114.43,1,114.43
7635,3693,Beauty,13.2,2,26.4
7636,3694,Home & Kitchen,189.22,1,189.22
7637,3695,Books,21.27,1,21.27
7638,3696,Books,40.91,1,40.91
7639,3696,Electronics,288.08,1,288.08
7640,3696,Home & Kitchen,200.16,1,200.16
7641,3696,Beauty,34.3,1,34.3
7642,3696,Home & Kitchen,171.12,3,513.36
7643,3697,Grocery,22.97,3,68.91
7644,3698,Electronics,103.99,1,103.99
7645,3699,Apparel,139.13,1,139.13
7646,3700,Apparel,29.98,2,59.96
7647,3701,Books,21.11,3,63.33
7648,3701,Beauty,63.34,1,63.34
7649,3702,Toys & Games,79.61,2,159.22
7650,3703,Sports & Outdoors,248.13,1,248.13
7651,3704,Electronics,455.08,3,1365.24
7652,3704,Apparel,132.56,1,132.56
7653,3705,Electronics,601.13,1,601.13
7654,3705,Home & Kitchen,188.78,2,377.56
7655,3706,Sports & Outdoors,214.19,1,214.19
7656,3706,Electronics,873.69,1,873.69
7657,3706,Toys & Games,109.52,1,109.52
7658,3707,Books,27.24,1,27.24
7659,3707,Electronics,127.69,1,127.69
7660,3708,Books,18.81,1,18.81
7661,3709,Electronics,290.39,2,580.78
7662,3710,Apparel,20.18,2,40.36
7663,3710,Apparel,74.13,1,74.13
7664,3710,Electronics,435.98,1,435.98
7665,3710,Home & Kitchen,290.25,1,290.25
7666,3711,Home & Kitchen,67.26,1,67.26
7667,3711,Apparel,149.24,1,149.24
7668,3711,Home & Kitchen,63.18,1,63.18
7669,3712,Grocery,27.1,2,54.2
7670,3712,Apparel,82.36,1,82.36
7671,3712,Books,25.41,1,25.41
7672,3713,Apparel,65.17,2,130.34
7673,3713,Apparel,96.03,2,192.06
7674,3714,Books,35.45,3,106.35
7675,3715,Sports & Outdoors,76.35,1,76.35
7676,3716,Home & Kitchen,91.94,1,91.94
7677,3717,Toys & Games,87.16,1,87.16
7678,3718,Electronics,45.99,3,137.97
7679,3718,Home & Kitchen,104.81,2,209.62
7680,3719,Beauty,80.38,1,80.38
7681,3719,Home & Kitchen,60.98,1,60.98
7682,3719,Books,15.12,1,15.12
7683,3720,Apparel,117.86,2,235.72
7684,3721,Home & Kitchen,47.17,1,47.17
7685,3722,Apparel,26.21,2,52.42
7686,3722,Beauty,10.7,3,32.1
7687,3723,Beauty,80.62,1,80.62
7688,3723,Grocery,7.2,1,7.2
7689,3723,Apparel,17.43,3,52.29
7690,3723,Electronics,774.22,1,774.22
7691,3724,Beauty,33.14,1,33.14
7692,3724,Electronics,761.38,1,761.38
7693,3724,Home & Kitchen,86.13,1,86.13
7694,3725,Beauty,57.71,1,57.71
7695,3726,Home & Kitchen,190.14,2,380.28
7696,3727,Beauty,63.09,1,63.09
7697,3728,Books,7.66,2,15.32
7698,3729,Toys & Games,62.08,2,124.16
7699,3730,Sports & Outdoors,213.08,2,426.16
7700,3731,Apparel,52.42,2,104.84
7701,3732,Beauty,52.4,1,52.4
7702,3733,Sports & Outdoors,188.39,3,565.17
7703,3733,Books,39.36,1,39.36
7704,3733,Beauty,87.35,2,174.7
7705,3734,Toys & Games,27.5,1,27.5
7706,3734,Toys & Games,73.61,1,73.61
7707,3734,Beauty,25.9,1,25.9
7708,3735,Electronics,842.97,1,842.97
7709,3736,Toys & Games,23.33,1,23.33
7710,3736,Grocery,49.48,3,148.44
7711,3736,Toys & Games,42.74,1,42.74
7712,3737,Home & Kitchen,43.86,2,87.72
7713,3737,Apparel,21.8,1,21.8
7714,3737,Sports & Outdoors,200.56,1,200.56
7715,3737,Beauty,8.07,1,8.07
7716,3738,Electronics,158.59,3,475.77
7717,3738,Apparel,116.88,2,233.76
7718,3739,Home & Kitchen,156.24,2,312.48
7719,3739,Home & Kitchen,298.64,1,298.64
7720,3740,Sports & Outdoors,18.03,3,54.09
7721,3741,Sports & Outdoors,234.98,1,234.98
7722,3742,Sports & Outdoors,47.01,1,47.01
7723,3743,Apparel,101.38,1,101.38
7724,3744,Home & Kitchen,183.96,2,367.92
7725,3744,Apparel,30.63,2,61.26
7726,3744,Grocery,28.04,3,84.12
7727,3745,Beauty,8.77,1,8.77
7728,3745,Sports & Outdoors,212.88,1,212.88
7729,3745,Home & Kitchen,288.91,1,288.91
7730,3745,Electronics,824.02,1,824.02
7731,3746,Apparel,40.42,1,40.42
7732,3746,Home & Kitchen,34.09,1,34.09
7733,3746,Toys & Games,96.16,1,96.16
7734,3746,Apparel,37.89,1,37.89
7735,3747,Home & Kitchen,227.3,2,454.6
7736,3748,Home & Kitchen,245.11,1,245.11
7737,3749,Home & Kitchen,139.28,1,139.28
7738,3750,Electronics,865.8,3,2597.4
7739,3751,Apparel,92.87,3,278.61
7740,3751,Apparel,103.48,1,103.48
7741,3751,Home & Kitchen,154.74,1,154.74
7742,3752,Grocery,17.76,1,17.76
7743,3752,Apparel,82.34,1,82.34
7744,3753,Grocery,19.02,2,38.04
7745,3753,Home & Kitchen,204.36,2,408.72
7746,3753,Apparel,120.66,1,120.66
7747,3754,Books,28.85,3,86.55
7748,3755,Apparel,15.9,1,15.9
7749,3756,Beauty,18.93,3,56.79
7750,3757,Grocery,31.91,1,31.91
7751,3757,Electronics,649.17,1,649.17
7752,3758,Home & Kitchen,177.9,1,177.9
7753,3758,Home & Kitchen,273.86,3,821.58
7754,3758,Home & Kitchen,161.59,1,161.59
7755,3758,Apparel,82.83,1,82.83
7756,3759,Books,18.46,1,18.46
7757,3759,Apparel,95.3,1,95.3
7758,3760,Home & Kitchen,201.01,3,603.03
7759,3760,Electronics,845.73,1,845.73
7760,3760,Toys & Games,26.82,1,26.82
7761,3760,Electronics,601.94,1,601.94
7762,3761,Sports & Outdoors,231.81,2,463.62
7763,3762,Apparel,131.07,1,131.07
7764,3762,Beauty,30.39,1,30.39
7765,3763,Home & Kitchen,30.32,1,30.32
7766,3763,Beauty,36.51,1,36.51
7767,3763,Apparel,77.49,1,77.49
7768,3763,Grocery,9.08,1,9.08
7769,3763,Home & Kitchen,47.28,1,47.28
7770,3764,Apparel,34.45,1,34.45
7771,3765,Apparel,78.99,1,78.99
7772,3766,Home & Kitchen,186.79,1,186.79
7773,3767,Toys & Games,90.51,1,90.51
7774,3767,Beauty,65.22,1,65.22
7775,3768,Sports & Outdoors,193.66,1,193.66
7776,3768,Sports & Outdoors,14.97,2,29.94
7777,3769,Electronics,755.68,1,755.68
7778,3769,Home & Kitchen,153.74,2,307.48
7779,3769,Electronics,297.78,1,297.78
7780,3770,Books,26.47,1,26.47
7781,3771,Apparel,129.27,1,129.27
7782,3772,Apparel,140.26,1,140.26
7783,3772,Electronics,362.53,1,362.53
7784,3773,Books,20.4,1,20.4
7785,3773,Sports & Outdoors,39.81,2,79.62
7786,3773,Beauty,77.58,2,155.16
7787,3774,Apparel,137.45,2,274.9
7788,3775,Beauty,30.17,1,30.17
7789,3775,Apparel,48.31,2,96.62
7790,3776,Home & Kitchen,293.68,2,587.36
7791,3776,Books,28.76,1,28.76
7792,3777,Electronics,515.33,1,515.33
7793,3778,Electronics,804.2,1,804.2
7794,3778,Books,38.1,2,76.2
7795,3778,Toys & Games,46.05,3,138.15
7796,3779,Books,36.71,1,36.71
7797,3780,Electronics,862.46,1,862.46
7798,3781,Sports & Outdoors,187.49,1,187.49
7799,3781,Home & Kitchen,181.67,1,181.67
7800,3781,Apparel,146.55,1,146.55
7801,3781,Electronics,237.07,2,474.14
7802,3782,Home & Kitchen,73.12,1,73.12
7803,3783,Beauty,39.82,1,39.82
7804,3783,Toys & Games,84.41,1,84.41
7805,3784,Grocery,33.38,2,66.76
7806,3784,Electronics,662.86,1,662.86
7807,3785,Home & Kitchen,84.92,1,84.92
7808,3786,Beauty,30.54,1,30.54
7809,3787,Toys & Games,62.85,2,125.7
7810,3787,Apparel,95.1,1,95.1
7811,3788,Apparel,115.2,1,115.2
7812,3789,Grocery,9.71,2,19.42
7813,3789,Apparel,136.46,1,136.46
7814,3789,Sports & Outdoors,49.54,3,148.62
7815,3790,Grocery,13.7,1,13.7
7816,3790,Toys & Games,11.64,2,23.28
7817,3790,Home & Kitchen,211.31,1,211.31
7818,3791,Beauty,66.54,2,133.08
7819,3791,Books,39.29,1,39.29
7820,3792,Books,12.68,1,12.68
7821,3792,Home & Kitchen,171.93,1,171.93
7822,3793,Home & Kitchen,21.42,1,21.42
7823,3793,Apparel,77.82,2,155.64
7824,3794,Electronics,777.38,1,777.38
7825,3795,Beauty,14.79,1,14.79
7826,3795,Home & Kitchen,113.7,1,113.7
7827,3796,Beauty,23.38,1,23.38
7828,3796,Sports & Outdoors,174.58,1,174.58
7829,3797,Sports & Outdoors,174.64,1,174.64
7830,3798,Grocery,27.23,1,27.23
7831,3798,Electronics,47.55,1,47.55
7832,3798,Sports & Outdoors,52.75,2,105.5
7833,3799,Home & Kitchen,289.27,2,578.54
7834,3800,Home & Kitchen,165.39,1,165.39
7835,3800,Apparel,108.46,3,325.38
7836,3801,Electronics,323.18,1,323.18
7837,3801,Apparel,60.84,1,60.84
7838,3802,Electronics,135.31,1,135.31
7839,3803,Apparel,34.85,1,34.85
7840,3803,Apparel,52.6,1,52.6
7841,3804,Sports & Outdoors,232.01,1,232.01
7842,3804,Beauty,50.46,1,50.46
7843,3804,Beauty,11.19,1,11.19
7844,3804,Apparel,64.83,1,64.83
7845,3805,Home & Kitchen,193.59,1,193.59
7846,3806,Beauty,67.07,2,134.14
7847,3806,Electronics,638.85,1,638.85
7848,3806,Books,24.73,1,24.73
7849,3806,Apparel,101.78,1,101.78
7850,3807,Apparel,65.58,1,65.58
7851,3808,Sports & Outdoors,183.17,2,366.34
7852,3808,Grocery,27.34,2,54.68
7853,3808,Electronics,428.09,1,428.09
7854,3809,Sports & Outdoors,210.15,1,210.15
7855,3810,Electronics,170.37,1,170.37
7856,3810,Grocery,17.83,1,17.83
7857,3811,Electronics,886.8,2,1773.6
7858,3811,Toys & Games,102.35,2,204.7
7859,3811,Books,41.08,1,41.08
7860,3811,Grocery,25.56,2,51.12
7861,3811,Sports & Outdoors,207.02,2,414.04
7862,3812,Toys & Games,100.91,2,201.82
7863,3812,Beauty,23.07,1,23.07
7864,3813,Home & Kitchen,215.85,1,215.85
7865,3813,Beauty,15.59,3,46.77
7866,3813,Home & Kitchen,228.27,1,228.27
7867,3813,Books,7.36,3,22.08
7868,3814,Beauty,82.11,3,246.33
7869,3815,Home & Kitchen,29.19,1,29.19
7870,3815,Electronics,570.85,1,570.85
7871,3816,Beauty,12.8,1,12.8
7872,3817,Apparel,33.07,2,66.14
7873,3817,Home & Kitchen,256.36,1,256.36
7874,3817,Electronics,362.39,1,362.39
7875,3817,Home & Kitchen,145.91,3,437.73
7876,3817,Beauty,65.15,2,130.3
7877,3818,Beauty,73.37,1,73.37
7878,3818,Apparel,132.38,2,264.76
7879,3819,Toys & Games,34.6,2,69.2
7880,3819,Electronics,296.36,1,296.36
7881,3820,Electronics,401.99,1,401.99
7882,3821,Toys & Games,24.38,1,24.38
7883,3822,Electronics,656.43,1,656.43
7884,3822,Home & Kitchen,141.32,1,141.32
7885,3822,Apparel,117.87,2,235.74
7886,3822,Apparel,78.6,1,78.6
7887,3822,Beauty,20.32,2,40.64
7888,3823,Grocery,38.24,1,38.24
7889,3823,Beauty,46.26,1,46.26
7890,3823,Sports & Outdoors,248.11,1,248.11
7891,3823,Apparel,41.01,2,82.02
7892,3823,Home & Kitchen,164.66,1,164.66
7893,3824,Sports & Outdoors,67.83,2,135.66
7894,3825,Electronics,676.68,3,2030.04
7895,3826,Home & Kitchen,113.04,1,113.04
7896,3826,Home & Kitchen,249.0,1,249.0
7897,3827,Sports & Outdoors,182.59,1,182.59
7898,3827,Apparel,105.17,1,105.17
7899,3827,Toys & Games,71.96,2,143.92
7900,3827,Toys & Games,99.97,1,99.97
7901,3827,Apparel,131.93,1,131.93
7902,3828,Apparel,14.61,1,14.61
7903,3828,Electronics,74.42,2,148.84
7904,3828,Toys & Games,87.59,1,87.59
7905,3829,Sports & Outdoors,133.01,1,133.01
7906,3829,Books,10.78,1,10.78
7907,3829,Apparel,115.11,1,115.11
7908,3829,Apparel,55.96,1,55.96
7909,3830,Electronics,411.59,1,411.59
7910,3830,Electronics,181.75,1,181.75
7911,3830,Sports & Outdoors,46.04,1,46.04
7912,3830,Sports & Outdoors,153.2,1,153.2
7913,3831,Electronics,66.42,1,66.42
7914,3832,Home & Kitchen,86.99,1,86.99
7915,3833,Electronics,691.59,1,691.59
7916,3833,Home & Kitchen,72.53,3,217.59
7917,3833,Sports & Outdoors,121.08,3,363.24
7918,3833,Sports & Outdoors,238.47,1,238.47
7919,3833,Electronics,570.02,3,1710.06
7920,3834,Electronics,332.9,2,665.8
7921,3834,Electronics,315.37,1,315.37
7922,3835,Apparel,100.09,3,300.27
7923,3836,Electronics,560.53,1,560.53
7924,3837,Home & Kitchen,81.93,1,81.93
7925,3838,Electronics,242.54,1,242.54
7926,3838,Home & Kitchen,269.88,1,269.88
7927,3838,Beauty,81.65,1,81.65
7928,3839,Toys & Games,88.95,1,88.95
7929,3839,Electronics,668.64,3,2005.92
7930,3839,Sports & Outdoors,64.26,1,64.26
7931,3840,Electronics,235.73,1,235.73
7932,3840,Grocery,11.0,3,33.0
7933,3841,Electronics,302.11,2,604.22
7934,3841,Apparel,62.77,1,62.77
7935,3842,Beauty,63.66,1,63.66
7936,3842,Electronics,639.15,3,1917.45
7937,3842,Apparel,147.54,3,442.62
7938,3843,Electronics,841.87,2,1683.74
7939,3843,Electronics,538.08,1,538.08
7940,3844,Electronics,632.72,3,1898.16
7941,3844,Beauty,74.88,2,149.76
7942,3844,Sports & Outdoors,168.36,1,168.36
7943,3844,Home & Kitchen,148.73,1,148.73
7944,3845,Beauty,86.68,1,86.68
7945,3846,Electronics,835.37,1,835.37
7946,3847,Beauty,20.73,2,41.46
7947,3847,Books,38.58,1,38.58
7948,3847,Sports & Outdoors,240.46,1,240.46
7949,3848,Toys & Games,12.33,3,36.99
7950,3848,Books,20.03,1,20.03
7951,3849,Electronics,633.97,1,633.97
7952,3850,Beauty,68.28,1,68.28
7953,3850,Electronics,732.55,1,732.55
7954,3850,Home & Kitchen,89.75,1,89.75
7955,3851,Toys & Games,49.58,1,49.58
7956,3851,Apparel,81.11,1,81.11
7957,3852,Toys & Games,39.93,1,39.93
7958,3853,Electronics,834.25,2,1668.5
7959,3853,Grocery,41.26,3,123.78
7960,3853,Home & Kitchen,108.94,1,108.94
7961,3853,Apparel,67.31,2,134.62
7962,3854,Apparel,33.95,2,67.9
7963,3854,Toys & Games,52.11,1,52.11
7964,3854,Home & Kitchen,98.77,2,197.54
7965,3854,Books,24.93,1,24.93
7966,3854,Electronics,588.06,3,1764.18
7967,3855,Apparel,53.39,1,53.39
7968,3855,Home & Kitchen,289.27,1,289.27
7969,3855,Sports & Outdoors,35.62,1,35.62
7970,3855,Sports & Outdoors,202.97,1,202.97
7971,3856,Apparel,112.25,1,112.25
7972,3857,Electronics,589.75,1,589.75
7973,3857,Apparel,126.81,1,126.81
7974,3858,Apparel,49.0,1,49.0
7975,3859,Sports & Outdoors,98.16,3,294.48
7976,3859,Apparel,103.46,2,206.92
7977,3860,Grocery,25.76,1,25.76
7978,3860,Grocery,4.25,1,4.25
7979,3860,Apparel,113.95,2,227.9
7980,3860,Sports & Outdoors,249.06,1,249.06
7981,3860,Beauty,41.54,3,124.62
7982,3861,Electronics,828.25,2,1656.5
7983,3861,Beauty,51.65,1,51.65
7984,3861,Home & Kitchen,243.92,2,487.84
7985,3862,Toys & Games,44.59,1,44.59
7986,3863,Grocery,22.83,1,22.83
7987,3863,Books,23.38,1,23.38
7988,3863,Beauty,84.71,1,84.71
7989,3864,Electronics,868.83,1,868.83
7990,3865,Grocery,38.64,2,77.28
7991,3865,Toys & Games,68.93,3,206.79
7992,3865,Apparel,134.11,1,134.11
7993,3865,Electronics,716.9,3,2150.7
7994,3866,Apparel,69.08,1,69.08
7995,3867,Apparel,35.04,1,35.04
7996,3867,Electronics,816.94,1,816.94
7997,3867,Toys & Games,99.88,1,99.88
7998,3868,Apparel,82.51,1,82.51
7999,3869,Electronics,105.92,1,105.92
8000,3870,Grocery,57.23,2,114.46
8001,3870,Sports & Outdoors,83.27,1,83.27
8002,3870,Electronics,673.18,1,673.18
8003,3871,Beauty,8.05,1,8.05
8004,3871,Apparel,29.65,1,29.65
8005,3872,Toys & Games,57.81,1,57.81
8006,3872,Toys & Games,109.8,1,109.8
8007,3872,Apparel,136.23,1,136.23
8008,3873,Electronics,214.99,1,214.99
8009,3873,Books,8.47,1,8.47
8010,3874,Electronics,686.89,1,686.89
8011,3875,Home & Kitchen,32.48,1,32.48
8012,3875,Beauty,18.07,2,36.14
8013,3876,Apparel,30.89,1,30.89
8014,3876,Home & Kitchen,57.83,1,57.83
8015,3877,Grocery,15.85,2,31.7
8016,3878,Electronics,757.47,1,757.47
8017,3878,Home & Kitchen,174.61,2,349.22
8018,3878,Apparel,142.2,1,142.2
8019,3879,Electronics,673.75,1,673.75
8020,3879,Home & Kitchen,34.55,1,34.55
8021,3879,Grocery,27.41,1,27.41
8022,3880,Beauty,83.43,2,166.86
8023,3881,Toys & Games,53.24,1,53.24
8024,3881,Electronics,704.51,2,1409.02
8025,3881,Electronics,57.32,3,171.96
8026,3882,Electronics,626.84,1,626.84
8027,3882,Toys & Games,66.08,2,132.16
8028,3882,Home & Kitchen,295.43,1,295.43
8029,3883,Electronics,475.28,1,475.28
8030,3884,Books,31.05,1,31.05
8031,3884,Home & Kitchen,165.66,1,165.66
8032,3885,Home & Kitchen,209.62,3,628.86
8033,3886,Apparel,77.13,1,77.13
8034,3886,Beauty,9.89,1,9.89
8035,3887,Electronics,59.55,1,59.55
8036,3887,Sports & Outdoors,66.67,2,133.34
8037,3887,Apparel,51.12,1,51.12
8038,3888,Grocery,37.68,3,113.04
8039,3888,Sports & Outdoors,166.67,2,333.34
8040,3889,Grocery,11.34,1,11.34
8041,3890,Home & Kitchen,298.8,1,298.8
8042,3890,Home & Kitchen,252.17,1,252.17
8043,3890,Books,20.21,1,20.21
8044,3891,Grocery,27.48,1,27.48
8045,3892,Grocery,50.8,1,50.8
8046,3893,Toys & Games,76.6,1,76.6
8047,3893,Electronics,221.37,2,442.74
8048,3893,Books,8.32,2,16.64
8049,3894,Home & Kitchen,205.8,1,205.8
8050,3895,Toys & Games,108.99,2,217.98
8051,3896,Sports & Outdoors,22.37,1,22.37
8052,3896,Apparel,80.7,1,80.7
8053,3897,Grocery,48.91,1,48.91
8054,3897,Toys & Games,75.39,1,75.39
8055,3897,Electronics,664.29,2,1328.58
8056,3897,Grocery,50.16,1,50.16
8057,3898,Books,11.83,1,11.83
8058,3899,Electronics,189.92,2,379.84
8059,3900,Electronics,695.95,1,695.95
8060,3900,Beauty,58.28,1,58.28
8061,3901,Apparel,98.6,3,295.8
8062,3901,Toys & Games,95.28,1,95.28
8063,3901,Home & Kitchen,153.38,1,153.38
8064,3902,Home & Kitchen,86.85,1,86.85
8065,3903,Electronics,418.73,1,418.73
8066,3903,Apparel,63.35,1,63.35
8067,3904,Electronics,399.0,1,399.0
8068,3904,Beauty,62.23,1,62.23
8069,3904,Beauty,24.5,1,24.5
8070,3904,Toys & Games,61.06,1,61.06
8071,3905,Apparel,78.67,1,78.67
8072,3906,Home & Kitchen,216.92,1,216.92
8073,3907,Home & Kitchen,110.63,1,110.63
8074,3908,Books,20.83,1,20.83
8075,3909,Home & Kitchen,142.77,1,142.77
8076,3910,Home & Kitchen,150.05,1,150.05
8077,3911,Home & Kitchen,189.17,1,189.17
8078,3911,Beauty,79.12,2,158.24
8079,3911,Books,9.51,1,9.51
8080,3911,Sports & Outdoors,139.71,2,279.42
8081,3912,Sports & Outdoors,43.7,3,131.1
8082,3913,Sports & Outdoors,186.95,1,186.95
8083,3914,Sports & Outdoors,229.45,1,229.45
8084,3914,Electronics,838.92,1,838.92
8085,3915,Beauty,59.24,2,118.48
8086,3916,Electronics,337.83,1,337.83
8087,3917,Electronics,264.61,2,529.22
8088,3917,Electronics,752.11,1,752.11
8089,3917,Home & Kitchen,53.55,1,53.55
8090,3918,Home & Kitchen,258.31,1,258.31
8091,3918,Apparel,25.97,1,25.97
8092,3919,Apparel,70.01,1,70.01
8093,3919,Books,43.48,1,43.48
8094,3920,Electronics,663.43,2,1326.86
8095,3920,Grocery,42.37,2,84.74
8096,3921,Electronics,442.72,2,885.44
8097,3921,Electronics,501.63,1,501.63
8098,3922,Electronics,836.94,1,836.94
8099,3922,Apparel,113.45,2,226.9
8100,3923,Electronics,685.46,1,685.46
8101,3923,Home & Kitchen,286.8,1,286.8
8102,3923,Home & Kitchen,32.61,1,32.61
8103,3923,Electronics,792.5,1,792.5
8104,3924,Apparel,86.71,1,86.71
8105,3925,Sports & Outdoors,60.81,2,121.62
8106,3925,Electronics,832.57,1,832.57
8107,3925,Grocery,48.69,1,48.69
8108,3926,Home & Kitchen,189.8,1,189.8
8109,3926,Electronics,635.1,2,1270.2
8110,3927,Beauty,41.58,2,83.16
8111,3928,Electronics,617.95,2,1235.9
8112,3929,Toys & Games,14.73,3,44.19
8113,3930,Grocery,24.71,2,49.42
8114,3930,Books,28.99,1,28.99
8115,3930,Home & Kitchen,102.67,1,102.67
8116,3931,Toys & Games,12.98,3,38.94
8117,3931,Home & Kitchen,260.0,2,520.0
8118,3932,Grocery,39.53,1,39.53
8119,3933,Apparel,45.82,1,45.82
8120,3933,Beauty,48.65,1,48.65
8121,3934,Electronics,282.46,2,564.92
8122,3934,Apparel,32.96,2,65.92
8123,3934,Electronics,406.64,2,813.28
8124,3935,Apparel,32.8,1,32.8
8125,3935,Electronics,809.03,1,809.03
8126,3936,Electronics,494.93,2,989.86
8127,3936,Home & Kitchen,35.47,2,70.94
8128,3936,Home & Kitchen,105.18,3,315.54
8129,3937,Electronics,49.72,1,49.72
8130,3938,Sports & Outdoors,110.31,3,330.93
8131,3938,Apparel,83.01,1,83.01
8132,3938,Home & Kitchen,49.6,1,49.6
8133,3939,Beauty,77.96,3,233.88
8134,3940,Grocery,57.6,1,57.6
8135,3940,Toys & Games,41.22,2,82.44
8136,3941,Sports & Outdoors,16.01,1,16.01
8137,3941,Books,27.27,3,81.81
8138,3941,Toys & Games,67.32,1,67.32
8139,3941,Electronics,584.03,1,584.03
8140,3942,Toys & Games,69.49,1,69.49
8141,3943,Books,42.72,1,42.72
8142,3944,Apparel,38.45,1,38.45
8143,3944,Electronics,244.22,2,488.44
8144,3945,Toys & Games,100.81,1,100.81
8145,3945,Apparel,134.53,3,403.59
8146,3945,Books,35.53,1,35.53
8147,3945,Apparel,45.21,1,45.21
8148,3946,Grocery,28.48,3,85.44
8149,3947,Beauty,27.02,1,27.02
8150,3947,Apparel,120.59,1,120.59
8151,3948,Electronics,308.23,1,308.23
8152,3949,Toys & Games,66.5,3,199.5
8153,3950,Toys & Games,96.1,1,96.1
8154,3950,Home & Kitchen,246.19,2,492.38
8155,3951,Sports & Outdoors,136.1,3,408.3
8156,3952,Sports & Outdoors,111.38,1,111.38
8157,3953,Electronics,473.81,2,947.62
8158,3953,Toys & Games,70.7,1,70.7
8159,3953,Grocery,45.96,1,45.96
8160,3953,Apparel,18.58,1,18.58
8161,3954,Home & Kitchen,68.89,2,137.78
8162,3955,Electronics,246.42,1,246.42
8163,3955,Beauty,20.99,1,20.99
8164,3955,Electronics,321.52,1,321.52
8165,3956,Books,25.82,2,51.64
8166,3957,Beauty,14.71,1,14.71
8167,3957,Books,39.4,1,39.4
8168,3957,Apparel,143.67,1,143.67
8169,3957,Electronics,425.78,2,851.56
8170,3958,Apparel,90.1,1,90.1
8171,3958,Beauty,28.21,1,28.21
8172,3958,Beauty,41.1,1,41.1
8173,3959,Grocery,46.04,1,46.04
8174,3959,Electronics,230.09,1,230.09
8175,3960,Toys & Games,97.74,1,97.74
8176,3961,Books,41.41,1,41.41
8177,3961,Grocery,58.06,1,58.06
8178,3962,Sports & Outdoors,138.3,1,138.3
8179,3962,Books,12.57,1,12.57
8180,3963,Beauty,47.9,1,47.9
8181,3963,Apparel,36.62,1,36.62
8182,3963,Home & Kitchen,284.19,1,284.19
8183,3964,Sports & Outdoors,188.1,3,564.3
8184,3964,Home & Kitchen,249.89,1,249.89
8185,3964,Home & Kitchen,202.6,1,202.6
8186,3964,Grocery,22.44,1,22.44
8187,3964,Apparel,130.12,1,130.12
8188,3965,Electronics,418.72,1,418.72
8189,3966,Toys & Games,19.23,1,19.23
8190,3966,Electronics,454.64,1,454.64
8191,3967,Home & Kitchen,138.02,1,138.02
8192,3967,Sports & Outdoors,13.04,2,26.08
8193,3968,Apparel,28.81,1,28.81
8194,3968,Sports & Outdoors,222.74,1,222.74
8195,3969,Grocery,30.21,2,60.42
8196,3969,Grocery,22.77,1,22.77
8197,3970,Grocery,54.36,3,163.08
8198,3970,Sports & Outdoors,65.87,1,65.87
8199,3970,Home & Kitchen,88.72,2,177.44
8200,3971,Apparel,95.07,1,95.07
8201,3971,Beauty,16.1,1,16.1
8202,3971,Toys & Games,108.08,2,216.16
8203,3971,Apparel,91.86,1,91.86
8204,3972,Electronics,708.19,1,708.19
8205,3973,Home & Kitchen,78.93,1,78.93
8206,3974,Apparel,106.26,1,106.26
8207,3974,Home & Kitchen,109.79,3,329.37
8208,3975,Home & Kitchen,216.45,1,216.45
8209,3976,Home & Kitchen,297.77,2,595.54
8210,3976,Home & Kitchen,103.27,1,103.27
8211,3976,Home & Kitchen,117.6,1,117.6
8212,3977,Electronics,846.23,1,846.23
8213,3977,Toys & Games,34.59,1,34.59
8214,3978,Home & Kitchen,95.88,1,95.88
8215,3978,Electronics,265.24,1,265.24
8216,3979,Home & Kitchen,279.75,1,279.75
8217,3980,Electronics,453.35,1,453.35
8218,3981,Home & Kitchen,232.9,1,232.9
8219,3982,Grocery,5.73,1,5.73
8220,3983,Electronics,168.95,1,168.95
8221,3983,Electronics,735.06,3,2205.18
8222,3983,Toys & Games,48.91,2,97.82
8223,3984,Grocery,45.43,2,90.86
8224,3985,Apparel,60.01,1,60.01
8225,3985,Home & Kitchen,163.16,1,163.16
8226,3986,Electronics,592.91,1,592.91
8227,3987,Beauty,29.56,1,29.56
8228,3987,Grocery,22.56,2,45.12
8229,3988,Beauty,21.27,1,21.27
8230,3988,Sports & Outdoors,154.62,1,154.62
8231,3989,Apparel,89.8,2,179.6
8232,3989,Apparel,88.61,1,88.61
8233,3989,Books,24.67,1,24.67
8234,3989,Toys & Games,86.25,1,86.25
8235,3990,Electronics,278.11,1,278.11
8236,3990,Books,38.49,2,76.98
8237,3990,Grocery,7.12,1,7.12
8238,3990,Toys & Games,60.34,2,120.68
8239,3990,Electronics,473.76,3,1421.28
8240,3991,Electronics,80.39,2,160.78
8241,3992,Electronics,398.64,1,398.64
8242,3992,Apparel,39.44,1,39.44
8243,3993,Beauty,49.38,1,49.38
8244,3993,Grocery,58.15,1,58.15
8245,3994,Apparel,82.0,1,82.0
8246,3995,Apparel,130.35,1,130.35
8247,3995,Toys & Games,44.52,1,44.52
8248,3996,Apparel,44.77,3,134.31
8249,3997,Books,19.36,1,19.36
8250,3997,Sports & Outdoors,156.67,1,156.67
8251,3998,Beauty,70.99,2,141.98
8252,3998,Apparel,33.75,1,33.75
8253,3999,Apparel,60.09,1,60.09
8254,3999,Electronics,121.82,1,121.82
8255,3999,Home & Kitchen,72.23,3,216.69
8256,3999,Beauty,80.58,1,80.58
8257,4000,Electronics,62.38,2,124.76
8258,4000,Sports & Outdoors,203.72,1,203.72
8259,4000,Electronics,455.28,3,1365.84
8260,4000,Toys & Games,16.07,1,16.07
8261,4001,Beauty,49.15,1,49.15
8262,4002,Apparel,89.11,2,178.22
8263,4002,Apparel,84.93,1,84.93
8264,4002,Apparel,24.99,1,24.99
8265,4002,Electronics,299.09,1,299.09
8266,4003,Beauty,74.05,2,148.1
8267,4003,Sports & Outdoors,170.78,1,170.78
8268,4003,Beauty,23.88,1,23.88
8269,4003,Home & Kitchen,244.23,2,488.46
8270,4003,Electronics,634.18,3,1902.54
8271,4004,Electronics,837.16,2,1674.32
8272,4005,Electronics,149.42,2,298.84
8273,4005,Beauty,48.45,1,48.45
8274,4005,Apparel,137.95,1,137.95
8275,4006,Books,20.9,1,20.9
8276,4006,Books,29.31,1,29.31
8277,4006,Toys & Games,88.75,2,177.5
8278,4006,Home & Kitchen,51.54,3,154.62
8279,4007,Apparel,96.6,1,96.6
8280,4007,Toys & Games,16.08,1,16.08
8281,4008,Apparel,20.68,2,41.36
8282,4009,Home & Kitchen,62.59,2,125.18
8283,4009,Beauty,22.78,1,22.78
8284,4010,Beauty,72.78,1,72.78
8285,4010,Toys & Games,66.08,1,66.08
8286,4011,Electronics,826.0,1,826.0
8287,4011,Grocery,52.5,1,52.5
8288,4011,Sports & Outdoors,60.76,1,60.76
8289,4011,Beauty,35.4,1,35.4
8290,4012,Electronics,669.55,1,669.55
8291,4012,Electronics,388.68,3,1166.04
8292,4012,Apparel,50.28,2,100.56
8293,4012,Toys & Games,45.95,1,45.95
8294,4012,Beauty,24.82,1,24.82
8295,4013,Apparel,135.99,3,407.97
8296,4013,Electronics,381.98,1,381.98
8297,4014,Apparel,115.2,1,115.2
8298,4015,Apparel,70.3,3,210.9
8299,4015,Beauty,51.62,1,51.62
8300,4016,Electronics,135.55,1,135.55
8301,4016,Apparel,73.33,2,146.66
8302,4016,Beauty,9.13,1,9.13
8303,4016,Electronics,836.46,2,1672.92
8304,4017,Sports & Outdoors,135.9,1,135.9
8305,4017,Sports & Outdoors,151.63,1,151.63
8306,4017,Home & Kitchen,225.7,1,225.7
8307,4017,Sports & Outdoors,185.38,1,185.38
8308,4018,Sports & Outdoors,231.05,1,231.05
8309,4018,Grocery,28.58,1,28.58
8310,4018,Beauty,8.26,1,8.26
8311,4018,Electronics,479.57,1,479.57
8312,4019,Beauty,36.47,1,36.47
8313,4019,Apparel,56.69,1,56.69
8314,4019,Electronics,584.75,1,584.75
8315,4019,Home & Kitchen,38.12,1,38.12
8316,4019,Beauty,11.0,2,22.0
8317,4020,Sports & Outdoors,166.43,2,332.86
8318,4020,Sports & Outdoors,189.77,1,189.77
8319,4021,Electronics,617.14,2,1234.28
8320,4022,Apparel,108.08,1,108.08
8321,4022,Beauty,13.95,1,13.95
8322,4023,Sports & Outdoors,66.42,1,66.42
8323,4024,Sports & Outdoors,202.34,2,404.68
8324,4024,Beauty,30.68,1,30.68
8325,4025,Beauty,75.37,3,226.11
8326,4026,Beauty,11.77,3,35.31
8327,4027,Home & Kitchen,196.31,1,196.31
8328,4027,Apparel,114.04,1,114.04
8329,4028,Beauty,61.92,2,123.84
8330,4028,Books,11.49,2,22.98
8331,4029,Beauty,52.17,1,52.17
8332,4029,Toys & Games,45.86,1,45.86
8333,4029,Apparel,55.48,1,55.48
8334,4029,Electronics,312.5,1,312.5
8335,4029,Toys & Games,89.17,1,89.17
8336,4030,Electronics,697.92,1,697.92
8337,4030,Apparel,128.88,1,128.88
8338,4030,Sports & Outdoors,34.85,1,34.85
8339,4030,Books,37.4,1,37.4
8340,4031,Apparel,116.1,1,116.1
8341,4032,Beauty,69.17,1,69.17
8342,4032,Apparel,81.13,1,81.13
8343,4033,Electronics,368.64,1,368.64
8344,4033,Electronics,769.75,1,769.75
8345,4033,Beauty,53.36,2,106.72
8346,4034,Apparel,46.21,1,46.21
8347,4035,Home & Kitchen,285.74,1,285.74
8348,4036,Home & Kitchen,205.85,1,205.85
8349,4037,Sports & Outdoors,213.76,1,213.76
8350,4037,Toys & Games,50.33,1,50.33
8351,4038,Beauty,85.24,1,85.24
8352,4039,Electronics,471.79,1,471.79
8353,4040,Apparel,75.39,1,75.39
8354,4040,Apparel,91.95,1,91.95
8355,4041,Toys & Games,92.84,1,92.84
8356,4042,Apparel,128.71,1,128.71
8357,4042,Apparel,135.24,2,270.48
8358,4043,Home & Kitchen,199.43,1,199.43
8359,4044,Electronics,693.52,1,693.52
8360,4045,Beauty,50.55,3,151.65
8361,4045,Beauty,78.46,3,235.38
8362,4046,Beauty,64.12,1,64.12
8363,4047,Sports & Outdoors,187.92,2,375.84
8364,4048,Sports & Outdoors,14.12,1,14.12
8365,4048,Toys & Games,29.89,1,29.89
8366,4049,Home & Kitchen,174.72,2,349.44
8367,4050,Apparel,68.53,3,205.59
8368,4050,Electronics,166.4,1,166.4
8369,4051,Electronics,354.05,1,354.05
8370,4051,Apparel,112.39,1,112.39
8371,4051,Books,38.72,1,38.72
8372,4052,Electronics,111.75,1,111.75
8373,4053,Grocery,44.85,2,89.7
8374,4053,Beauty,38.19,1,38.19
8375,4054,Toys & Games,14.73,1,14.73
8376,4054,Books,26.92,1,26.92
8377,4054,Apparel,55.28,1,55.28
8378,4054,Electronics,512.67,1,512.67
8379,4055,Electronics,270.69,1,270.69
8380,4055,Grocery,38.76,2,77.52
8381,4055,Grocery,53.5,3,160.5
8382,4056,Grocery,9.47,3,28.41
8383,4057,Electronics,877.77,1,877.77
8384,4057,Electronics,44.0,1,44.0
8385,4057,Grocery,33.34,1,33.34
8386,4058,Electronics,309.77,3,929.31
8387,4058,Apparel,58.17,1,58.17
8388,4058,Home & Kitchen,259.76,1,259.76
8389,4059,Apparel,98.47,2,196.94
8390,4060,Home & Kitchen,34.06,1,34.06
8391,4060,Beauty,63.56,1,63.56
8392,4060,Electronics,322.78,1,322.78
8393,4061,Apparel,28.46,3,85.38
8394,4061,Electronics,878.64,1,878.64
8395,4061,Toys & Games,70.08,2,140.16
8396,4062,Toys & Games,21.26,2,42.52
8397,4062,Home & Kitchen,161.27,1,161.27
8398,4063,Apparel,99.34,1,99.34
8399,4063,Home & Kitchen,191.4,1,191.4
8400,4064,Electronics,609.59,1,609.59
8401,4065,Beauty,16.6,3,49.8
8402,4065,Electronics,693.49,3,2080.47
8403,4065,Apparel,35.68,1,35.68
8404,4066,Beauty,87.32,2,174.64
8405,4067,Toys & Games,119.27,1,119.27
8406,4068,Apparel,89.64,1,89.64
8407,4069,Home & Kitchen,212.96,1,212.96
8408,4069,Beauty,82.07,2,164.14
8409,4070,Books,8.15,2,16.3
8410,4070,Sports & Outdoors,174.5,1,174.5
8411,4071,Electronics,177.28,2,354.56
8412,4072,Grocery,11.8,1,11.8
8413,4072,Toys & Games,48.54,1,48.54
8414,4073,Toys & Games,18.89,1,18.89
8415,4074,Electronics,83.63,1,83.63
8416,4074,Apparel,104.01,1,104.01
8417,4074,Home & Kitchen,116.17,1,116.17
8418,4074,Apparel,65.4,1,65.4
8419,4074,Apparel,56.99,1,56.99
8420,4075,Grocery,26.8,1,26.8
8421,4076,Books,39.57,1,39.57
8422,4076,Electronics,717.41,1,717.41
8423,4077,Electronics,386.93,2,773.86
8424,4077,Home & Kitchen,24.58,1,24.58
8425,4078,Sports & Outdoors,102.12,1,102.12
8426,4078,Electronics,849.75,1,849.75
8427,4079,Apparel,103.91,3,311.73
8428,4079,Toys & Games,28.16,1,28.16
8429,4079,Books,44.13,1,44.13
8430,4080,Apparel,99.55,1,99.55
8431,4081,Toys & Games,96.82,1,96.82
8432,4082,Electronics,107.03,1,107.03
8433,4083,Books,32.41,1,32.41
8434,4083,Electronics,824.12,1,824.12
8435,4084,Toys & Games,9.01,2,18.02
8436,4085,Beauty,80.24,1,80.24
8437,4086,Grocery,31.0,2,62.0
8438,4086,Beauty,68.47,1,68.47
8439,4087,Beauty,69.18,2,138.36
8440,4088,Grocery,50.18,2,100.36
8441,4089,Books,21.76,2,43.52
8442,4090,Home & Kitchen,106.44,2,212.88
8443,4090,Home & Kitchen,238.29,3,714.87
8444,4091,Apparel,22.2,1,22.2
8445,4092,Apparel,54.68,1,54.68
8446,4092,Electronics,462.32,3,1386.96
8447,4092,Books,8.75,1,8.75
8448,4093,Books,39.12,1,39.12
8449,4094,Home & Kitchen,69.15,2,138.3
8450,4094,Home & Kitchen,188.23,2,376.46
8451,4094,Home & Kitchen,46.49,3,139.47
8452,4095,Sports & Outdoors,227.51,2,455.02
8453,4095,Apparel,45.58,1,45.58
8454,4096,Toys & Games,100.28,1,100.28
8455,4096,Sports & Outdoors,119.2,1,119.2
8456,4096,Sports & Outdoors,181.52,2,363.04
8457,4096,Toys & Games,75.96,2,151.92
8458,4096,Books,13.91,1,13.91
8459,4097,Toys & Games,26.42,2,52.84
8460,4097,Electronics,799.59,2,1599.18
8461,4098,Apparel,72.85,1,72.85
8462,4098,Sports & Outdoors,126.99,1,126.99
8463,4098,Books,33.81,1,33.81
8464,4099,Home & Kitchen,87.43,1,87.43
8465,4100,Beauty,19.08,1,19.08
8466,4101,Electronics,541.61,3,1624.83
8467,4101,Apparel,31.01,1,31.01
8468,4102,Electronics,42.79,3,128.37
8469,4102,Books,20.24,1,20.24
8470,4103,Home & Kitchen,82.67,1,82.67
8471,4103,Sports & Outdoors,175.4,1,175.4
8472,4104,Toys & Games,58.62,1,58.62
8473,4104,Grocery,56.32,1,56.32
8474,4105,Electronics,49.69,2,99.38
8475,4105,Beauty,82.02,1,82.02
8476,4106,Apparel,22.22,1,22.22
8477,4107,Books,8.87,1,8.87
8478,4107,Books,11.38,1,11.38
8479,4107,Electronics,294.14,1,294.14
8480,4108,Home & Kitchen,70.73,1,70.73
8481,4109,Apparel,65.51,1,65.51
8482,4110,Beauty,87.27,1,87.27
8483,4110,Apparel,58.51,1,58.51
8484,4111,Home & Kitchen,297.38,2,594.76
8485,4112,Sports & Outdoors,61.96,1,61.96
8486,4112,Apparel,71.78,2,143.56
8487,4113,Apparel,77.79,2,155.58
8488,4113,Electronics,889.26,1,889.26
8489,4113,Electronics,739.06,2,1478.12
8490,4114,Electronics,258.48,2,516.96
8491,4115,Sports & Outdoors,168.09,1,168.09
8492,4115,Electronics,257.55,1,257.55
8493,4116,Home & Kitchen,292.1,1,292.1
8494,4116,Electronics,42.12,1,42.12
8495,4116,Apparel,132.11,1,132.11
8496,4117,Beauty,74.64,1,74.64
8497,4118,Books,43.06,1,43.06
8498,4118,Electronics,344.76,1,344.76
8499,4118,Apparel,18.1,1,18.1
8500,4118,Electronics,665.71,1,665.71
8501,4119,Beauty,12.38,1,12.38
8502,4119,Sports & Outdoors,41.4,1,41.4
8503,4119,Home & Kitchen,149.65,1,149.65
8504,4120,Toys & Games,69.2,1,69.2
8505,4121,Apparel,78.29,2,156.58
8506,4121,Electronics,185.88,1,185.88
8507,4122,Electronics,75.11,2,150.22
8508,4123,Electronics,514.09,1,514.09
8509,4123,Electronics,666.19,3,1998.57
8510,4123,Home & Kitchen,143.08,1,143.08
8511,4123,Sports & Outdoors,199.55,1,199.55
8512,4124,Beauty,48.74,3,146.22
8513,4125,Sports & Outdoors,139.02,1,139.02
8514,4125,Toys & Games,30.53,1,30.53
8515,4126,Home & Kitchen,152.74,1,152.74
8516,4126,Grocery,36.19,1,36.19
8517,4127,Home & Kitchen,135.49,1,135.49
8518,4127,Grocery,14.18,1,14.18
8519,4128,Beauty,74.01,1,74.01
8520,4128,Home & Kitchen,144.93,1,144.93
8521,4128,Apparel,143.37,1,143.37
8522,4129,Sports & Outdoors,198.16,2,396.32
8523,4130,Home & Kitchen,263.5,1,263.5
8524,4130,Electronics,746.93,2,1493.86
8525,4130,Electronics,81.31,1,81.31
8526,4131,Sports & Outdoors,209.19,1,209.19
8527,4131,Home & Kitchen,70.84,1,70.84
8528,4132,Beauty,47.5,1,47.5
8529,4132,Sports & Outdoors,160.64,1,160.64
8530,4132,Apparel,36.13,1,36.13
8531,4133,Home & Kitchen,166.18,1,166.18
8532,4133,Sports & Outdoors,111.27,1,111.27
8533,4133,Electronics,638.68,1,638.68
8534,4134,Grocery,10.97,2,21.94
8535,4134,Grocery,59.44,2,118.88
8536,4135,Apparel,97.12,1,97.12
8537,4135,Beauty,81.53,1,81.53
8538,4136,Books,7.58,3,22.74
8539,4137,Electronics,225.23,1,225.23
8540,4137,Books,13.49,1,13.49
8541,4138,Apparel,49.19,2,98.38
8542,4138,Home & Kitchen,216.3,1,216.3
8543,4138,Beauty,39.12,3,117.36
8544,4139,Sports & Outdoors,243.53,1,243.53
8545,4139,Sports & Outdoors,137.98,1,137.98
8546,4139,Home & Kitchen,207.47,2,414.94
8547,4139,Beauty,81.51,2,163.02
8548,4140,Sports & Outdoors,203.97,2,407.94
8549,4140,Books,23.95,1,23.95
8550,4141,Books,17.17,1,17.17
8551,4141,Home & Kitchen,91.51,2,183.02
8552,4141,Beauty,23.64,1,23.64
8553,4142,Toys & Games,70.88,1,70.88
8554,4142,Apparel,71.15,2,142.3
8555,4143,Electronics,295.75,1,295.75
8556,4143,Beauty,41.51,1,41.51
8557,4143,Books,31.9,3,95.7
8558,4143,Apparel,128.65,1,128.65
8559,4144,Electronics,755.53,1,755.53
8560,4144,Electronics,131.41,1,131.41
8561,4144,Sports & Outdoors,144.65,1,144.65
8562,4145,Toys & Games,15.05,1,15.05
8563,4146,Apparel,23.7,1,23.7
8564,4146,Beauty,84.25,1,84.25
8565,4146,Sports & Outdoors,145.18,1,145.18
8566,4147,Apparel,29.44,1,29.44
8567,4148,Grocery,30.68,3,92.04
8568,4149,Apparel,132.05,1,132.05
8569,4150,Home & Kitchen,162.62,1,162.62
8570,4151,Home & Kitchen,282.6,1,282.6
8571,4151,Books,43.2,2,86.4
8572,4152,Electronics,804.25,1,804.25
8573,4153,Beauty,21.72,1,21.72
8574,4153,Apparel,39.26,1,39.26
8575,4153,Sports & Outdoors,93.09,2,186.18
8576,4154,Sports & Outdoors,35.88,1,35.88
8577,4155,Grocery,43.13,1,43.13
8578,4156,Beauty,85.92,1,85.92
8579,4156,Home & Kitchen,28.53,1,28.53
8580,4156,Grocery,6.5,1,6.5
8581,4157,Beauty,52.97,1,52.97
8582,4157,Sports & Outdoors,216.84,2,433.68
8583,4157,Beauty,36.74,2,73.48
8584,4158,Grocery,24.95,3,74.85
8585,4158,Home & Kitchen,139.74,2,279.48
8586,4159,Books,7.02,1,7.02
8587,4159,Grocery,49.69,2,99.38
8588,4160,Toys & Games,16.88,1,16.88
8589,4160,Apparel,84.19,1,84.19
8590,4161,Apparel,142.87,1,142.87
8591,4161,Books,19.84,1,19.84
8592,4162,Electronics,620.52,1,620.52
8593,4163,Electronics,841.46,1,841.46
8594,4164,Electronics,640.48,1,640.48
8595,4164,Home & Kitchen,220.72,1,220.72
8596,4164,Apparel,65.08,1,65.08
8597,4164,Home & Kitchen,52.58,1,52.58
8598,4164,Electronics,70.86,1,70.86
8599,4165,Electronics,64.11,1,64.11
8600,4166,Books,15.1,2,30.2
8601,4166,Sports & Outdoors,73.44,1,73.44
8602,4166,Home & Kitchen,218.23,1,218.23
8603,4166,Electronics,104.74,2,209.48
8604,4167,Sports & Outdoors,166.67,1,166.67
8605,4167,Home & Kitchen,54.15,1,54.15
8606,4167,Electronics,442.65,2,885.3
8607,4168,Electronics,341.3,1,341.3
8608,4168,Electronics,728.19,1,728.19
8609,4169,Books,22.99,1,22.99
8610,4170,Grocery,53.81,1,53.81
8611,4171,Books,16.44,1,16.44
8612,4171,Beauty,22.7,1,22.7
8613,4172,Home & Kitchen,58.95,1,58.95
8614,4173,Apparel,137.22,1,137.22
8615,4173,Apparel,129.54,1,129.54
8616,4174,Electronics,829.38,1,829.38
8617,4174,Sports & Outdoors,179.12,1,179.12
8618,4174,Toys & Games,34.06,1,34.06
8619,4175,Home & Kitchen,252.88,1,252.88
8620,4175,Apparel,133.44,1,133.44
8621,4175,Sports & Outdoors,209.38,2,418.76
8622,4175,Sports & Outdoors,70.24,1,70.24
8623,4175,Beauty,80.95,1,80.95
8624,4176,Apparel,54.59,1,54.59
8625,4177,Sports & Outdoors,103.53,1,103.53
8626,4178,Beauty,33.65,1,33.65
8627,4178,Books,38.73,1,38.73
8628,4178,Electronics,180.09,1,180.09
8629,4179,Toys & Games,101.92,1,101.92
8630,4179,Toys & Games,84.62,1,84.62
8631,4179,Apparel,140.1,1,140.1
8632,4180,Beauty,72.29,1,72.29
8633,4181,Home & Kitchen,22.44,1,22.44
8634,4181,Sports & Outdoors,123.15,1,123.15
8635,4182,Apparel,41.83,1,41.83
8636,4182,Grocery,36.37,2,72.74
8637,4183,Sports & Outdoors,105.1,2,210.2
8638,4183,Toys & Games,89.24,2,178.48
8639,4184,Electronics,184.63,1,184.63
8640,4185,Toys & Games,68.42,2,136.84
8641,4185,Toys & Games,47.0,2,94.0
8642,4186,Sports & Outdoors,204.61,3,613.83
8643,4186,Toys & Games,16.32,2,32.64
8644,4186,Books,42.14,2,84.28
8645,4187,Electronics,708.6,1,708.6
8646,4187,Apparel,116.35,1,116.35
8647,4187,Toys & Games,87.6,1,87.6
8648,4187,Apparel,48.51,1,48.51
8649,4188,Grocery,24.02,2,48.04
8650,4189,Toys & Games,92.63,2,185.26
8651,4189,Toys & Games,95.76,1,95.76
8652,4189,Apparel,120.66,1,120.66
8653,4189,Apparel,35.69,1,35.69
8654,4190,Apparel,128.31,1,128.31
8655,4190,Grocery,27.35,1,27.35
8656,4190,Grocery,11.41,1,11.41
8657,4191,Beauty,8.08,1,8.08
8658,4192,Electronics,368.52,2,737.04
8659,4192,Sports & Outdoors,47.36,1,47.36
8660,4192,Sports & Outdoors,156.17,1,156.17
8661,4193,Sports & Outdoors,136.69,1,136.69
8662,4194,Home & Kitchen,293.85,1,293.85
8663,4195,Sports & Outdoors,244.56,3,733.68
8664,4195,Apparel,63.78,1,63.78
8665,4196,Grocery,8.0,1,8.0
8666,4196,Beauty,68.37,1,68.37
8667,4197,Apparel,54.2,1,54.2
8668,4198,Beauty,20.17,1,20.17
8669,4198,Beauty,71.94,1,71.94
8670,4198,Beauty,69.17,1,69.17
8671,4199,Electronics,65.08,2,130.16
8672,4200,Apparel,38.88,1,38.88
8673,4200,Beauty,40.17,2,80.34
8674,4201,Apparel,104.96,1,104.96
8675,4201,Apparel,105.97,1,105.97
8676,4201,Books,39.77,1,39.77
8677,4201,Electronics,674.12,1,674.12
8678,4202,Electronics,390.77,1,390.77
8679,4202,Grocery,57.21,1,57.21
8680,4203,Beauty,23.08,2,46.16
8681,4204,Beauty,13.32,2,26.64
8682,4204,Books,11.26,1,11.26
8683,4204,Grocery,18.08,1,18.08
8684,4204,Apparel,118.87,1,118.87
8685,4204,Home & Kitchen,23.26,3,69.78
8686,4205,Electronics,239.08,1,239.08
8687,4205,Electronics,421.7,1,421.7
8688,4205,Electronics,407.3,1,407.3
8689,4206,Beauty,17.29,1,17.29
8690,4207,Beauty,46.5,1,46.5
8691,4207,Electronics,334.49,2,668.98
8692,4207,Beauty,18.27,1,18.27
8693,4208,Apparel,99.75,1,99.75
8694,4208,Electronics,780.76,2,1561.52
8695,4208,Apparel,85.35,1,85.35
8696,4209,Apparel,79.59,1,79.59
8697,4209,Grocery,14.89,2,29.78
8698,4209,Apparel,47.33,1,47.33
8699,4210,Grocery,8.32,2,16.64
8700,4211,Books,40.09,2,80.18
8701,4212,Home & Kitchen,201.64,1,201.64
8702,4212,Sports & Outdoors,234.22,1,234.22
8703,4213,Sports & Outdoors,197.1,2,394.2
8704,4214,Books,40.89,1,40.89
8705,4214,Electronics,152.69,1,152.69
8706,4215,Apparel,113.29,3,339.87
8707,4216,Apparel,30.17,2,60.34
8708,4217,Apparel,59.91,1,59.91
8709,4217,Electronics,372.41,1,372.41
8710,4218,Toys & Games,110.59,2,221.18
8711,4218,Apparel,71.52,1,71.52
8712,4219,Toys & Games,85.72,2,171.44
8713,4220,Sports & Outdoors,161.12,1,161.12
8714,4221,Home & Kitchen,75.7,2,151.4
8715,4221,Apparel,93.97,1,93.97
8716,4221,Sports & Outdoors,120.56,1,120.56
8717,4221,Grocery,31.52,1,31.52
8718,4222,Toys & Games,84.07,2,168.14
8719,4222,Books,14.33,1,14.33
8720,4223,Beauty,18.69,1,18.69
8721,4223,Apparel,47.83,2,95.66
8722,4224,Apparel,18.95,1,18.95
8723,4224,Sports & Outdoors,151.07,1,151.07
8724,4224,Beauty,86.39,2,172.78
8725,4224,Electronics,429.24,1,429.24
8726,4225,Toys & Games,13.66,2,27.32
8727,4225,Books,14.11,1,14.11
8728,4226,Apparel,52.07,3,156.21
8729,4227,Home & Kitchen,64.25,1,64.25
8730,4227,Apparel,39.8,1,39.8
8731,4227,Toys & Games,17.62,1,17.62
8732,4227,Electronics,292.32,1,292.32
8733,4228,Books,44.06,3,132.18
8734,4229,Toys & Games,62.18,1,62.18
8735,4230,Grocery,58.17,1,58.17
8736,4230,Books,13.94,1,13.94
8737,4231,Toys & Games,65.29,1,65.29
8738,4232,Apparel,29.83,1,29.83
8739,4232,Apparel,31.35,1,31.35
8740,4233,Apparel,132.65,1,132.65
8741,4234,Beauty,63.56,1,63.56
8742,4234,Electronics,326.97,1,326.97
8743,4234,Home & Kitchen,40.91,2,81.82
8744,4235,Apparel,112.89,1,112.89
8745,4236,Grocery,36.85,2,73.7
8746,4237,Beauty,20.67,2,41.34
8747,4238,Books,25.3,1,25.3
8748,4239,Apparel,133.59,1,133.59
8749,4240,Home & Kitchen,137.51,2,275.02
8750,4240,Electronics,646.18,1,646.18
8751,4241,Sports & Outdoors,162.09,1,162.09
8752,4241,Beauty,12.45,3,37.35
8753,4241,Home & Kitchen,101.78,2,203.56
8754,4242,Electronics,564.48,1,564.48
8755,4242,Books,11.4,1,11.4
8756,4243,Apparel,44.74,1,44.74
8757,4243,Electronics,754.41,1,754.41
8758,4243,Electronics,790.11,3,2370.33
8759,4244,Electronics,206.48,2,412.96
8760,4245,Electronics,623.39,1,623.39
8761,4245,Electronics,282.9,3,848.7
8762,4245,Books,8.13,1,8.13
8763,4245,Beauty,87.79,1,87.79
8764,4245,Beauty,82.5,1,82.5
8765,4246,Electronics,833.66,1,833.66
8766,4247,Electronics,576.2,2,1152.4
8767,4247,Home & Kitchen,266.83,2,533.66
8768,4247,Beauty,24.26,1,24.26
8769,4247,Toys & Games,89.75,1,89.75
8770,4248,Books,30.92,1,30.92
8771,4248,Books,41.62,1,41.62
8772,4249,Electronics,161.34,1,161.34
8773,4249,Sports & Outdoors,85.45,1,85.45
8774,4250,Home & Kitchen,171.44,1,171.44
8775,4250,Home & Kitchen,31.49,1,31.49
8776,4251,Apparel,86.38,3,259.14
8777,4251,Apparel,142.74,1,142.74
8778,4251,Beauty,88.62,1,88.62
8779,4252,Beauty,73.38,3,220.14
8780,4253,Electronics,94.89,1,94.89
8781,4254,Home & Kitchen,298.65,1,298.65
8782,4254,Apparel,144.93,1,144.93
8783,4255,Sports & Outdoors,123.93,2,247.86
8784,4255,Home & Kitchen,113.71,1,113.71
8785,4256,Home & Kitchen,93.28,1,93.28
8786,4257,Home & Kitchen,110.57,2,221.14
8787,4257,Electronics,447.45,1,447.45
8788,4257,Books,20.44,2,40.88
8789,4257,Sports & Outdoors,195.06,3,585.18
8790,4258,Home & Kitchen,209.6,1,209.6
8791,4258,Books,35.54,2,71.08
8792,4258,Sports & Outdoors,220.46,1,220.46
8793,4258,Books,43.17,2,86.34
8794,4259,Grocery,42.25,1,42.25
8795,4260,Books,43.71,1,43.71
8796,4260,Beauty,46.49,1,46.49
8797,4261,Apparel,146.03,1,146.03
8798,4262,Apparel,100.07,2,200.14
8799,4262,Sports & Outdoors,21.97,2,43.94
8800,4263,Home & Kitchen,122.15,1,122.15
8801,4263,Beauty,75.37,1,75.37
8802,4263,Toys & Games,48.96,2,97.92
8803,4264,Toys & Games,57.72,1,57.72
8804,4264,Beauty,43.73,1,43.73
8805,4265,Home & Kitchen,182.21,1,182.21
8806,4266,Apparel,130.54,2,261.08
8807,4267,Beauty,65.59,1,65.59
8808,4268,Electronics,852.04,1,852.04
8809,4268,Toys & Games,65.33,1,65.33
8810,4268,Home & Kitchen,277.89,1,277.89
8811,4269,Sports & Outdoors,111.22,1,111.22
8812,4270,Apparel,149.07,1,149.07
8813,4270,Electronics,55.11,1,55.11
8814,4270,Beauty,51.03,1,51.03
8815,4270,Apparel,61.55,1,61.55
8816,4270,Home & Kitchen,178.3,1,178.3
8817,4271,Electronics,657.04,2,1314.08
8818,4271,Books,16.56,3,49.68
8819,4272,Electronics,594.68,1,594.68
8820,4273,Beauty,55.41,1,55.41
8821,4274,Apparel,89.01,2,178.02
8822,4274,Beauty,76.73,1,76.73
8823,4275,Toys & Games,108.05,1,108.05
8824,4275,Apparel,67.56,2,135.12
8825,4275,Toys & Games,40.42,1,40.42
8826,4275,Home & Kitchen,200.44,1,200.44
8827,4275,Electronics,63.44,1,63.44
8828,4276,Beauty,34.83,1,34.83
8829,4277,Apparel,74.35,1,74.35
8830,4277,Grocery,49.34,1,49.34
8831,4278,Books,25.95,2,51.9
8832,4279,Apparel,124.84,2,249.68
8833,4279,Electronics,237.56,2,475.12
8834,4280,Grocery,16.47,1,16.47
8835,4280,Electronics,82.77,1,82.77
8836,4281,Electronics,85.85,2,171.7
8837,4281,Home & Kitchen,78.33,1,78.33
8838,4282,Grocery,33.36,1,33.36
8839,4282,Electronics,544.35,1,544.35
8840,4283,Home & Kitchen,164.94,1,164.94
8841,4284,Home & Kitchen,139.63,1,139.63
8842,4284,Home & Kitchen,164.82,1,164.82
8843,4284,Books,22.54,1,22.54
8844,4285,Sports & Outdoors,235.23,2,470.46
8845,4286,Electronics,255.69,1,255.69
8846,4286,Home & Kitchen,188.8,1,188.8
8847,4287,Grocery,14.24,1,14.24
8848,4287,Apparel,38.83,1,38.83
8849,4287,Books,21.86,1,21.86
8850,4287,Home & Kitchen,166.68,2,333.36
8851,4287,Sports & Outdoors,180.52,1,180.52
8852,4288,Electronics,740.14,3,2220.42
8853,4288,Electronics,899.65,3,2698.95
8854,4288,Beauty,30.02,1,30.02
8855,4289,Beauty,28.32,1,28.32
8856,4289,Grocery,39.21,2,78.42
8857,4290,Sports & Outdoors,232.15,1,232.15
8858,4291,Apparel,145.38,1,145.38
8859,4291,Apparel,109.58,1,109.58
8860,4292,Electronics,169.2,1,169.2
8861,4293,Electronics,122.63,1,122.63
8862,4294,Apparel,40.19,1,40.19
8863,4294,Electronics,528.28,3,1584.84
8864,4294,Toys & Games,65.67,1,65.67
8865,4295,Beauty,75.57,1,75.57
8866,4295,Home & Kitchen,102.15,1,102.15
8867,4296,Beauty,71.33,1,71.33
8868,4296,Sports & Outdoors,155.72,1,155.72
8869,4297,Grocery,30.03,1,30.03
8870,4298,Grocery,6.4,2,12.8
8871,4299,Electronics,817.72,1,817.72
8872,4299,Home & Kitchen,165.56,2,331.12
8873,4300,Beauty,26.83,1,26.83
8874,4301,Electronics,128.82,2,257.64
8875,4302,Sports & Outdoors,143.96,1,143.96
8876,4303,Apparel,46.89,1,46.89
8877,4304,Home & Kitchen,19.24,1,19.24
8878,4304,Books,26.92,1,26.92
8879,4304,Grocery,24.5,2,49.0
8880,4304,Home & Kitchen,147.16,1,147.16
8881,4305,Beauty,29.12,3,87.36
8882,4305,Sports & Outdoors,220.8,1,220.8
8883,4305,Toys & Games,48.84,1,48.84
8884,4306,Electronics,810.04,2,1620.08
8885,4307,Apparel,95.94,1,95.94
8886,4307,Sports & Outdoors,133.33,2,266.66
8887,4308,Beauty,40.32,2,80.64
8888,4309,Sports & Outdoors,238.92,1,238.92
8889,4309,Beauty,71.4,1,71.4
8890,4310,Apparel,77.99,1,77.99
8891,4311,Beauty,63.82,1,63.82
8892,4311,Apparel,138.98,2,277.96
8893,4312,Home & Kitchen,21.03,2,42.06
8894,4312,Apparel,47.91,1,47.91
8895,4313,Beauty,17.56,2,35.12
8896,4314,Apparel,40.2,1,40.2
8897,4315,Grocery,32.97,2,65.94
8898,4315,Home & Kitchen,28.64,3,85.92
8899,4316,Apparel,65.12,1,65.12
8900,4316,Beauty,78.69,1,78.69
8901,4316,Toys & Games,30.97,2,61.94
8902,4317,Apparel,108.81,2,217.62
8903,4317,Books,28.07,1,28.07
8904,4317,Electronics,226.16,1,226.16
8905,4317,Books,12.53,1,12.53
8906,4318,Electronics,252.21,1,252.21
8907,4319,Beauty,28.04,3,84.12
8908,4319,Sports & Outdoors,138.03,1,138.03
8909,4320,Electronics,413.87,1,413.87
8910,4321,Beauty,19.54,1,19.54
8911,4321,Electronics,402.64,1,402.64
8912,4322,Electronics,578.22,2,1156.44
8913,4322,Toys & Games,70.45,2,140.9
8914,4322,Home & Kitchen,154.7,1,154.7
8915,4323,Toys & Games,87.43,3,262.29
8916,4323,Books,34.81,2,69.62
8917,4324,Books,6.85,1,6.85
8918,4325,Electronics,391.68,1,391.68
8919,4325,Electronics,567.32,1,567.32
8920,4325,Home & Kitchen,37.42,1,37.42
8921,4326,Toys & Games,37.42,3,112.26
8922,4327,Beauty,63.7,1,63.7
8923,4327,Toys & Games,38.28,1,38.28
8924,4328,Toys & Games,18.64,1,18.64
8925,4329,Electronics,94.45,2,188.9
8926,4330,Books,18.22,1,18.22
8927,4330,Apparel,119.42,1,119.42
8928,4330,Apparel,31.47,2,62.94
8929,4331,Electronics,349.32,1,349.32
8930,4331,Home & Kitchen,151.08,2,302.16
8931,4331,Grocery,30.16,1,30.16
8932,4331,Home & Kitchen,120.2,1,120.2
8933,4332,Sports & Outdoors,126.86,2,253.72
8934,4333,Home & Kitchen,251.86,3,755.58
8935,4333,Home & Kitchen,115.62,2,231.24
8936,4334,Sports & Outdoors,217.08,1,217.08
8937,4334,Apparel,41.63,3,124.89
8938,4334,Electronics,554.22,1,554.22
8939,4335,Sports & Outdoors,77.47,1,77.47
8940,4336,Beauty,46.7,1,46.7
8941,4336,Grocery,54.88,2,109.76
8942,4336,Apparel,89.5,1,89.5
8943,4336,Home & Kitchen,35.56,1,35.56
8944,4337,Electronics,649.01,1,649.01
8945,4337,Electronics,496.61,1,496.61
8946,4337,Electronics,84.01,1,84.01
8947,4338,Grocery,32.24,1,32.24
8948,4339,Apparel,86.65,1,86.65
8949,4340,Home & Kitchen,18.73,1,18.73
8950,4340,Grocery,31.8,1,31.8
8951,4340,Apparel,69.54,1,69.54
8952,4340,Sports & Outdoors,131.99,2,263.98
8953,4341,Electronics,129.23,1,129.23
8954,4341,Sports & Outdoors,105.19,2,210.38
8955,4342,Grocery,11.44,1,11.44
8956,4342,Toys & Games,19.28,1,19.28
8957,4342,Books,44.92,1,44.92
8958,4343,Home & Kitchen,258.9,1,258.9
8959,4344,Books,33.04,1,33.04
8960,4344,Electronics,756.34,1,756.34
8961,4345,Apparel,84.84,2,169.68
8962,4346,Books,32.46,1,32.46
8963,4347,Toys & Games,73.88,3,221.64
8964,4348,Apparel,80.68,1,80.68
8965,4348,Home & Kitchen,277.64,1,277.64
8966,4348,Grocery,20.53,1,20.53
8967,4348,Beauty,75.51,1,75.51
8968,4349,Apparel,88.91,2,177.82
8969,4349,Apparel,125.26,1,125.26
8970,4349,Sports & Outdoors,68.49,1,68.49
8971,4350,Home & Kitchen,57.38,1,57.38
8972,4351,Apparel,71.17,2,142.34
8973,4351,Toys & Games,28.45,1,28.45
8974,4351,Electronics,776.65,3,2329.95
8975,4352,Electronics,314.81,1,314.81
8976,4352,Apparel,122.4,1,122.4
8977,4352,Home & Kitchen,189.97,2,379.94
8978,4352,Beauty,39.27,1,39.27
8979,4352,Home & Kitchen,165.59,1,165.59
8980,4353,Beauty,53.92,1,53.92
8981,4353,Books,34.48,3,103.44
8982,4354,Toys & Games,103.81,3,311.43
8983,4354,Electronics,388.45,1,388.45
8984,4355,Electronics,626.64,1,626.64
8985,4355,Toys & Games,53.8,2,107.6
8986,4356,Electronics,719.71,1,719.71
8987,4356,Electronics,839.39,1,839.39
8988,4357,Apparel,30.33,1,30.33
8989,4357,Home & Kitchen,250.64,1,250.64
8990,4357,Beauty,23.23,1,23.23
8991,4358,Books,29.39,1,29.39
8992,4358,Grocery,55.09,1,55.09
8993,4359,Electronics,76.74,1,76.74
8994,4359,Electronics,197.48,1,197.48
8995,4359,Beauty,63.51,1,63.51
8996,4360,Home & Kitchen,223.98,1,223.98
8997,4361,Apparel,51.98,1,51.98
8998,4361,Electronics,701.54,1,701.54
8999,4362,Home & Kitchen,92.08,1,92.08
9000,4363,Electronics,260.52,1,260.52
9001,4363,Sports & Outdoors,209.76,2,419.52
9002,4364,Apparel,122.72,1,122.72
9003,4364,Grocery,24.78,1,24.78
9004,4364,Electronics,177.29,2,354.58
9005,4364,Home & Kitchen,191.83,2,383.66
9006,4365,Grocery,4.15,1,4.15
9007,4365,Electronics,851.43,1,851.43
9008,4366,Beauty,89.65,2,179.3
9009,4366,Apparel,26.01,1,26.01
9010,4366,Apparel,77.85,1,77.85
9011,4367,Beauty,53.8,1,53.8
9012,4367,Electronics,804.33,1,804.33
9013,4368,Apparel,103.19,1,103.19
9014,4369,Apparel,47.41,2,94.82
9015,4369,Sports & Outdoors,106.93,1,106.93
9016,4369,Apparel,88.07,1,88.07
9017,4370,Electronics,107.49,1,107.49
9018,4370,Electronics,608.35,2,1216.7
9019,4371,Apparel,23.49,1,23.49
9020,4372,Apparel,92.38,1,92.38
9021,4373,Beauty,20.38,3,61.14
9022,4373,Beauty,53.58,1,53.58
9023,4374,Books,15.81,1,15.81
9024,4374,Home & Kitchen,19.47,1,19.47
9025,4375,Electronics,797.76,1,797.76
9026,4376,Electronics,256.03,2,512.06
9027,4376,Apparel,107.14,1,107.14
9028,4377,Books,28.77,1,28.77
9029,4377,Apparel,137.59,1,137.59
9030,4377,Home & Kitchen,266.28,2,532.56
9031,4378,Electronics,794.72,1,794.72
9032,4378,Toys & Games,95.45,2,190.9
9033,4379,Beauty,20.71,2,41.42
9034,4380,Home & Kitchen,293.85,1,293.85
9035,4380,Sports & Outdoors,192.14,1,192.14
9036,4380,Apparel,47.52,1,47.52
9037,4381,Books,13.17,3,39.51
9038,4381,Beauty,48.73,1,48.73
9039,4381,Sports & Outdoors,230.99,1,230.99
9040,4381,Home & Kitchen,264.98,3,794.94
9041,4382,Books,27.26,1,27.26
9042,4382,Beauty,17.66,1,17.66
9043,4383,Apparel,64.99,1,64.99
9044,4383,Home & Kitchen,222.93,1,222.93
9045,4383,Sports & Outdoors,110.86,1,110.86
9046,4383,Toys & Games,16.29,1,16.29
9047,4384,Electronics,893.41,2,1786.82
9048,4385,Books,42.91,1,42.91
9049,4385,Electronics,528.11,3,1584.33
9050,4386,Beauty,39.31,1,39.31
9051,4386,Sports & Outdoors,61.24,1,61.24
9052,4386,Apparel,144.5,1,144.5
9053,4387,Sports & Outdoors,148.84,3,446.52
9054,4387,Electronics,758.17,1,758.17
9055,4388,Apparel,65.86,1,65.86
9056,4388,Sports & Outdoors,174.99,2,349.98
9057,4388,Toys & Games,86.98,1,86.98
9058,4389,Books,11.67,3,35.01
9059,4389,Toys & Games,110.91,1,110.91
9060,4389,Apparel,76.85,1,76.85
9061,4389,Home & Kitchen,17.62,2,35.24
9062,4390,Books,29.61,1,29.61
9063,4390,Home & Kitchen,39.79,1,39.79
9064,4390,Toys & Games,53.77,1,53.77
9065,4391,Beauty,56.9,1,56.9
9066,4392,Grocery,39.86,1,39.86
9067,4393,Books,39.45,2,78.9
9068,4393,Toys & Games,118.07,3,354.21
9069,4394,Apparel,16.69,1,16.69
9070,4394,Sports & Outdoors,223.79,1,223.79
9071,4394,Apparel,119.42,1,119.42
9072,4394,Electronics,803.46,1,803.46
9073,4394,Electronics,47.79,1,47.79
9074,4395,Home & Kitchen,38.67,1,38.67
9075,4396,Home & Kitchen,202.72,1,202.72
9076,4397,Apparel,46.55,1,46.55
9077,4397,Electronics,736.36,1,736.36
9078,4397,Home & Kitchen,41.21,1,41.21
9079,4397,Grocery,50.22,1,50.22
9080,4397,Home & Kitchen,262.41,2,524.82
9081,4398,Sports & Outdoors,160.74,1,160.74
9082,4399,Grocery,15.5,1,15.5
9083,4399,Home & Kitchen,81.37,2,162.74
9084,4399,Electronics,245.68,1,245.68
9085,4400,Books,30.12,2,60.24
9086,4401,Beauty,48.29,2,96.58
9087,4401,Home & Kitchen,271.73,2,543.46
9088,4402,Apparel,22.07,1,22.07
9089,4402,Apparel,99.58,1,99.58
9090,4402,Grocery,32.85,1,32.85
9091,4403,Electronics,333.48,1,333.48
9092,4403,Apparel,86.86,1,86.86
9093,4404,Grocery,22.42,1,22.42
9094,4405,Home & Kitchen,133.16,3,399.48
9095,4405,Apparel,57.12,1,57.12
9096,4405,Apparel,103.57,1,103.57
9097,4406,Apparel,47.51,1,47.51
9098,4407,Toys & Games,39.82,1,39.82
9099,4407,Books,20.53,2,41.06
9100,4408,Apparel,45.34,1,45.34
9101,4409,Electronics,832.59,3,2497.77
9102,4410,Apparel,39.84,1,39.84
9103,4410,Books,26.56,1,26.56
9104,4411,Electronics,426.0,1,426.0
9105,4411,Toys & Games,62.81,1,62.81
9106,4412,Grocery,38.64,2,77.28
9107,4413,Toys & Games,99.86,1,99.86
9108,4414,Beauty,20.84,1,20.84
9109,4414,Electronics,165.28,1,165.28
9110,4414,Toys & Games,69.12,1,69.12
9111,4414,Electronics,445.94,1,445.94
9112,4415,Apparel,142.89,1,142.89
9113,4415,Toys & Games,72.65,2,145.3
9114,4415,Electronics,200.37,1,200.37
9115,4415,Apparel,142.65,1,142.65
9116,4416,Electronics,83.39,1,83.39
9117,4417,Apparel,19.88,1,19.88
9118,4417,Electronics,848.49,1,848.49
9119,4418,Electronics,742.67,1,742.67
9120,4418,Electronics,851.71,1,851.71
9121,4418,Beauty,29.73,1,29.73
9122,4419,Toys & Games,107.64,1,107.64
9123,4420,Books,27.67,1,27.67
9124,4421,Toys & Games,100.57,2,201.14
9125,4421,Home & Kitchen,121.8,2,243.6
9126,4421,Electronics,896.64,1,896.64
9127,4421,Beauty,31.94,1,31.94
9128,4421,Sports & Outdoors,96.81,1,96.81
9129,4422,Electronics,462.84,1,462.84
9130,4422,Electronics,536.71,1,536.71
9131,4423,Apparel,13.31,3,39.93
9132,4424,Toys & Games,70.78,1,70.78
9133,4424,Toys & Games,33.72,1,33.72
9134,4424,Electronics,540.72,2,1081.44
9135,4425,Beauty,30.76,1,30.76
9136,4425,Home & Kitchen,136.03,3,408.09
9137,4426,Electronics,567.23,2,1134.46
9138,4426,Home & Kitchen,76.3,1,76.3
9139,4426,Toys & Games,88.01,1,88.01
9140,4427,Books,24.62,1,24.62
9141,4427,Grocery,49.89,3,149.67
9142,4427,Beauty,10.59,1,10.59
9143,4428,Apparel,30.98,2,61.96
9144,4429,Apparel,22.06,3,66.18
9145,4430,Sports & Outdoors,161.32,2,322.64
9146,4430,Electronics,178.71,1,178.71
9147,4430,Electronics,571.73,1,571.73
9148,4431,Home & Kitchen,111.85,2,223.7
9149,4432,Apparel,57.22,1,57.22
9150,4433,Apparel,77.2,1,77.2
9151,4433,Electronics,502.58,2,1005.16
9152,4434,Electronics,148.1,2,296.2
9153,4434,Books,7.54,1,7.54
9154,4434,Electronics,805.52,1,805.52
9155,4435,Grocery,21.54,1,21.54
9156,4435,Beauty,56.86,1,56.86
9157,4435,Electronics,809.76,1,809.76
9158,4435,Home & Kitchen,98.24,1,98.24
9159,4436,Electronics,198.14,1,198.14
9160,4436,Beauty,55.43,1,55.43
9161,4436,Home & Kitchen,239.13,1,239.13
9162,4437,Home & Kitchen,102.72,1,102.72
9163,4437,Home & Kitchen,40.47,1,40.47
9164,4437,Home & Kitchen,231.3,1,231.3
9165,4438,Home & Kitchen,31.04,1,31.04
9166,4438,Beauty,9.29,2,18.58
9167,4438,Books,25.68,3,77.04
9168,4438,Apparel,129.77,2,259.54
9169,4439,Electronics,212.87,1,212.87
9170,4439,Sports & Outdoors,49.47,2,98.94
9171,4439,Grocery,8.46,3,25.38
9172,4439,Apparel,54.62,1,54.62
9173,4439,Home & Kitchen,287.11,1,287.11
9174,4440,Apparel,63.18,2,126.36
9175,4441,Apparel,140.26,2,280.52
9176,4442,Electronics,337.34,1,337.34
9177,4442,Grocery,27.78,1,27.78
9178,4443,Electronics,568.15,1,568.15
9179,4444,Grocery,29.38,2,58.76
9180,4445,Home & Kitchen,93.54,1,93.54
9181,4445,Books,6.42,1,6.42
9182,4445,Sports & Outdoors,206.03,1,206.03
9183,4446,Books,44.48,3,133.44
9184,4447,Electronics,697.85,1,697.85
9185,4447,Beauty,67.77,1,67.77
9186,4447,Electronics,471.82,1,471.82
9187,4447,Apparel,149.8,1,149.8
9188,4448,Electronics,569.73,1,569.73
9189,4448,Books,29.47,2,58.94
9190,4448,Toys & Games,110.16,3,330.48
9191,4448,Beauty,60.28,1,60.28
9192,4449,Apparel,108.62,1,108.62
9193,4450,Apparel,36.0,1,36.0
9194,4451,Home & Kitchen,279.56,2,559.12
9195,4451,Apparel,70.47,1,70.47
9196,4452,Electronics,643.13,1,643.13
9197,4453,Books,21.6,1,21.6
9198,4453,Sports & Outdoors,175.27,1,175.27
9199,4453,Toys & Games,102.24,2,204.48
9200,4454,Electronics,156.36,3,469.08
9201,4454,Electronics,144.3,2,288.6
9202,4454,Apparel,133.64,1,133.64
9203,4455,Apparel,112.44,1,112.44
9204,4455,Home & Kitchen,87.47,2,174.94
9205,4455,Home & Kitchen,277.55,1,277.55
9206,4456,Electronics,790.14,1,790.14
9207,4457,Grocery,27.72,2,55.44
9208,4457,Grocery,6.98,1,6.98
9209,4458,Apparel,137.66,1,137.66
9210,4459,Apparel,82.95,1,82.95
9211,4459,Home & Kitchen,78.32,2,156.64
9212,4459,Beauty,27.16,1,27.16
9213,4460,Toys & Games,93.85,1,93.85
9214,4461,Electronics,548.78,1,548.78
9215,4462,Apparel,41.01,1,41.01
9216,4462,Home & Kitchen,93.43,1,93.43
9217,4463,Toys & Games,74.06,1,74.06
9218,4463,Beauty,13.7,1,13.7
9219,4464,Apparel,89.21,1,89.21
9220,4464,Electronics,327.4,3,982.2
9221,4464,Apparel,18.7,2,37.4
9222,4465,Books,24.72,1,24.72
9223,4465,Grocery,53.83,1,53.83
9224,4465,Electronics,882.54,1,882.54
9225,4466,Electronics,202.86,1,202.86
9226,4466,Apparel,107.87,1,107.87
9227,4466,Sports & Outdoors,184.43,1,184.43
9228,4467,Electronics,204.11,1,204.11
9229,4467,Electronics,121.7,1,121.7
9230,4468,Toys & Games,107.1,1,107.1
9231,4469,Books,19.52,1,19.52
9232,4470,Apparel,91.18,1,91.18
9233,4470,Toys & Games,58.24,2,116.48
9234,4470,Grocery,58.93,1,58.93
9235,4471,Beauty,60.82,2,121.64
9236,4472,Sports & Outdoors,116.86,2,233.72
9237,4472,Electronics,690.51,1,690.51
9238,4473,Home & Kitchen,215.28,2,430.56
9239,4473,Apparel,136.29,1,136.29
9240,4473,Beauty,84.18,1,84.18
9241,4473,Beauty,28.21,1,28.21
9242,4474,Books,18.12,1,18.12
9243,4474,Grocery,57.21,3,171.63
9244,4474,Grocery,39.17,1,39.17
9245,4475,Beauty,55.83,1,55.83
9246,4475,Electronics,417.13,1,417.13
9247,4475,Toys & Games,52.98,2,105.96
9248,4476,Apparel,52.63,1,52.63
9249,4476,Sports & Outdoors,104.21,3,312.63
9250,4477,Beauty,62.62,1,62.62
9251,4478,Apparel,53.16,2,106.32
9252,4478,Electronics,763.11,1,763.11
9253,4479,Electronics,182.63,1,182.63
9254,4479,Apparel,40.1,2,80.2
9255,4479,Electronics,730.98,1,730.98
9256,4480,Electronics,132.91,1,132.91
9257,4480,Books,27.13,1,27.13
9258,4480,Electronics,812.51,1,812.51
9259,4481,Books,22.77,1,22.77
9260,4481,Beauty,81.34,1,81.34
9261,4482,Home & Kitchen,29.09,2,58.18
9262,4482,Toys & Games,58.36,1,58.36
9263,4483,Sports & Outdoors,205.41,1,205.41
9264,4484,Home & Kitchen,137.78,1,137.78
9265,4485,Apparel,47.78,2,95.56
9266,4486,Grocery,47.83,1,47.83
9267,4487,Apparel,62.82,2,125.64
9268,4487,Grocery,39.49,1,39.49
9269,4488,Beauty,58.04,1,58.04
9270,4488,Grocery,8.78,1,8.78
9271,4489,Apparel,109.17,3,327.51
9272,4490,Apparel,95.43,1,95.43
9273,4490,Apparel,120.71,1,120.71
9274,4490,Books,21.97,1,21.97
9275,4491,Electronics,753.7,3,2261.1
9276,4491,Home & Kitchen,104.32,2,208.64
9277,4492,Electronics,815.24,1,815.24
9278,4493,Apparel,97.76,1,97.76
9279,4493,Books,26.13,2,52.26
9280,4494,Apparel,19.54,1,19.54
9281,4495,Beauty,54.28,2,108.56
9282,4495,Electronics,282.92,3,848.76
9283,4495,Books,9.52,1,9.52
9284,4495,Home & Kitchen,281.36,1,281.36
9285,4495,Electronics,477.8,1,477.8
9286,4496,Books,33.12,1,33.12
9287,4496,Toys & Games,45.23,1,45.23
9288,4497,Electronics,120.79,1,120.79
9289,4497,Electronics,152.29,1,152.29
9290,4497,Toys & Games,11.41,1,11.41
9291,4497,Books,15.56,1,15.56
9292,4498,Grocery,37.07,2,74.14
9293,4499,Apparel,33.05,3,99.15
9294,4500,Home & Kitchen,214.51,1,214.51
9295,4500,Beauty,63.57,1,63.57
9296,4501,Beauty,86.15,1,86.15
9297,4502,Beauty,28.43,1,28.43
9298,4502,Home & Kitchen,149.04,3,447.12
9299,4503,Electronics,434.4,1,434.4
9300,4503,Home & Kitchen,100.77,1,100.77
9301,4503,Grocery,35.94,1,35.94
9302,4504,Apparel,98.38,1,98.38
9303,4504,Electronics,891.27,2,1782.54
9304,4504,Grocery,50.59,1,50.59
9305,4505,Apparel,44.3,1,44.3
9306,4505,Beauty,40.18,1,40.18
9307,4506,Books,37.41,1,37.41
9308,4506,Grocery,59.46,1,59.46
9309,4506,Grocery,38.28,1,38.28
9310,4506,Books,27.77,1,27.77
9311,4506,Apparel,83.61,1,83.61
9312,4507,Home & Kitchen,200.82,1,200.82
9313,4507,Grocery,38.85,1,38.85
9314,4508,Grocery,57.75,1,57.75
9315,4508,Home & Kitchen,94.42,2,188.84
9316,4509,Sports & Outdoors,47.54,1,47.54
9317,4509,Electronics,602.22,1,602.22
9318,4509,Electronics,234.77,1,234.77
9319,4509,Grocery,18.32,3,54.96
9320,4510,Apparel,113.07,1,113.07
9321,4510,Sports & Outdoors,159.49,2,318.98
9322,4510,Toys & Games,58.3,1,58.3
9323,4511,Home & Kitchen,234.55,1,234.55
9324,4512,Apparel,134.59,1,134.59
9325,4513,Electronics,45.82,3,137.46
9326,4513,Beauty,53.8,3,161.4
9327,4513,Sports & Outdoors,208.44,2,416.88
9328,4513,Beauty,64.45,1,64.45
9329,4514,Grocery,57.61,1,57.61
9330,4514,Beauty,17.31,3,51.93
9331,4514,Grocery,31.98,3,95.94
9332,4515,Grocery,15.03,2,30.06
9333,4516,Apparel,16.47,3,49.41
9334,4516,Toys & Games,118.54,1,118.54
9335,4517,Electronics,453.4,1,453.4
9336,4517,Sports & Outdoors,67.1,1,67.1
9337,4517,Sports & Outdoors,163.9,2,327.8
9338,4518,Home & Kitchen,148.52,1,148.52
9339,4519,Apparel,147.34,1,147.34
9340,4519,Electronics,162.65,1,162.65
9341,4520,Apparel,110.3,1,110.3
9342,4520,Sports & Outdoors,232.2,3,696.6
9343,4520,Sports & Outdoors,236.19,1,236.19
9344,4520,Grocery,54.29,1,54.29
9345,4521,Electronics,71.35,1,71.35
9346,4521,Apparel,141.07,2,282.14
9347,4522,Electronics,268.59,1,268.59
9348,4522,Home & Kitchen,107.73,1,107.73
9349,4523,Apparel,20.42,1,20.42
9350,4523,Home & Kitchen,58.67,2,117.34
9351,4524,Grocery,48.1,1,48.1
9352,4524,Beauty,22.67,2,45.34
9353,4525,Books,6.63,1,6.63
9354,4525,Apparel,53.94,2,107.88
9355,4525,Books,11.67,1,11.67
9356,4525,Electronics,188.68,1,188.68
9357,4526,Grocery,24.14,3,72.42
9358,4526,Apparel,102.98,2,205.96
9359,4526,Home & Kitchen,73.1,2,146.2
9360,4526,Electronics,353.88,1,353.88
9361,4526,Books,39.88,1,39.88
9362,4527,Electronics,857.96,1,857.96
9363,4527,Sports & Outdoors,69.5,1,69.5
9364,4528,Electronics,375.92,1,375.92
9365,4528,Home & Kitchen,154.31,1,154.31
9366,4528,Apparel,42.59,2,85.18
9367,4529,Electronics,330.63,1,330.63
9368,4529,Apparel,144.09,1,144.09
9369,4529,Sports & Outdoors,178.5,2,357.0
9370,4529,Toys & Games,60.23,2,120.46
9371,4530,Beauty,18.58,1,18.58
9372,4530,Apparel,89.57,2,179.14
9373,4531,Home & Kitchen,160.6,1,160.6
9374,4531,Home & Kitchen,293.6,2,587.2
9375,4531,Sports & Outdoors,87.78,1,87.78
9376,4532,Sports & Outdoors,139.76,1,139.76
9377,4533,Books,23.6,3,70.8
9378,4533,Beauty,71.47,2,142.94
9379,4533,Sports & Outdoors,164.08,1,164.08
9380,4533,Apparel,134.37,1,134.37
9381,4534,Beauty,72.84,1,72.84
9382,4534,Apparel,81.71,1,81.71
9383,4535,Grocery,5.57,1,5.57
9384,4535,Home & Kitchen,75.59,1,75.59
9385,4536,Sports & Outdoors,116.23,1,116.23
9386,4536,Apparel,47.94,1,47.94
9387,4536,Home & Kitchen,272.84,1,272.84
9388,4536,Apparel,109.09,2,218.18
9389,4536,Apparel,123.49,1,123.49
9390,4537,Electronics,782.45,2,1564.9
9391,4537,Toys & Games,106.42,1,106.42
9392,4537,Toys & Games,89.8,1,89.8
9393,4538,Toys & Games,65.96,1,65.96
9394,4538,Home & Kitchen,219.87,1,219.87
9395,4538,Books,17.4,1,17.4
9396,4539,Apparel,140.05,1,140.05
9397,4539,Apparel,74.46,2,148.92
9398,4539,Sports & Outdoors,128.75,1,128.75
9399,4539,Sports & Outdoors,85.2,1,85.2
9400,4539,Sports & Outdoors,144.02,1,144.02
9401,4540,Beauty,57.28,1,57.28
9402,4540,Sports & Outdoors,218.11,2,436.22
9403,4541,Sports & Outdoors,228.2,1,228.2
9404,4542,Beauty,27.22,1,27.22
9405,4543,Books,20.87,1,20.87
9406,4543,Grocery,35.55,1,35.55
9407,4543,Electronics,214.77,2,429.54
9408,4543,Home & Kitchen,295.44,3,886.32
9409,4544,Home & Kitchen,78.88,1,78.88
9410,4544,Electronics,745.89,3,2237.67
9411,4544,Books,35.6,1,35.6
9412,4545,Sports & Outdoors,149.9,1,149.9
9413,4545,Grocery,46.76,2,93.52
9414,4546,Books,8.89,2,17.78
9415,4547,Beauty,77.67,1,77.67
9416,4548,Home & Kitchen,40.23,1,40.23
9417,4549,Electronics,338.21,1,338.21
9418,4550,Home & Kitchen,58.92,1,58.92
9419,4550,Sports & Outdoors,162.14,1,162.14
9420,4550,Apparel,138.27,1,138.27
9421,4550,Electronics,678.25,1,678.25
9422,4551,Beauty,62.37,1,62.37
9423,4552,Sports & Outdoors,182.81,1,182.81
9424,4552,Apparel,138.59,2,277.18
9425,4553,Beauty,29.64,1,29.64
9426,4553,Books,15.96,2,31.92
9427,4554,Toys & Games,55.99,1,55.99
9428,4555,Toys & Games,13.37,2,26.74
9429,4556,Electronics,329.21,3,987.63
9430,4556,Apparel,99.1,3,297.3
9431,4556,Sports & Outdoors,169.06,1,169.06
9432,4556,Beauty,85.83,1,85.83
9433,4556,Sports & Outdoors,187.32,1,187.32
9434,4557,Apparel,105.45,1,105.45
9435,4558,Toys & Games,34.89,1,34.89
9436,4559,Apparel,121.29,1,121.29
9437,4559,Home & Kitchen,243.9,3,731.7
9438,4560,Apparel,83.0,2,166.0
9439,4560,Beauty,15.95,1,15.95
9440,4561,Sports & Outdoors,227.95,1,227.95
9441,4561,Electronics,69.61,1,69.61
9442,4561,Books,13.86,1,13.86
9443,4561,Toys & Games,33.6,1,33.6
9444,4562,Toys & Games,89.39,2,178.78
9445,4562,Grocery,15.38,1,15.38
9446,4563,Home & Kitchen,165.45,1,165.45
9447,4564,Apparel,67.04,1,67.04
9448,4564,Beauty,73.55,2,147.1
9449,4564,Beauty,70.8,1,70.8
9450,4565,Apparel,68.66,2,137.32
9451,4565,Beauty,40.72,1,40.72
9452,4566,Beauty,38.26,1,38.26
9453,4567,Apparel,71.89,1,71.89
9454,4567,Apparel,46.36,1,46.36
9455,4567,Sports & Outdoors,76.42,3,229.26
9456,4567,Apparel,126.32,1,126.32
9457,4568,Books,33.6,2,67.2
9458,4568,Apparel,14.25,3,42.75
9459,4569,Beauty,24.95,1,24.95
9460,4569,Home & Kitchen,18.85,1,18.85
9461,4570,Apparel,46.65,1,46.65
9462,4570,Electronics,588.63,2,1177.26
9463,4570,Electronics,606.51,2,1213.02
9464,4570,Toys & Games,69.92,1,69.92
9465,4571,Toys & Games,72.03,1,72.03
9466,4572,Home & Kitchen,106.09,1,106.09
9467,4573,Sports & Outdoors,137.17,2,274.34
9468,4574,Apparel,35.2,2,70.4
9469,4574,Apparel,23.87,1,23.87
9470,4575,Electronics,859.81,1,859.81
9471,4576,Sports & Outdoors,43.86,1,43.86
9472,4576,Grocery,46.43,2,92.86
9473,4577,Apparel,84.69,1,84.69
9474,4578,Home & Kitchen,86.27,2,172.54
9475,4578,Apparel,98.2,1,98.2
9476,4579,Electronics,230.62,2,461.24
9477,4580,Books,18.55,1,18.55
9478,4581,Apparel,17.43,2,34.86
9479,4582,Apparel,89.75,1,89.75
9480,4582,Electronics,416.84,1,416.84
9481,4582,Apparel,142.25,1,142.25
9482,4583,Sports & Outdoors,207.82,2,415.64
9483,4584,Electronics,77.25,1,77.25
9484,4585,Home & Kitchen,64.01,1,64.01
9485,4585,Home & Kitchen,20.54,3,61.62
9486,4585,Beauty,58.29,3,174.87
9487,4585,Toys & Games,48.62,1,48.62
9488,4585,Apparel,60.51,3,181.53
9489,4586,Books,10.55,1,10.55
9490,4587,Books,19.12,2,38.24
9491,4588,Sports & Outdoors,134.55,1,134.55
9492,4589,Home & Kitchen,185.67,3,557.01
9493,4590,Grocery,37.76,1,37.76
9494,4591,Grocery,52.48,1,52.48
9495,4591,Books,19.53,3,58.59
9496,4591,Apparel,24.34,2,48.68
9497,4592,Sports & Outdoors,196.27,1,196.27
9498,4592,Toys & Games,60.23,1,60.23
9499,4592,Apparel,136.58,1,136.58
9500,4593,Electronics,53.95,1,53.95
9501,4593,Beauty,20.31,1,20.31
9502,4593,Home & Kitchen,36.73,1,36.73
9503,4594,Beauty,32.88,1,32.88
9504,4595,Apparel,81.21,1,81.21
9505,4596,Books,43.16,2,86.32
9506,4597,Home & Kitchen,206.06,1,206.06
9507,4598,Apparel,62.38,2,124.76
9508,4598,Books,7.24,3,21.72
9509,4599,Electronics,381.28,1,381.28
9510,4599,Toys & Games,73.09,1,73.09
9511,4600,Sports & Outdoors,164.87,2,329.74
9512,4601,Home & Kitchen,255.03,2,510.06
9513,4601,Sports & Outdoors,242.95,1,242.95
9514,4601,Sports & Outdoors,213.92,1,213.92
9515,4601,Grocery,18.68,1,18.68
9516,4602,Home & Kitchen,182.11,1,182.11
9517,4603,Apparel,13.84,1,13.84
9518,4604,Home & Kitchen,57.93,1,57.93
9519,4604,Home & Kitchen,229.86,2,459.72
9520,4604,Sports & Outdoors,124.4,1,124.4
9521,4605,Electronics,281.54,2,563.08
9522,4605,Sports & Outdoors,39.88,1,39.88
9523,4605,Apparel,146.27,1,146.27
9524,4606,Beauty,24.86,1,24.86
9525,4607,Home & Kitchen,76.41,3,229.23
9526,4607,Electronics,736.9,1,736.9
9527,4607,Sports & Outdoors,123.71,2,247.42
9528,4607,Sports & Outdoors,51.36,1,51.36
9529,4607,Apparel,35.36,1,35.36
9530,4608,Home & Kitchen,216.81,1,216.81
9531,4608,Home & Kitchen,281.67,1,281.67
9532,4608,Apparel,26.63,1,26.63
9533,4608,Books,44.09,1,44.09
9534,4609,Apparel,113.44,1,113.44
9535,4610,Apparel,99.55,1,99.55
9536,4611,Grocery,50.97,3,152.91
9537,4611,Grocery,49.94,1,49.94
9538,4612,Apparel,52.93,3,158.79
9539,4612,Sports & Outdoors,25.58,1,25.58
9540,4612,Beauty,73.5,2,147.0
9541,4612,Home & Kitchen,88.68,2,177.36
9542,4613,Electronics,565.89,1,565.89
9543,4613,Home & Kitchen,193.27,1,193.27
9544,4614,Books,17.69,1,17.69
9545,4614,Beauty,64.3,1,64.3
9546,4614,Apparel,39.97,1,39.97
9547,4614,Electronics,539.44,1,539.44
9548,4614,Home & Kitchen,199.95,1,199.95
9549,4615,Electronics,73.17,1,73.17
9550,4615,Electronics,413.19,1,413.19
9551,4616,Apparel,107.53,1,107.53
9552,4617,Electronics,665.2,1,665.2
9553,4617,Electronics,788.42,1,788.42
9554,4618,Books,24.62,1,24.62
9555,4619,Apparel,108.39,1,108.39
9556,4620,Sports & Outdoors,215.47,1,215.47
9557,4620,Grocery,30.23,3,90.69
9558,4621,Grocery,55.08,1,55.08
9559,4621,Apparel,96.54,1,96.54
9560,4621,Beauty,77.58,1,77.58
9561,4622,Beauty,17.68,2,35.36
9562,4623,Sports & Outdoors,202.56,3,607.68
9563,4623,Sports & Outdoors,189.26,1,189.26
9564,4624,Grocery,54.78,2,109.56
9565,4624,Apparel,26.8,1,26.8
9566,4625,Electronics,611.32,1,611.32
9567,4626,Electronics,533.01,1,533.01
9568,4627,Books,32.69,1,32.69
9569,4628,Electronics,711.52,1,711.52
9570,4629,Sports & Outdoors,226.81,2,453.62
9571,4629,Electronics,182.59,1,182.59
9572,4630,Home & Kitchen,134.69,1,134.69
9573,4631,Apparel,119.74,1,119.74
9574,4632,Electronics,654.81,2,1309.62
9575,4633,Home & Kitchen,292.46,1,292.46
9576,4633,Electronics,289.08,3,867.24
9577,4634,Beauty,67.39,1,67.39
9578,4635,Home & Kitchen,128.37,1,128.37
9579,4635,Home & Kitchen,171.78,3,515.34
9580,4635,Electronics,690.98,1,690.98
9581,4636,Apparel,110.6,1,110.6
9582,4637,Home & Kitchen,242.48,1,242.48
9583,4638,Home & Kitchen,203.75,2,407.5
9584,4638,Apparel,53.11,1,53.11
9585,4638,Electronics,302.08,3,906.24
9586,4639,Electronics,179.2,1,179.2
9587,4640,Electronics,514.41,2,1028.82
9588,4641,Sports & Outdoors,97.14,2,194.28
9589,4641,Home & Kitchen,129.93,1,129.93
9590,4641,Grocery,32.0,1,32.0
9591,4641,Electronics,299.93,1,299.93
9592,4642,Grocery,16.95,1,16.95
9593,4642,Home & Kitchen,278.34,1,278.34
9594,4642,Books,18.46,1,18.46
9595,4643,Beauty,26.02,1,26.02
9596,4643,Apparel,127.24,3,381.72
9597,4644,Grocery,45.75,1,45.75
9598,4644,Beauty,60.96,1,60.96
9599,4645,Books,26.63,2,53.26
9600,4645,Books,22.36,2,44.72
9601,4645,Electronics,443.51,1,443.51
9602,4645,Electronics,809.36,1,809.36
9603,4646,Sports & Outdoors,198.75,1,198.75
9604,4647,Home & Kitchen,268.34,1,268.34
9605,4647,Toys & Games,90.13,1,90.13
9606,4648,Home & Kitchen,82.26,1,82.26
9607,4649,Home & Kitchen,262.84,2,525.68
9608,4650,Books,23.68,1,23.68
9609,4650,Grocery,5.64,1,5.64
9610,4651,Toys & Games,60.54,1,60.54
9611,4652,Apparel,135.84,1,135.84
9612,4652,Toys & Games,86.3,1,86.3
9613,4652,Apparel,113.3,1,113.3
9614,4652,Electronics,252.43,2,504.86
9615,4653,Electronics,404.56,1,404.56
9616,4653,Sports & Outdoors,218.15,1,218.15
9617,4654,Beauty,86.07,2,172.14
9618,4655,Electronics,794.44,1,794.44
9619,4655,Grocery,8.7,1,8.7
9620,4655,Electronics,88.82,2,177.64
9621,4655,Electronics,721.65,2,1443.3
9622,4656,Apparel,92.86,1,92.86
9623,4656,Grocery,52.36,1,52.36
9624,4657,Toys & Games,37.75,1,37.75
9625,4657,Beauty,79.2,2,158.4
9626,4657,Beauty,61.96,2,123.92
9627,4658,Electronics,836.17,1,836.17
9628,4659,Apparel,36.81,1,36.81
9629,4660,Apparel,146.17,2,292.34
9630,4660,Electronics,443.89,1,443.89
9631,4661,Electronics,707.19,3,2121.57
9632,4662,Grocery,25.18,1,25.18
9633,4663,Sports & Outdoors,149.32,3,447.96
9634,4663,Beauty,36.36,1,36.36
9635,4663,Home & Kitchen,292.05,2,584.1
9636,4663,Grocery,4.06,1,4.06
9637,4664,Beauty,45.58,1,45.58
9638,4664,Books,33.15,2,66.3
9639,4664,Grocery,9.74,2,19.48
9640,4665,Electronics,469.34,2,938.68
9641,4665,Home & Kitchen,256.67,2,513.34
9642,4666,Beauty,9.57,1,9.57
9643,4667,Beauty,49.16,1,49.16
9644,4667,Electronics,416.84,2,833.68
9645,4668,Electronics,450.6,1,450.6
9646,4669,Grocery,51.1,1,51.1
9647,4670,Home & Kitchen,210.73,1,210.73
9648,4670,Apparel,87.84,2,175.68
9649,4670,Beauty,45.64,1,45.64
9650,4670,Books,36.71,1,36.71
9651,4671,Sports & Outdoors,178.96,1,178.96
9652,4671,Beauty,87.29,1,87.29
9653,4671,Apparel,65.63,1,65.63
9654,4671,Beauty,27.24,1,27.24
9655,4672,Sports & Outdoors,176.31,2,352.62
9656,4672,Grocery,51.82,3,155.46
9657,4673,Electronics,283.12,2,566.24
9658,4673,Sports & Outdoors,99.25,1,99.25
9659,4673,Home & Kitchen,290.4,1,290.4
9660,4673,Toys & Games,44.43,1,44.43
9661,4674,Beauty,85.81,3,257.43
9662,4675,Books,43.49,1,43.49
9663,4675,Sports & Outdoors,186.47,1,186.47
9664,4675,Grocery,17.65,3,52.95
9665,4675,Books,30.03,1,30.03
9666,4676,Home & Kitchen,269.92,2,539.84
9667,4676,Grocery,19.26,1,19.26
9668,4676,Electronics,548.19,2,1096.38
9669,4676,Apparel,35.41,1,35.41
9670,4676,Home & Kitchen,136.57,1,136.57
9671,4677,Electronics,651.91,2,1303.82
9672,4678,Home & Kitchen,271.35,1,271.35
9673,4679,Electronics,368.18,1,368.18
9674,4680,Electronics,176.46,3,529.38
9675,4680,Electronics,439.7,3,1319.1
9676,4680,Home & Kitchen,161.73,2,323.46
9677,4681,Home & Kitchen,227.58,2,455.16
9678,4682,Books,35.2,1,35.2
9679,4683,Sports & Outdoors,128.65,1,128.65
9680,4683,Electronics,837.85,1,837.85
9681,4683,Electronics,249.84,1,249.84
9682,4684,Electronics,93.8,1,93.8
9683,4685,Apparel,18.96,1,18.96
9684,4685,Toys & Games,106.35,1,106.35
9685,4685,Electronics,728.23,1,728.23
9686,4686,Home & Kitchen,37.19,1,37.19
9687,4687,Sports & Outdoors,178.22,1,178.22
9688,4687,Electronics,410.16,1,410.16
9689,4688,Sports & Outdoors,101.8,1,101.8
9690,4689,Home & Kitchen,63.06,2,126.12
9691,4689,Books,18.86,1,18.86
9692,4689,Electronics,62.64,2,125.28
9693,4690,Sports & Outdoors,125.46,1,125.46
9694,4690,Sports & Outdoors,34.78,1,34.78
9695,4690,Home & Kitchen,122.87,1,122.87
9696,4691,Books,37.88,3,113.64
9697,4692,Electronics,775.96,1,775.96
9698,4693,Apparel,66.71,1,66.71
9699,4693,Beauty,48.62,3,145.86
9700,4693,Sports & Outdoors,192.16,1,192.16
9701,4693,Sports & Outdoors,143.77,1,143.77
9702,4694,Toys & Games,43.3,1,43.3
9703,4694,Books,43.19,3,129.57
9704,4694,Electronics,789.43,1,789.43
9705,4695,Home & Kitchen,149.65,1,149.65
9706,4695,Sports & Outdoors,224.09,1,224.09
9707,4696,Home & Kitchen,176.97,1,176.97
9708,4697,Sports & Outdoors,62.09,1,62.09
9709,4698,Sports & Outdoors,130.88,1,130.88
9710,4699,Home & Kitchen,207.17,1,207.17
9711,4700,Books,27.25,1,27.25
9712,4700,Grocery,49.79,2,99.58
9713,4701,Electronics,228.22,1,228.22
9714,4701,Beauty,74.06,1,74.06
9715,4701,Books,40.71,2,81.42
9716,4702,Apparel,55.81,1,55.81
9717,4703,Electronics,704.01,1,704.01
9718,4704,Home & Kitchen,239.53,1,239.53
9719,4704,Grocery,55.48,2,110.96
9720,4704,Beauty,52.62,1,52.62
9721,4704,Electronics,260.05,1,260.05
9722,4705,Beauty,61.81,1,61.81
9723,4706,Apparel,136.02,1,136.02
9724,4706,Beauty,58.64,1,58.64
9725,4707,Home & Kitchen,258.19,1,258.19
9726,4707,Toys & Games,102.52,1,102.52
9727,4707,Apparel,93.59,2,187.18
9728,4708,Apparel,79.79,1,79.79
9729,4709,Grocery,48.15,1,48.15
9730,4710,Beauty,79.98,1,79.98
9731,4710,Home & Kitchen,231.22,1,231.22
9732,4711,Electronics,601.35,1,601.35
9733,4711,Sports & Outdoors,54.87,1,54.87
9734,4711,Books,35.45,1,35.45
9735,4712,Electronics,139.18,1,139.18
9736,4712,Electronics,66.04,3,198.12
9737,4712,Electronics,103.33,1,103.33
9738,4713,Electronics,328.13,1,328.13
9739,4714,Toys & Games,89.57,2,179.14
9740,4715,Beauty,34.71,2,69.42
9741,4715,Books,23.36,1,23.36
9742,4715,Electronics,765.36,1,765.36
9743,4716,Electronics,431.42,1,431.42
9744,4717,Grocery,52.03,2,104.06
9745,4717,Apparel,68.83,1,68.83
9746,4718,Apparel,119.01,1,119.01
9747,4718,Electronics,885.97,1,885.97
9748,4719,Electronics,775.3,1,775.3
9749,4719,Electronics,691.39,1,691.39
9750,4719,Home & Kitchen,124.1,1,124.1
9751,4719,Sports & Outdoors,165.43,1,165.43
9752,4720,Electronics,535.9,1,535.9
9753,4720,Electronics,49.34,3,148.02
9754,4721,Electronics,136.99,2,273.98
9755,4722,Electronics,59.92,3,179.76
9756,4722,Apparel,126.48,1,126.48
9757,4723,Toys & Games,39.39,1,39.39
9758,4723,Electronics,776.07,2,1552.14
9759,4723,Home & Kitchen,122.65,1,122.65
9760,4724,Books,19.41,1,19.41
9761,4725,Toys & Games,44.09,1,44.09
9762,4725,Books,20.65,2,41.3
9763,4726,Books,23.4,1,23.4
9764,4727,Sports & Outdoors,192.47,2,384.94
9765,4727,Electronics,886.78,1,886.78
9766,4728,Grocery,9.82,3,29.46
9767,4729,Grocery,32.85,1,32.85
9768,4729,Grocery,22.12,1,22.12
9769,4730,Sports & Outdoors,130.83,1,130.83
9770,4731,Books,22.04,1,22.04
9771,4731,Beauty,48.97,3,146.91
9772,4732,Sports & Outdoors,152.06,1,152.06
9773,4732,Apparel,79.4,1,79.4
9774,4732,Electronics,784.95,1,784.95
9775,4732,Toys & Games,51.68,1,51.68
9776,4733,Home & Kitchen,199.7,1,199.7
9777,4733,Apparel,133.55,1,133.55
9778,4733,Beauty,58.5,1,58.5
9779,4733,Electronics,549.55,1,549.55
9780,4734,Home & Kitchen,49.17,2,98.34
9781,4734,Sports & Outdoors,202.17,1,202.17
9782,4734,Toys & Games,37.43,1,37.43
9783,4735,Electronics,150.68,1,150.68
9784,4735,Sports & Outdoors,37.51,1,37.51
9785,4736,Apparel,147.39,1,147.39
9786,4736,Electronics,525.2,1,525.2
9787,4737,Sports & Outdoors,42.5,2,85.0
9788,4737,Toys & Games,44.14,2,88.28
9789,4737,Toys & Games,91.51,1,91.51
9790,4738,Toys & Games,8.83,1,8.83
9791,4738,Beauty,8.18,1,8.18
9792,4739,Electronics,690.97,1,690.97
9793,4740,Beauty,37.33,1,37.33
9794,4740,Toys & Games,86.06,1,86.06
9795,4741,Apparel,81.98,2,163.96
9796,4742,Home & Kitchen,248.68,2,497.36
9797,4742,Home & Kitchen,154.25,1,154.25
9798,4742,Home & Kitchen,86.04,2,172.08
9799,4742,Apparel,47.55,2,95.1
9800,4743,Home & Kitchen,135.61,1,135.61
9801,4743,Apparel,70.52,1,70.52
9802,4743,Apparel,85.47,1,85.47
9803,4744,Toys & Games,89.76,1,89.76
9804,4744,Grocery,38.84,2,77.68
9805,4744,Home & Kitchen,222.25,3,666.75
9806,4745,Apparel,131.59,1,131.59
9807,4745,Home & Kitchen,294.39,1,294.39
9808,4746,Toys & Games,77.4,1,77.4
9809,4747,Beauty,72.78,2,145.56
9810,4747,Home & Kitchen,271.77,1,271.77
9811,4747,Electronics,227.89,2,455.78
9812,4748,Electronics,426.25,2,852.5
9813,4748,Toys & Games,9.52,1,9.52
9814,4748,Beauty,50.45,1,50.45
9815,4749,Apparel,39.38,1,39.38
9816,4749,Electronics,708.45,1,708.45
9817,4749,Sports & Outdoors,49.0,1,49.0
9818,4750,Apparel,59.8,1,59.8
9819,4751,Beauty,63.92,2,127.84
9820,4752,Electronics,845.91,1,845.91
9821,4752,Beauty,27.64,1,27.64
9822,4753,Home & Kitchen,75.79,1,75.79
9823,4754,Home & Kitchen,294.35,1,294.35
9824,4755,Home & Kitchen,214.9,1,214.9
9825,4756,Electronics,82.65,1,82.65
9826,4756,Beauty,37.35,1,37.35
9827,4756,Toys & Games,86.42,1,86.42
9828,4756,Sports & Outdoors,75.9,1,75.9
9829,4757,Grocery,32.77,1,32.77
9830,4757,Apparel,100.29,1,100.29
9831,4757,Apparel,112.25,1,112.25
9832,4758,Electronics,408.43,2,816.86
9833,4758,Electronics,618.27,1,618.27
9834,4758,Home & Kitchen,266.97,1,266.97
9835,4759,Home & Kitchen,251.03,2,502.06
9836,4759,Beauty,38.47,1,38.47
9837,4759,Toys & Games,64.37,1,64.37
9838,4760,Electronics,685.67,1,685.67
9839,4761,Books,14.89,1,14.89
9840,4762,Electronics,881.51,1,881.51
9841,4762,Apparel,46.09,1,46.09
9842,4763,Grocery,4.25,3,12.75
9843,4763,Electronics,759.68,3,2279.04
9844,4763,Beauty,53.24,1,53.24
9845,4764,Beauty,64.91,1,64.91
9846,4764,Books,19.65,1,19.65
9847,4764,Apparel,129.34,2,258.68
9848,4764,Grocery,31.97,3,95.91
9849,4765,Books,22.93,1,22.93
9850,4765,Beauty,84.36,1,84.36
9851,4765,Books,11.75,2,23.5
9852,4765,Sports & Outdoors,36.2,1,36.2
9853,4766,Electronics,634.82,2,1269.64
9854,4767,Beauty,10.84,3,32.52
9855,4767,Beauty,8.53,3,25.59
9856,4768,Books,30.99,3,92.97
9857,4768,Home & Kitchen,280.44,1,280.44
9858,4768,Beauty,60.97,2,121.94
9859,4768,Home & Kitchen,294.47,1,294.47
9860,4768,Toys & Games,81.63,2,163.26
9861,4769,Apparel,138.59,3,415.77
9862,4769,Home & Kitchen,129.09,1,129.09
9863,4769,Apparel,80.48,2,160.96
9864,4770,Books,11.46,1,11.46
9865,4770,Electronics,595.88,1,595.88
9866,4771,Apparel,81.38,1,81.38
9867,4771,Home & Kitchen,78.43,2,156.86
9868,4771,Sports & Outdoors,169.19,2,338.38
9869,4771,Apparel,74.6,1,74.6
9870,4772,Beauty,20.14,1,20.14
9871,4772,Apparel,129.29,2,258.58
9872,4773,Toys & Games,65.23,1,65.23
9873,4774,Electronics,233.72,2,467.44
9874,4775,Sports & Outdoors,222.74,1,222.74
9875,4776,Home & Kitchen,156.81,1,156.81
9876,4776,Electronics,707.12,1,707.12
9877,4777,Sports & Outdoors,233.22,1,233.22
9878,4778,Beauty,20.8,2,41.6
9879,4778,Home & Kitchen,165.73,1,165.73
9880,4779,Electronics,50.67,1,50.67
9881,4780,Apparel,59.36,1,59.36
9882,4780,Toys & Games,19.01,1,19.01
9883,4780,Electronics,692.01,1,692.01
9884,4780,Home & Kitchen,42.96,2,85.92
9885,4781,Home & Kitchen,94.73,1,94.73
9886,4781,Home & Kitchen,178.46,2,356.92
9887,4782,Beauty,64.91,1,64.91
9888,4782,Electronics,425.35,1,425.35
9889,4783,Apparel,30.52,1,30.52
9890,4783,Electronics,817.85,2,1635.7
9891,4784,Home & Kitchen,77.28,2,154.56
9892,4784,Apparel,101.7,2,203.4
9893,4784,Beauty,62.34,1,62.34
9894,4785,Beauty,36.0,1,36.0
9895,4786,Electronics,814.36,1,814.36
9896,4786,Home & Kitchen,136.56,1,136.56
9897,4786,Apparel,123.89,1,123.89
9898,4786,Grocery,33.0,2,66.0
9899,4787,Apparel,97.41,1,97.41
9900,4788,Beauty,26.54,1,26.54
9901,4789,Home & Kitchen,33.25,2,66.5
9902,4789,Apparel,90.37,1,90.37
9903,4789,Grocery,18.28,1,18.28
9904,4790,Sports & Outdoors,37.96,3,113.88
9905,4791,Home & Kitchen,153.59,1,153.59
9906,4792,Toys & Games,24.08,1,24.08
9907,4793,Sports & Outdoors,52.96,2,105.92
9908,4793,Electronics,476.5,1,476.5
9909,4793,Apparel,116.47,1,116.47
9910,4793,Home & Kitchen,28.09,1,28.09
9911,4794,Toys & Games,33.87,1,33.87
9912,4794,Toys & Games,88.88,1,88.88
9913,4795,Apparel,46.53,1,46.53
9914,4795,Sports & Outdoors,242.28,2,484.56
9915,4795,Electronics,887.61,2,1775.22
9916,4795,Apparel,48.05,3,144.15
9917,4795,Electronics,235.73,1,235.73
9918,4796,Electronics,509.78,1,509.78
9919,4797,Grocery,15.04,2,30.08
9920,4797,Apparel,122.73,2,245.46
9921,4798,Toys & Games,46.26,1,46.26
9922,4798,Beauty,18.72,1,18.72
9923,4799,Home & Kitchen,132.72,3,398.16
9924,4799,Apparel,30.15,2,60.3
9925,4799,Toys & Games,33.36,2,66.72
9926,4800,Home & Kitchen,172.04,1,172.04
9927,4800,Toys & Games,19.97,1,19.97
9928,4800,Grocery,52.91,1,52.91
9929,4801,Electronics,819.01,2,1638.02
9930,4801,Beauty,77.88,1,77.88
9931,4802,Grocery,32.19,1,32.19
9932,4802,Toys & Games,88.84,1,88.84
9933,4802,Electronics,858.48,1,858.48
9934,4802,Electronics,672.56,2,1345.12
9935,4802,Apparel,46.7,2,93.4
9936,4803,Books,39.65,1,39.65
9937,4803,Beauty,63.61,1,63.61
9938,4803,Beauty,10.62,1,10.62
9939,4804,Home & Kitchen,272.2,1,272.2
9940,4805,Beauty,80.96,2,161.92
9941,4806,Electronics,801.29,1,801.29
9942,4807,Home & Kitchen,26.44,2,52.88
9943,4808,Beauty,8.29,1,8.29
9944,4808,Sports & Outdoors,172.84,2,345.68
9945,4809,Electronics,563.83,3,1691.49
9946,4810,Electronics,434.77,1,434.77
9947,4811,Electronics,793.82,1,793.82
9948,4811,Sports & Outdoors,142.63,2,285.26
9949,4811,Electronics,204.74,1,204.74
9950,4812,Electronics,103.94,1,103.94
9951,4812,Grocery,26.22,1,26.22
9952,4813,Sports & Outdoors,230.32,3,690.96
9953,4813,Apparel,142.16,1,142.16
9954,4814,Grocery,35.0,1,35.0
9955,4814,Sports & Outdoors,219.01,1,219.01
9956,4815,Beauty,27.6,1,27.6
9957,4815,Apparel,54.09,1,54.09
9958,4816,Electronics,177.59,1,177.59
9959,4816,Beauty,36.09,1,36.09
9960,4816,Electronics,328.61,1,328.61
9961,4817,Apparel,130.26,1,130.26
9962,4817,Beauty,29.09,2,58.18
9963,4818,Grocery,32.11,1,32.11
9964,4819,Electronics,839.17,2,1678.34
9965,4819,Sports & Outdoors,87.73,2,175.46
9966,4819,Books,23.67,1,23.67
9967,4820,Home & Kitchen,73.26,1,73.26
9968,4820,Electronics,192.04,1,192.04
9969,4820,Sports & Outdoors,151.18,3,453.54
9970,4821,Grocery,38.41,1,38.41
9971,4822,Toys & Games,108.8,2,217.6
9972,4823,Toys & Games,46.92,1,46.92
9973,4824,Home & Kitchen,250.93,1,250.93
9974,4824,Grocery,34.61,1,34.61
9975,4825,Beauty,85.03,1,85.03
9976,4826,Apparel,34.95,1,34.95
9977,4827,Sports & Outdoors,64.91,1,64.91
9978,4827,Apparel,98.74,1,98.74
9979,4827,Electronics,392.04,1,392.04
9980,4828,Electronics,103.5,1,103.5
9981,4828,Books,23.11,1,23.11
9982,4829,Apparel,73.89,1,73.89
9983,4829,Apparel,108.84,1,108.84
9984,4829,Sports & Outdoors,90.0,1,90.0
9985,4830,Electronics,663.93,2,1327.86
9986,4830,Electronics,679.92,1,679.92
9987,4831,Electronics,719.04,2,1438.08
9988,4831,Electronics,62.22,3,186.66
9989,4832,Grocery,53.97,1,53.97
9990,4832,Books,33.79,1,33.79
9991,4833,Grocery,8.22,1,8.22
9992,4833,Apparel,119.09,1,119.09
9993,4833,Home & Kitchen,16.21,1,16.21
9994,4834,Beauty,79.24,1,79.24
9995,4834,Beauty,78.6,1,78.6
9996,4834,Apparel,23.4,3,70.2
9997,4835,Books,41.75,1,41.75
9998,4835,Apparel,38.1,1,38.1
9999,4836,Home & Kitchen,179.09,2,358.18
10000,4836,Beauty,72.56,1,72.56
10001,4837,Home & Kitchen,256.46,2,512.92
10002,4837,Sports & Outdoors,182.53,1,182.53
10003,4837,Apparel,88.97,1,88.97
10004,4838,Toys & Games,49.89,1,49.89
10005,4839,Beauty,59.03,1,59.03
10006,4840,Books,9.8,2,19.6
10007,4840,Electronics,190.33,1,190.33
10008,4840,Home & Kitchen,198.74,2,397.48
10009,4840,Electronics,192.96,1,192.96
10010,4841,Apparel,86.02,1,86.02
10011,4841,Home & Kitchen,184.91,1,184.91
10012,4841,Beauty,46.14,1,46.14
10013,4842,Electronics,736.04,2,1472.08
10014,4842,Electronics,244.04,1,244.04
10015,4842,Home & Kitchen,22.61,1,22.61
10016,4843,Apparel,41.87,1,41.87
10017,4843,Toys & Games,117.31,1,117.31
10018,4844,Books,30.91,1,30.91
10019,4845,Home & Kitchen,16.24,3,48.72
10020,4845,Electronics,117.32,1,117.32
10021,4845,Beauty,87.63,3,262.89
10022,4846,Books,19.26,1,19.26
10023,4846,Apparel,18.71,3,56.13
10024,4847,Books,22.6,1,22.6
10025,4847,Electronics,615.61,2,1231.22
10026,4847,Electronics,42.06,1,42.06
10027,4847,Sports & Outdoors,231.71,2,463.42
10028,4847,Sports & Outdoors,205.37,1,205.37
10029,4848,Grocery,6.63,1,6.63
10030,4848,Apparel,101.95,1,101.95
10031,4848,Apparel,123.67,3,371.01
10032,4848,Apparel,44.47,1,44.47
10033,4848,Sports & Outdoors,50.1,1,50.1
10034,4849,Books,33.25,1,33.25
10035,4849,Toys & Games,42.19,1,42.19
10036,4849,Home & Kitchen,278.0,3,834.0
10037,4849,Beauty,86.35,1,86.35
10038,4850,Electronics,190.42,1,190.42
10039,4850,Electronics,466.14,1,466.14
10040,4850,Sports & Outdoors,228.01,2,456.02
10041,4851,Beauty,54.94,1,54.94
10042,4852,Apparel,77.33,1,77.33
10043,4852,Toys & Games,49.58,1,49.58
10044,4852,Beauty,51.19,1,51.19
10045,4853,Toys & Games,39.67,1,39.67
10046,4853,Home & Kitchen,104.31,1,104.31
10047,4853,Electronics,189.87,1,189.87
10048,4854,Beauty,42.23,1,42.23
10049,4854,Grocery,38.94,1,38.94
10050,4854,Home & Kitchen,233.04,1,233.04
10051,4855,Home & Kitchen,122.69,1,122.69
10052,4855,Electronics,889.39,3,2668.17
10053,4855,Grocery,41.08,1,41.08
10054,4856,Apparel,64.66,3,193.98
10055,4856,Home & Kitchen,286.8,1,286.8
10056,4857,Toys & Games,93.32,1,93.32
10057,4858,Home & Kitchen,35.91,1,35.91
10058,4859,Sports & Outdoors,137.99,2,275.98
10059,4860,Beauty,52.13,2,104.26
10060,4860,Electronics,553.65,1,553.65
10061,4861,Electronics,753.19,1,753.19
10062,4861,Beauty,14.38,1,14.38
10063,4862,Toys & Games,29.49,1,29.49
10064,4863,Apparel,41.41,3,124.23
10065,4863,Home & Kitchen,32.81,1,32.81
10066,4863,Beauty,13.9,1,13.9
10067,4863,Home & Kitchen,217.27,1,217.27
10068,4864,Grocery,4.42,2,8.84
10069,4865,Books,8.0,1,8.0
10070,4865,Grocery,57.26,3,171.78
10071,4865,Sports & Outdoors,43.87,1,43.87
10072,4866,Books,19.34,2,38.68
10073,4866,Electronics,328.29,2,656.58
10074,4866,Books,18.43,3,55.29
10075,4866,Apparel,103.08,2,206.16
10076,4867,Electronics,421.0,1,421.0
10077,4868,Home & Kitchen,129.37,2,258.74
10078,4868,Apparel,94.45,2,188.9
10079,4869,Electronics,581.81,1,581.81
10080,4869,Sports & Outdoors,200.99,1,200.99
10081,4869,Toys & Games,21.82,1,21.82
10082,4870,Apparel,101.72,1,101.72
10083,4871,Apparel,108.78,2,217.56
10084,4871,Toys & Games,37.58,2,75.16
10085,4871,Apparel,15.84,1,15.84
10086,4872,Apparel,64.73,3,194.19
10087,4873,Toys & Games,75.66,1,75.66
10088,4873,Books,31.89,1,31.89
10089,4873,Sports & Outdoors,42.27,3,126.81
10090,4873,Grocery,23.85,3,71.55
10091,4874,Apparel,20.57,1,20.57
10092,4875,Books,18.69,1,18.69
10093,4875,Toys & Games,18.84,1,18.84
10094,4875,Electronics,837.62,1,837.62
10095,4876,Toys & Games,46.87,1,46.87
10096,4876,Sports & Outdoors,18.98,1,18.98
10097,4876,Electronics,287.74,2,575.48
10098,4877,Electronics,869.72,1,869.72
10099,4877,Books,41.89,1,41.89
10100,4878,Toys & Games,98.77,1,98.77
10101,4879,Electronics,59.38,1,59.38
10102,4879,Beauty,68.21,1,68.21
10103,4880,Grocery,54.07,1,54.07
10104,4880,Beauty,58.37,2,116.74
10105,4881,Beauty,22.05,2,44.1
10106,4882,Apparel,78.67,2,157.34
10107,4883,Grocery,53.43,1,53.43
10108,4883,Home & Kitchen,234.43,2,468.86
10109,4884,Apparel,25.27,2,50.54
10110,4885,Electronics,293.56,1,293.56
10111,4885,Electronics,501.82,1,501.82
10112,4886,Apparel,63.06,1,63.06
10113,4886,Toys & Games,63.81,1,63.81
10114,4887,Electronics,649.94,2,1299.88
10115,4887,Apparel,33.71,1,33.71
10116,4887,Home & Kitchen,299.92,1,299.92
10117,4887,Sports & Outdoors,203.07,1,203.07
10118,4887,Beauty,79.78,1,79.78
10119,4888,Beauty,72.49,1,72.49
10120,4889,Sports & Outdoors,184.08,2,368.16
10121,4890,Apparel,119.84,1,119.84
10122,4891,Electronics,165.77,1,165.77
10123,4891,Beauty,67.72,1,67.72
10124,4892,Beauty,69.04,1,69.04
10125,4892,Electronics,103.51,1,103.51
10126,4893,Electronics,330.1,2,660.2
10127,4893,Sports & Outdoors,83.11,2,166.22
10128,4893,Toys & Games,42.64,1,42.64
10129,4894,Books,36.43,1,36.43
10130,4894,Home & Kitchen,230.4,1,230.4
10131,4895,Home & Kitchen,295.14,2,590.28
10132,4895,Grocery,36.37,2,72.74
10133,4896,Sports & Outdoors,195.6,1,195.6
10134,4897,Sports & Outdoors,162.88,1,162.88
10135,4898,Beauty,15.18,1,15.18
10136,4899,Electronics,564.93,2,1129.86
10137,4900,Apparel,49.81,1,49.81
10138,4900,Electronics,861.26,2,1722.52
10139,4901,Apparel,62.27,2,124.54
10140,4901,Beauty,75.64,1,75.64
10141,4901,Apparel,92.79,1,92.79
10142,4901,Electronics,249.96,1,249.96
10143,4901,Electronics,709.09,1,709.09
10144,4902,Grocery,9.77,1,9.77
10145,4903,Sports & Outdoors,41.63,1,41.63
10146,4903,Electronics,729.53,1,729.53
10147,4903,Grocery,40.04,1,40.04
10148,4903,Electronics,354.42,1,354.42
10149,4904,Sports & Outdoors,241.71,1,241.71
10150,4904,Books,9.33,3,27.99
10151,4905,Electronics,295.48,1,295.48
10152,4906,Electronics,740.77,1,740.77
10153,4907,Grocery,48.53,3,145.59
10154,4907,Electronics,891.69,1,891.69
10155,4908,Apparel,24.54,1,24.54
10156,4908,Toys & Games,109.83,1,109.83
10157,4909,Home & Kitchen,87.13,1,87.13
10158,4910,Sports & Outdoors,146.25,1,146.25
10159,4910,Home & Kitchen,31.03,2,62.06
10160,4910,Apparel,78.13,1,78.13
10161,4910,Sports & Outdoors,225.0,1,225.0
10162,4911,Electronics,143.07,1,143.07
10163,4912,Sports & Outdoors,172.47,3,517.41
10164,4912,Grocery,35.96,2,71.92
10165,4913,Apparel,23.02,1,23.02
10166,4913,Sports & Outdoors,64.94,2,129.88
10167,4914,Grocery,42.81,1,42.81
10168,4915,Apparel,144.94,1,144.94
10169,4916,Sports & Outdoors,25.48,1,25.48
10170,4916,Home & Kitchen,253.09,2,506.18
10171,4917,Grocery,45.5,1,45.5
10172,4917,Apparel,62.59,1,62.59
10173,4918,Home & Kitchen,77.46,2,154.92
10174,4918,Books,33.31,1,33.31
10175,4918,Books,38.38,2,76.76
10176,4918,Beauty,40.27,1,40.27
10177,4919,Toys & Games,66.07,1,66.07
10178,4920,Beauty,78.71,3,236.13
10179,4920,Electronics,607.24,1,607.24
10180,4920,Apparel,45.24,1,45.24
10181,4920,Sports & Outdoors,95.2,1,95.2
10182,4921,Beauty,52.95,1,52.95
10183,4921,Home & Kitchen,118.0,2,236.0
10184,4921,Books,12.54,1,12.54
10185,4921,Toys & Games,77.95,1,77.95
10186,4921,Toys & Games,116.25,1,116.25
10187,4922,Apparel,14.65,1,14.65
10188,4922,Electronics,218.87,1,218.87
10189,4922,Electronics,68.56,1,68.56
10190,4923,Home & Kitchen,32.14,1,32.14
10191,4923,Apparel,106.5,3,319.5
10192,4924,Apparel,141.3,2,282.6
10193,4925,Books,27.66,2,55.32
10194,4925,Electronics,213.17,1,213.17
10195,4925,Electronics,44.02,1,44.02
10196,4925,Toys & Games,117.86,1,117.86
10197,4926,Apparel,41.0,1,41.0
10198,4927,Beauty,87.72,1,87.72
10199,4927,Apparel,100.95,1,100.95
10200,4927,Electronics,615.67,1,615.67
10201,4928,Books,40.47,3,121.41
10202,4928,Electronics,635.56,1,635.56
10203,4928,Grocery,16.7,1,16.7
10204,4929,Books,8.74,2,17.48
10205,4930,Beauty,67.87,1,67.87
10206,4931,Home & Kitchen,282.79,1,282.79
10207,4931,Books,19.21,2,38.42
10208,4931,Toys & Games,86.45,1,86.45
10209,4932,Books,6.49,1,6.49
10210,4932,Apparel,104.79,1,104.79
10211,4932,Apparel,75.77,1,75.77
10212,4933,Toys & Games,66.5,1,66.5
10213,4933,Grocery,57.89,1,57.89
10214,4933,Books,7.63,1,7.63
10215,4934,Electronics,336.52,2,673.04
10216,4935,Home & Kitchen,50.83,2,101.66
10217,4935,Apparel,58.78,2,117.56
10218,4935,Books,40.96,1,40.96
10219,4936,Beauty,23.9,3,71.7
10220,4937,Apparel,147.47,2,294.94
10221,4938,Books,12.78,1,12.78
10222,4939,Apparel,70.46,1,70.46
10223,4939,Electronics,170.88,1,170.88
10224,4939,Books,17.7,1,17.7
10225,4940,Books,37.11,1,37.11
10226,4941,Beauty,17.45,1,17.45
10227,4942,Electronics,787.79,1,787.79
10228,4943,Toys & Games,92.34,1,92.34
10229,4943,Electronics,591.42,1,591.42
10230,4943,Electronics,774.41,2,1548.82
10231,4943,Home & Kitchen,188.2,1,188.2
10232,4943,Electronics,117.76,2,235.52
10233,4944,Electronics,716.74,1,716.74
10234,4945,Grocery,38.47,1,38.47
10235,4945,Apparel,66.03,1,66.03
10236,4946,Sports & Outdoors,192.75,2,385.5
10237,4947,Home & Kitchen,62.58,2,125.16
10238,4948,Sports & Outdoors,174.35,1,174.35
10239,4949,Sports & Outdoors,187.61,2,375.22
10240,4950,Electronics,83.37,1,83.37
10241,4950,Books,43.2,1,43.2
10242,4951,Beauty,57.31,1,57.31
10243,4952,Grocery,4.02,1,4.02
10244,4952,Home & Kitchen,212.9,1,212.9
10245,4952,Apparel,39.26,1,39.26
10246,4952,Toys & Games,50.43,2,100.86
10247,4953,Toys & Games,37.67,1,37.67
10248,4953,Electronics,786.29,1,786.29
10249,4953,Apparel,147.09,1,147.09
10250,4954,Electronics,328.49,1,328.49
10251,4954,Apparel,132.49,2,264.98
10252,4954,Grocery,12.19,1,12.19
10253,4955,Home & Kitchen,152.39,1,152.39
10254,4956,Sports & Outdoors,72.81,2,145.62
10255,4956,Home & Kitchen,108.36,1,108.36
10256,4957,Electronics,702.25,1,702.25
10257,4957,Electronics,507.73,1,507.73
10258,4957,Home & Kitchen,272.01,1,272.01
10259,4957,Beauty,41.61,2,83.22
10260,4958,Toys & Games,53.72,1,53.72
10261,4958,Sports & Outdoors,246.67,1,246.67
10262,4959,Grocery,49.44,1,49.44
10263,4959,Books,30.49,1,30.49
10264,4959,Beauty,81.54,1,81.54
10265,4960,Beauty,50.98,1,50.98
10266,4961,Electronics,480.83,1,480.83
10267,4961,Apparel,68.74,1,68.74
10268,4962,Electronics,122.41,1,122.41
10269,4963,Apparel,65.63,2,131.26
10270,4964,Home & Kitchen,152.54,1,152.54
10271,4964,Grocery,35.28,1,35.28
10272,4964,Beauty,42.36,2,84.72
10273,4964,Apparel,139.58,2,279.16
10274,4964,Apparel,60.57,1,60.57
10275,4965,Beauty,16.06,3,48.18
10276,4966,Electronics,97.39,1,97.39
10277,4966,Grocery,8.97,1,8.97
10278,4966,Home & Kitchen,260.33,1,260.33
10279,4966,Electronics,683.8,1,683.8
10280,4967,Electronics,52.75,1,52.75
10281,4968,Home & Kitchen,39.0,1,39.0
10282,4968,Toys & Games,55.12,1,55.12
10283,4969,Sports & Outdoors,228.91,1,228.91
10284,4969,Apparel,71.18,1,71.18
10285,4970,Home & Kitchen,223.31,1,223.31
10286,4971,Electronics,720.93,3,2162.79
10287,4971,Sports & Outdoors,68.53,1,68.53
10288,4971,Home & Kitchen,149.02,2,298.04
10289,4972,Apparel,114.74,1,114.74
10290,4973,Apparel,70.59,1,70.59
10291,4973,Electronics,209.97,1,209.97
10292,4973,Apparel,76.28,1,76.28
10293,4974,Electronics,398.22,3,1194.66
10294,4974,Grocery,57.01,1,57.01
10295,4975,Apparel,61.35,1,61.35
10296,4975,Books,10.65,2,21.3
10297,4975,Electronics,314.34,1,314.34
10298,4976,Beauty,58.42,1,58.42
10299,4976,Grocery,50.49,2,100.98
10300,4977,Books,29.4,1,29.4
10301,4977,Grocery,28.07,1,28.07
10302,4978,Home & Kitchen,240.64,2,481.28
10303,4978,Apparel,12.56,2,25.12
10304,4978,Electronics,787.09,1,787.09
10305,4979,Beauty,86.34,2,172.68
10306,4979,Home & Kitchen,255.59,2,511.18
10307,4980,Grocery,5.01,1,5.01
10308,4981,Apparel,35.02,2,70.04
10309,4981,Toys & Games,110.11,2,220.22
10310,4982,Apparel,75.22,1,75.22
10311,4983,Electronics,873.7,3,2621.1
10312,4984,Apparel,122.85,1,122.85
10313,4984,Apparel,96.35,1,96.35
10314,4985,Sports & Outdoors,132.01,1,132.01
10315,4986,Apparel,133.14,1,133.14
10316,4986,Apparel,118.77,1,118.77
10317,4987,Electronics,633.96,1,633.96
10318,4988,Electronics,839.31,2,1678.62
10319,4988,Books,33.18,1,33.18
10320,4989,Beauty,15.37,1,15.37
10321,4989,Apparel,18.59,1,18.59
10322,4990,Beauty,10.49,1,10.49
10323,4990,Beauty,33.6,1,33.6
10324,4991,Apparel,28.14,1,28.14
10325,4991,Grocery,8.86,1,8.86
10326,4991,Home & Kitchen,289.9,2,579.8
10327,4992,Toys & Games,86.82,3,260.46
10328,4993,Electronics,291.76,1,291.76
10329,4993,Toys & Games,24.57,1,24.57
10330,4993,Apparel,82.0,1,82.0
10331,4994,Toys & Games,41.35,1,41.35
10332,4994,Home & Kitchen,191.45,1,191.45
10333,4994,Books,9.06,1,9.06
10334,4994,Beauty,73.57,2,147.14
10335,4995,Beauty,34.98,1,34.98
10336,4996,Beauty,72.03,2,144.06
10337,4996,Electronics,653.9,1,653.9
10338,4997,Books,26.8,1,26.8
10339,4998,Beauty,59.18,1,59.18
10340,4998,Home & Kitchen,241.88,2,483.76
10341,4998,Beauty,71.02,2,142.04
10342,4999,Beauty,56.17,1,56.17
10343,5000,Electronics,258.06,2,516.12
10344,5000,Toys & Games,72.99,2,145.98
10345,5001,Beauty,74.07,1,74.07
10346,5001,Apparel,106.61,1,106.61
10347,5001,Beauty,15.82,1,15.82
10348,5002,Sports & Outdoors,16.29,1,16.29
10349,5002,Books,44.9,1,44.9
10350,5002,Beauty,23.04,3,69.12
10351,5003,Apparel,83.18,1,83.18
10352,5003,Grocery,10.76,3,32.28
10353,5003,Electronics,821.55,1,821.55
10354,5003,Beauty,10.92,1,10.92
10355,5003,Home & Kitchen,17.69,1,17.69
10356,5004,Toys & Games,26.01,1,26.01
10357,5005,Beauty,35.23,1,35.23
10358,5005,Grocery,33.92,1,33.92
10359,5005,Sports & Outdoors,28.28,1,28.28
10360,5006,Home & Kitchen,64.57,1,64.57
10361,5006,Toys & Games,16.39,1,16.39
10362,5006,Apparel,41.57,1,41.57
10363,5007,Home & Kitchen,285.98,1,285.98
10364,5008,Grocery,28.97,1,28.97
10365,5009,Electronics,746.1,1,746.1
10366,5010,Home & Kitchen,204.72,1,204.72
10367,5011,Beauty,33.77,1,33.77
10368,5012,Apparel,19.74,3,59.22
10369,5012,Apparel,38.74,2,77.48
10370,5012,Electronics,494.73,2,989.46
10371,5012,Sports & Outdoors,17.07,1,17.07
10372,5013,Grocery,44.02,1,44.02
10373,5013,Electronics,586.35,2,1172.7
10374,5013,Sports & Outdoors,51.3,1,51.3
10375,5013,Beauty,61.54,2,123.08
10376,5013,Sports & Outdoors,43.91,1,43.91
10377,5014,Grocery,6.81,2,13.62
10378,5014,Home & Kitchen,192.0,1,192.0
10379,5014,Grocery,30.8,1,30.8
10380,5014,Books,26.04,1,26.04
10381,5015,Beauty,51.2,1,51.2
10382,5015,Home & Kitchen,171.93,3,515.79
10383,5016,Electronics,675.88,1,675.88
10384,5017,Apparel,21.25,2,42.5
10385,5018,Beauty,83.94,1,83.94
10386,5018,Apparel,135.95,2,271.9
10387,5019,Toys & Games,110.78,1,110.78
10388,5019,Grocery,44.12,2,88.24
10389,5020,Grocery,35.08,1,35.08
10390,5020,Sports & Outdoors,22.13,3,66.39
10391,5021,Apparel,100.42,1,100.42
10392,5021,Beauty,37.49,1,37.49
10393,5022,Electronics,82.35,1,82.35
10394,5022,Home & Kitchen,157.76,1,157.76
10395,5022,Apparel,85.17,1,85.17
10396,5023,Electronics,525.82,1,525.82
10397,5023,Apparel,78.48,1,78.48
10398,5024,Apparel,16.45,1,16.45
10399,5024,Books,22.84,1,22.84
10400,5024,Electronics,651.5,1,651.5
10401,5025,Electronics,292.85,1,292.85
10402,5025,Books,43.5,1,43.5
10403,5026,Grocery,19.71,1,19.71
10404,5027,Toys & Games,94.77,1,94.77
10405,5028,Electronics,214.78,1,214.78
10406,5028,Sports & Outdoors,35.37,1,35.37
10407,5028,Grocery,52.87,1,52.87
10408,5028,Electronics,623.25,2,1246.5
10409,5029,Electronics,734.79,2,1469.58
10410,5029,Grocery,8.79,1,8.79
10411,5030,Home & Kitchen,25.09,1,25.09
10412,5030,Apparel,145.7,1,145.7
10413,5031,Books,40.51,1,40.51
10414,5032,Beauty,35.4,1,35.4
10415,5033,Electronics,142.11,1,142.11
10416,5033,Electronics,293.6,1,293.6
10417,5034,Apparel,37.69,1,37.69
10418,5034,Grocery,12.31,2,24.62
10419,5034,Electronics,792.01,1,792.01
10420,5035,Electronics,842.73,1,842.73
10421,5035,Sports & Outdoors,162.43,1,162.43
10422,5036,Electronics,343.31,1,343.31
10423,5036,Electronics,166.07,1,166.07
10424,5037,Home & Kitchen,158.86,1,158.86
10425,5037,Toys & Games,100.75,1,100.75
10426,5037,Sports & Outdoors,54.22,1,54.22
10427,5037,Toys & Games,112.61,1,112.61
10428,5038,Toys & Games,49.01,3,147.03
10429,5038,Books,18.8,1,18.8
10430,5038,Apparel,93.25,1,93.25
10431,5039,Electronics,518.28,1,518.28
10432,5039,Home & Kitchen,270.2,3,810.6
10433,5040,Toys & Games,116.25,3,348.75
10434,5040,Books,24.93,1,24.93
10435,5041,Apparel,119.63,1,119.63
10436,5042,Sports & Outdoors,216.04,2,432.08
10437,5042,Grocery,25.23,1,25.23
10438,5042,Books,40.11,1,40.11
10439,5043,Beauty,39.31,2,78.62
10440,5043,Beauty,50.23,2,100.46
10441,5043,Electronics,543.96,1,543.96
10442,5044,Home & Kitchen,17.9,1,17.9
10443,5044,Electronics,832.13,1,832.13
10444,5044,Home & Kitchen,119.17,1,119.17
10445,5044,Electronics,434.51,1,434.51
10446,5045,Toys & Games,71.22,1,71.22
10447,5045,Beauty,16.24,1,16.24
10448,5046,Electronics,45.3,1,45.3
10449,5047,Electronics,542.89,2,1085.78
10450,5047,Beauty,80.41,1,80.41
10451,5048,Electronics,592.07,1,592.07
10452,5048,Electronics,216.52,1,216.52
10453,5049,Electronics,148.99,1,148.99
10454,5049,Electronics,531.56,1,531.56
10455,5049,Sports & Outdoors,38.24,2,76.48
10456,5049,Sports & Outdoors,232.1,1,232.1
10457,5050,Grocery,10.86,1,10.86
10458,5050,Apparel,33.44,1,33.44
10459,5051,Apparel,29.61,1,29.61
10460,5051,Apparel,43.85,1,43.85
10461,5051,Apparel,71.43,2,142.86
10462,5051,Electronics,203.8,1,203.8
10463,5052,Books,7.45,3,22.35
10464,5053,Sports & Outdoors,219.54,2,439.08
10465,5053,Apparel,24.24,3,72.72
10466,5054,Apparel,95.61,2,191.22
10467,5054,Books,40.48,1,40.48
10468,5055,Apparel,118.86,2,237.72
10469,5056,Grocery,7.37,2,14.74
10470,5057,Home & Kitchen,160.23,1,160.23
10471,5058,Toys & Games,25.68,2,51.36
10472,5059,Apparel,137.54,2,275.08
10473,5059,Apparel,41.11,1,41.11
10474,5059,Grocery,51.89,1,51.89
10475,5059,Beauty,41.51,3,124.53
10476,5060,Home & Kitchen,133.25,2,266.5
10477,5060,Grocery,26.53,1,26.53
10478,5060,Apparel,40.83,3,122.49
10479,5060,Electronics,740.19,1,740.19
10480,5060,Electronics,319.44,1,319.44
10481,5061,Sports & Outdoors,71.22,1,71.22
10482,5061,Books,33.95,1,33.95
10483,5062,Sports & Outdoors,131.64,1,131.64
10484,5062,Beauty,21.34,1,21.34
10485,5062,Apparel,102.32,1,102.32
10486,5063,Books,34.25,1,34.25
10487,5063,Grocery,55.76,1,55.76
10488,5063,Electronics,479.8,1,479.8
10489,5063,Beauty,88.9,2,177.8
10490,5064,Toys & Games,16.35,1,16.35
10491,5065,Electronics,537.16,3,1611.48
10492,5065,Electronics,97.58,1,97.58
10493,5066,Toys & Games,55.37,3,166.11
10494,5066,Books,25.01,1,25.01
10495,5067,Home & Kitchen,239.35,1,239.35
10496,5068,Toys & Games,43.95,1,43.95
10497,5068,Home & Kitchen,120.16,2,240.32
10498,5069,Beauty,35.89,2,71.78
10499,5069,Sports & Outdoors,116.75,1,116.75
10500,5070,Apparel,122.82,2,245.64
10501,5070,Electronics,465.07,1,465.07
10502,5071,Beauty,79.21,1,79.21
10503,5071,Sports & Outdoors,235.7,1,235.7
10504,5072,Home & Kitchen,36.2,1,36.2
10505,5073,Electronics,344.48,1,344.48
10506,5074,Sports & Outdoors,23.67,1,23.67
10507,5074,Home & Kitchen,125.25,1,125.25
10508,5074,Books,15.36,1,15.36
10509,5075,Home & Kitchen,156.66,1,156.66
10510,5075,Electronics,654.8,1,654.8
10511,5075,Apparel,99.1,2,198.2
10512,5075,Sports & Outdoors,29.96,2,59.92
10513,5076,Sports & Outdoors,147.58,1,147.58
10514,5077,Home & Kitchen,145.36,1,145.36
10515,5077,Apparel,29.04,2,58.08
10516,5078,Books,13.25,1,13.25
10517,5079,Electronics,876.92,1,876.92
10518,5080,Beauty,33.85,1,33.85
10519,5081,Apparel,27.79,1,27.79
10520,5081,Apparel,98.76,1,98.76
10521,5081,Electronics,67.82,1,67.82
10522,5082,Apparel,31.37,2,62.74
10523,5082,Sports & Outdoors,151.39,2,302.78
10524,5082,Beauty,51.12,1,51.12
10525,5083,Toys & Games,87.2,1,87.2
10526,5084,Electronics,677.86,2,1355.72
10527,5085,Apparel,58.13,1,58.13
10528,5085,Sports & Outdoors,119.86,2,239.72
10529,5085,Apparel,100.45,1,100.45
10530,5085,Apparel,14.6,2,29.2
10531,5086,Home & Kitchen,152.96,1,152.96
10532,5087,Books,6.9,2,13.8
10533,5087,Beauty,24.05,1,24.05
10534,5088,Apparel,89.76,2,179.52
10535,5088,Electronics,494.79,1,494.79
10536,5089,Beauty,72.04,1,72.04
10537,5089,Sports & Outdoors,64.12,2,128.24
10538,5090,Toys & Games,61.24,1,61.24
10539,5091,Books,42.47,1,42.47
10540,5091,Electronics,650.26,1,650.26
10541,5092,Apparel,115.25,2,230.5
10542,5092,Electronics,305.0,3,915.0
10543,5093,Home & Kitchen,273.99,1,273.99
10544,5093,Home & Kitchen,69.66,1,69.66
10545,5094,Home & Kitchen,242.27,1,242.27
10546,5095,Beauty,75.68,2,151.36
10547,5096,Apparel,140.9,1,140.9
10548,5096,Electronics,132.01,1,132.01
10549,5096,Electronics,367.96,1,367.96
10550,5096,Electronics,743.89,1,743.89
10551,5096,Electronics,362.17,1,362.17
10552,5097,Beauty,54.83,1,54.83
10553,5098,Sports & Outdoors,202.24,1,202.24
10554,5098,Sports & Outdoors,234.73,1,234.73
10555,5099,Books,13.06,1,13.06
10556,5099,Sports & Outdoors,79.26,1,79.26
10557,5100,Grocery,9.57,1,9.57
10558,5101,Apparel,124.82,1,124.82
10559,5101,Sports & Outdoors,48.23,1,48.23
10560,5102,Sports & Outdoors,51.79,2,103.58
10561,5102,Toys & Games,32.22,1,32.22
10562,5103,Grocery,7.84,1,7.84
10563,5104,Grocery,5.61,1,5.61
10564,5105,Books,28.54,1,28.54
10565,5105,Beauty,12.51,1,12.51
10566,5106,Apparel,94.14,1,94.14
10567,5106,Toys & Games,69.83,1,69.83
10568,5107,Home & Kitchen,98.27,1,98.27
10569,5107,Toys & Games,99.06,2,198.12
10570,5107,Beauty,40.51,1,40.51
10571,5107,Grocery,14.03,1,14.03
10572,5108,Beauty,48.24,1,48.24
10573,5108,Home & Kitchen,144.68,2,289.36
10574,5108,Home & Kitchen,194.53,2,389.06
10575,5109,Toys & Games,38.55,1,38.55
10576,5109,Toys & Games,22.09,1,22.09
10577,5109,Apparel,111.54,2,223.08
10578,5109,Home & Kitchen,58.08,2,116.16
10579,5110,Beauty,62.56,3,187.68
10580,5110,Electronics,226.27,2,452.54
10581,5110,Apparel,40.6,1,40.6
10582,5111,Electronics,450.04,2,900.08
10583,5111,Sports & Outdoors,130.83,1,130.83
10584,5112,Sports & Outdoors,83.73,1,83.73
10585,5112,Sports & Outdoors,231.39,1,231.39
10586,5112,Books,34.39,2,68.78
10587,5113,Home & Kitchen,242.05,1,242.05
10588,5114,Books,30.57,1,30.57
10589,5114,Beauty,63.03,1,63.03
10590,5114,Grocery,50.56,1,50.56
10591,5114,Sports & Outdoors,120.68,3,362.04
10592,5115,Electronics,275.58,1,275.58
10593,5116,Electronics,155.07,1,155.07
10594,5116,Home & Kitchen,106.54,1,106.54
10595,5116,Books,40.72,3,122.16
10596,5116,Home & Kitchen,85.15,1,85.15
10597,5116,Toys & Games,11.46,2,22.92
10598,5117,Toys & Games,87.74,1,87.74
10599,5118,Beauty,83.7,2,167.4
10600,5119,Beauty,25.43,3,76.29
10601,5119,Beauty,54.89,1,54.89
10602,5119,Toys & Games,107.84,1,107.84
10603,5120,Apparel,35.65,1,35.65
10604,5121,Grocery,33.77,1,33.77
10605,5122,Sports & Outdoors,231.46,1,231.46
10606,5122,Toys & Games,104.75,1,104.75
10607,5122,Beauty,57.03,1,57.03
10608,5123,Apparel,146.12,1,146.12
10609,5124,Apparel,100.99,2,201.98
10610,5124,Beauty,66.45,2,132.9
10611,5124,Home & Kitchen,194.2,1,194.2
10612,5124,Electronics,888.58,1,888.58
10613,5124,Home & Kitchen,34.21,3,102.63
10614,5125,Sports & Outdoors,242.63,1,242.63
10615,5126,Apparel,75.07,1,75.07
10616,5126,Electronics,69.54,1,69.54
10617,5126,Home & Kitchen,296.15,1,296.15
10618,5126,Apparel,148.32,1,148.32
10619,5126,Beauty,16.33,3,48.99
10620,5127,Beauty,87.82,1,87.82
10621,5127,Books,15.52,1,15.52
10622,5127,Beauty,19.96,3,59.88
10623,5128,Beauty,45.1,1,45.1
10624,5129,Grocery,43.75,1,43.75
10625,5129,Grocery,10.33,1,10.33
10626,5129,Apparel,36.16,1,36.16
10627,5130,Grocery,7.71,2,15.42
10628,5130,Toys & Games,118.61,1,118.61
10629,5130,Electronics,669.25,1,669.25
10630,5131,Electronics,472.84,1,472.84
10631,5131,Books,19.58,1,19.58
10632,5132,Sports & Outdoors,119.81,2,239.62
10633,5132,Electronics,872.8,1,872.8
10634,5133,Grocery,26.62,1,26.62
10635,5133,Home & Kitchen,249.89,1,249.89
10636,5134,Sports & Outdoors,25.43,2,50.86
10637,5135,Home & Kitchen,109.88,2,219.76
10638,5136,Apparel,104.39,1,104.39
10639,5137,Electronics,589.83,1,589.83
10640,5137,Electronics,249.62,1,249.62
10641,5138,Apparel,112.44,1,112.44
10642,5138,Books,17.04,1,17.04
10643,5139,Grocery,57.67,1,57.67
10644,5140,Apparel,73.92,1,73.92
10645,5140,Beauty,44.36,1,44.36
10646,5141,Sports & Outdoors,209.46,1,209.46
10647,5142,Grocery,44.27,1,44.27
10648,5143,Electronics,393.71,1,393.71
10649,5144,Beauty,69.71,1,69.71
10650,5145,Beauty,56.31,1,56.31
10651,5145,Apparel,75.94,2,151.88
10652,5145,Electronics,741.99,1,741.99
10653,5146,Grocery,18.01,1,18.01
10654,5146,Home & Kitchen,19.55,1,19.55
10655,5147,Home & Kitchen,102.39,1,102.39
10656,5147,Sports & Outdoors,101.01,1,101.01
10657,5147,Books,13.38,1,13.38
10658,5147,Beauty,62.48,1,62.48
10659,5147,Beauty,40.23,1,40.23
10660,5148,Beauty,37.13,1,37.13
10661,5148,Toys & Games,68.76,1,68.76
10662,5148,Home & Kitchen,125.59,2,251.18
10663,5148,Apparel,20.93,1,20.93
10664,5149,Apparel,69.64,2,139.28
10665,5149,Electronics,101.44,1,101.44
10666,5150,Electronics,546.69,2,1093.38
10667,5150,Beauty,56.51,2,113.02
10668,5150,Sports & Outdoors,130.39,1,130.39
10669,5150,Beauty,25.48,1,25.48
10670,5151,Toys & Games,55.83,1,55.83
10671,5152,Electronics,464.68,1,464.68
10672,5152,Beauty,81.93,2,163.86
10673,5152,Apparel,31.34,2,62.68
10674,5153,Apparel,96.45,1,96.45
10675,5154,Books,36.56,1,36.56
10676,5155,Electronics,41.43,3,124.29
10677,5155,Electronics,784.64,3,2353.92
10678,5156,Apparel,92.21,1,92.21
10679,5156,Electronics,474.75,1,474.75
10680,5157,Beauty,82.11,2,164.22
10681,5157,Electronics,184.24,1,184.24
10682,5158,Electronics,681.61,2,1363.22
10683,5159,Home & Kitchen,92.76,3,278.28
10684,5160,Sports & Outdoors,174.0,1,174.0
10685,5160,Toys & Games,29.22,2,58.44
10686,5160,Home & Kitchen,192.08,3,576.24
10687,5161,Home & Kitchen,88.0,1,88.0
10688,5161,Toys & Games,64.08,1,64.08
10689,5161,Beauty,39.78,1,39.78
10690,5161,Apparel,56.48,1,56.48
10691,5162,Sports & Outdoors,34.55,1,34.55
10692,5162,Apparel,23.71,2,47.42
10693,5163,Home & Kitchen,173.59,2,347.18
10694,5163,Electronics,96.2,1,96.2
10695,5164,Sports & Outdoors,152.97,1,152.97
10696,5164,Apparel,68.0,2,136.0
10697,5164,Beauty,68.12,3,204.36
10698,5165,Electronics,271.52,1,271.52
10699,5166,Apparel,17.67,1,17.67
10700,5167,Beauty,68.35,1,68.35
10701,5167,Sports & Outdoors,166.88,1,166.88
10702,5168,Home & Kitchen,229.19,1,229.19
10703,5168,Beauty,18.81,3,56.43
10704,5169,Electronics,839.63,2,1679.26
10705,5170,Electronics,844.58,1,844.58
10706,5170,Apparel,29.51,1,29.51
10707,5170,Sports & Outdoors,30.48,1,30.48
10708,5171,Home & Kitchen,226.42,1,226.42
10709,5171,Electronics,427.66,1,427.66
10710,5171,Home & Kitchen,229.31,1,229.31
10711,5171,Apparel,13.22,1,13.22
10712,5172,Toys & Games,92.06,1,92.06
10713,5172,Grocery,25.4,1,25.4
10714,5172,Beauty,77.01,1,77.01
10715,5173,Grocery,57.25,1,57.25
10716,5174,Electronics,706.16,1,706.16
10717,5174,Grocery,54.96,3,164.88
10718,5175,Books,8.1,3,24.3
10719,5176,Apparel,52.13,1,52.13
10720,5176,Sports & Outdoors,50.81,2,101.62
10721,5176,Apparel,83.57,1,83.57
10722,5177,Apparel,28.6,1,28.6
10723,5177,Grocery,5.36,2,10.72
10724,5177,Sports & Outdoors,53.96,1,53.96
10725,5178,Books,25.59,2,51.18
10726,5179,Sports & Outdoors,202.62,1,202.62
10727,5180,Books,16.42,2,32.84
10728,5181,Apparel,103.97,1,103.97
10729,5181,Books,22.21,1,22.21
10730,5181,Electronics,771.42,1,771.42
10731,5181,Beauty,62.88,1,62.88
10732,5182,Electronics,396.41,1,396.41
10733,5182,Home & Kitchen,299.16,1,299.16
10734,5182,Home & Kitchen,211.03,1,211.03
10735,5182,Apparel,85.56,1,85.56
10736,5183,Sports & Outdoors,52.63,2,105.26
10737,5183,Home & Kitchen,286.24,1,286.24
10738,5183,Apparel,55.12,1,55.12
10739,5183,Apparel,118.51,1,118.51
10740,5184,Toys & Games,10.12,1,10.12
10741,5184,Sports & Outdoors,188.02,1,188.02
10742,5185,Home & Kitchen,39.68,1,39.68
10743,5185,Home & Kitchen,119.58,1,119.58
10744,5185,Toys & Games,44.3,3,132.9
10745,5185,Sports & Outdoors,225.04,1,225.04
10746,5186,Toys & Games,13.85,1,13.85
10747,5186,Grocery,33.54,1,33.54
10748,5187,Sports & Outdoors,149.44,1,149.44
10749,5187,Home & Kitchen,229.32,1,229.32
10750,5188,Toys & Games,104.27,2,208.54
10751,5188,Grocery,24.01,1,24.01
10752,5189,Apparel,101.14,1,101.14
10753,5190,Beauty,27.52,1,27.52
10754,5191,Home & Kitchen,112.1,1,112.1
10755,5191,Home & Kitchen,262.93,3,788.79
10756,5192,Sports & Outdoors,18.38,2,36.76
10757,5193,Books,17.53,2,35.06
10758,5193,Apparel,91.26,1,91.26
10759,5194,Apparel,106.99,1,106.99
10760,5195,Toys & Games,109.0,1,109.0
10761,5195,Toys & Games,119.01,1,119.01
10762,5195,Toys & Games,109.21,1,109.21
10763,5195,Home & Kitchen,178.5,1,178.5
10764,5196,Home & Kitchen,236.94,1,236.94
10765,5197,Electronics,233.82,2,467.64
10766,5198,Electronics,180.13,1,180.13
10767,5199,Apparel,148.79,3,446.37
10768,5199,Books,39.86,2,79.72
10769,5199,Beauty,74.34,1,74.34
10770,5199,Toys & Games,112.78,2,225.56
10771,5200,Home & Kitchen,81.46,2,162.92
10772,5200,Apparel,22.75,1,22.75
10773,5200,Electronics,279.89,1,279.89
10774,5201,Sports & Outdoors,42.06,1,42.06
10775,5202,Grocery,8.59,1,8.59
10776,5203,Grocery,56.09,1,56.09
10777,5203,Home & Kitchen,71.55,3,214.65
10778,5204,Apparel,111.08,1,111.08
10779,5205,Electronics,190.06,2,380.12
10780,5205,Beauty,74.1,1,74.1
10781,5205,Home & Kitchen,122.61,1,122.61
10782,5206,Electronics,132.74,1,132.74
10783,5207,Toys & Games,90.34,1,90.34
10784,5208,Apparel,130.62,1,130.62
10785,5208,Apparel,13.75,1,13.75
10786,5209,Home & Kitchen,27.23,2,54.46
10787,5210,Apparel,47.29,3,141.87
10788,5211,Sports & Outdoors,164.26,1,164.26
10789,5211,Apparel,72.09,1,72.09
10790,5212,Grocery,28.44,1,28.44
10791,5213,Apparel,56.99,2,113.98
10792,5214,Toys & Games,44.95,1,44.95
10793,5215,Apparel,89.62,2,179.24
10794,5216,Apparel,137.02,1,137.02
10795,5217,Electronics,661.11,1,661.11
10796,5218,Sports & Outdoors,129.14,1,129.14
10797,5219,Apparel,49.6,2,99.2
10798,5219,Books,36.94,2,73.88
10799,5219,Toys & Games,87.88,1,87.88
10800,5220,Books,31.01,1,31.01
10801,5221,Grocery,8.6,1,8.6
10802,5221,Electronics,297.89,2,595.78
10803,5221,Grocery,33.48,1,33.48
10804,5222,Home & Kitchen,182.91,2,365.82
10805,5222,Grocery,56.58,1,56.58
10806,5222,Electronics,309.17,1,309.17
10807,5223,Electronics,167.03,3,501.09
10808,5223,Apparel,99.55,1,99.55
10809,5223,Apparel,80.8,1,80.8
10810,5224,Electronics,628.96,1,628.96
10811,5224,Electronics,549.67,3,1649.01
10812,5225,Beauty,71.25,3,213.75
10813,5226,Grocery,5.29,2,10.58
10814,5226,Toys & Games,23.34,1,23.34
10815,5227,Toys & Games,111.91,1,111.91
10816,5228,Apparel,130.27,1,130.27
10817,5229,Beauty,38.95,1,38.95
10818,5229,Electronics,307.12,1,307.12
10819,5229,Home & Kitchen,41.0,1,41.0
10820,5230,Home & Kitchen,240.55,1,240.55
10821,5231,Books,11.69,3,35.07
10822,5232,Home & Kitchen,283.08,1,283.08
10823,5233,Home & Kitchen,275.49,1,275.49
10824,5233,Home & Kitchen,217.38,3,652.14
10825,5233,Apparel,131.36,1,131.36
10826,5233,Apparel,19.66,1,19.66
10827,5233,Toys & Games,18.66,1,18.66
10828,5234,Home & Kitchen,251.65,1,251.65
10829,5234,Toys & Games,89.13,2,178.26
10830,5234,Electronics,43.29,3,129.87
10831,5235,Electronics,154.09,1,154.09
10832,5236,Apparel,117.12,1,117.12
10833,5237,Electronics,579.69,3,1739.07
10834,5237,Apparel,92.79,1,92.79
10835,5237,Toys & Games,105.44,1,105.44
10836,5238,Electronics,214.36,2,428.72
10837,5238,Beauty,88.91,1,88.91
10838,5238,Electronics,611.65,1,611.65
10839,5239,Home & Kitchen,262.47,2,524.94
10840,5240,Electronics,855.97,2,1711.94
10841,5241,Electronics,574.16,1,574.16
10842,5242,Electronics,434.93,2,869.86
10843,5242,Apparel,56.6,1,56.6
10844,5242,Sports & Outdoors,164.36,1,164.36
10845,5243,Apparel,80.27,1,80.27
10846,5243,Electronics,323.32,3,969.96
10847,5243,Electronics,518.02,3,1554.06
10848,5244,Beauty,52.0,3,156.0
10849,5244,Electronics,272.61,1,272.61
10850,5244,Electronics,347.21,1,347.21
10851,5245,Sports & Outdoors,166.3,1,166.3
10852,5246,Apparel,39.03,2,78.06
10853,5247,Home & Kitchen,27.64,1,27.64
10854,5248,Electronics,519.95,2,1039.9
10855,5249,Home & Kitchen,29.05,1,29.05
10856,5250,Grocery,7.39,1,7.39
10857,5250,Electronics,357.54,2,715.08
10858,5251,Books,15.97,1,15.97
10859,5252,Apparel,45.51,1,45.51
10860,5252,Electronics,241.35,1,241.35
10861,5253,Books,29.79,1,29.79
10862,5253,Apparel,51.45,1,51.45
10863,5254,Beauty,53.65,1,53.65
10864,5254,Grocery,53.65,1,53.65
10865,5255,Books,44.14,2,88.28
10866,5255,Electronics,509.9,1,509.9
10867,5255,Apparel,77.62,3,232.86
10868,5256,Toys & Games,42.03,1,42.03
10869,5257,Toys & Games,73.89,3,221.67
10870,5257,Home & Kitchen,228.71,1,228.71
10871,5257,Electronics,515.4,1,515.4
10872,5258,Sports & Outdoors,136.8,1,136.8
10873,5258,Apparel,108.61,2,217.22
10874,5259,Home & Kitchen,117.58,2,235.16
10875,5259,Home & Kitchen,242.71,1,242.71
10876,5260,Sports & Outdoors,144.66,1,144.66
10877,5260,Apparel,86.61,1,86.61
10878,5260,Toys & Games,73.19,1,73.19
10879,5261,Electronics,655.91,1,655.91
10880,5262,Apparel,81.56,1,81.56
10881,5262,Electronics,388.27,1,388.27
10882,5262,Electronics,799.65,1,799.65
10883,5262,Books,8.97,1,8.97
10884,5262,Grocery,10.89,2,21.78
10885,5263,Toys & Games,109.38,1,109.38
10886,5264,Grocery,13.34,1,13.34
10887,5264,Sports & Outdoors,95.22,2,190.44
10888,5264,Books,34.07,1,34.07
10889,5264,Grocery,44.23,3,132.69
10890,5265,Electronics,695.55,2,1391.1
10891,5266,Electronics,369.69,2,739.38
10892,5266,Beauty,26.33,1,26.33
10893,5267,Toys & Games,31.75,1,31.75
10894,5267,Electronics,764.0,1,764.0
10895,5268,Beauty,52.42,1,52.42
10896,5268,Toys & Games,9.26,2,18.52
10897,5268,Electronics,541.09,1,541.09
10898,5268,Apparel,29.76,1,29.76
10899,5269,Sports & Outdoors,28.05,1,28.05
10900,5269,Toys & Games,114.92,2,229.84
10901,5269,Apparel,46.66,2,93.32
10902,5269,Books,24.97,1,24.97
10903,5269,Sports & Outdoors,151.71,1,151.71
10904,5270,Electronics,497.37,2,994.74
10905,5270,Books,9.33,1,9.33
10906,5271,Home & Kitchen,138.45,1,138.45
10907,5271,Toys & Games,49.45,1,49.45
10908,5272,Toys & Games,111.58,1,111.58
10909,5273,Grocery,50.72,1,50.72
10910,5273,Electronics,69.16,1,69.16
10911,5274,Books,13.93,2,27.86
10912,5274,Grocery,50.77,1,50.77
10913,5274,Apparel,115.21,2,230.42
10914,5274,Apparel,42.94,1,42.94
10915,5274,Toys & Games,10.32,3,30.96
10916,5275,Apparel,89.97,2,179.94
10917,5276,Electronics,357.78,1,357.78
10918,5276,Toys & Games,77.71,1,77.71
10919,5276,Electronics,125.14,2,250.28
10920,5276,Beauty,24.32,1,24.32
10921,5276,Grocery,9.81,3,29.43
10922,5277,Beauty,71.5,1,71.5
10923,5277,Sports & Outdoors,163.82,1,163.82
10924,5277,Sports & Outdoors,172.92,1,172.92
10925,5278,Books,39.52,2,79.04
10926,5278,Electronics,396.65,1,396.65
10927,5278,Electronics,712.09,1,712.09
10928,5278,Electronics,389.24,3,1167.72
10929,5279,Grocery,39.55,1,39.55
10930,5280,Electronics,81.54,1,81.54
10931,5280,Home & Kitchen,68.65,1,68.65
10932,5281,Beauty,23.45,1,23.45
10933,5281,Sports & Outdoors,18.2,1,18.2
10934,5281,Apparel,30.66,2,61.32
10935,5282,Electronics,855.91,1,855.91
10936,5283,Grocery,18.76,1,18.76
10937,5284,Home & Kitchen,293.04,1,293.04
10938,5284,Grocery,20.37,1,20.37
10939,5285,Beauty,88.78,1,88.78
10940,5286,Home & Kitchen,216.77,1,216.77
10941,5286,Books,16.79,1,16.79
10942,5287,Toys & Games,43.96,2,87.92
10943,5288,Sports & Outdoors,173.68,3,521.04
10944,5289,Apparel,89.06,1,89.06
10945,5290,Electronics,810.37,1,810.37
10946,5290,Electronics,332.7,2,665.4
10947,5290,Sports & Outdoors,69.17,1,69.17
10948,5291,Grocery,43.31,1,43.31
10949,5292,Home & Kitchen,84.15,1,84.15
10950,5292,Books,27.09,2,54.18
10951,5292,Apparel,113.71,1,113.71
10952,5292,Books,23.09,3,69.27
10953,5292,Sports & Outdoors,188.02,1,188.02
10954,5293,Home & Kitchen,128.06,1,128.06
10955,5293,Apparel,49.79,1,49.79
10956,5294,Beauty,45.89,1,45.89
10957,5294,Home & Kitchen,112.32,2,224.64
10958,5294,Apparel,50.64,1,50.64
10959,5294,Toys & Games,84.17,1,84.17
10960,5294,Toys & Games,94.16,1,94.16
10961,5295,Beauty,64.37,1,64.37
10962,5295,Apparel,58.34,1,58.34
10963,5295,Apparel,65.41,1,65.41
10964,5295,Home & Kitchen,154.16,2,308.32
10965,5296,Sports & Outdoors,186.67,2,373.34
10966,5296,Home & Kitchen,68.75,3,206.25
10967,5296,Grocery,16.21,2,32.42
10968,5297,Apparel,110.55,1,110.55
10969,5297,Electronics,781.63,1,781.63
10970,5297,Apparel,20.08,1,20.08
10971,5297,Beauty,24.47,1,24.47
10972,5297,Books,43.25,1,43.25
10973,5298,Beauty,48.29,1,48.29
10974,5298,Home & Kitchen,105.83,1,105.83
10975,5298,Books,42.88,2,85.76
10976,5298,Books,19.96,1,19.96
10977,5299,Electronics,55.82,1,55.82
10978,5300,Books,23.81,2,47.62
10979,5300,Home & Kitchen,23.04,1,23.04
10980,5301,Toys & Games,23.72,1,23.72
10981,5301,Apparel,132.0,1,132.0
10982,5302,Home & Kitchen,28.87,1,28.87
10983,5302,Grocery,51.73,1,51.73
10984,5302,Home & Kitchen,179.13,1,179.13
10985,5303,Electronics,51.23,1,51.23
10986,5304,Electronics,571.58,1,571.58
10987,5305,Home & Kitchen,232.03,2,464.06
10988,5306,Beauty,71.95,1,71.95
10989,5306,Beauty,27.54,2,55.08
10990,5307,Apparel,88.37,1,88.37
10991,5308,Sports & Outdoors,14.06,1,14.06
10992,5309,Home & Kitchen,107.1,1,107.1
10993,5309,Electronics,639.38,1,639.38
10994,5309,Electronics,508.03,1,508.03
10995,5310,Apparel,48.8,2,97.6
10996,5311,Electronics,893.43,1,893.43
10997,5311,Toys & Games,19.84,1,19.84
10998,5312,Electronics,486.93,2,973.86
10999,5313,Toys & Games,110.42,2,220.84
11000,5313,Apparel,142.6,1,142.6
11001,5313,Toys & Games,73.08,2,146.16
11002,5313,Grocery,53.04,2,106.08
11003,5313,Apparel,130.67,1,130.67
11004,5314,Home & Kitchen,145.14,1,145.14
11005,5314,Sports & Outdoors,115.01,1,115.01
11006,5314,Apparel,142.27,3,426.81
11007,5315,Toys & Games,52.57,1,52.57
11008,5315,Toys & Games,23.47,1,23.47
11009,5315,Toys & Games,101.69,1,101.69
11010,5315,Grocery,15.38,1,15.38
11011,5316,Beauty,55.92,2,111.84
11012,5317,Electronics,595.48,1,595.48
11013,5317,Apparel,73.38,1,73.38
11014,5317,Beauty,9.26,2,18.52
11015,5317,Apparel,32.75,1,32.75
11016,5317,Home & Kitchen,29.83,2,59.66
11017,5318,Books,15.11,2,30.22
11018,5318,Electronics,141.86,1,141.86
11019,5318,Sports & Outdoors,230.15,3,690.45
11020,5318,Sports & Outdoors,197.97,1,197.97
11021,5319,Home & Kitchen,132.54,1,132.54
11022,5319,Sports & Outdoors,31.13,2,62.26
11023,5319,Books,20.54,3,61.62
11024,5320,Beauty,50.06,2,100.12
11025,5320,Electronics,524.88,1,524.88
11026,5321,Apparel,69.49,1,69.49
11027,5321,Books,30.13,1,30.13
11028,5322,Books,37.95,1,37.95
11029,5322,Apparel,55.7,1,55.7
11030,5323,Books,24.55,2,49.1
11031,5324,Books,9.61,1,9.61
11032,5324,Grocery,13.59,1,13.59
11033,5325,Grocery,58.59,2,117.18
11034,5325,Beauty,32.71,2,65.42
11035,5325,Grocery,59.45,1,59.45
11036,5326,Apparel,66.56,1,66.56
11037,5326,Grocery,58.74,1,58.74
11038,5327,Home & Kitchen,85.46,2,170.92
11039,5327,Apparel,116.4,2,232.8
11040,5328,Toys & Games,52.92,1,52.92
11041,5328,Home & Kitchen,23.44,1,23.44
11042,5329,Books,22.19,1,22.19
11043,5329,Apparel,33.95,1,33.95
11044,5330,Electronics,181.08,1,181.08
11045,5330,Home & Kitchen,199.55,1,199.55
11046,5330,Electronics,842.08,2,1684.16
11047,5331,Grocery,21.76,1,21.76
11048,5331,Apparel,66.08,2,132.16
11049,5331,Home & Kitchen,46.23,1,46.23
11050,5332,Toys & Games,54.9,1,54.9
11051,5332,Home & Kitchen,78.04,1,78.04
11052,5333,Books,27.43,2,54.86
11053,5334,Sports & Outdoors,100.38,1,100.38
11054,5334,Electronics,179.84,1,179.84
11055,5334,Beauty,46.69,2,93.38
11056,5335,Toys & Games,56.11,1,56.11
11057,5335,Books,28.07,1,28.07
11058,5336,Beauty,75.31,1,75.31
11059,5337,Grocery,52.52,1,52.52
11060,5337,Apparel,144.46,3,433.38
11061,5337,Beauty,50.19,1,50.19
11062,5338,Sports & Outdoors,218.63,1,218.63
11063,5339,Books,6.57,1,6.57
11064,5339,Sports & Outdoors,106.33,1,106.33
11065,5340,Sports & Outdoors,112.09,1,112.09
11066,5341,Electronics,475.5,1,475.5
11067,5342,Electronics,494.21,1,494.21
11068,5342,Home & Kitchen,261.85,1,261.85
11069,5343,Toys & Games,58.17,1,58.17
11070,5344,Apparel,61.02,1,61.02
11071,5344,Home & Kitchen,260.96,1,260.96
11072,5344,Electronics,475.64,1,475.64
11073,5344,Apparel,82.96,1,82.96
11074,5345,Grocery,25.92,1,25.92
11075,5346,Home & Kitchen,124.14,3,372.42
11076,5347,Electronics,311.63,1,311.63
11077,5348,Sports & Outdoors,39.14,1,39.14
11078,5348,Grocery,15.21,1,15.21
11079,5348,Apparel,110.51,1,110.51
11080,5348,Electronics,351.14,1,351.14
11081,5349,Books,34.56,1,34.56
11082,5349,Apparel,72.82,1,72.82
11083,5349,Beauty,78.22,2,156.44
11084,5350,Beauty,77.77,1,77.77
11085,5350,Books,18.41,1,18.41
11086,5351,Toys & Games,75.06,1,75.06
11087,5351,Sports & Outdoors,52.45,1,52.45
11088,5351,Apparel,134.06,1,134.06
11089,5351,Electronics,765.31,1,765.31
11090,5352,Toys & Games,40.12,3,120.36
11091,5353,Home & Kitchen,179.21,1,179.21
11092,5354,Beauty,15.97,2,31.94
11093,5354,Sports & Outdoors,141.69,2,283.38
11094,5354,Sports & Outdoors,122.73,1,122.73
11095,5355,Beauty,59.18,2,118.36
11096,5355,Sports & Outdoors,218.65,1,218.65
11097,5356,Toys & Games,109.42,1,109.42
11098,5356,Electronics,604.51,1,604.51
11099,5357,Toys & Games,111.37,2,222.74
11100,5357,Apparel,18.59,1,18.59
11101,5357,Books,13.46,1,13.46
11102,5357,Beauty,18.75,3,56.25
11103,5358,Toys & Games,100.51,1,100.51
11104,5358,Books,36.57,1,36.57
11105,5359,Grocery,44.47,1,44.47
11106,5359,Electronics,717.44,1,717.44
11107,5360,Toys & Games,23.8,1,23.8
11108,5360,Grocery,11.66,1,11.66
11109,5361,Electronics,157.45,3,472.35
11110,5361,Beauty,72.07,1,72.07
11111,5361,Electronics,380.73,1,380.73
11112,5362,Electronics,488.15,1,488.15
11113,5363,Sports & Outdoors,115.05,1,115.05
11114,5363,Home & Kitchen,241.99,1,241.99
11115,5364,Electronics,822.15,1,822.15
11116,5364,Apparel,106.3,1,106.3
11117,5365,Sports & Outdoors,189.48,1,189.48
11118,5365,Apparel,13.74,1,13.74
11119,5366,Sports & Outdoors,191.1,1,191.1
11120,5366,Sports & Outdoors,53.2,1,53.2
11121,5366,Beauty,59.55,2,119.1
11122,5367,Apparel,102.88,3,308.64
11123,5367,Sports & Outdoors,242.56,1,242.56
11124,5368,Toys & Games,87.19,1,87.19
11125,5369,Home & Kitchen,72.0,1,72.0
11126,5370,Apparel,72.93,1,72.93
11127,5371,Electronics,348.1,1,348.1
11128,5371,Beauty,35.18,2,70.36
11129,5372,Books,27.62,1,27.62
11130,5373,Electronics,684.37,1,684.37
11131,5373,Apparel,23.86,1,23.86
11132,5373,Electronics,54.98,2,109.96
11133,5373,Electronics,142.0,1,142.0
11134,5373,Books,14.77,1,14.77
11135,5374,Apparel,73.61,1,73.61
11136,5374,Apparel,42.37,1,42.37
11137,5374,Grocery,54.96,1,54.96
11138,5375,Books,31.66,1,31.66
11139,5376,Electronics,528.08,1,528.08
11140,5376,Apparel,126.49,1,126.49
11141,5376,Sports & Outdoors,203.73,1,203.73
11142,5377,Beauty,87.96,1,87.96
11143,5378,Sports & Outdoors,35.58,1,35.58
11144,5378,Sports & Outdoors,96.6,1,96.6
11145,5378,Apparel,87.01,1,87.01
11146,5379,Beauty,63.82,1,63.82
11147,5379,Toys & Games,41.87,1,41.87
11148,5379,Grocery,4.4,1,4.4
11149,5379,Books,24.33,1,24.33
11150,5379,Beauty,50.24,1,50.24
11151,5380,Books,15.17,2,30.34
11152,5381,Electronics,448.15,1,448.15
11153,5382,Toys & Games,119.91,2,239.82
11154,5383,Home & Kitchen,93.96,3,281.88
11155,5383,Sports & Outdoors,194.9,1,194.9
11156,5383,Apparel,81.5,2,163.0
11157,5383,Apparel,40.19,1,40.19
11158,5383,Home & Kitchen,263.8,3,791.4
11159,5384,Apparel,105.38,1,105.38
11160,5385,Beauty,29.76,1,29.76
11161,5385,Apparel,25.4,2,50.8
11162,5386,Apparel,31.98,1,31.98
11163,5387,Apparel,66.61,1,66.61
11164,5388,Grocery,52.31,1,52.31
11165,5388,Electronics,164.91,1,164.91
11166,5389,Home & Kitchen,203.55,1,203.55
11167,5389,Apparel,100.76,2,201.52
11168,5390,Grocery,16.33,1,16.33
11169,5390,Toys & Games,38.24,1,38.24
11170,5390,Beauty,54.59,2,109.18
11171,5390,Beauty,48.09,1,48.09
11172,5391,Sports & Outdoors,165.15,1,165.15
11173,5391,Home & Kitchen,250.42,1,250.42
11174,5392,Home & Kitchen,75.76,1,75.76
11175,5392,Apparel,15.43,1,15.43
11176,5392,Electronics,723.58,2,1447.16
11177,5393,Toys & Games,80.45,1,80.45
11178,5394,Electronics,804.76,1,804.76
11179,5394,Electronics,459.55,1,459.55
11180,5394,Beauty,60.54,3,181.62
11181,5394,Grocery,31.72,1,31.72
11182,5395,Apparel,98.87,3,296.61
11183,5395,Electronics,706.82,1,706.82
11184,5395,Books,11.35,1,11.35
11185,5395,Beauty,70.33,1,70.33
11186,5396,Sports & Outdoors,28.0,2,56.0
11187,5397,Electronics,360.56,1,360.56
11188,5397,Apparel,26.34,1,26.34
11189,5397,Electronics,516.26,1,516.26
11190,5397,Home & Kitchen,95.59,1,95.59
11191,5398,Grocery,45.79,1,45.79
11192,5399,Home & Kitchen,58.43,1,58.43
11193,5399,Home & Kitchen,198.01,1,198.01
11194,5399,Electronics,449.76,1,449.76
11195,5400,Home & Kitchen,188.3,1,188.3
11196,5400,Apparel,33.94,1,33.94
11197,5400,Sports & Outdoors,128.24,2,256.48
11198,5401,Electronics,50.43,1,50.43
11199,5401,Apparel,24.01,1,24.01
11200,5401,Apparel,25.72,1,25.72
11201,5401,Electronics,577.24,1,577.24
11202,5402,Beauty,38.19,1,38.19
11203,5402,Electronics,857.43,1,857.43
11204,5402,Grocery,41.88,1,41.88
11205,5402,Beauty,39.18,1,39.18
11206,5402,Books,24.36,1,24.36
11207,5403,Sports & Outdoors,205.98,1,205.98
11208,5403,Apparel,55.41,3,166.23
11209,5403,Apparel,84.76,1,84.76
11210,5404,Home & Kitchen,176.36,3,529.08
11211,5404,Apparel,115.63,1,115.63
11212,5404,Home & Kitchen,110.66,1,110.66
11213,5404,Grocery,29.05,1,29.05
11214,5405,Electronics,865.27,1,865.27
11215,5405,Apparel,127.01,1,127.01
11216,5406,Beauty,41.96,2,83.92
11217,5407,Apparel,47.39,1,47.39
11218,5408,Books,32.83,2,65.66
11219,5408,Electronics,305.55,1,305.55
11220,5409,Books,17.19,1,17.19
11221,5410,Sports & Outdoors,207.19,2,414.38
11222,5411,Home & Kitchen,106.06,1,106.06
11223,5412,Sports & Outdoors,27.75,2,55.5
11224,5412,Home & Kitchen,83.29,1,83.29
11225,5412,Sports & Outdoors,242.64,1,242.64
11226,5412,Home & Kitchen,82.69,1,82.69
11227,5413,Apparel,29.93,1,29.93
11228,5414,Home & Kitchen,64.28,1,64.28
11229,5415,Apparel,52.84,1,52.84
11230,5416,Home & Kitchen,211.35,1,211.35
11231,5416,Electronics,523.69,2,1047.38
11232,5417,Home & Kitchen,204.34,1,204.34
11233,5418,Home & Kitchen,285.48,1,285.48
11234,5418,Home & Kitchen,68.66,1,68.66
11235,5418,Beauty,82.59,1,82.59
11236,5419,Electronics,407.77,1,407.77
11237,5419,Books,30.35,1,30.35
11238,5419,Home & Kitchen,100.74,1,100.74
11239,5420,Sports & Outdoors,242.37,3,727.11
11240,5420,Electronics,325.76,1,325.76
11241,5421,Electronics,258.67,1,258.67
11242,5421,Home & Kitchen,268.68,1,268.68
11243,5421,Beauty,14.11,2,28.22
11244,5422,Beauty,31.66,2,63.32
11245,5422,Grocery,19.88,1,19.88
11246,5423,Apparel,144.3,2,288.6
11247,5423,Electronics,860.76,1,860.76
11248,5424,Beauty,78.42,2,156.84
11249,5424,Sports & Outdoors,127.69,1,127.69
11250,5424,Electronics,498.22,1,498.22
11251,5424,Apparel,145.46,2,290.92
11252,5425,Grocery,42.57,2,85.14
11253,5426,Beauty,64.4,2,128.8
11254,5426,Apparel,142.5,2,285.0
11255,5427,Beauty,13.4,1,13.4
11256,5428,Beauty,16.74,1,16.74
11257,5428,Apparel,19.5,1,19.5
11258,5429,Electronics,262.77,1,262.77
11259,5430,Toys & Games,41.41,1,41.41
11260,5431,Sports & Outdoors,245.14,1,245.14
11261,5431,Home & Kitchen,78.88,1,78.88
11262,5432,Sports & Outdoors,96.62,2,193.24
11263,5433,Home & Kitchen,192.84,1,192.84
11264,5433,Home & Kitchen,237.51,2,475.02
11265,5433,Sports & Outdoors,110.46,1,110.46
11266,5434,Apparel,65.98,1,65.98
11267,5435,Apparel,117.11,1,117.11
11268,5435,Apparel,145.01,2,290.02
11269,5436,Grocery,17.05,2,34.1
11270,5437,Toys & Games,60.77,1,60.77
11271,5437,Toys & Games,97.36,1,97.36
11272,5437,Sports & Outdoors,226.94,1,226.94
11273,5438,Electronics,837.77,1,837.77
11274,5438,Electronics,234.82,3,704.46
11275,5439,Apparel,70.1,2,140.2
11276,5439,Home & Kitchen,218.37,3,655.11
11277,5439,Grocery,29.03,1,29.03
11278,5440,Sports & Outdoors,228.43,1,228.43
11279,5441,Apparel,35.64,1,35.64
11280,5442,Toys & Games,112.05,1,112.05
11281,5442,Sports & Outdoors,42.51,1,42.51
11282,5443,Home & Kitchen,159.85,2,319.7
11283,5444,Toys & Games,37.9,1,37.9
11284,5445,Electronics,74.5,1,74.5
11285,5445,Apparel,51.31,1,51.31
11286,5446,Home & Kitchen,52.87,1,52.87
11287,5446,Home & Kitchen,43.16,1,43.16
11288,5447,Toys & Games,50.53,1,50.53
11289,5447,Books,35.75,1,35.75
11290,5447,Apparel,103.68,1,103.68
11291,5448,Toys & Games,59.09,1,59.09
11292,5448,Apparel,32.77,1,32.77
11293,5448,Toys & Games,68.65,1,68.65
11294,5449,Apparel,27.09,3,81.27
11295,5449,Electronics,726.74,2,1453.48
11296,5450,Sports & Outdoors,126.24,1,126.24
11297,5451,Apparel,110.06,1,110.06
11298,5451,Electronics,248.22,1,248.22
11299,5452,Toys & Games,69.0,1,69.0
11300,5452,Books,14.59,2,29.18
11301,5452,Home & Kitchen,31.38,2,62.76
11302,5453,Apparel,26.32,2,52.64
11303,5453,Beauty,79.34,1,79.34
11304,5453,Beauty,11.48,2,22.96
11305,5453,Electronics,138.57,1,138.57
11306,5454,Books,35.15,1,35.15
11307,5455,Electronics,251.86,2,503.72
11308,5456,Electronics,460.07,3,1380.21
11309,5457,Electronics,296.45,1,296.45
11310,5457,Electronics,420.21,1,420.21
11311,5457,Electronics,870.96,1,870.96
11312,5458,Toys & Games,41.57,3,124.71
11313,5459,Sports & Outdoors,163.99,1,163.99
11314,5459,Electronics,735.66,1,735.66
11315,5460,Toys & Games,96.56,1,96.56
11316,5461,Sports & Outdoors,118.34,1,118.34
11317,5462,Sports & Outdoors,133.9,1,133.9
11318,5463,Grocery,7.88,3,23.64
11319,5463,Electronics,217.48,3,652.44
11320,5464,Grocery,51.75,1,51.75
11321,5464,Electronics,174.2,1,174.2
11322,5465,Apparel,13.86,1,13.86
11323,5466,Home & Kitchen,259.5,1,259.5
11324,5466,Home & Kitchen,99.0,3,297.0
11325,5466,Toys & Games,66.92,1,66.92
11326,5467,Grocery,19.76,2,39.52
11327,5467,Electronics,46.26,1,46.26
11328,5467,Home & Kitchen,148.72,1,148.72
11329,5467,Beauty,9.39,1,9.39
11330,5468,Books,24.03,1,24.03
11331,5468,Apparel,91.93,1,91.93
11332,5469,Apparel,109.66,1,109.66
11333,5470,Apparel,106.9,1,106.9
11334,5470,Beauty,30.74,2,61.48
11335,5470,Electronics,304.44,1,304.44
11336,5470,Beauty,19.33,1,19.33
11337,5471,Home & Kitchen,159.36,1,159.36
11338,5472,Beauty,13.32,2,26.64
11339,5473,Electronics,179.47,3,538.41
11340,5473,Apparel,12.98,2,25.96
11341,5473,Toys & Games,91.37,3,274.11
11342,5473,Apparel,101.05,2,202.1
11343,5474,Electronics,385.39,1,385.39
11344,5475,Apparel,104.44,1,104.44
11345,5476,Toys & Games,46.95,3,140.85
11346,5476,Electronics,62.52,1,62.52
11347,5476,Books,14.62,1,14.62
11348,5476,Toys & Games,118.47,1,118.47
11349,5476,Grocery,50.63,1,50.63
11350,5477,Sports & Outdoors,131.24,3,393.72
11351,5477,Books,6.33,1,6.33
11352,5477,Beauty,19.34,1,19.34
11353,5478,Sports & Outdoors,177.41,2,354.82
11354,5478,Toys & Games,72.31,1,72.31
11355,5479,Books,24.96,1,24.96
11356,5479,Sports & Outdoors,152.76,2,305.52
11357,5479,Apparel,104.93,1,104.93
11358,5479,Electronics,847.07,1,847.07
11359,5479,Books,39.9,3,119.7
11360,5480,Electronics,704.95,1,704.95
11361,5480,Apparel,109.6,1,109.6
11362,5481,Books,21.48,1,21.48
11363,5481,Sports & Outdoors,226.89,1,226.89
11364,5481,Electronics,146.94,1,146.94
11365,5481,Home & Kitchen,97.81,1,97.81
11366,5481,Grocery,8.31,2,16.62
11367,5482,Electronics,752.0,1,752.0
11368,5482,Toys & Games,17.18,1,17.18
11369,5483,Electronics,175.75,1,175.75
11370,5483,Electronics,456.74,1,456.74
11371,5483,Beauty,64.48,1,64.48
11372,5484,Apparel,107.29,1,107.29
11373,5485,Grocery,57.2,2,114.4
11374,5486,Apparel,74.27,1,74.27
11375,5486,Electronics,563.64,1,563.64
11376,5486,Home & Kitchen,50.58,1,50.58
11377,5487,Apparel,84.19,3,252.57
11378,5488,Home & Kitchen,125.58,1,125.58
11379,5488,Home & Kitchen,28.69,1,28.69
11380,5488,Apparel,129.77,1,129.77
11381,5489,Electronics,315.48,1,315.48
11382,5489,Electronics,587.46,1,587.46
11383,5489,Beauty,65.95,2,131.9
11384,5490,Books,10.06,1,10.06
11385,5490,Home & Kitchen,136.97,1,136.97
11386,5490,Electronics,899.51,1,899.51
11387,5490,Beauty,42.87,1,42.87
11388,5490,Sports & Outdoors,92.92,1,92.92
11389,5491,Sports & Outdoors,14.82,1,14.82
11390,5491,Home & Kitchen,81.74,1,81.74
11391,5491,Toys & Games,90.66,1,90.66
11392,5492,Sports & Outdoors,216.59,1,216.59
11393,5492,Electronics,264.78,1,264.78
11394,5493,Beauty,20.16,2,40.32
11395,5493,Sports & Outdoors,30.36,1,30.36
11396,5494,Books,13.77,1,13.77
11397,5495,Home & Kitchen,91.65,1,91.65
11398,5495,Electronics,282.07,1,282.07
11399,5496,Electronics,488.32,1,488.32
11400,5497,Electronics,385.49,1,385.49
11401,5498,Apparel,110.91,1,110.91
11402,5499,Apparel,23.16,1,23.16
11403,5500,Sports & Outdoors,175.62,1,175.62
11404,5501,Home & Kitchen,78.37,1,78.37
11405,5501,Beauty,27.23,1,27.23
11406,5502,Electronics,455.62,1,455.62
11407,5503,Electronics,358.9,1,358.9
11408,5503,Sports & Outdoors,104.19,1,104.19
11409,5503,Apparel,120.94,1,120.94
11410,5503,Electronics,702.39,1,702.39
11411,5504,Grocery,8.94,2,17.88
11412,5504,Grocery,19.51,1,19.51
11413,5505,Electronics,310.14,1,310.14
11414,5506,Apparel,88.01,1,88.01
11415,5506,Electronics,831.06,1,831.06
11416,5507,Home & Kitchen,204.47,1,204.47
11417,5507,Electronics,264.28,1,264.28
11418,5507,Toys & Games,15.65,1,15.65
11419,5508,Electronics,619.78,1,619.78
11420,5509,Sports & Outdoors,39.87,1,39.87
11421,5509,Grocery,57.41,1,57.41
11422,5510,Sports & Outdoors,27.06,1,27.06
11423,5511,Books,22.2,1,22.2
11424,5511,Home & Kitchen,200.33,3,600.99
11425,5511,Sports & Outdoors,207.44,1,207.44
11426,5512,Apparel,87.06,2,174.12
11427,5513,Home & Kitchen,165.7,1,165.7
11428,5514,Electronics,429.93,1,429.93
11429,5515,Books,31.11,1,31.11
11430,5515,Apparel,90.51,1,90.51
11431,5515,Apparel,33.43,2,66.86
11432,5516,Sports & Outdoors,77.1,1,77.1
11433,5516,Home & Kitchen,136.61,2,273.22
11434,5517,Books,37.69,1,37.69
11435,5517,Electronics,230.74,1,230.74
11436,5517,Home & Kitchen,154.23,2,308.46
11437,5518,Electronics,492.91,1,492.91
11438,5519,Home & Kitchen,279.66,1,279.66
11439,5519,Grocery,46.64,1,46.64
11440,5519,Apparel,98.57,2,197.14
11441,5520,Apparel,112.02,1,112.02
11442,5521,Toys & Games,37.69,1,37.69
11443,5521,Grocery,17.02,1,17.02
11444,5521,Electronics,287.59,2,575.18
11445,5521,Beauty,15.54,3,46.62
11446,5521,Beauty,42.17,2,84.34
11447,5522,Apparel,148.59,1,148.59
11448,5522,Home & Kitchen,57.04,1,57.04
11449,5523,Sports & Outdoors,174.3,1,174.3
11450,5523,Electronics,428.79,1,428.79
11451,5523,Books,26.75,1,26.75
11452,5524,Electronics,409.76,1,409.76
11453,5525,Home & Kitchen,266.66,1,266.66
11454,5525,Books,44.94,1,44.94
11455,5526,Grocery,45.45,3,136.35
11456,5526,Home & Kitchen,270.95,2,541.9
11457,5526,Apparel,82.23,1,82.23
11458,5527,Electronics,874.06,1,874.06
11459,5527,Electronics,826.8,3,2480.4
11460,5527,Toys & Games,77.58,1,77.58
11461,5527,Apparel,145.25,1,145.25
11462,5528,Electronics,242.59,2,485.18
11463,5529,Home & Kitchen,49.28,1,49.28
11464,5529,Home & Kitchen,115.88,1,115.88
11465,5529,Apparel,113.98,3,341.94
11466,5530,Beauty,73.1,1,73.1
11467,5531,Apparel,40.43,2,80.86
11468,5531,Beauty,41.34,2,82.68
11469,5532,Apparel,26.97,1,26.97
11470,5532,Apparel,58.33,1,58.33
11471,5533,Sports & Outdoors,221.07,1,221.07
11472,5534,Apparel,39.83,1,39.83
11473,5534,Electronics,895.41,3,2686.23
11474,5535,Home & Kitchen,252.38,1,252.38
11475,5535,Apparel,140.17,1,140.17
11476,5536,Apparel,134.72,1,134.72
11477,5537,Home & Kitchen,42.82,2,85.64
11478,5537,Apparel,61.68,1,61.68
11479,5538,Home & Kitchen,139.0,2,278.0
11480,5539,Home & Kitchen,286.52,1,286.52
11481,5539,Apparel,109.56,1,109.56
11482,5539,Home & Kitchen,123.44,1,123.44
11483,5539,Apparel,66.99,1,66.99
11484,5539,Electronics,555.88,1,555.88
11485,5540,Electronics,695.65,2,1391.3
11486,5541,Electronics,895.95,1,895.95
11487,5541,Home & Kitchen,46.99,1,46.99
11488,5542,Electronics,186.61,1,186.61
11489,5542,Sports & Outdoors,53.1,1,53.1
11490,5542,Home & Kitchen,182.89,1,182.89
11491,5543,Home & Kitchen,52.15,2,104.3
11492,5543,Apparel,137.64,1,137.64
11493,5544,Books,38.5,2,77.0
11494,5544,Apparel,117.61,1,117.61
11495,5545,Books,7.76,1,7.76
11496,5545,Beauty,43.94,3,131.82
11497,5545,Beauty,84.18,1,84.18
11498,5545,Toys & Games,68.16,1,68.16
11499,5546,Books,44.94,1,44.94
11500,5547,Apparel,123.58,2,247.16
11501,5547,Grocery,11.23,1,11.23
11502,5547,Apparel,102.76,2,205.52
11503,5547,Electronics,587.81,1,587.81
11504,5547,Electronics,244.3,1,244.3
11505,5548,Toys & Games,81.09,1,81.09
11506,5549,Electronics,594.53,2,1189.06
11507,5550,Apparel,24.16,1,24.16
11508,5550,Grocery,28.33,1,28.33
11509,5550,Books,27.78,1,27.78
11510,5551,Books,31.54,1,31.54
11511,5552,Sports & Outdoors,180.69,1,180.69
11512,5553,Grocery,26.91,1,26.91
11513,5553,Apparel,84.39,2,168.78
11514,5553,Apparel,31.41,2,62.82
11515,5554,Apparel,78.82,1,78.82
11516,5555,Beauty,39.93,1,39.93
11517,5555,Home & Kitchen,186.52,1,186.52
11518,5555,Apparel,148.47,1,148.47
11519,5555,Electronics,464.12,1,464.12
11520,5555,Beauty,86.78,1,86.78
11521,5556,Toys & Games,78.19,2,156.38
11522,5556,Home & Kitchen,76.61,2,153.22
11523,5556,Sports & Outdoors,11.74,1,11.74
11524,5557,Electronics,270.55,2,541.1
11525,5557,Sports & Outdoors,168.54,1,168.54
11526,5557,Home & Kitchen,282.3,1,282.3
11527,5558,Sports & Outdoors,23.2,1,23.2
11528,5559,Home & Kitchen,262.14,1,262.14
11529,5560,Sports & Outdoors,25.07,1,25.07
11530,5560,Grocery,59.36,1,59.36
11531,5561,Electronics,353.95,3,1061.85
11532,5561,Electronics,791.41,1,791.41
11533,5561,Electronics,162.27,1,162.27
11534,5561,Electronics,43.22,2,86.44
11535,5562,Electronics,715.36,2,1430.72
11536,5563,Sports & Outdoors,69.9,3,209.7
11537,5564,Electronics,86.01,1,86.01
11538,5564,Grocery,45.65,1,45.65
11539,5565,Beauty,76.84,1,76.84
11540,5566,Sports & Outdoors,37.16,3,111.48
11541,5566,Sports & Outdoors,13.35,2,26.7
11542,5566,Electronics,292.25,1,292.25
11543,5567,Beauty,33.72,1,33.72
11544,5567,Apparel,13.3,2,26.6
11545,5568,Beauty,48.33,1,48.33
11546,5569,Apparel,98.33,1,98.33
11547,5570,Beauty,85.31,1,85.31
11548,5570,Sports & Outdoors,125.13,1,125.13
11549,5570,Electronics,722.26,2,1444.52
11550,5570,Sports & Outdoors,75.37,2,150.74
11551,5571,Home & Kitchen,42.59,1,42.59
11552,5571,Sports & Outdoors,111.95,1,111.95
11553,5571,Books,30.01,1,30.01
11554,5571,Electronics,257.11,1,257.11
11555,5572,Electronics,630.86,1,630.86
11556,5573,Home & Kitchen,289.8,1,289.8
11557,5574,Sports & Outdoors,183.79,1,183.79
11558,5574,Books,40.83,3,122.49
11559,5574,Beauty,36.55,1,36.55
11560,5575,Beauty,36.58,2,73.16
11561,5576,Toys & Games,111.51,1,111.51
11562,5577,Home & Kitchen,148.97,2,297.94
11563,5577,Home & Kitchen,44.67,1,44.67
11564,5577,Home & Kitchen,143.26,1,143.26
11565,5578,Apparel,113.45,2,226.9
11566,5578,Books,13.47,1,13.47
11567,5578,Electronics,491.78,1,491.78
11568,5579,Home & Kitchen,82.86,1,82.86
11569,5579,Grocery,6.3,1,6.3
11570,5579,Home & Kitchen,185.32,1,185.32
11571,5580,Apparel,51.0,1,51.0
11572,5581,Sports & Outdoors,222.38,1,222.38
11573,5581,Electronics,533.46,1,533.46
11574,5582,Beauty,45.57,1,45.57
11575,5583,Apparel,113.9,3,341.7
11576,5584,Books,11.96,2,23.92
11577,5584,Home & Kitchen,127.58,2,255.16
11578,5584,Home & Kitchen,35.65,1,35.65
11579,5584,Toys & Games,74.3,2,148.6
11580,5585,Electronics,585.6,1,585.6
11581,5586,Home & Kitchen,203.42,1,203.42
11582,5587,Apparel,28.46,1,28.46
11583,5588,Apparel,40.58,1,40.58
11584,5588,Electronics,265.58,1,265.58
11585,5589,Beauty,89.89,1,89.89
11586,5590,Electronics,836.24,1,836.24
11587,5591,Electronics,800.71,1,800.71
11588,5591,Toys & Games,36.8,1,36.8
11589,5592,Beauty,24.43,1,24.43
11590,5592,Books,26.52,1,26.52
11591,5593,Beauty,74.75,1,74.75
11592,5594,Sports & Outdoors,102.63,1,102.63
11593,5594,Electronics,597.22,1,597.22
11594,5594,Electronics,279.65,1,279.65
11595,5594,Books,18.28,1,18.28
11596,5595,Sports & Outdoors,193.5,3,580.5
11597,5595,Beauty,69.94,1,69.94
11598,5596,Beauty,54.83,2,109.66
11599,5596,Books,37.27,1,37.27
11600,5597,Electronics,381.44,1,381.44
11601,5597,Apparel,30.24,1,30.24
11602,5598,Sports & Outdoors,39.03,3,117.09
11603,5598,Home & Kitchen,167.65,1,167.65
11604,5598,Beauty,75.48,1,75.48
11605,5599,Home & Kitchen,78.47,1,78.47
11606,5599,Electronics,646.66,1,646.66
11607,5600,Electronics,505.15,3,1515.45
11608,5601,Toys & Games,46.69,2,93.38
11609,5601,Beauty,68.1,1,68.1
11610,5601,Electronics,347.45,2,694.9
11611,5602,Sports & Outdoors,212.55,1,212.55
11612,5603,Electronics,673.99,1,673.99
11613,5603,Beauty,12.96,1,12.96
11614,5604,Toys & Games,52.89,1,52.89
11615,5604,Home & Kitchen,174.25,2,348.5
11616,5605,Sports & Outdoors,125.56,2,251.12
11617,5605,Electronics,658.0,1,658.0
11618,5606,Apparel,40.58,2,81.16
11619,5606,Beauty,23.17,1,23.17
11620,5606,Toys & Games,18.0,1,18.0
11621,5606,Beauty,17.43,2,34.86
11622,5607,Electronics,735.33,1,735.33
11623,5607,Home & Kitchen,197.59,1,197.59
11624,5608,Apparel,89.34,3,268.02
11625,5609,Home & Kitchen,129.13,1,129.13
11626,5609,Sports & Outdoors,207.15,1,207.15
11627,5610,Books,6.74,2,13.48
11628,5610,Toys & Games,102.23,2,204.46
11629,5611,Sports & Outdoors,217.41,1,217.41
11630,5612,Grocery,27.36,1,27.36
11631,5612,Beauty,36.53,1,36.53
11632,5612,Home & Kitchen,84.57,1,84.57
11633,5613,Beauty,81.53,2,163.06
11634,5613,Sports & Outdoors,51.96,2,103.92
11635,5614,Sports & Outdoors,243.51,1,243.51
11636,5614,Toys & Games,23.9,1,23.9
11637,5615,Sports & Outdoors,177.95,1,177.95
11638,5615,Home & Kitchen,121.31,1,121.31
11639,5615,Grocery,49.68,1,49.68
11640,5616,Sports & Outdoors,68.78,1,68.78
11641,5617,Electronics,648.08,1,648.08
11642,5617,Apparel,104.06,1,104.06
11643,5617,Apparel,81.6,2,163.2
11644,5618,Books,15.51,1,15.51
11645,5618,Home & Kitchen,294.61,1,294.61
11646,5619,Books,18.44,3,55.32
11647,5619,Home & Kitchen,279.56,2,559.12
11648,5620,Electronics,775.98,1,775.98
11649,5621,Grocery,27.41,1,27.41
11650,5621,Beauty,39.31,1,39.31
11651,5622,Home & Kitchen,135.37,1,135.37
11652,5623,Electronics,302.61,1,302.61
11653,5623,Sports & Outdoors,46.16,1,46.16
11654,5624,Sports & Outdoors,203.09,1,203.09
11655,5624,Apparel,144.68,1,144.68
11656,5625,Beauty,86.03,3,258.09
11657,5625,Beauty,55.88,1,55.88
11658,5626,Sports & Outdoors,39.02,3,117.06
11659,5626,Home & Kitchen,110.21,1,110.21
11660,5627,Home & Kitchen,177.08,1,177.08
11661,5628,Toys & Games,72.78,1,72.78
11662,5628,Beauty,28.34,3,85.02
11663,5629,Beauty,83.16,1,83.16
11664,5629,Apparel,36.11,2,72.22
11665,5630,Sports & Outdoors,111.66,1,111.66
11666,5630,Apparel,59.05,1,59.05
11667,5630,Beauty,12.19,1,12.19
11668,5631,Grocery,5.5,1,5.5
11669,5631,Electronics,268.6,1,268.6
11670,5632,Beauty,62.37,2,124.74
11671,5632,Sports & Outdoors,239.75,1,239.75
11672,5633,Sports & Outdoors,179.5,1,179.5
11673,5633,Home & Kitchen,24.31,1,24.31
11674,5633,Home & Kitchen,92.62,1,92.62
11675,5634,Electronics,310.61,1,310.61
11676,5634,Sports & Outdoors,48.28,1,48.28
11677,5635,Books,17.87,3,53.61
11678,5636,Home & Kitchen,85.77,3,257.31
11679,5637,Books,15.59,1,15.59
11680,5638,Grocery,48.01,1,48.01
11681,5638,Electronics,74.43,1,74.43
11682,5639,Books,40.07,1,40.07
11683,5639,Beauty,20.22,1,20.22
11684,5639,Books,17.71,1,17.71
11685,5639,Apparel,123.91,1,123.91
11686,5639,Beauty,55.29,1,55.29
11687,5640,Home & Kitchen,68.34,1,68.34
11688,5640,Sports & Outdoors,40.04,1,40.04
11689,5640,Electronics,680.17,1,680.17
11690,5640,Toys & Games,65.73,3,197.19
11691,5640,Home & Kitchen,287.41,3,862.23
11692,5641,Beauty,17.24,2,34.48
11693,5642,Electronics,676.45,2,1352.9
11694,5642,Beauty,36.85,1,36.85
11695,5642,Books,10.17,3,30.51
11696,5643,Apparel,136.03,2,272.06
11697,5643,Books,36.36,2,72.72
11698,5644,Apparel,18.26,2,36.52
11699,5644,Sports & Outdoors,43.93,3,131.79
11700,5644,Grocery,44.5,1,44.5
11701,5645,Electronics,216.64,1,216.64
11702,5645,Apparel,48.58,3,145.74
11703,5645,Grocery,38.74,1,38.74
11704,5646,Electronics,755.25,1,755.25
11705,5646,Home & Kitchen,57.74,1,57.74
11706,5647,Grocery,6.46,2,12.92
11707,5647,Electronics,851.44,2,1702.88
11708,5647,Home & Kitchen,161.09,1,161.09
11709,5648,Sports & Outdoors,189.23,2,378.46
11710,5649,Apparel,59.27,1,59.27
11711,5649,Apparel,107.84,2,215.68
11712,5650,Grocery,52.06,1,52.06
11713,5650,Home & Kitchen,150.77,1,150.77
11714,5651,Toys & Games,55.83,2,111.66
11715,5651,Electronics,106.67,2,213.34
11716,5652,Home & Kitchen,271.82,1,271.82
11717,5652,Electronics,762.94,1,762.94
11718,5652,Electronics,204.27,1,204.27
11719,5652,Home & Kitchen,61.06,1,61.06
11720,5652,Grocery,44.69,1,44.69
11721,5653,Beauty,15.25,1,15.25
11722,5653,Toys & Games,80.99,2,161.98
11723,5654,Electronics,142.59,3,427.77
11724,5654,Beauty,64.01,1,64.01
11725,5655,Electronics,655.63,1,655.63
11726,5655,Electronics,226.67,2,453.34
11727,5655,Apparel,91.73,1,91.73
11728,5655,Apparel,134.94,1,134.94
11729,5656,Sports & Outdoors,160.32,1,160.32
11730,5656,Books,35.96,3,107.88
11731,5657,Electronics,115.28,3,345.84
11732,5658,Toys & Games,73.33,1,73.33
11733,5658,Apparel,63.25,1,63.25
11734,5658,Sports & Outdoors,143.24,1,143.24
11735,5658,Books,38.08,1,38.08
11736,5658,Apparel,46.55,1,46.55
11737,5659,Beauty,25.33,1,25.33
11738,5660,Sports & Outdoors,205.31,3,615.93
11739,5660,Beauty,47.56,1,47.56
11740,5661,Apparel,147.03,1,147.03
11741,5661,Home & Kitchen,102.58,1,102.58
11742,5662,Grocery,9.89,2,19.78
11743,5663,Electronics,606.94,1,606.94
11744,5663,Home & Kitchen,81.96,1,81.96
11745,5664,Grocery,20.66,1,20.66
11746,5664,Electronics,439.13,1,439.13
11747,5665,Electronics,586.66,2,1173.32
11748,5665,Electronics,111.68,1,111.68
11749,5666,Electronics,158.85,1,158.85
11750,5666,Electronics,156.22,2,312.44
11751,5666,Apparel,97.9,1,97.9
11752,5666,Electronics,372.04,1,372.04
11753,5667,Beauty,19.38,2,38.76
11754,5668,Electronics,389.79,1,389.79
11755,5668,Apparel,76.12,2,152.24
11756,5668,Apparel,57.09,1,57.09
11757,5669,Apparel,81.4,1,81.4
11758,5670,Electronics,328.54,1,328.54
11759,5671,Sports & Outdoors,17.19,1,17.19
11760,5672,Home & Kitchen,104.78,1,104.78
11761,5672,Beauty,58.46,1,58.46
11762,5673,Home & Kitchen,117.82,1,117.82
11763,5674,Apparel,99.06,1,99.06
11764,5674,Electronics,799.0,1,799.0
11765,5675,Grocery,49.99,1,49.99
11766,5676,Beauty,32.71,3,98.13
11767,5676,Apparel,138.1,2,276.2
11768,5677,Grocery,46.18,1,46.18
11769,5677,Books,7.62,2,15.24
11770,5677,Apparel,19.82,1,19.82
11771,5678,Books,7.85,2,15.7
11772,5679,Home & Kitchen,240.65,1,240.65
11773,5680,Home & Kitchen,125.25,1,125.25
11774,5680,Electronics,751.74,1,751.74
11775,5680,Electronics,877.62,1,877.62
11776,5680,Beauty,67.25,3,201.75
11777,5681,Books,30.93,3,92.79
11778,5681,Home & Kitchen,75.91,1,75.91
11779,5681,Home & Kitchen,135.47,2,270.94
11780,5682,Apparel,92.87,1,92.87
11781,5682,Sports & Outdoors,237.5,1,237.5
11782,5682,Home & Kitchen,242.74,1,242.74
11783,5682,Electronics,377.29,1,377.29
11784,5683,Grocery,6.62,1,6.62
11785,5684,Books,31.04,1,31.04
11786,5684,Grocery,26.9,3,80.7
11787,5685,Apparel,45.99,2,91.98
11788,5685,Beauty,59.2,1,59.2
11789,5686,Beauty,10.58,1,10.58
11790,5686,Apparel,14.92,1,14.92
11791,5686,Home & Kitchen,266.02,3,798.06
11792,5687,Apparel,27.0,1,27.0
11793,5687,Electronics,410.62,1,410.62
11794,5687,Books,32.99,2,65.98
11795,5688,Home & Kitchen,285.72,1,285.72
11796,5689,Apparel,44.29,2,88.58
11797,5689,Books,15.7,1,15.7
11798,5689,Home & Kitchen,161.28,2,322.56
11799,5690,Toys & Games,88.22,1,88.22
11800,5691,Beauty,34.98,2,69.96
11801,5692,Toys & Games,70.65,1,70.65
11802,5693,Electronics,84.6,3,253.8
11803,5694,Home & Kitchen,125.05,2,250.1
11804,5695,Beauty,89.01,2,178.02
11805,5696,Apparel,45.64,1,45.64
11806,5696,Apparel,15.03,1,15.03
11807,5696,Beauty,77.85,1,77.85
11808,5697,Home & Kitchen,169.04,2,338.08
11809,5697,Home & Kitchen,204.96,1,204.96
11810,5697,Beauty,11.05,1,11.05
11811,5698,Home & Kitchen,81.12,1,81.12
11812,5698,Apparel,75.49,2,150.98
11813,5698,Home & Kitchen,275.76,1,275.76
11814,5699,Home & Kitchen,94.76,1,94.76
11815,5700,Electronics,478.43,1,478.43
11816,5701,Electronics,176.44,1,176.44
11817,5702,Electronics,77.1,2,154.2
11818,5703,Toys & Games,57.98,1,57.98
11819,5703,Books,21.16,2,42.32
11820,5704,Apparel,54.08,1,54.08
11821,5704,Beauty,88.98,1,88.98
11822,5704,Toys & Games,75.14,2,150.28
11823,5705,Toys & Games,116.73,1,116.73
11824,5705,Electronics,287.52,2,575.04
11825,5706,Electronics,168.11,1,168.11
11826,5706,Home & Kitchen,166.33,1,166.33
11827,5707,Beauty,29.79,3,89.37
11828,5707,Electronics,308.89,2,617.78
11829,5707,Grocery,40.12,1,40.12
11830,5707,Home & Kitchen,280.84,2,561.68
11831,5707,Toys & Games,40.91,2,81.82
11832,5708,Beauty,37.34,1,37.34
11833,5709,Electronics,470.85,1,470.85
11834,5710,Electronics,789.04,2,1578.08
11835,5710,Sports & Outdoors,36.64,1,36.64
11836,5710,Electronics,272.46,1,272.46
11837,5710,Electronics,197.42,1,197.42
11838,5711,Electronics,512.77,1,512.77
11839,5712,Sports & Outdoors,112.34,1,112.34
11840,5713,Electronics,624.32,1,624.32
11841,5713,Apparel,148.95,1,148.95
11842,5714,Electronics,525.99,3,1577.97
11843,5714,Toys & Games,24.17,3,72.51
11844,5715,Grocery,20.62,1,20.62
11845,5716,Books,33.76,1,33.76
11846,5717,Electronics,382.22,1,382.22
11847,5717,Beauty,25.65,1,25.65
11848,5718,Apparel,70.59,1,70.59
11849,5718,Home & Kitchen,182.58,1,182.58
11850,5718,Apparel,72.85,1,72.85
11851,5718,Home & Kitchen,72.72,1,72.72
11852,5719,Apparel,68.55,1,68.55
11853,5720,Books,27.74,1,27.74
11854,5721,Beauty,28.5,2,57.0
11855,5722,Electronics,188.44,1,188.44
11856,5722,Apparel,122.94,1,122.94
11857,5722,Grocery,4.72,1,4.72
11858,5723,Books,30.67,1,30.67
11859,5724,Grocery,9.0,2,18.0
11860,5725,Electronics,868.12,2,1736.24
11861,5726,Grocery,25.53,2,51.06
11862,5727,Toys & Games,32.94,1,32.94
11863,5727,Books,38.34,1,38.34
11864,5727,Grocery,53.17,2,106.34
11865,5728,Sports & Outdoors,108.93,1,108.93
11866,5729,Apparel,44.6,1,44.6
11867,5730,Home & Kitchen,124.25,3,372.75
11868,5731,Beauty,79.76,1,79.76
11869,5732,Sports & Outdoors,132.47,1,132.47
11870,5732,Toys & Games,23.22,1,23.22
11871,5733,Apparel,50.07,2,100.14
11872,5733,Apparel,29.07,1,29.07
11873,5734,Beauty,16.34,1,16.34
11874,5735,Electronics,53.32,1,53.32
11875,5736,Home & Kitchen,267.15,1,267.15
11876,5736,Toys & Games,66.12,2,132.24
11877,5737,Electronics,733.53,1,733.53
11878,5738,Electronics,800.21,1,800.21
11879,5738,Home & Kitchen,262.88,1,262.88
11880,5739,Beauty,54.29,2,108.58
11881,5739,Apparel,84.13,1,84.13
11882,5739,Electronics,418.14,2,836.28
11883,5739,Home & Kitchen,143.74,2,287.48
11884,5739,Apparel,79.6,1,79.6
11885,5740,Apparel,45.7,1,45.7
11886,5741,Home & Kitchen,294.6,1,294.6
11887,5741,Home & Kitchen,278.69,1,278.69
11888,5741,Sports & Outdoors,123.61,2,247.22
11889,5742,Grocery,45.19,2,90.38
11890,5742,Apparel,32.79,1,32.79
11891,5742,Beauty,29.63,2,59.26
11892,5742,Apparel,124.5,1,124.5
11893,5743,Beauty,67.98,1,67.98
11894,5743,Home & Kitchen,249.31,1,249.31
11895,5743,Home & Kitchen,266.12,1,266.12
11896,5743,Apparel,144.57,3,433.71
11897,5743,Home & Kitchen,229.4,1,229.4
11898,5744,Grocery,40.8,1,40.8
11899,5744,Electronics,112.71,1,112.71
11900,5744,Books,29.09,1,29.09
11901,5744,Electronics,442.66,2,885.32
11902,5745,Grocery,9.86,1,9.86
11903,5746,Apparel,104.36,1,104.36
11904,5746,Electronics,878.36,1,878.36
11905,5746,Toys & Games,36.02,1,36.02
11906,5746,Home & Kitchen,194.45,1,194.45
11907,5747,Home & Kitchen,24.88,1,24.88
11908,5748,Electronics,344.36,1,344.36
11909,5748,Apparel,65.91,1,65.91
11910,5749,Apparel,124.15,1,124.15
11911,5750,Home & Kitchen,216.75,1,216.75
11912,5751,Home & Kitchen,191.31,1,191.31
11913,5752,Apparel,12.19,1,12.19
11914,5752,Apparel,43.66,1,43.66
11915,5753,Toys & Games,55.47,3,166.41
11916,5754,Electronics,879.5,1,879.5
11917,5754,Sports & Outdoors,141.16,1,141.16
11918,5754,Home & Kitchen,124.33,1,124.33
11919,5755,Sports & Outdoors,133.77,2,267.54
11920,5755,Apparel,49.7,1,49.7
11921,5755,Beauty,8.01,2,16.02
11922,5756,Books,19.16,1,19.16
11923,5757,Toys & Games,71.67,1,71.67
11924,5758,Books,10.87,1,10.87
11925,5759,Grocery,39.55,1,39.55
11926,5760,Grocery,22.9,2,45.8
11927,5761,Beauty,83.9,1,83.9
11928,5762,Electronics,839.08,1,839.08
11929,5762,Apparel,59.38,1,59.38
11930,5763,Sports & Outdoors,183.83,1,183.83
11931,5764,Beauty,80.06,3,240.18
11932,5765,Beauty,77.66,2,155.32
11933,5765,Home & Kitchen,152.52,2,305.04
11934,5766,Books,28.6,1,28.6
11935,5766,Toys & Games,63.26,3,189.78
11936,5767,Apparel,139.19,1,139.19
11937,5768,Grocery,10.33,2,20.66
11938,5769,Apparel,37.55,1,37.55
11939,5770,Electronics,752.4,1,752.4
11940,5771,Home & Kitchen,279.75,2,559.5
11941,5772,Apparel,133.79,1,133.79
11942,5773,Beauty,30.46,1,30.46
11943,5774,Grocery,43.98,2,87.96
11944,5775,Toys & Games,88.23,2,176.46
11945,5775,Sports & Outdoors,83.88,1,83.88
11946,5775,Sports & Outdoors,227.35,3,682.05
11947,5775,Electronics,587.68,1,587.68
11948,5776,Apparel,36.74,1,36.74
11949,5776,Apparel,19.69,2,39.38
11950,5776,Apparel,148.96,1,148.96
11951,5776,Beauty,21.21,1,21.21
11952,5777,Sports & Outdoors,28.44,1,28.44
11953,5777,Electronics,788.06,1,788.06
11954,5777,Apparel,99.18,2,198.36
11955,5778,Apparel,61.94,2,123.88
11956,5778,Sports & Outdoors,87.19,1,87.19
11957,5778,Grocery,12.12,1,12.12
11958,5778,Home & Kitchen,104.33,1,104.33
11959,5778,Home & Kitchen,240.06,1,240.06
11960,5779,Sports & Outdoors,227.39,1,227.39
11961,5780,Electronics,132.87,1,132.87
11962,5780,Home & Kitchen,263.35,1,263.35
11963,5781,Beauty,10.77,1,10.77
11964,5782,Apparel,73.64,1,73.64
11965,5782,Beauty,77.22,1,77.22
11966,5782,Home & Kitchen,86.03,1,86.03
11967,5782,Home & Kitchen,171.35,1,171.35
11968,5783,Toys & Games,105.53,1,105.53
11969,5784,Toys & Games,110.84,1,110.84
11970,5784,Beauty,18.65,1,18.65
11971,5785,Toys & Games,78.2,1,78.2
11972,5785,Toys & Games,105.8,1,105.8
11973,5786,Grocery,13.21,1,13.21
11974,5787,Books,18.43,1,18.43
11975,5788,Toys & Games,15.68,1,15.68
11976,5788,Apparel,26.04,2,52.08
11977,5789,Home & Kitchen,213.22,1,213.22
11978,5789,Home & Kitchen,191.07,3,573.21
11979,5790,Home & Kitchen,224.09,2,448.18
11980,5791,Sports & Outdoors,69.89,1,69.89
11981,5791,Home & Kitchen,84.8,2,169.6
11982,5791,Beauty,78.72,1,78.72
11983,5792,Apparel,39.88,2,79.76
11984,5792,Apparel,143.57,2,287.14
11985,5792,Apparel,148.14,1,148.14
11986,5793,Electronics,278.75,1,278.75
11987,5794,Grocery,16.61,1,16.61
11988,5794,Beauty,37.14,1,37.14
11989,5795,Home & Kitchen,245.6,1,245.6
11990,5796,Electronics,233.85,1,233.85
11991,5796,Electronics,152.42,1,152.42
11992,5797,Electronics,505.81,1,505.81
11993,5797,Electronics,869.33,1,869.33
11994,5798,Electronics,503.82,1,503.82
11995,5798,Electronics,817.25,1,817.25
11996,5799,Books,16.48,1,16.48
11997,5799,Electronics,119.55,1,119.55
11998,5799,Electronics,311.61,3,934.83
11999,5799,Beauty,55.61,1,55.61
12000,5800,Electronics,620.38,1,620.38
12001,5800,Sports & Outdoors,210.33,1,210.33
12002,5800,Beauty,48.91,1,48.91
12003,5801,Toys & Games,85.69,1,85.69
12004,5801,Books,9.28,1,9.28
12005,5801,Electronics,134.87,1,134.87
12006,5802,Electronics,852.96,2,1705.92
12007,5803,Electronics,273.4,3,820.2
12008,5803,Apparel,147.16,1,147.16
12009,5804,Home & Kitchen,241.49,1,241.49
12010,5805,Toys & Games,92.66,1,92.66
12011,5805,Home & Kitchen,264.36,2,528.72
12012,5806,Electronics,899.68,1,899.68
12013,5807,Electronics,224.14,1,224.14
12014,5808,Sports & Outdoors,249.08,1,249.08
12015,5809,Grocery,30.77,3,92.31
12016,5810,Sports & Outdoors,188.28,1,188.28
12017,5810,Sports & Outdoors,92.67,1,92.67
12018,5810,Books,37.26,1,37.26
12019,5811,Electronics,478.03,1,478.03
12020,5812,Beauty,32.58,1,32.58
12021,5813,Electronics,109.04,3,327.12
12022,5814,Beauty,41.29,1,41.29
12023,5814,Electronics,309.31,1,309.31
12024,5814,Beauty,25.77,3,77.31
12025,5814,Toys & Games,72.96,3,218.88
12026,5815,Home & Kitchen,89.9,2,179.8
12027,5816,Grocery,5.57,1,5.57
12028,5817,Electronics,401.11,1,401.11
12029,5817,Sports & Outdoors,241.58,1,241.58
12030,5817,Toys & Games,16.08,2,32.16
12031,5818,Home & Kitchen,48.42,3,145.26
12032,5818,Home & Kitchen,165.43,3,496.29
12033,5818,Beauty,63.45,1,63.45
12034,5818,Books,37.21,1,37.21
12035,5819,Apparel,102.52,1,102.52
12036,5819,Books,22.89,1,22.89
12037,5819,Toys & Games,92.37,1,92.37
12038,5820,Grocery,55.47,2,110.94
12039,5821,Electronics,564.11,1,564.11
12040,5821,Beauty,23.7,1,23.7
12041,5822,Apparel,95.26,1,95.26
12042,5823,Toys & Games,70.44,2,140.88
12043,5823,Sports & Outdoors,108.94,2,217.88
12044,5823,Apparel,129.94,1,129.94
12045,5823,Books,16.97,2,33.94
12046,5824,Apparel,94.23,1,94.23
12047,5825,Apparel,106.23,2,212.46
12048,5826,Beauty,36.9,1,36.9
12049,5827,Apparel,91.44,1,91.44
12050,5828,Beauty,36.4,2,72.8
12051,5828,Sports & Outdoors,168.72,1,168.72
12052,5829,Toys & Games,49.39,2,98.78
12053,5830,Sports & Outdoors,12.3,2,24.6
12054,5831,Apparel,38.47,2,76.94
12055,5831,Books,38.71,1,38.71
12056,5832,Toys & Games,72.59,1,72.59
12057,5833,Apparel,123.0,2,246.0
12058,5833,Toys & Games,113.46,3,340.38
12059,5833,Electronics,794.83,2,1589.66
12060,5834,Apparel,146.41,1,146.41
12061,5835,Books,24.95,2,49.9
12062,5835,Apparel,61.48,1,61.48
12063,5835,Home & Kitchen,81.59,1,81.59
12064,5836,Electronics,678.2,1,678.2
12065,5836,Grocery,51.1,3,153.3
12066,5837,Apparel,129.68,1,129.68
12067,5837,Apparel,48.44,2,96.88
12068,5838,Home & Kitchen,189.37,1,189.37
12069,5838,Apparel,12.36,1,12.36
12070,5838,Grocery,23.86,1,23.86
12071,5839,Grocery,49.01,1,49.01
12072,5839,Sports & Outdoors,88.66,1,88.66
12073,5839,Electronics,757.49,1,757.49
12074,5840,Toys & Games,27.26,1,27.26
12075,5840,Electronics,52.5,1,52.5
12076,5840,Grocery,37.07,1,37.07
12077,5841,Electronics,691.09,1,691.09
12078,5842,Electronics,396.15,2,792.3
12079,5842,Electronics,329.45,1,329.45
12080,5843,Home & Kitchen,120.17,3,360.51
12081,5844,Home & Kitchen,236.73,1,236.73
12082,5845,Electronics,831.23,1,831.23
12083,5845,Sports & Outdoors,197.99,2,395.98
12084,5845,Home & Kitchen,63.27,2,126.54
12085,5845,Beauty,29.15,1,29.15
12086,5845,Apparel,138.24,2,276.48
12087,5846,Home & Kitchen,46.01,3,138.03
12088,5846,Beauty,72.19,1,72.19
12089,5846,Home & Kitchen,286.12,2,572.24
12090,5846,Apparel,149.42,3,448.26
12091,5847,Grocery,9.71,1,9.71
12092,5848,Apparel,141.45,2,282.9
12093,5849,Sports & Outdoors,186.16,1,186.16
12094,5849,Apparel,18.72,1,18.72
12095,5849,Apparel,92.82,2,185.64
12096,5850,Home & Kitchen,47.13,1,47.13
12097,5851,Grocery,19.95,1,19.95
12098,5852,Apparel,87.63,1,87.63
12099,5852,Electronics,303.87,1,303.87
12100,5852,Apparel,111.11,1,111.11
12101,5852,Sports & Outdoors,132.97,3,398.91
12102,5852,Home & Kitchen,187.01,1,187.01
12103,5853,Books,16.48,1,16.48
12104,5853,Books,30.39,3,91.17
12105,5853,Sports & Outdoors,144.56,3,433.68
12106,5854,Apparel,66.6,1,66.6
12107,5854,Apparel,90.61,2,181.22
12108,5855,Toys & Games,74.61,2,149.22
12109,5856,Books,17.58,1,17.58
12110,5857,Home & Kitchen,75.74,1,75.74
12111,5857,Electronics,527.4,1,527.4
12112,5858,Electronics,508.24,1,508.24
12113,5858,Beauty,55.64,1,55.64
12114,5858,Apparel,20.43,1,20.43
12115,5859,Beauty,15.19,1,15.19
12116,5860,Apparel,86.24,1,86.24
12117,5860,Grocery,40.62,1,40.62
12118,5860,Toys & Games,47.17,1,47.17
12119,5861,Toys & Games,97.48,1,97.48
12120,5862,Apparel,84.21,3,252.63
12121,5862,Beauty,59.09,2,118.18
12122,5862,Sports & Outdoors,126.58,1,126.58
12123,5862,Home & Kitchen,66.85,1,66.85
12124,5863,Sports & Outdoors,244.31,1,244.31
12125,5864,Electronics,40.89,2,81.78
12126,5864,Apparel,16.35,1,16.35
12127,5864,Toys & Games,27.17,1,27.17
12128,5865,Apparel,25.28,1,25.28
12129,5865,Sports & Outdoors,205.24,1,205.24
12130,5865,Beauty,29.1,1,29.1
12131,5866,Beauty,44.15,1,44.15
12132,5867,Sports & Outdoors,248.12,3,744.36
12133,5868,Toys & Games,96.68,1,96.68
12134,5869,Sports & Outdoors,35.66,1,35.66
12135,5869,Electronics,70.24,1,70.24
12136,5869,Electronics,157.13,1,157.13
12137,5869,Beauty,26.77,1,26.77
12138,5870,Electronics,135.05,1,135.05
12139,5870,Home & Kitchen,257.57,2,515.14
12140,5870,Apparel,115.6,3,346.8
12141,5870,Electronics,868.94,2,1737.88
12142,5870,Electronics,723.3,1,723.3
12143,5871,Electronics,553.9,1,553.9
12144,5872,Electronics,687.07,1,687.07
12145,5873,Apparel,43.25,1,43.25
12146,5874,Home & Kitchen,43.68,1,43.68
12147,5875,Grocery,33.43,1,33.43
12148,5875,Beauty,46.27,1,46.27
12149,5875,Home & Kitchen,246.24,2,492.48
12150,5876,Electronics,537.93,1,537.93
12151,5876,Toys & Games,54.55,1,54.55
12152,5877,Sports & Outdoors,10.74,1,10.74
12153,5877,Apparel,20.49,1,20.49
12154,5877,Beauty,45.48,2,90.96
12155,5878,Toys & Games,46.53,2,93.06
12156,5879,Home & Kitchen,45.89,2,91.78
12157,5879,Toys & Games,112.1,1,112.1
12158,5879,Home & Kitchen,181.28,1,181.28
12159,5879,Home & Kitchen,168.62,2,337.24
12160,5880,Beauty,24.63,1,24.63
12161,5881,Beauty,55.54,1,55.54
12162,5881,Beauty,14.24,1,14.24
12163,5882,Beauty,86.59,1,86.59
12164,5882,Beauty,10.51,1,10.51
12165,5883,Home & Kitchen,188.84,1,188.84
12166,5884,Beauty,46.31,1,46.31
12167,5885,Apparel,48.38,2,96.76
12168,5885,Sports & Outdoors,131.5,1,131.5
12169,5885,Books,27.94,1,27.94
12170,5886,Grocery,10.08,1,10.08
12171,5887,Electronics,365.42,1,365.42
12172,5888,Grocery,26.99,1,26.99
12173,5888,Apparel,79.93,1,79.93
12174,5889,Home & Kitchen,260.49,2,520.98
12175,5889,Apparel,57.38,2,114.76
12176,5889,Toys & Games,103.6,1,103.6
12177,5889,Apparel,113.6,1,113.6
12178,5889,Toys & Games,65.04,1,65.04
12179,5890,Home & Kitchen,255.52,2,511.04
12180,5890,Books,32.3,1,32.3
12181,5890,Home & Kitchen,180.52,1,180.52
12182,5890,Apparel,80.06,1,80.06
12183,5891,Home & Kitchen,18.04,2,36.08
12184,5892,Apparel,85.86,1,85.86
12185,5892,Books,16.37,1,16.37
12186,5893,Toys & Games,48.33,1,48.33
12187,5894,Electronics,109.03,2,218.06
12188,5894,Grocery,26.77,1,26.77
12189,5894,Apparel,119.32,2,238.64
12190,5894,Apparel,64.98,1,64.98
12191,5894,Electronics,88.26,1,88.26
12192,5895,Sports & Outdoors,198.07,1,198.07
12193,5895,Sports & Outdoors,37.22,1,37.22
12194,5895,Grocery,24.89,1,24.89
12195,5896,Sports & Outdoors,241.81,1,241.81
12196,5896,Home & Kitchen,298.87,1,298.87
12197,5897,Sports & Outdoors,147.11,1,147.11
12198,5898,Apparel,119.73,1,119.73
12199,5899,Electronics,835.75,2,1671.5
12200,5900,Electronics,662.76,1,662.76
12201,5900,Home & Kitchen,222.76,1,222.76
12202,5900,Apparel,121.27,1,121.27
12203,5900,Sports & Outdoors,164.12,1,164.12
12204,5901,Books,29.69,1,29.69
12205,5901,Apparel,124.32,1,124.32
12206,5901,Apparel,146.06,2,292.12
12207,5901,Sports & Outdoors,98.62,1,98.62
12208,5902,Home & Kitchen,201.14,1,201.14
12209,5902,Sports & Outdoors,61.62,1,61.62
12210,5902,Electronics,465.88,1,465.88
12211,5902,Home & Kitchen,230.67,2,461.34
12212,5903,Apparel,20.17,1,20.17
12213,5903,Apparel,65.4,1,65.4
12214,5904,Electronics,661.9,1,661.9
12215,5904,Apparel,61.71,1,61.71
12216,5904,Electronics,641.08,1,641.08
12217,5905,Sports & Outdoors,152.68,1,152.68
12218,5905,Toys & Games,106.68,2,213.36
12219,5906,Books,42.03,1,42.03
12220,5906,Toys & Games,103.16,1,103.16
12221,5907,Grocery,13.69,1,13.69
12222,5908,Electronics,290.73,2,581.46
12223,5909,Toys & Games,113.69,1,113.69
12224,5910,Apparel,123.63,1,123.63
12225,5911,Books,27.94,2,55.88
12226,5911,Electronics,629.46,1,629.46
12227,5911,Toys & Games,108.41,1,108.41
12228,5911,Sports & Outdoors,170.35,1,170.35
12229,5911,Electronics,138.13,1,138.13
12230,5912,Electronics,623.3,2,1246.6
12231,5912,Apparel,55.19,1,55.19
12232,5913,Home & Kitchen,190.92,1,190.92
12233,5913,Home & Kitchen,159.24,1,159.24
12234,5914,Electronics,420.02,1,420.02
12235,5914,Grocery,32.85,1,32.85
12236,5915,Sports & Outdoors,169.29,1,169.29
12237,5916,Grocery,38.82,2,77.64
12238,5916,Sports & Outdoors,111.51,1,111.51
12239,5916,Beauty,85.0,1,85.0
12240,5917,Electronics,574.68,3,1724.04
12241,5918,Toys & Games,8.12,1,8.12
12242,5919,Electronics,866.87,3,2600.61
12243,5919,Sports & Outdoors,165.68,3,497.04
12244,5919,Apparel,100.69,1,100.69
12245,5919,Electronics,149.88,1,149.88
12246,5920,Home & Kitchen,262.23,1,262.23
12247,5920,Beauty,21.55,1,21.55
12248,5920,Grocery,4.59,1,4.59
12249,5920,Electronics,514.49,1,514.49
12250,5921,Electronics,470.29,1,470.29
12251,5922,Apparel,97.42,1,97.42
12252,5922,Apparel,38.88,1,38.88
12253,5922,Sports & Outdoors,78.76,1,78.76
12254,5922,Books,24.48,1,24.48
12255,5923,Grocery,55.72,2,111.44
12256,5924,Electronics,271.89,1,271.89
12257,5925,Beauty,14.05,1,14.05
12258,5926,Home & Kitchen,122.82,1,122.82
12259,5926,Apparel,124.93,1,124.93
12260,5927,Toys & Games,14.91,1,14.91
12261,5927,Apparel,88.5,1,88.5
12262,5927,Electronics,597.68,1,597.68
12263,5928,Electronics,462.9,2,925.8
12264,5929,Grocery,46.01,2,92.02
12265,5929,Beauty,89.13,1,89.13
12266,5930,Grocery,32.2,1,32.2
12267,5930,Apparel,57.4,1,57.4
12268,5931,Toys & Games,18.22,1,18.22
12269,5932,Books,25.07,1,25.07
12270,5932,Apparel,13.61,1,13.61
12271,5932,Apparel,95.61,1,95.61
12272,5932,Toys & Games,70.11,1,70.11
12273,5933,Electronics,427.58,1,427.58
12274,5933,Grocery,26.36,1,26.36
12275,5933,Grocery,36.0,1,36.0
12276,5933,Beauty,75.06,1,75.06
12277,5934,Beauty,44.01,2,88.02
12278,5934,Electronics,597.91,1,597.91
12279,5934,Sports & Outdoors,43.06,1,43.06
12280,5935,Electronics,206.25,1,206.25
12281,5935,Beauty,64.63,1,64.63
12282,5936,Electronics,552.11,1,552.11
12283,5936,Beauty,78.06,2,156.12
12284,5937,Electronics,474.44,3,1423.32
12285,5938,Electronics,266.12,1,266.12
12286,5939,Apparel,86.38,1,86.38
12287,5939,Apparel,128.4,3,385.2
12288,5939,Apparel,123.43,2,246.86
12289,5940,Apparel,111.5,1,111.5
12290,5941,Grocery,20.44,2,40.88
12291,5942,Sports & Outdoors,129.04,2,258.08
12292,5942,Toys & Games,40.39,2,80.78
12293,5943,Home & Kitchen,41.58,1,41.58
12294,5943,Toys & Games,22.88,1,22.88
12295,5943,Apparel,58.61,1,58.61
12296,5944,Toys & Games,19.79,1,19.79
12297,5944,Apparel,148.28,2,296.56
12298,5945,Home & Kitchen,199.48,1,199.48
12299,5945,Electronics,51.17,2,102.34
12300,5945,Electronics,720.66,1,720.66
12301,5946,Apparel,69.77,2,139.54
12302,5946,Electronics,241.2,2,482.4
12303,5947,Apparel,60.42,1,60.42
12304,5947,Electronics,654.52,1,654.52
12305,5948,Electronics,466.01,2,932.02
12306,5948,Beauty,23.93,3,71.79
12307,5949,Sports & Outdoors,85.49,1,85.49
12308,5950,Books,14.54,1,14.54
12309,5951,Home & Kitchen,136.05,2,272.1
12310,5952,Electronics,528.27,3,1584.81
12311,5952,Electronics,493.31,1,493.31
12312,5953,Beauty,25.78,1,25.78
12313,5953,Electronics,327.87,2,655.74
12314,5953,Sports & Outdoors,199.76,1,199.76
12315,5954,Electronics,867.51,2,1735.02
12316,5954,Beauty,34.61,1,34.61
12317,5954,Toys & Games,24.54,1,24.54
12318,5954,Apparel,64.19,1,64.19
12319,5955,Apparel,62.08,1,62.08
12320,5955,Electronics,736.26,1,736.26
12321,5955,Books,44.62,3,133.86
12322,5955,Home & Kitchen,95.11,1,95.11
12323,5956,Toys & Games,19.38,1,19.38
12324,5957,Books,33.71,1,33.71
12325,5957,Apparel,133.84,1,133.84
12326,5958,Home & Kitchen,151.87,2,303.74
12327,5958,Beauty,45.25,2,90.5
12328,5958,Home & Kitchen,275.13,1,275.13
12329,5958,Electronics,168.3,2,336.6
12330,5959,Books,35.68,1,35.68
12331,5959,Apparel,41.62,1,41.62
12332,5959,Sports & Outdoors,226.4,1,226.4
12333,5959,Home & Kitchen,30.47,3,91.41
12334,5960,Apparel,51.26,1,51.26
12335,5960,Apparel,135.61,1,135.61
12336,5961,Apparel,52.63,1,52.63
12337,5961,Apparel,64.06,1,64.06
12338,5961,Home & Kitchen,290.48,1,290.48
12339,5962,Home & Kitchen,288.6,2,577.2
12340,5963,Home & Kitchen,53.72,1,53.72
12341,5963,Apparel,103.54,1,103.54
12342,5964,Grocery,42.64,2,85.28
12343,5965,Toys & Games,77.6,1,77.6
12344,5966,Sports & Outdoors,148.52,2,297.04
12345,5966,Beauty,39.32,3,117.96
12346,5966,Grocery,47.71,1,47.71
12347,5967,Apparel,89.8,1,89.8
12348,5968,Electronics,675.15,1,675.15
12349,5968,Home & Kitchen,56.93,1,56.93
12350,5969,Sports & Outdoors,96.26,2,192.52
12351,5969,Electronics,522.1,1,522.1
12352,5970,Books,13.78,1,13.78
12353,5970,Electronics,86.48,2,172.96
12354,5970,Beauty,62.17,1,62.17
12355,5970,Electronics,315.0,1,315.0
12356,5970,Toys & Games,25.29,1,25.29
12357,5971,Sports & Outdoors,130.53,1,130.53
12358,5972,Toys & Games,16.49,1,16.49
12359,5973,Apparel,14.75,1,14.75
12360,5974,Books,19.73,1,19.73
12361,5974,Electronics,633.16,3,1899.48
12362,5974,Electronics,783.27,1,783.27
12363,5975,Home & Kitchen,253.43,1,253.43
12364,5975,Home & Kitchen,180.43,1,180.43
12365,5976,Beauty,45.27,2,90.54
12366,5977,Electronics,281.72,1,281.72
12367,5978,Electronics,792.96,1,792.96
12368,5979,Beauty,82.88,1,82.88
12369,5979,Grocery,50.84,2,101.68
12370,5980,Beauty,73.43,2,146.86
12371,5981,Toys & Games,38.62,1,38.62
12372,5981,Electronics,679.01,1,679.01
12373,5982,Sports & Outdoors,162.32,1,162.32
12374,5982,Beauty,78.37,1,78.37
12375,5983,Grocery,38.27,1,38.27
12376,5983,Grocery,14.01,1,14.01
12377,5983,Apparel,130.88,2,261.76
12378,5984,Beauty,42.41,3,127.23
12379,5985,Toys & Games,95.26,1,95.26
12380,5985,Home & Kitchen,122.78,1,122.78
12381,5986,Home & Kitchen,112.2,1,112.2
12382,5986,Grocery,52.25,1,52.25
12383,5987,Apparel,129.75,1,129.75
12384,5988,Home & Kitchen,129.6,1,129.6
12385,5988,Sports & Outdoors,161.62,1,161.62
12386,5989,Apparel,122.52,1,122.52
12387,5989,Sports & Outdoors,234.86,1,234.86
12388,5989,Electronics,363.73,1,363.73
12389,5990,Sports & Outdoors,229.26,2,458.52
12390,5991,Grocery,30.09,3,90.27
12391,5992,Sports & Outdoors,188.84,2,377.68
12392,5993,Books,28.69,1,28.69
12393,5993,Grocery,46.58,1,46.58
12394,5994,Apparel,62.7,1,62.7
12395,5994,Electronics,691.86,3,2075.58
12396,5995,Home & Kitchen,254.26,1,254.26
12397,5995,Electronics,835.89,1,835.89
12398,5995,Sports & Outdoors,221.92,1,221.92
12399,5996,Grocery,16.79,1,16.79
12400,5996,Electronics,580.29,1,580.29
12401,5996,Home & Kitchen,37.61,3,112.83
12402,5997,Electronics,481.55,2,963.1
12403,5997,Grocery,42.01,1,42.01
12404,5998,Home & Kitchen,264.0,1,264.0
12405,5998,Home & Kitchen,195.14,3,585.42
12406,5999,Books,12.82,1,12.82
12407,6000,Books,7.36,1,7.36
12408,6000,Grocery,48.54,1,48.54
12409,6000,Apparel,109.26,1,109.26
12410,6001,Sports & Outdoors,126.53,1,126.53
12411,6001,Beauty,87.24,1,87.24
12412,6001,Electronics,400.83,1,400.83
12413,6002,Books,9.88,1,9.88
12414,6003,Electronics,833.57,1,833.57
12415,6003,Sports & Outdoors,119.37,1,119.37
12416,6003,Apparel,103.1,1,103.1
12417,6004,Sports & Outdoors,179.54,3,538.62
12418,6004,Toys & Games,91.48,1,91.48
12419,6004,Apparel,59.38,1,59.38
12420,6005,Electronics,838.51,1,838.51
12421,6006,Grocery,18.49,1,18.49
12422,6006,Apparel,100.96,2,201.92
12423,6006,Home & Kitchen,76.15,1,76.15
12424,6007,Books,15.49,1,15.49
12425,6007,Home & Kitchen,171.81,1,171.81
12426,6008,Home & Kitchen,244.33,2,488.66
12427,6009,Apparel,84.1,2,168.2
12428,6009,Electronics,644.7,2,1289.4
12429,6010,Grocery,32.12,1,32.12
12430,6011,Toys & Games,88.3,1,88.3
12431,6011,Electronics,443.26,1,443.26
12432,6012,Grocery,29.94,1,29.94
12433,6013,Apparel,93.31,1,93.31
12434,6013,Electronics,137.56,1,137.56
12435,6013,Beauty,83.12,1,83.12
12436,6014,Apparel,29.61,1,29.61
12437,6015,Books,31.99,1,31.99
12438,6015,Apparel,106.92,1,106.92
12439,6016,Toys & Games,43.29,1,43.29
12440,6017,Apparel,133.12,3,399.36
12441,6018,Electronics,523.02,1,523.02
12442,6018,Sports & Outdoors,19.02,1,19.02
12443,6018,Home & Kitchen,64.7,3,194.1
12444,6019,Apparel,52.15,1,52.15
12445,6020,Beauty,78.9,3,236.7
12446,6021,Grocery,44.49,2,88.98
12447,6021,Electronics,703.7,1,703.7
12448,6021,Sports & Outdoors,113.19,1,113.19
12449,6021,Apparel,91.23,1,91.23
12450,6022,Grocery,29.45,1,29.45
12451,6023,Home & Kitchen,119.0,1,119.0
12452,6023,Electronics,861.11,1,861.11
12453,6024,Electronics,568.28,1,568.28
12454,6025,Electronics,110.17,1,110.17
12455,6025,Books,30.98,1,30.98
12456,6026,Beauty,34.32,1,34.32
12457,6026,Electronics,49.5,2,99.0
12458,6027,Grocery,44.37,3,133.11
12459,6027,Electronics,193.32,1,193.32
12460,6028,Home & Kitchen,213.62,1,213.62
12461,6029,Toys & Games,102.97,2,205.94
12462,6029,Books,8.99,1,8.99
12463,6029,Electronics,548.71,1,548.71
12464,6030,Electronics,220.92,1,220.92
12465,6030,Grocery,4.08,3,12.24
12466,6030,Home & Kitchen,199.76,1,199.76
12467,6031,Apparel,48.68,1,48.68
12468,6032,Electronics,370.78,1,370.78
12469,6033,Electronics,676.71,1,676.71
12470,6034,Toys & Games,70.86,1,70.86
12471,6034,Books,6.22,1,6.22
12472,6035,Apparel,100.98,1,100.98
12473,6035,Books,29.47,1,29.47
12474,6036,Sports & Outdoors,22.95,1,22.95
12475,6036,Home & Kitchen,55.58,1,55.58
12476,6036,Grocery,53.06,1,53.06
12477,6036,Home & Kitchen,160.22,1,160.22
12478,6037,Beauty,9.89,1,9.89
12479,6037,Electronics,533.72,1,533.72
12480,6037,Sports & Outdoors,127.7,1,127.7
12481,6037,Electronics,855.07,2,1710.14
12482,6038,Apparel,52.08,1,52.08
12483,6038,Home & Kitchen,46.96,1,46.96
12484,6038,Electronics,770.87,2,1541.74
12485,6039,Sports & Outdoors,126.14,1,126.14
12486,6040,Apparel,104.65,1,104.65
12487,6040,Electronics,181.58,1,181.58
12488,6040,Apparel,49.73,1,49.73
12489,6041,Home & Kitchen,143.57,1,143.57
12490,6041,Apparel,12.59,3,37.77
12491,6041,Sports & Outdoors,239.93,2,479.86
12492,6042,Beauty,28.98,3,86.94
12493,6042,Books,40.42,1,40.42
12494,6042,Beauty,89.25,1,89.25
12495,6043,Electronics,866.81,1,866.81
12496,6043,Home & Kitchen,161.72,1,161.72
12497,6043,Sports & Outdoors,52.7,3,158.1
12498,6044,Home & Kitchen,59.34,1,59.34
12499,6044,Toys & Games,82.58,2,165.16
12500,6044,Toys & Games,67.05,1,67.05
12501,6045,Beauty,52.16,2,104.32
12502,6045,Electronics,220.36,1,220.36
12503,6046,Home & Kitchen,223.24,2,446.48
12504,6047,Apparel,19.67,3,59.01
12505,6047,Home & Kitchen,97.94,1,97.94
12506,6047,Home & Kitchen,119.82,3,359.46
12507,6047,Apparel,23.93,1,23.93
12508,6047,Beauty,34.88,1,34.88
12509,6048,Home & Kitchen,35.06,2,70.12
12510,6048,Electronics,200.37,1,200.37
12511,6049,Grocery,41.73,2,83.46
12512,6049,Beauty,29.28,1,29.28
12513,6050,Home & Kitchen,144.34,1,144.34
12514,6050,Sports & Outdoors,22.42,1,22.42
12515,6050,Toys & Games,12.5,1,12.5
12516,6051,Electronics,591.09,2,1182.18
12517,6051,Electronics,718.91,1,718.91
12518,6052,Apparel,115.6,1,115.6
12519,6052,Apparel,137.96,1,137.96
12520,6052,Home & Kitchen,229.56,1,229.56
12521,6053,Electronics,771.81,1,771.81
12522,6053,Electronics,780.35,2,1560.7
12523,6054,Electronics,840.39,1,840.39
12524,6054,Home & Kitchen,55.43,1,55.43
12525,6054,Sports & Outdoors,31.34,3,94.02
12526,6054,Toys & Games,107.37,1,107.37
12527,6055,Beauty,62.31,1,62.31
12528,6055,Grocery,7.74,2,15.48
12529,6055,Apparel,123.1,1,123.1
12530,6056,Electronics,348.47,1,348.47
12531,6057,Apparel,117.72,1,117.72
12532,6058,Apparel,55.97,1,55.97
12533,6058,Home & Kitchen,33.96,3,101.88
12534,6058,Apparel,19.41,1,19.41
12535,6058,Home & Kitchen,80.99,1,80.99
12536,6058,Home & Kitchen,241.98,1,241.98
12537,6059,Electronics,329.37,1,329.37
12538,6060,Toys & Games,22.79,1,22.79
12539,6060,Home & Kitchen,50.74,3,152.22
12540,6061,Apparel,58.71,1,58.71
12541,6062,Apparel,89.43,1,89.43
12542,6063,Home & Kitchen,53.63,1,53.63
12543,6063,Grocery,5.74,1,5.74
12544,6063,Beauty,11.23,1,11.23
12545,6063,Apparel,25.66,2,51.32
12546,6063,Electronics,275.53,2,551.06
12547,6064,Grocery,50.02,2,100.04
12548,6064,Electronics,253.69,1,253.69
12549,6064,Toys & Games,81.04,1,81.04
12550,6065,Electronics,382.97,1,382.97
12551,6065,Beauty,80.95,1,80.95
12552,6066,Home & Kitchen,141.66,2,283.32
12553,6067,Electronics,212.81,2,425.62
12554,6067,Beauty,50.3,3,150.9
12555,6068,Grocery,32.66,1,32.66
12556,6068,Electronics,816.88,1,816.88
12557,6069,Beauty,37.08,1,37.08
12558,6069,Home & Kitchen,140.83,1,140.83
12559,6069,Electronics,551.73,2,1103.46
12560,6069,Beauty,34.76,1,34.76
12561,6070,Electronics,277.15,2,554.3
12562,6070,Electronics,743.37,1,743.37
12563,6071,Beauty,67.36,2,134.72
12564,6072,Beauty,37.2,3,111.6
12565,6072,Grocery,56.25,1,56.25
12566,6072,Apparel,80.05,2,160.1
12567,6073,Sports & Outdoors,128.94,2,257.88
12568,6073,Beauty,84.21,1,84.21
12569,6073,Apparel,112.69,1,112.69
12570,6074,Home & Kitchen,126.98,1,126.98
12571,6074,Apparel,31.49,1,31.49
12572,6074,Electronics,416.88,3,1250.64
12573,6074,Books,15.41,1,15.41
12574,6074,Apparel,24.79,3,74.37
12575,6075,Books,15.27,1,15.27
12576,6075,Apparel,143.46,1,143.46
12577,6076,Books,41.76,2,83.52
12578,6076,Toys & Games,101.94,1,101.94
12579,6077,Apparel,116.16,1,116.16
12580,6077,Home & Kitchen,221.09,1,221.09
12581,6077,Toys & Games,110.71,2,221.42
12582,6077,Electronics,730.97,2,1461.94
12583,6077,Grocery,5.88,1,5.88
12584,6078,Electronics,795.26,1,795.26
12585,6078,Apparel,105.82,1,105.82
12586,6079,Electronics,895.98,1,895.98
12587,6079,Sports & Outdoors,21.47,1,21.47
12588,6080,Apparel,140.14,1,140.14
12589,6080,Sports & Outdoors,137.36,1,137.36
12590,6080,Home & Kitchen,186.21,1,186.21
12591,6080,Home & Kitchen,295.15,2,590.3
12592,6080,Electronics,828.95,1,828.95
12593,6081,Beauty,30.17,2,60.34
12594,6081,Apparel,15.41,1,15.41
12595,6081,Sports & Outdoors,61.38,1,61.38
12596,6081,Electronics,260.5,2,521.0
12597,6081,Home & Kitchen,76.56,1,76.56
12598,6082,Toys & Games,114.99,1,114.99
12599,6082,Electronics,59.93,1,59.93
12600,6082,Apparel,130.99,1,130.99
12601,6083,Home & Kitchen,23.35,1,23.35
12602,6084,Beauty,85.32,1,85.32
12603,6085,Home & Kitchen,43.95,2,87.9
12604,6086,Beauty,47.73,1,47.73
12605,6086,Apparel,51.02,3,153.06
12606,6087,Electronics,84.76,3,254.28
12607,6087,Beauty,53.15,1,53.15
12608,6087,Electronics,621.94,1,621.94
12609,6088,Sports & Outdoors,81.19,1,81.19
12610,6088,Books,30.82,1,30.82
12611,6089,Apparel,21.82,2,43.64
12612,6090,Electronics,409.63,1,409.63
12613,6090,Toys & Games,32.09,1,32.09
12614,6090,Electronics,706.77,1,706.77
12615,6091,Apparel,123.08,1,123.08
12616,6091,Electronics,248.38,1,248.38
12617,6092,Electronics,194.61,1,194.61
12618,6092,Toys & Games,66.71,1,66.71
12619,6093,Electronics,96.13,2,192.26
12620,6093,Apparel,107.33,1,107.33
12621,6093,Sports & Outdoors,111.58,3,334.74
12622,6094,Grocery,22.37,1,22.37
12623,6094,Home & Kitchen,147.36,1,147.36
12624,6095,Sports & Outdoors,223.95,1,223.95
12625,6095,Apparel,115.03,1,115.03
12626,6096,Home & Kitchen,191.72,1,191.72
12627,6096,Home & Kitchen,296.0,1,296.0
12628,6097,Beauty,52.31,3,156.93
12629,6097,Electronics,430.02,1,430.02
12630,6098,Home & Kitchen,136.56,2,273.12
12631,6098,Electronics,728.72,1,728.72
12632,6098,Home & Kitchen,99.53,1,99.53
12633,6098,Sports & Outdoors,225.72,1,225.72
12634,6098,Electronics,306.71,1,306.71
12635,6099,Sports & Outdoors,115.12,1,115.12
12636,6099,Apparel,148.42,1,148.42
12637,6099,Electronics,444.99,1,444.99
12638,6100,Home & Kitchen,236.53,1,236.53
12639,6100,Apparel,53.16,1,53.16
12640,6100,Home & Kitchen,89.4,2,178.8
12641,6101,Beauty,52.11,1,52.11
12642,6102,Apparel,45.13,2,90.26
12643,6103,Apparel,65.04,2,130.08
12644,6104,Apparel,144.92,1,144.92
12645,6104,Beauty,58.46,2,116.92
12646,6104,Apparel,68.62,1,68.62
12647,6105,Sports & Outdoors,152.21,1,152.21
12648,6105,Beauty,8.66,1,8.66
12649,6105,Electronics,460.0,1,460.0
12650,6106,Electronics,878.44,1,878.44
12651,6107,Electronics,350.27,1,350.27
12652,6107,Home & Kitchen,163.04,1,163.04
12653,6108,Grocery,38.95,1,38.95
12654,6109,Sports & Outdoors,217.68,3,653.04
12655,6109,Grocery,37.33,1,37.33
12656,6110,Home & Kitchen,203.37,2,406.74
12657,6111,Sports & Outdoors,45.49,1,45.49
12658,6111,Beauty,71.54,2,143.08
12659,6111,Sports & Outdoors,181.17,1,181.17
12660,6111,Electronics,628.73,1,628.73
12661,6112,Apparel,76.5,1,76.5
12662,6112,Beauty,53.8,1,53.8
12663,6112,Apparel,80.23,1,80.23
12664,6112,Electronics,179.64,2,359.28
12665,6113,Grocery,28.23,1,28.23
12666,6113,Toys & Games,99.04,1,99.04
12667,6113,Beauty,8.61,1,8.61
12668,6114,Books,24.96,1,24.96
12669,6114,Beauty,19.53,1,19.53
12670,6115,Toys & Games,79.82,2,159.64
12671,6116,Apparel,100.48,2,200.96
12672,6117,Sports & Outdoors,43.22,2,86.44
12673,6117,Books,7.37,1,7.37
12674,6117,Home & Kitchen,31.77,1,31.77
12675,6118,Beauty,32.94,2,65.88
12676,6119,Books,31.97,1,31.97
12677,6120,Sports & Outdoors,164.46,1,164.46
12678,6120,Beauty,53.94,1,53.94
12679,6121,Beauty,81.43,1,81.43
12680,6121,Apparel,76.53,1,76.53
12681,6122,Electronics,171.5,1,171.5
12682,6122,Home & Kitchen,53.07,1,53.07
12683,6123,Toys & Games,56.66,2,113.32
12684,6124,Apparel,95.38,1,95.38
12685,6125,Toys & Games,101.65,3,304.95
12686,6126,Books,30.1,1,30.1
12687,6126,Books,9.44,2,18.88
12688,6127,Home & Kitchen,259.57,1,259.57
12689,6127,Electronics,92.98,1,92.98
12690,6127,Home & Kitchen,184.64,1,184.64
12691,6128,Books,33.85,1,33.85
12692,6129,Electronics,109.52,1,109.52
12693,6129,Electronics,822.99,1,822.99
12694,6130,Beauty,28.78,1,28.78
12695,6131,Books,18.01,2,36.02
12696,6131,Electronics,649.18,1,649.18
12697,6132,Apparel,139.14,1,139.14
12698,6132,Sports & Outdoors,38.55,2,77.1
12699,6132,Beauty,71.1,1,71.1
12700,6133,Grocery,16.48,1,16.48
12701,6133,Books,24.75,1,24.75
12702,6133,Electronics,235.86,1,235.86
12703,6134,Sports & Outdoors,101.05,1,101.05
12704,6134,Home & Kitchen,114.15,1,114.15
12705,6135,Electronics,475.96,1,475.96
12706,6135,Beauty,36.49,2,72.98
12707,6135,Toys & Games,63.83,3,191.49
12708,6135,Toys & Games,18.82,1,18.82
12709,6136,Apparel,23.84,1,23.84
12710,6137,Electronics,227.44,1,227.44
12711,6138,Apparel,128.64,1,128.64
12712,6138,Toys & Games,73.41,2,146.82
12713,6138,Home & Kitchen,106.56,1,106.56
12714,6139,Electronics,518.63,1,518.63
12715,6139,Grocery,45.65,1,45.65
12716,6140,Electronics,533.08,3,1599.24
12717,6140,Toys & Games,102.57,2,205.14
12718,6141,Grocery,19.38,1,19.38
12719,6142,Electronics,289.3,1,289.3
12720,6143,Home & Kitchen,245.49,3,736.47
12721,6144,Sports & Outdoors,148.65,1,148.65
12722,6144,Toys & Games,96.47,1,96.47
12723,6145,Books,6.57,1,6.57
12724,6146,Sports & Outdoors,207.98,3,623.94
12725,6147,Sports & Outdoors,107.01,1,107.01
12726,6148,Home & Kitchen,258.47,1,258.47
12727,6148,Home & Kitchen,64.51,1,64.51
12728,6149,Books,30.52,1,30.52
12729,6149,Electronics,60.97,2,121.94
12730,6150,Home & Kitchen,286.53,1,286.53
12731,6151,Apparel,50.87,1,50.87
12732,6151,Electronics,86.47,1,86.47
12733,6151,Books,7.05,1,7.05
12734,6152,Books,38.3,1,38.3
12735,6153,Electronics,408.63,1,408.63
12736,6154,Books,39.0,1,39.0
12737,6155,Toys & Games,115.28,1,115.28
12738,6156,Toys & Games,55.8,1,55.8
12739,6156,Apparel,57.35,1,57.35
12740,6157,Sports & Outdoors,220.47,1,220.47
12741,6157,Electronics,840.77,1,840.77
12742,6158,Home & Kitchen,30.21,1,30.21
12743,6158,Apparel,117.44,1,117.44
12744,6158,Apparel,104.56,1,104.56
12745,6158,Beauty,53.87,1,53.87
12746,6159,Apparel,32.44,1,32.44
12747,6160,Grocery,38.68,2,77.36
12748,6161,Sports & Outdoors,74.78,3,224.34
12749,6161,Home & Kitchen,120.27,1,120.27
12750,6162,Beauty,78.48,1,78.48
12751,6162,Apparel,134.22,1,134.22
12752,6163,Electronics,491.26,1,491.26
12753,6163,Books,27.81,3,83.43
12754,6164,Toys & Games,84.7,3,254.1
12755,6164,Grocery,39.93,1,39.93
12756,6165,Beauty,68.33,2,136.66
12757,6165,Toys & Games,24.46,2,48.92
12758,6165,Beauty,83.28,3,249.84
12759,6166,Home & Kitchen,88.89,1,88.89
12760,6167,Electronics,280.34,3,841.02
12761,6168,Books,42.61,1,42.61
12762,6168,Home & Kitchen,176.8,1,176.8
12763,6168,Apparel,34.27,1,34.27
12764,6169,Home & Kitchen,295.86,3,887.58
12765,6169,Beauty,38.41,1,38.41
12766,6170,Electronics,353.18,1,353.18
12767,6170,Electronics,594.56,1,594.56
12768,6170,Home & Kitchen,205.81,1,205.81
12769,6171,Electronics,130.26,1,130.26
12770,6171,Apparel,104.68,1,104.68
12771,6171,Apparel,97.29,1,97.29
12772,6171,Apparel,64.78,1,64.78
12773,6172,Apparel,40.95,1,40.95
12774,6173,Beauty,79.36,1,79.36
12775,6174,Electronics,162.97,3,488.91
12776,6175,Electronics,227.34,2,454.68
12777,6176,Electronics,103.84,3,311.52
12778,6176,Books,20.82,1,20.82
12779,6177,Electronics,727.75,1,727.75
12780,6177,Electronics,608.98,1,608.98
12781,6177,Grocery,19.46,2,38.92
12782,6177,Grocery,29.55,1,29.55
12783,6177,Apparel,147.76,1,147.76
12784,6178,Electronics,555.2,2,1110.4
12785,6178,Electronics,283.89,3,851.67
12786,6179,Sports & Outdoors,201.44,1,201.44
12787,6180,Apparel,68.64,1,68.64
12788,6181,Apparel,68.09,1,68.09
12789,6181,Books,21.37,3,64.11
12790,6181,Beauty,9.37,2,18.74
12791,6182,Sports & Outdoors,225.93,1,225.93
12792,6182,Electronics,639.56,1,639.56
12793,6183,Beauty,39.55,1,39.55
12794,6183,Apparel,71.51,1,71.51
12795,6184,Sports & Outdoors,183.26,1,183.26
12796,6185,Electronics,638.88,1,638.88
12797,6185,Electronics,59.54,1,59.54
12798,6185,Electronics,554.09,1,554.09
12799,6185,Grocery,39.42,2,78.84
12800,6186,Books,35.53,1,35.53
12801,6187,Apparel,128.17,3,384.51
12802,6187,Beauty,62.11,2,124.22
12803,6188,Electronics,73.48,1,73.48
12804,6189,Electronics,187.41,1,187.41
12805,6189,Toys & Games,8.74,1,8.74
12806,6189,Books,30.84,1,30.84
12807,6189,Grocery,31.07,1,31.07
12808,6190,Apparel,91.67,1,91.67
12809,6190,Apparel,59.22,3,177.66
12810,6190,Electronics,773.18,1,773.18
12811,6190,Beauty,68.62,1,68.62
12812,6191,Home & Kitchen,117.91,1,117.91
12813,6191,Electronics,433.58,1,433.58
12814,6192,Apparel,146.29,1,146.29
12815,6192,Home & Kitchen,264.36,1,264.36
12816,6192,Home & Kitchen,50.76,1,50.76
12817,6192,Electronics,882.96,1,882.96
12818,6192,Grocery,40.08,2,80.16
12819,6193,Home & Kitchen,235.23,1,235.23
12820,6193,Beauty,60.42,1,60.42
12821,6194,Apparel,131.68,1,131.68
12822,6194,Electronics,783.04,1,783.04
12823,6194,Home & Kitchen,81.95,2,163.9
12824,6195,Toys & Games,52.32,1,52.32
12825,6195,Home & Kitchen,247.87,1,247.87
12826,6195,Home & Kitchen,23.36,1,23.36
12827,6196,Apparel,91.15,3,273.45
12828,6197,Beauty,20.87,1,20.87
12829,6197,Books,28.88,1,28.88
12830,6197,Electronics,438.47,1,438.47
12831,6197,Electronics,625.81,1,625.81
12832,6198,Electronics,854.22,2,1708.44
12833,6198,Grocery,6.27,1,6.27
12834,6198,Grocery,59.14,1,59.14
12835,6199,Sports & Outdoors,81.1,2,162.2
12836,6199,Home & Kitchen,21.21,2,42.42
12837,6200,Apparel,40.42,1,40.42
12838,6201,Grocery,49.01,1,49.01
12839,6202,Home & Kitchen,124.86,1,124.86
12840,6202,Home & Kitchen,246.0,1,246.0
12841,6203,Electronics,93.94,1,93.94
12842,6204,Toys & Games,24.8,1,24.8
12843,6205,Apparel,60.25,1,60.25
12844,6206,Books,8.16,1,8.16
12845,6207,Toys & Games,43.84,1,43.84
12846,6208,Electronics,639.16,3,1917.48
12847,6209,Home & Kitchen,29.38,1,29.38
12848,6210,Electronics,343.06,2,686.12
12849,6211,Apparel,45.17,3,135.51
12850,6211,Grocery,37.24,3,111.72
12851,6211,Books,13.32,1,13.32
12852,6211,Books,34.98,1,34.98
12853,6212,Home & Kitchen,129.44,1,129.44
12854,6213,Apparel,111.46,1,111.46
12855,6213,Sports & Outdoors,138.7,1,138.7
12856,6213,Books,13.53,1,13.53
12857,6213,Toys & Games,101.64,1,101.64
12858,6214,Beauty,41.88,1,41.88
12859,6214,Home & Kitchen,114.94,1,114.94
12860,6214,Sports & Outdoors,211.05,1,211.05
12861,6214,Electronics,332.65,1,332.65
12862,6215,Beauty,82.92,3,248.76
12863,6215,Beauty,8.84,1,8.84
12864,6216,Apparel,81.99,2,163.98
12865,6217,Apparel,46.23,1,46.23
12866,6217,Toys & Games,93.71,1,93.71
12867,6218,Beauty,83.5,1,83.5
12868,6219,Home & Kitchen,57.57,1,57.57
12869,6220,Electronics,357.98,1,357.98
12870,6220,Grocery,45.35,1,45.35
12871,6221,Electronics,749.38,1,749.38
12872,6221,Electronics,829.97,1,829.97
12873,6222,Electronics,499.82,1,499.82
12874,6222,Home & Kitchen,165.5,1,165.5
12875,6222,Books,11.69,1,11.69
12876,6223,Electronics,894.57,1,894.57
12877,6223,Apparel,81.66,3,244.98
12878,6223,Beauty,69.8,1,69.8
12879,6224,Home & Kitchen,283.67,1,283.67
12880,6224,Toys & Games,103.28,2,206.56
12881,6225,Toys & Games,19.74,1,19.74
12882,6226,Apparel,134.75,1,134.75
12883,6226,Electronics,410.33,1,410.33
12884,6226,Sports & Outdoors,15.1,2,30.2
12885,6227,Toys & Games,26.45,1,26.45
12886,6227,Grocery,15.35,1,15.35
12887,6227,Beauty,31.89,1,31.89
12888,6227,Sports & Outdoors,152.39,2,304.78
12889,6227,Books,37.17,1,37.17
12890,6228,Electronics,579.66,2,1159.32
12891,6228,Electronics,841.21,3,2523.63
12892,6228,Beauty,62.7,1,62.7
12893,6229,Beauty,23.27,1,23.27
12894,6229,Electronics,560.12,1,560.12
12895,6230,Apparel,71.07,1,71.07
12896,6230,Electronics,164.12,1,164.12
12897,6231,Apparel,141.33,1,141.33
12898,6231,Electronics,804.33,1,804.33
12899,6232,Grocery,49.21,2,98.42
12900,6233,Home & Kitchen,61.1,2,122.2
12901,6233,Toys & Games,35.85,1,35.85
12902,6233,Books,43.92,2,87.84
12903,6234,Sports & Outdoors,18.72,1,18.72
12904,6234,Books,13.51,3,40.53
12905,6235,Home & Kitchen,257.22,2,514.44
12906,6235,Apparel,85.54,1,85.54
12907,6236,Books,42.78,1,42.78
12908,6236,Electronics,831.02,3,2493.06
12909,6237,Electronics,706.04,1,706.04
12910,6238,Apparel,37.16,1,37.16
12911,6238,Toys & Games,105.01,1,105.01
12912,6238,Sports & Outdoors,208.08,1,208.08
12913,6239,Beauty,12.8,3,38.4
12914,6240,Beauty,22.74,1,22.74
12915,6241,Electronics,313.29,1,313.29
12916,6242,Toys & Games,70.72,2,141.44
12917,6243,Home & Kitchen,179.11,1,179.11
12918,6243,Sports & Outdoors,18.98,1,18.98
12919,6244,Electronics,421.11,3,1263.33
12920,6245,Home & Kitchen,44.01,1,44.01
12921,6246,Electronics,517.89,2,1035.78
12922,6246,Electronics,565.07,1,565.07
12923,6247,Beauty,72.28,1,72.28
12924,6247,Apparel,25.99,1,25.99
12925,6248,Apparel,56.68,1,56.68
12926,6249,Electronics,439.75,1,439.75
12927,6249,Home & Kitchen,174.02,1,174.02
12928,6249,Toys & Games,34.1,1,34.1
12929,6250,Books,41.77,1,41.77
12930,6251,Home & Kitchen,263.39,1,263.39
12931,6252,Grocery,4.76,3,14.28
12932,6253,Books,36.93,1,36.93
12933,6254,Beauty,30.44,1,30.44
12934,6254,Grocery,10.17,1,10.17
12935,6254,Beauty,35.97,2,71.94
12936,6254,Apparel,133.84,2,267.68
12937,6255,Apparel,85.74,1,85.74
12938,6256,Electronics,686.7,2,1373.4
12939,6256,Electronics,737.7,1,737.7
12940,6256,Books,18.42,2,36.84
12941,6256,Toys & Games,8.49,1,8.49
12942,6256,Apparel,128.46,1,128.46
12943,6257,Sports & Outdoors,32.96,3,98.88
12944,6257,Electronics,687.0,3,2061.0
12945,6257,Toys & Games,88.2,1,88.2
12946,6257,Grocery,39.01,2,78.02
12947,6258,Home & Kitchen,88.51,1,88.51
12948,6258,Grocery,52.5,2,105.0
12949,6258,Home & Kitchen,128.74,1,128.74
12950,6259,Books,21.81,2,43.62
12951,6259,Books,12.63,2,25.26
12952,6259,Toys & Games,92.15,1,92.15
12953,6259,Apparel,100.01,1,100.01
12954,6260,Books,19.82,1,19.82
12955,6260,Home & Kitchen,231.04,1,231.04
12956,6260,Toys & Games,42.89,1,42.89
12957,6260,Apparel,118.72,1,118.72
12958,6261,Apparel,107.0,3,321.0
12959,6261,Home & Kitchen,26.1,2,52.2
12960,6262,Toys & Games,37.1,2,74.2
12961,6262,Beauty,22.53,1,22.53
12962,6263,Toys & Games,63.31,3,189.93
12963,6264,Home & Kitchen,202.31,1,202.31
12964,6264,Electronics,808.21,1,808.21
12965,6265,Electronics,470.74,1,470.74
12966,6266,Electronics,314.29,1,314.29
12967,6266,Beauty,15.79,2,31.58
12968,6266,Apparel,37.54,1,37.54
12969,6266,Electronics,323.85,2,647.7
12970,6267,Grocery,9.38,1,9.38
12971,6267,Grocery,7.44,1,7.44
12972,6268,Beauty,37.14,2,74.28
12973,6269,Electronics,412.97,1,412.97
12974,6269,Home & Kitchen,179.57,1,179.57
12975,6270,Sports & Outdoors,243.52,2,487.04
12976,6271,Apparel,29.4,1,29.4
12977,6271,Sports & Outdoors,58.34,1,58.34
12978,6272,Electronics,846.52,1,846.52
12979,6273,Home & Kitchen,173.88,1,173.88
12980,6273,Electronics,364.27,2,728.54
12981,6274,Beauty,75.11,1,75.11
12982,6275,Toys & Games,67.35,1,67.35
12983,6275,Sports & Outdoors,243.35,2,486.7
12984,6275,Electronics,409.11,2,818.22
12985,6276,Home & Kitchen,126.68,2,253.36
12986,6276,Apparel,57.24,1,57.24
12987,6276,Electronics,760.39,1,760.39
12988,6276,Sports & Outdoors,124.72,1,124.72
12989,6276,Home & Kitchen,37.63,1,37.63
12990,6277,Electronics,880.26,1,880.26
12991,6278,Books,38.91,1,38.91
12992,6279,Toys & Games,115.65,1,115.65
12993,6279,Apparel,117.83,1,117.83
12994,6280,Electronics,564.49,3,1693.47
12995,6281,Electronics,264.04,1,264.04
12996,6281,Apparel,133.84,1,133.84
12997,6281,Books,34.92,1,34.92
12998,6282,Electronics,431.23,1,431.23
12999,6283,Apparel,35.5,3,106.5
13000,6283,Apparel,20.05,1,20.05
13001,6284,Home & Kitchen,207.76,2,415.52
13002,6284,Toys & Games,70.02,2,140.04
13003,6284,Apparel,95.13,1,95.13
13004,6284,Apparel,59.72,2,119.44
13005,6285,Grocery,38.98,1,38.98
13006,6286,Home & Kitchen,246.91,1,246.91
13007,6286,Apparel,67.05,2,134.1
13008,6286,Grocery,7.18,3,21.54
13009,6287,Sports & Outdoors,110.91,1,110.91
13010,6288,Sports & Outdoors,19.41,1,19.41
13011,6288,Grocery,57.59,2,115.18
13012,6289,Electronics,801.28,2,1602.56
13013,6289,Beauty,80.19,1,80.19
13014,6289,Electronics,765.93,1,765.93
13015,6289,Apparel,146.85,1,146.85
13016,6290,Electronics,232.41,2,464.82
13017,6291,Electronics,659.96,1,659.96
13018,6291,Apparel,139.57,1,139.57
13019,6292,Electronics,881.12,1,881.12
13020,6292,Electronics,783.27,1,783.27
13021,6293,Sports & Outdoors,198.45,1,198.45
13022,6294,Electronics,729.07,2,1458.14
13023,6294,Home & Kitchen,210.18,2,420.36
13024,6295,Apparel,122.57,3,367.71
13025,6295,Books,18.12,1,18.12
13026,6295,Beauty,17.54,1,17.54
13027,6295,Apparel,77.65,1,77.65
13028,6296,Books,22.56,1,22.56
13029,6296,Home & Kitchen,72.28,1,72.28
13030,6297,Toys & Games,27.32,1,27.32
13031,6297,Toys & Games,84.68,1,84.68
13032,6297,Home & Kitchen,231.54,1,231.54
13033,6298,Electronics,253.41,2,506.82
13034,6298,Home & Kitchen,66.59,1,66.59
13035,6298,Beauty,11.37,1,11.37
13036,6299,Beauty,37.53,1,37.53
13037,6300,Sports & Outdoors,156.96,1,156.96
13038,6301,Electronics,148.4,2,296.8
13039,6301,Apparel,29.97,1,29.97
13040,6301,Electronics,473.75,2,947.5
13041,6301,Books,17.82,1,17.82
13042,6301,Grocery,4.42,1,4.42
13043,6302,Grocery,5.7,1,5.7
13044,6303,Home & Kitchen,158.74,1,158.74
13045,6303,Electronics,318.78,1,318.78
13046,6304,Grocery,11.54,1,11.54
13047,6304,Apparel,78.25,1,78.25
13048,6305,Beauty,74.76,1,74.76
13049,6306,Toys & Games,86.89,1,86.89
13050,6307,Sports & Outdoors,166.25,2,332.5
13051,6307,Sports & Outdoors,39.06,1,39.06
13052,6307,Apparel,104.76,1,104.76
13053,6307,Beauty,40.79,2,81.58
13054,6308,Electronics,464.08,1,464.08
13055,6309,Electronics,155.65,2,311.3
13056,6310,Toys & Games,99.85,2,199.7
13057,6310,Toys & Games,81.73,3,245.19
13058,6310,Beauty,21.54,1,21.54
13059,6310,Home & Kitchen,220.05,1,220.05
13060,6311,Beauty,89.11,1,89.11
13061,6311,Electronics,105.25,3,315.75
13062,6311,Beauty,35.64,1,35.64
13063,6311,Sports & Outdoors,158.0,1,158.0
13064,6312,Electronics,411.9,1,411.9
13065,6312,Electronics,870.82,1,870.82
13066,6312,Grocery,52.1,3,156.3
13067,6313,Grocery,58.71,3,176.13
13068,6313,Home & Kitchen,264.93,1,264.93
13069,6313,Beauty,75.57,2,151.14
13070,6314,Apparel,75.95,3,227.85
13071,6314,Books,20.14,1,20.14
13072,6315,Sports & Outdoors,223.71,1,223.71
13073,6315,Apparel,103.49,3,310.47
13074,6315,Toys & Games,56.59,1,56.59
13075,6316,Apparel,47.97,1,47.97
13076,6316,Apparel,109.17,1,109.17
13077,6316,Grocery,23.75,1,23.75
13078,6317,Home & Kitchen,64.73,1,64.73
13079,6318,Home & Kitchen,190.5,1,190.5
13080,6318,Grocery,29.27,1,29.27
13081,6318,Electronics,278.81,2,557.62
13082,6319,Grocery,24.89,1,24.89
13083,6320,Grocery,10.82,1,10.82
13084,6321,Toys & Games,44.44,1,44.44
13085,6321,Grocery,17.04,1,17.04
13086,6321,Home & Kitchen,142.1,1,142.1
13087,6321,Electronics,217.46,2,434.92
13088,6321,Apparel,138.48,1,138.48
13089,6322,Toys & Games,106.34,1,106.34
13090,6323,Toys & Games,33.18,1,33.18
13091,6323,Home & Kitchen,279.74,1,279.74
13092,6323,Sports & Outdoors,180.05,2,360.1
13093,6324,Home & Kitchen,134.85,1,134.85
13094,6324,Sports & Outdoors,27.63,1,27.63
13095,6324,Home & Kitchen,25.83,1,25.83
13096,6325,Books,25.41,1,25.41
13097,6326,Apparel,98.85,1,98.85
13098,6326,Beauty,22.16,1,22.16
13099,6327,Toys & Games,90.22,2,180.44
13100,6327,Apparel,87.07,2,174.14
13101,6327,Home & Kitchen,225.03,1,225.03
13102,6327,Apparel,128.87,1,128.87
13103,6328,Home & Kitchen,199.31,1,199.31
13104,6328,Home & Kitchen,135.45,2,270.9
13105,6329,Home & Kitchen,255.63,1,255.63
13106,6329,Beauty,37.53,1,37.53
13107,6329,Toys & Games,62.84,1,62.84
13108,6330,Grocery,38.69,1,38.69
13109,6330,Home & Kitchen,215.33,1,215.33
13110,6330,Apparel,95.76,2,191.52
13111,6330,Electronics,100.97,3,302.91
13112,6331,Books,29.69,2,59.38
13113,6331,Beauty,63.25,2,126.5
13114,6331,Home & Kitchen,165.53,2,331.06
13115,6331,Apparel,95.0,1,95.0
13116,6332,Home & Kitchen,72.82,1,72.82
13117,6332,Home & Kitchen,108.23,1,108.23
13118,6333,Beauty,86.86,1,86.86
13119,6333,Electronics,361.28,1,361.28
13120,6333,Sports & Outdoors,81.03,1,81.03
13121,6334,Home & Kitchen,264.47,1,264.47
13122,6335,Sports & Outdoors,18.52,2,37.04
13123,6335,Electronics,149.01,1,149.01
13124,6335,Home & Kitchen,100.99,1,100.99
13125,6335,Sports & Outdoors,128.41,2,256.82
13126,6336,Apparel,82.59,2,165.18
13127,6337,Sports & Outdoors,98.29,2,196.58
13128,6338,Beauty,86.23,1,86.23
13129,6338,Apparel,71.85,1,71.85
13130,6338,Electronics,485.12,3,1455.36
13131,6339,Electronics,574.57,1,574.57
13132,6340,Sports & Outdoors,207.7,1,207.7
13133,6341,Sports & Outdoors,212.29,1,212.29
13134,6341,Apparel,79.83,1,79.83
13135,6342,Electronics,138.12,1,138.12
13136,6342,Sports & Outdoors,136.27,1,136.27
13137,6343,Electronics,767.04,3,2301.12
13138,6344,Apparel,101.36,1,101.36
13139,6344,Home & Kitchen,123.52,2,247.04
13140,6345,Apparel,78.36,1,78.36
13141,6345,Grocery,25.45,1,25.45
13142,6345,Electronics,610.12,1,610.12
13143,6346,Home & Kitchen,200.99,2,401.98
13144,6346,Home & Kitchen,242.5,1,242.5
13145,6347,Home & Kitchen,187.8,1,187.8
13146,6347,Toys & Games,26.85,1,26.85
13147,6348,Apparel,129.21,1,129.21
13148,6349,Beauty,43.5,1,43.5
13149,6350,Apparel,23.36,1,23.36
13150,6351,Electronics,872.08,1,872.08
13151,6352,Electronics,763.35,1,763.35
13152,6353,Books,15.1,1,15.1
13153,6353,Sports & Outdoors,207.2,2,414.4
13154,6353,Electronics,121.26,1,121.26
13155,6353,Sports & Outdoors,232.78,1,232.78
13156,6354,Beauty,89.79,2,179.58
13157,6354,Sports & Outdoors,33.44,1,33.44
13158,6354,Beauty,65.21,1,65.21
13159,6354,Books,40.15,2,80.3
13160,6355,Electronics,471.0,2,942.0
13161,6355,Beauty,29.99,1,29.99
13162,6355,Apparel,96.44,1,96.44
13163,6356,Books,27.12,2,54.24
13164,6356,Electronics,341.27,1,341.27
13165,6357,Apparel,31.03,2,62.06
13166,6357,Apparel,63.97,1,63.97
13167,6358,Apparel,58.85,1,58.85
13168,6358,Home & Kitchen,294.76,1,294.76
13169,6358,Home & Kitchen,96.29,1,96.29
13170,6358,Beauty,49.66,3,148.98
13171,6359,Grocery,37.17,2,74.34
13172,6359,Home & Kitchen,260.61,1,260.61
13173,6359,Electronics,72.78,2,145.56
13174,6359,Home & Kitchen,290.8,1,290.8
13175,6360,Beauty,34.7,1,34.7
13176,6361,Home & Kitchen,192.17,1,192.17
13177,6362,Books,27.43,1,27.43
13178,6362,Electronics,604.11,1,604.11
13179,6362,Home & Kitchen,190.19,3,570.57
13180,6363,Grocery,55.99,1,55.99
13181,6363,Home & Kitchen,187.67,1,187.67
13182,6363,Apparel,142.8,2,285.6
13183,6364,Toys & Games,37.19,1,37.19
13184,6365,Electronics,493.35,1,493.35
13185,6366,Electronics,77.34,1,77.34
13186,6367,Home & Kitchen,227.69,1,227.69
13187,6368,Home & Kitchen,195.68,1,195.68
13188,6369,Apparel,27.72,3,83.16
13189,6369,Apparel,79.92,1,79.92
13190,6369,Electronics,147.89,1,147.89
13191,6369,Grocery,48.6,1,48.6
13192,6369,Apparel,31.83,1,31.83
13193,6370,Electronics,161.77,1,161.77
13194,6371,Electronics,491.04,1,491.04
13195,6372,Toys & Games,111.63,1,111.63
13196,6372,Sports & Outdoors,27.99,1,27.99
13197,6372,Home & Kitchen,72.9,2,145.8
13198,6373,Sports & Outdoors,23.54,1,23.54
13199,6374,Home & Kitchen,33.63,1,33.63
13200,6375,Beauty,40.57,2,81.14
13201,6375,Beauty,51.66,1,51.66
13202,6375,Toys & Games,56.37,1,56.37
13203,6376,Grocery,24.5,1,24.5
13204,6376,Apparel,115.02,1,115.02
13205,6377,Apparel,35.25,2,70.5
13206,6377,Beauty,34.33,1,34.33
13207,6378,Toys & Games,14.36,1,14.36
13208,6378,Grocery,35.86,1,35.86
13209,6379,Apparel,26.68,3,80.04
13210,6379,Electronics,353.65,1,353.65
13211,6379,Electronics,126.7,1,126.7
13212,6380,Electronics,245.11,1,245.11
13213,6380,Apparel,138.62,1,138.62
13214,6380,Beauty,83.08,1,83.08
13215,6380,Home & Kitchen,172.47,1,172.47
13216,6381,Electronics,438.64,1,438.64
13217,6382,Apparel,117.82,1,117.82
13218,6382,Grocery,18.82,1,18.82
13219,6382,Home & Kitchen,106.68,1,106.68
13220,6382,Home & Kitchen,247.69,2,495.38
13221,6382,Home & Kitchen,104.19,1,104.19
13222,6383,Toys & Games,90.48,1,90.48
13223,6383,Home & Kitchen,100.67,1,100.67
13224,6383,Toys & Games,83.19,1,83.19
13225,6384,Beauty,89.64,1,89.64
13226,6384,Home & Kitchen,221.59,3,664.77
13227,6385,Sports & Outdoors,70.42,3,211.26
13228,6385,Beauty,83.56,1,83.56
13229,6386,Books,12.4,2,24.8
13230,6387,Electronics,258.1,1,258.1
13231,6388,Apparel,58.21,1,58.21
13232,6388,Books,6.94,1,6.94
13233,6388,Electronics,767.64,2,1535.28
13234,6389,Toys & Games,97.88,1,97.88
13235,6389,Home & Kitchen,156.67,1,156.67
13236,6389,Home & Kitchen,38.23,2,76.46
13237,6389,Electronics,66.72,1,66.72
13238,6390,Electronics,815.58,1,815.58
13239,6391,Toys & Games,56.13,1,56.13
13240,6391,Beauty,25.32,1,25.32
13241,6391,Grocery,52.78,1,52.78
13242,6392,Toys & Games,29.0,1,29.0
13243,6393,Beauty,72.86,1,72.86
13244,6393,Electronics,561.3,1,561.3
13245,6394,Books,28.47,3,85.41
13246,6395,Beauty,83.81,1,83.81
13247,6395,Apparel,25.05,1,25.05
13248,6396,Grocery,38.33,1,38.33
13249,6397,Beauty,45.18,1,45.18
13250,6397,Home & Kitchen,291.76,1,291.76
13251,6398,Beauty,79.51,1,79.51
13252,6399,Electronics,688.33,1,688.33
13253,6399,Apparel,17.75,1,17.75
13254,6400,Apparel,130.8,1,130.8
13255,6401,Home & Kitchen,215.76,1,215.76
13256,6401,Apparel,119.18,2,238.36
13257,6402,Electronics,834.64,1,834.64
13258,6403,Electronics,456.63,2,913.26
13259,6404,Apparel,19.9,1,19.9
13260,6404,Books,34.97,1,34.97
13261,6405,Electronics,703.47,2,1406.94
13262,6405,Books,19.59,3,58.77
13263,6405,Home & Kitchen,123.08,1,123.08
13264,6406,Apparel,134.33,1,134.33
13265,6407,Home & Kitchen,51.3,1,51.3
13266,6407,Beauty,83.34,1,83.34
13267,6407,Beauty,54.55,3,163.65
13268,6408,Home & Kitchen,172.97,1,172.97
13269,6408,Home & Kitchen,164.72,1,164.72
13270,6408,Apparel,127.12,1,127.12
13271,6409,Electronics,732.34,1,732.34
13272,6409,Grocery,46.28,3,138.84
13273,6410,Electronics,528.33,1,528.33
13274,6410,Books,20.09,2,40.18
13275,6411,Toys & Games,33.52,2,67.04
13276,6411,Apparel,124.54,1,124.54
13277,6412,Electronics,117.3,3,351.9
13278,6413,Apparel,72.05,1,72.05
13279,6413,Apparel,70.01,1,70.01
13280,6414,Apparel,94.28,2,188.56
13281,6414,Books,10.76,1,10.76
13282,6414,Sports & Outdoors,58.48,1,58.48
13283,6415,Apparel,89.04,1,89.04
13284,6415,Toys & Games,55.24,1,55.24
13285,6415,Beauty,38.45,1,38.45
13286,6416,Sports & Outdoors,164.07,2,328.14
13287,6417,Electronics,67.92,1,67.92
13288,6417,Toys & Games,106.03,2,212.06
13289,6418,Apparel,66.33,1,66.33
13290,6418,Electronics,325.57,2,651.14
13291,6418,Grocery,12.43,1,12.43
13292,6419,Apparel,80.12,1,80.12
13293,6419,Grocery,17.06,3,51.18
13294,6419,Home & Kitchen,62.08,1,62.08
13295,6419,Apparel,143.35,2,286.7
13296,6420,Toys & Games,20.65,1,20.65
13297,6420,Beauty,69.12,2,138.24
13298,6421,Sports & Outdoors,46.19,2,92.38
13299,6422,Grocery,10.86,1,10.86
13300,6423,Electronics,430.67,1,430.67
13301,6424,Electronics,152.66,1,152.66
13302,6424,Electronics,226.64,1,226.64
13303,6425,Home & Kitchen,189.66,1,189.66
13304,6425,Home & Kitchen,208.9,1,208.9
13305,6425,Home & Kitchen,245.1,1,245.1
13306,6426,Books,24.34,1,24.34
13307,6426,Home & Kitchen,140.94,1,140.94
13308,6427,Toys & Games,31.1,1,31.1
13309,6428,Books,7.82,2,15.64
13310,6428,Sports & Outdoors,223.44,1,223.44
13311,6429,Electronics,253.49,2,506.98
13312,6429,Apparel,64.59,2,129.18
13313,6429,Home & Kitchen,234.83,1,234.83
13314,6430,Toys & Games,23.29,1,23.29
13315,6431,Beauty,20.7,2,41.4
13316,6431,Home & Kitchen,243.07,3,729.21
13317,6432,Electronics,287.44,1,287.44
13318,6433,Home & Kitchen,152.95,2,305.9
13319,6433,Electronics,323.09,1,323.09
13320,6434,Books,22.48,3,67.44
13321,6434,Home & Kitchen,113.65,3,340.95
13322,6435,Apparel,126.47,1,126.47
13323,6435,Electronics,427.8,1,427.8
13324,6435,Home & Kitchen,18.56,1,18.56
13325,6436,Home & Kitchen,247.8,1,247.8
13326,6436,Beauty,88.86,1,88.86
13327,6436,Toys & Games,106.25,1,106.25
13328,6437,Grocery,26.21,3,78.63
13329,6437,Home & Kitchen,182.87,3,548.61
13330,6438,Electronics,388.0,1,388.0
13331,6438,Books,6.24,2,12.48
13332,6439,Grocery,54.4,1,54.4
13333,6439,Sports & Outdoors,178.51,1,178.51
13334,6439,Books,23.67,2,47.34
13335,6440,Apparel,88.74,2,177.48
13336,6440,Apparel,107.14,1,107.14
13337,6441,Toys & Games,15.95,1,15.95
13338,6441,Home & Kitchen,190.98,1,190.98
13339,6442,Electronics,146.64,2,293.28
13340,6443,Home & Kitchen,192.76,1,192.76
13341,6443,Grocery,47.64,2,95.28
13342,6444,Electronics,129.94,1,129.94
13343,6445,Toys & Games,86.15,1,86.15
13344,6445,Sports & Outdoors,177.48,1,177.48
13345,6446,Home & Kitchen,170.77,1,170.77
13346,6446,Books,34.94,1,34.94
13347,6447,Electronics,885.34,1,885.34
13348,6448,Beauty,64.15,1,64.15
13349,6448,Sports & Outdoors,22.71,1,22.71
13350,6448,Home & Kitchen,42.11,1,42.11
13351,6449,Apparel,76.9,1,76.9
13352,6449,Beauty,70.65,1,70.65
13353,6450,Toys & Games,99.44,1,99.44
13354,6450,Books,42.17,2,84.34
13355,6450,Toys & Games,83.48,1,83.48
13356,6450,Beauty,31.27,2,62.54
13357,6451,Beauty,53.04,1,53.04
13358,6451,Home & Kitchen,279.61,3,838.83
13359,6452,Toys & Games,41.0,2,82.0
13360,6453,Apparel,40.46,2,80.92
13361,6454,Electronics,387.9,1,387.9
13362,6454,Beauty,81.19,3,243.57
13363,6454,Sports & Outdoors,163.31,1,163.31
13364,6454,Home & Kitchen,68.29,1,68.29
13365,6454,Electronics,715.41,1,715.41
13366,6455,Beauty,61.16,1,61.16
13367,6456,Electronics,659.29,2,1318.58
13368,6456,Sports & Outdoors,172.49,1,172.49
13369,6456,Home & Kitchen,75.37,1,75.37
13370,6457,Apparel,72.59,1,72.59
13371,6458,Electronics,858.85,3,2576.55
13372,6459,Home & Kitchen,20.38,1,20.38
13373,6460,Apparel,69.14,3,207.42
13374,6460,Toys & Games,62.26,2,124.52
13375,6461,Electronics,316.37,1,316.37
13376,6461,Toys & Games,73.69,1,73.69
13377,6462,Beauty,36.87,1,36.87
13378,6463,Apparel,35.43,2,70.86
13379,6463,Books,24.09,1,24.09
13380,6463,Home & Kitchen,140.93,1,140.93
13381,6464,Toys & Games,91.33,1,91.33
13382,6465,Books,32.87,1,32.87
13383,6465,Home & Kitchen,103.94,2,207.88
13384,6466,Beauty,60.94,1,60.94
13385,6466,Home & Kitchen,31.65,1,31.65
13386,6467,Apparel,67.73,1,67.73
13387,6467,Electronics,246.4,1,246.4
13388,6468,Sports & Outdoors,220.0,1,220.0
13389,6469,Books,28.86,1,28.86
13390,6470,Home & Kitchen,201.4,2,402.8
13391,6470,Apparel,68.43,1,68.43
13392,6471,Electronics,786.71,2,1573.42
13393,6471,Apparel,118.98,1,118.98
13394,6471,Home & Kitchen,56.84,1,56.84
13395,6471,Beauty,48.84,1,48.84
13396,6471,Home & Kitchen,263.85,2,527.7
13397,6472,Sports & Outdoors,174.24,1,174.24
13398,6472,Apparel,73.03,1,73.03
13399,6473,Electronics,509.49,1,509.49
13400,6473,Books,17.62,3,52.86
13401,6473,Home & Kitchen,146.75,1,146.75
13402,6473,Electronics,519.95,1,519.95
13403,6474,Books,31.79,1,31.79
13404,6474,Toys & Games,67.03,2,134.06
13405,6475,Apparel,41.86,3,125.58
13406,6475,Home & Kitchen,299.32,1,299.32
13407,6475,Electronics,46.58,1,46.58
13408,6475,Beauty,28.4,1,28.4
13409,6476,Apparel,123.21,1,123.21
13410,6476,Electronics,850.1,1,850.1
13411,6477,Beauty,38.03,3,114.09
13412,6477,Sports & Outdoors,182.94,1,182.94
13413,6478,Electronics,649.24,2,1298.48
13414,6479,Home & Kitchen,288.05,1,288.05
13415,6479,Apparel,149.66,1,149.66
13416,6479,Toys & Games,111.06,1,111.06
13417,6480,Electronics,79.44,1,79.44
13418,6481,Grocery,16.98,1,16.98
13419,6482,Home & Kitchen,24.66,1,24.66
13420,6483,Home & Kitchen,64.25,2,128.5
13421,6484,Home & Kitchen,232.32,2,464.64
13422,6485,Grocery,58.65,1,58.65
13423,6486,Grocery,13.7,1,13.7
13424,6486,Grocery,32.67,1,32.67
13425,6486,Electronics,869.3,1,869.3
13426,6487,Electronics,534.78,2,1069.56
13427,6487,Electronics,374.03,1,374.03
13428,6487,Books,16.06,2,32.12
13429,6488,Apparel,97.95,1,97.95
13430,6489,Electronics,139.63,1,139.63
13431,6490,Toys & Games,108.52,1,108.52
13432,6491,Books,8.16,2,16.32
13433,6492,Electronics,583.64,1,583.64
13434,6492,Beauty,56.18,1,56.18
13435,6493,Home & Kitchen,262.21,2,524.42
13436,6494,Apparel,64.3,1,64.3
13437,6495,Apparel,106.21,1,106.21
13438,6496,Sports & Outdoors,58.39,2,116.78
13439,6496,Sports & Outdoors,159.38,1,159.38
13440,6497,Electronics,316.31,1,316.31
13441,6497,Apparel,122.48,1,122.48
13442,6497,Toys & Games,115.69,1,115.69
13443,6497,Beauty,69.92,1,69.92
13444,6498,Home & Kitchen,62.29,2,124.58
13445,6499,Toys & Games,100.21,2,200.42
13446,6499,Grocery,14.71,2,29.42
13447,6499,Sports & Outdoors,178.34,1,178.34
13448,6499,Sports & Outdoors,66.98,1,66.98
13449,6500,Toys & Games,111.42,1,111.42
13450,6501,Apparel,148.98,1,148.98
13451,6501,Books,43.79,2,87.58
13452,6502,Beauty,71.25,1,71.25
13453,6502,Books,8.33,1,8.33
13454,6502,Toys & Games,56.81,1,56.81
13455,6502,Toys & Games,119.87,1,119.87
13456,6502,Beauty,83.24,1,83.24
13457,6503,Electronics,360.29,1,360.29
13458,6504,Grocery,47.85,1,47.85
13459,6504,Books,43.97,1,43.97
13460,6505,Sports & Outdoors,224.06,1,224.06
13461,6505,Electronics,615.28,1,615.28
13462,6506,Toys & Games,110.6,1,110.6
13463,6507,Apparel,57.78,1,57.78
13464,6508,Electronics,855.35,1,855.35
13465,6509,Beauty,87.87,1,87.87
13466,6510,Home & Kitchen,147.54,1,147.54
13467,6510,Electronics,672.16,2,1344.32
13468,6510,Home & Kitchen,230.68,1,230.68
13469,6510,Electronics,68.08,1,68.08
13470,6510,Electronics,753.34,1,753.34
13471,6511,Apparel,25.45,2,50.9
13472,6511,Beauty,19.91,2,39.82
13473,6511,Beauty,80.95,2,161.9
13474,6512,Apparel,30.23,1,30.23
13475,6513,Home & Kitchen,270.22,1,270.22
13476,6513,Apparel,139.79,3,419.37
13477,6514,Home & Kitchen,67.67,1,67.67
13478,6514,Apparel,23.13,1,23.13
13479,6515,Electronics,192.68,3,578.04
13480,6515,Apparel,107.78,3,323.34
13481,6516,Grocery,6.29,1,6.29
13482,6516,Home & Kitchen,290.51,2,581.02
13483,6516,Grocery,11.58,1,11.58
13484,6517,Apparel,94.04,2,188.08
13485,6518,Home & Kitchen,179.55,1,179.55
13486,6518,Electronics,535.6,3,1606.8
13487,6518,Electronics,133.42,1,133.42
13488,6519,Books,17.83,1,17.83
13489,6519,Beauty,33.12,1,33.12
13490,6520,Beauty,18.08,1,18.08
13491,6520,Apparel,70.85,1,70.85
13492,6521,Beauty,79.11,1,79.11
13493,6521,Apparel,52.87,1,52.87
13494,6522,Books,8.82,1,8.82
13495,6522,Electronics,238.63,1,238.63
13496,6523,Beauty,16.46,2,32.92
13497,6523,Apparel,33.17,3,99.51
13498,6523,Electronics,657.71,1,657.71
13499,6524,Beauty,55.12,1,55.12
13500,6525,Toys & Games,103.98,2,207.96
13501,6525,Sports & Outdoors,54.16,1,54.16
13502,6525,Beauty,63.48,1,63.48
13503,6525,Grocery,18.06,1,18.06
13504,6525,Toys & Games,65.0,1,65.0
13505,6526,Books,25.31,1,25.31
13506,6526,Electronics,165.81,1,165.81
13507,6527,Home & Kitchen,193.44,1,193.44
13508,6528,Apparel,98.81,1,98.81
13509,6528,Apparel,81.71,3,245.13
13510,6528,Beauty,11.04,1,11.04
13511,6529,Books,38.5,1,38.5
13512,6530,Beauty,21.09,1,21.09
13513,6530,Apparel,71.41,1,71.41
13514,6530,Sports & Outdoors,74.94,1,74.94
13515,6531,Electronics,863.63,2,1727.26
13516,6531,Apparel,135.93,1,135.93
13517,6531,Apparel,137.44,2,274.88
13518,6531,Home & Kitchen,47.4,1,47.4
13519,6532,Sports & Outdoors,221.52,3,664.56
13520,6533,Grocery,39.52,1,39.52
13521,6533,Books,30.07,2,60.14
13522,6533,Home & Kitchen,65.82,2,131.64
13523,6534,Beauty,80.22,1,80.22
13524,6534,Electronics,181.89,1,181.89
13525,6535,Apparel,113.96,3,341.88
13526,6535,Sports & Outdoors,20.74,1,20.74
13527,6535,Toys & Games,48.41,1,48.41
13528,6535,Toys & Games,87.02,1,87.02
13529,6536,Electronics,229.6,1,229.6
13530,6536,Books,29.22,3,87.66
13531,6536,Sports & Outdoors,128.88,3,386.64
13532,6537,Electronics,698.07,2,1396.14
13533,6537,Beauty,23.87,2,47.74
13534,6538,Home & Kitchen,59.88,1,59.88
13535,6539,Electronics,824.38,1,824.38
13536,6539,Electronics,267.8,3,803.4
13537,6540,Sports & Outdoors,99.57,1,99.57
13538,6541,Apparel,61.85,1,61.85
13539,6541,Beauty,60.68,1,60.68
13540,6542,Home & Kitchen,42.35,1,42.35
13541,6542,Books,39.16,1,39.16
13542,6543,Electronics,93.84,1,93.84
13543,6543,Books,27.19,1,27.19
13544,6544,Electronics,793.05,1,793.05
13545,6544,Toys & Games,107.86,1,107.86
13546,6544,Sports & Outdoors,72.57,1,72.57
13547,6545,Electronics,375.02,1,375.02
13548,6545,Grocery,12.0,1,12.0
13549,6545,Electronics,709.49,1,709.49
13550,6545,Toys & Games,40.8,1,40.8
13551,6546,Apparel,57.77,1,57.77
13552,6546,Toys & Games,84.58,1,84.58
13553,6546,Toys & Games,29.45,1,29.45
13554,6546,Electronics,597.57,1,597.57
13555,6547,Apparel,14.0,1,14.0
13556,6547,Electronics,58.85,1,58.85
13557,6548,Books,12.98,1,12.98
13558,6549,Electronics,438.64,1,438.64
13559,6549,Sports & Outdoors,13.4,2,26.8
13560,6549,Beauty,63.0,2,126.0
13561,6549,Sports & Outdoors,174.94,3,524.82
13562,6549,Apparel,25.11,1,25.11
13563,6550,Apparel,76.21,1,76.21
13564,6550,Sports & Outdoors,166.08,1,166.08
13565,6551,Books,10.42,1,10.42
13566,6552,Electronics,785.01,3,2355.03
13567,6552,Toys & Games,84.63,2,169.26
13568,6553,Toys & Games,45.69,1,45.69
13569,6554,Beauty,30.56,1,30.56
13570,6554,Apparel,131.45,1,131.45
13571,6554,Sports & Outdoors,239.25,2,478.5
13572,6555,Beauty,45.24,1,45.24
13573,6556,Beauty,28.95,3,86.85
13574,6557,Home & Kitchen,277.75,1,277.75
13575,6557,Books,17.02,1,17.02
13576,6557,Home & Kitchen,250.83,1,250.83
13577,6558,Books,20.26,1,20.26
13578,6559,Books,6.37,1,6.37
13579,6559,Grocery,26.55,1,26.55
13580,6560,Electronics,318.97,1,318.97
13581,6560,Grocery,28.55,2,57.1
13582,6561,Home & Kitchen,124.39,1,124.39
13583,6562,Toys & Games,9.38,1,9.38
13584,6562,Grocery,29.2,1,29.2
13585,6563,Apparel,89.94,1,89.94
13586,6563,Electronics,298.81,2,597.62
13587,6564,Books,25.07,2,50.14
13588,6564,Sports & Outdoors,92.02,1,92.02
13589,6565,Electronics,507.43,1,507.43
13590,6565,Home & Kitchen,15.76,1,15.76
13591,6565,Beauty,45.43,1,45.43
13592,6565,Grocery,23.61,2,47.22
13593,6565,Grocery,54.9,1,54.9
13594,6566,Toys & Games,21.37,1,21.37
13595,6566,Apparel,34.31,1,34.31
13596,6567,Apparel,142.51,1,142.51
13597,6568,Electronics,433.83,1,433.83
13598,6568,Electronics,240.88,1,240.88
13599,6568,Beauty,74.81,1,74.81
13600,6568,Electronics,492.21,2,984.42
13601,6569,Electronics,506.0,3,1518.0
13602,6570,Books,13.2,1,13.2
13603,6570,Toys & Games,33.87,1,33.87
13604,6571,Beauty,85.43,2,170.86
13605,6572,Beauty,75.18,1,75.18
13606,6572,Beauty,57.35,3,172.05
13607,6573,Books,19.06,2,38.12
13608,6574,Electronics,141.64,1,141.64
13609,6575,Apparel,19.8,1,19.8
13610,6576,Books,15.56,1,15.56
13611,6576,Apparel,42.35,1,42.35
13612,6576,Beauty,61.73,1,61.73
13613,6576,Toys & Games,93.96,1,93.96
13614,6576,Electronics,382.88,1,382.88
13615,6577,Beauty,66.81,3,200.43
13616,6578,Books,33.46,1,33.46
13617,6578,Beauty,26.04,2,52.08
13618,6578,Sports & Outdoors,231.97,1,231.97
13619,6579,Home & Kitchen,56.27,2,112.54
13620,6579,Books,18.26,1,18.26
13621,6580,Electronics,263.05,1,263.05
13622,6580,Sports & Outdoors,182.46,1,182.46
13623,6581,Sports & Outdoors,134.75,1,134.75
13624,6582,Electronics,623.49,1,623.49
13625,6582,Toys & Games,71.49,1,71.49
13626,6583,Electronics,200.64,2,401.28
13627,6583,Books,30.09,1,30.09
13628,6584,Beauty,50.62,1,50.62
13629,6584,Toys & Games,43.57,1,43.57
13630,6584,Books,7.03,1,7.03
13631,6585,Home & Kitchen,194.22,2,388.44
13632,6586,Toys & Games,93.27,2,186.54
13633,6586,Toys & Games,46.41,3,139.23
13634,6586,Electronics,795.43,1,795.43
13635,6586,Beauty,55.12,3,165.36
13636,6587,Apparel,26.46,1,26.46
13637,6587,Beauty,15.76,1,15.76
13638,6588,Sports & Outdoors,38.44,1,38.44
13639,6588,Beauty,22.07,2,44.14
13640,6588,Apparel,126.59,1,126.59
13641,6589,Electronics,282.2,1,282.2
13642,6589,Electronics,265.79,1,265.79
13643,6590,Electronics,469.37,1,469.37
13644,6590,Apparel,76.04,2,152.08
13645,6591,Electronics,707.91,1,707.91
13646,6591,Apparel,42.02,1,42.02
13647,6591,Apparel,75.0,1,75.0
13648,6591,Apparel,110.14,1,110.14
13649,6592,Grocery,29.01,1,29.01
13650,6593,Electronics,625.07,3,1875.21
13651,6593,Electronics,413.59,1,413.59
13652,6594,Home & Kitchen,60.49,1,60.49
13653,6595,Toys & Games,114.85,1,114.85
13654,6596,Home & Kitchen,141.73,1,141.73
13655,6596,Beauty,87.84,1,87.84
13656,6597,Home & Kitchen,159.96,1,159.96
13657,6598,Sports & Outdoors,22.34,2,44.68
13658,6599,Home & Kitchen,125.81,1,125.81
13659,6600,Grocery,41.72,3,125.16
13660,6601,Grocery,21.16,1,21.16
13661,6602,Electronics,361.19,1,361.19
13662,6603,Electronics,236.2,1,236.2
13663,6603,Apparel,94.43,1,94.43
13664,6603,Electronics,372.62,1,372.62
13665,6603,Grocery,58.16,1,58.16
13666,6604,Electronics,618.97,1,618.97
13667,6605,Sports & Outdoors,93.19,3,279.57
13668,6605,Electronics,186.92,1,186.92
13669,6605,Apparel,111.35,1,111.35
13670,6605,Apparel,130.07,1,130.07
13671,6605,Apparel,83.57,1,83.57
13672,6606,Electronics,102.8,2,205.6
13673,6606,Beauty,10.23,2,20.46
13674,6606,Electronics,762.04,1,762.04
13675,6606,Apparel,97.23,1,97.23
13676,6607,Apparel,129.37,1,129.37
13677,6607,Books,23.07,1,23.07
13678,6608,Beauty,87.08,2,174.16
13679,6609,Electronics,699.18,1,699.18
13680,6609,Beauty,36.64,2,73.28
13681,6609,Home & Kitchen,117.01,3,351.03
13682,6609,Home & Kitchen,240.87,1,240.87
13683,6610,Home & Kitchen,163.2,1,163.2
13684,6610,Electronics,752.98,2,1505.96
13685,6611,Grocery,16.9,1,16.9
13686,6612,Home & Kitchen,44.51,1,44.51
13687,6612,Toys & Games,19.13,1,19.13
13688,6613,Home & Kitchen,21.84,1,21.84
13689,6614,Electronics,805.29,1,805.29
13690,6615,Sports & Outdoors,69.06,3,207.18
13691,6616,Beauty,12.51,1,12.51
13692,6616,Apparel,61.72,1,61.72
13693,6616,Grocery,30.49,2,60.98
13694,6616,Electronics,339.42,1,339.42
13695,6616,Electronics,596.89,1,596.89
13696,6617,Grocery,50.69,2,101.38
13697,6618,Beauty,86.11,1,86.11
13698,6618,Electronics,656.62,3,1969.86
13699,6618,Electronics,127.51,1,127.51
13700,6619,Beauty,37.61,2,75.22
13701,6619,Home & Kitchen,264.41,1,264.41
13702,6619,Sports & Outdoors,21.22,3,63.66
13703,6620,Electronics,353.57,1,353.57
13704,6620,Electronics,326.39,1,326.39
13705,6621,Apparel,54.38,2,108.76
13706,6622,Electronics,550.5,3,1651.5
13707,6622,Electronics,187.14,1,187.14
13708,6623,Beauty,60.66,1,60.66
13709,6623,Electronics,344.62,1,344.62
13710,6623,Electronics,461.32,2,922.64
13711,6624,Apparel,102.5,1,102.5
13712,6624,Grocery,38.19,1,38.19
13713,6625,Home & Kitchen,161.69,1,161.69
13714,6626,Electronics,779.72,1,779.72
13715,6626,Home & Kitchen,142.05,3,426.15
13716,6627,Electronics,410.22,1,410.22
13717,6627,Apparel,140.4,2,280.8
13718,6627,Books,25.23,1,25.23
13719,6628,Apparel,105.84,2,211.68
13720,6628,Grocery,20.98,3,62.94
13721,6628,Electronics,248.61,1,248.61
13722,6628,Books,9.5,1,9.5
13723,6629,Grocery,20.43,1,20.43
13724,6629,Electronics,561.9,1,561.9
13725,6630,Books,7.81,1,7.81
13726,6630,Books,29.48,1,29.48
13727,6631,Toys & Games,34.81,1,34.81
13728,6631,Books,32.7,1,32.7
13729,6632,Toys & Games,71.59,1,71.59
13730,6632,Grocery,54.28,1,54.28
13731,6633,Electronics,88.14,1,88.14
13732,6634,Apparel,113.7,1,113.7
13733,6635,Electronics,401.93,3,1205.79
13734,6635,Books,20.02,1,20.02
13735,6635,Apparel,62.03,3,186.09
13736,6636,Toys & Games,40.03,1,40.03
13737,6636,Home & Kitchen,210.17,1,210.17
13738,6637,Home & Kitchen,182.54,1,182.54
13739,6637,Sports & Outdoors,211.31,1,211.31
13740,6637,Electronics,611.08,2,1222.16
13741,6638,Beauty,51.31,1,51.31
13742,6638,Home & Kitchen,211.03,2,422.06
13743,6638,Sports & Outdoors,64.09,1,64.09
13744,6638,Beauty,89.44,1,89.44
13745,6638,Electronics,706.26,1,706.26
13746,6639,Toys & Games,94.44,1,94.44
13747,6639,Electronics,583.32,1,583.32
13748,6640,Grocery,8.19,2,16.38
13749,6640,Home & Kitchen,93.62,1,93.62
13750,6641,Books,13.94,1,13.94
13751,6642,Electronics,429.37,1,429.37
13752,6643,Electronics,679.5,1,679.5
13753,6643,Home & Kitchen,267.31,3,801.93
13754,6643,Books,35.94,2,71.88
13755,6644,Toys & Games,57.85,1,57.85
13756,6644,Apparel,113.24,2,226.48
13757,6644,Apparel,97.95,2,195.9
13758,6644,Toys & Games,79.78,2,159.56
13759,6645,Apparel,120.66,3,361.98
13760,6645,Sports & Outdoors,199.36,2,398.72
13761,6645,Apparel,29.18,3,87.54
13762,6645,Electronics,456.76,1,456.76
13763,6646,Electronics,264.67,1,264.67
13764,6646,Apparel,96.28,3,288.84
13765,6646,Toys & Games,101.67,1,101.67
13766,6647,Home & Kitchen,199.83,1,199.83
13767,6648,Sports & Outdoors,236.66,1,236.66
13768,6648,Grocery,6.33,1,6.33
13769,6648,Sports & Outdoors,125.27,3,375.81
13770,6649,Beauty,55.19,1,55.19
13771,6650,Electronics,98.58,1,98.58
13772,6650,Sports & Outdoors,249.27,2,498.54
13773,6650,Home & Kitchen,198.42,1,198.42
13774,6651,Electronics,144.11,1,144.11
13775,6651,Apparel,70.65,1,70.65
13776,6652,Beauty,43.76,1,43.76
13777,6652,Grocery,58.1,2,116.2
13778,6652,Electronics,843.43,1,843.43
13779,6653,Home & Kitchen,270.32,1,270.32
13780,6653,Apparel,43.57,1,43.57
13781,6654,Apparel,90.54,1,90.54
13782,6654,Home & Kitchen,204.72,1,204.72
13783,6654,Apparel,68.52,2,137.04
13784,6655,Books,23.25,2,46.5
13785,6655,Beauty,26.51,1,26.51
13786,6655,Home & Kitchen,181.13,1,181.13
13787,6656,Electronics,558.72,1,558.72
13788,6656,Sports & Outdoors,127.44,1,127.44
13789,6656,Beauty,35.41,1,35.41
13790,6656,Sports & Outdoors,101.63,1,101.63
13791,6656,Electronics,524.8,1,524.8
13792,6657,Sports & Outdoors,68.02,2,136.04
13793,6658,Books,17.3,1,17.3
13794,6659,Beauty,52.28,1,52.28
13795,6659,Home & Kitchen,153.09,1,153.09
13796,6659,Apparel,133.28,1,133.28
13797,6659,Home & Kitchen,237.77,3,713.31
13798,6660,Electronics,680.69,1,680.69
13799,6661,Apparel,122.59,2,245.18
13800,6661,Electronics,391.36,1,391.36
13801,6661,Toys & Games,20.07,1,20.07
13802,6662,Home & Kitchen,60.35,1,60.35
13803,6662,Home & Kitchen,199.79,3,599.37
13804,6662,Sports & Outdoors,133.0,1,133.0
13805,6663,Sports & Outdoors,111.36,1,111.36
13806,6663,Beauty,63.49,2,126.98
13807,6664,Home & Kitchen,234.5,2,469.0
13808,6665,Beauty,66.88,1,66.88
13809,6665,Apparel,108.43,1,108.43
13810,6666,Sports & Outdoors,186.35,2,372.7
13811,6667,Apparel,17.81,1,17.81
13812,6667,Beauty,81.88,1,81.88
13813,6667,Books,39.27,1,39.27
13814,6667,Toys & Games,89.06,1,89.06
13815,6668,Grocery,54.03,2,108.06
13816,6669,Toys & Games,62.52,1,62.52
13817,6669,Toys & Games,63.72,1,63.72
13818,6670,Electronics,880.43,1,880.43
13819,6670,Electronics,881.61,1,881.61
13820,6671,Apparel,124.77,1,124.77
13821,6671,Books,29.94,2,59.88
13822,6671,Home & Kitchen,135.02,1,135.02
13823,6672,Home & Kitchen,142.41,1,142.41
13824,6672,Apparel,125.51,1,125.51
13825,6672,Electronics,443.4,3,1330.2
13826,6673,Books,26.42,1,26.42
13827,6674,Books,20.73,1,20.73
13828,6674,Home & Kitchen,172.81,1,172.81
13829,6674,Grocery,44.97,1,44.97
13830,6674,Electronics,314.62,1,314.62
13831,6674,Electronics,789.78,2,1579.56
13832,6675,Beauty,72.56,1,72.56
13833,6675,Electronics,281.89,1,281.89
13834,6676,Electronics,352.74,1,352.74
13835,6676,Apparel,27.2,1,27.2
13836,6677,Toys & Games,106.88,1,106.88
13837,6677,Toys & Games,114.57,3,343.71
13838,6677,Electronics,748.23,1,748.23
13839,6677,Home & Kitchen,201.84,2,403.68
13840,6678,Books,42.06,1,42.06
13841,6678,Electronics,322.4,2,644.8
13842,6678,Sports & Outdoors,17.92,1,17.92
13843,6679,Beauty,77.38,2,154.76
13844,6680,Apparel,24.28,1,24.28
13845,6681,Grocery,6.21,1,6.21
13846,6681,Sports & Outdoors,209.06,2,418.12
13847,6681,Apparel,109.09,2,218.18
13848,6682,Toys & Games,64.25,1,64.25
13849,6683,Home & Kitchen,21.26,1,21.26
13850,6683,Sports & Outdoors,83.01,1,83.01
13851,6684,Books,30.22,1,30.22
13852,6684,Grocery,9.61,1,9.61
13853,6684,Books,42.94,3,128.82
13854,6685,Sports & Outdoors,228.88,1,228.88
13855,6685,Electronics,61.31,1,61.31
13856,6685,Toys & Games,105.68,2,211.36
13857,6685,Home & Kitchen,147.78,1,147.78
13858,6686,Home & Kitchen,295.65,3,886.95
13859,6687,Home & Kitchen,146.28,1,146.28
13860,6688,Sports & Outdoors,183.03,2,366.06
13861,6688,Grocery,58.35,1,58.35
13862,6688,Books,34.76,1,34.76
13863,6689,Apparel,140.81,1,140.81
13864,6689,Sports & Outdoors,165.73,1,165.73
13865,6690,Electronics,793.45,3,2380.35
13866,6690,Beauty,52.31,1,52.31
13867,6690,Sports & Outdoors,188.67,1,188.67
13868,6690,Electronics,716.28,1,716.28
13869,6690,Apparel,66.03,1,66.03
13870,6691,Apparel,106.5,2,213.0
13871,6691,Electronics,849.55,1,849.55
13872,6691,Books,31.16,1,31.16
13873,6692,Home & Kitchen,76.3,1,76.3
13874,6693,Apparel,102.9,1,102.9
13875,6693,Electronics,289.14,1,289.14
13876,6693,Books,33.29,2,66.58
13877,6694,Toys & Games,60.2,1,60.2
13878,6695,Apparel,104.79,2,209.58
13879,6695,Home & Kitchen,81.37,1,81.37
13880,6696,Home & Kitchen,214.15,1,214.15
13881,6696,Electronics,169.57,2,339.14
13882,6696,Sports & Outdoors,234.67,2,469.34
13883,6697,Apparel,63.42,1,63.42
13884,6697,Electronics,635.03,2,1270.06
13885,6697,Toys & Games,97.27,1,97.27
13886,6697,Home & Kitchen,109.34,1,109.34
13887,6698,Books,39.0,1,39.0
13888,6699,Sports & Outdoors,158.54,2,317.08
13889,6700,Sports & Outdoors,70.35,1,70.35
13890,6700,Apparel,59.45,1,59.45
13891,6701,Electronics,344.46,2,688.92
13892,6701,Electronics,710.68,1,710.68
13893,6701,Apparel,32.8,2,65.6
13894,6701,Apparel,77.52,1,77.52
13895,6701,Toys & Games,24.07,3,72.21
13896,6702,Apparel,148.24,1,148.24
13897,6703,Apparel,28.57,1,28.57
13898,6704,Home & Kitchen,243.62,1,243.62
13899,6704,Apparel,14.01,1,14.01
13900,6704,Apparel,78.35,1,78.35
13901,6704,Electronics,682.8,1,682.8
13902,6705,Electronics,728.31,3,2184.93
13903,6706,Toys & Games,77.11,1,77.11
13904,6706,Electronics,347.25,1,347.25
13905,6707,Home & Kitchen,234.86,1,234.86
13906,6708,Toys & Games,115.14,1,115.14
13907,6709,Apparel,51.95,1,51.95
13908,6710,Sports & Outdoors,28.77,1,28.77
13909,6710,Beauty,13.07,1,13.07
13910,6710,Apparel,101.96,1,101.96
13911,6711,Sports & Outdoors,211.32,2,422.64
13912,6712,Home & Kitchen,148.65,3,445.95
13913,6713,Sports & Outdoors,129.03,1,129.03
13914,6713,Home & Kitchen,21.84,1,21.84
13915,6713,Beauty,40.99,1,40.99
13916,6714,Apparel,49.36,2,98.72
13917,6714,Electronics,289.67,2,579.34
13918,6715,Electronics,811.46,1,811.46
13919,6715,Electronics,754.18,1,754.18
13920,6715,Home & Kitchen,191.27,1,191.27
13921,6715,Apparel,49.04,2,98.08
13922,6716,Grocery,34.41,1,34.41
13923,6716,Electronics,43.93,1,43.93
13924,6716,Beauty,41.27,2,82.54
13925,6717,Beauty,26.92,1,26.92
13926,6717,Grocery,48.95,1,48.95
13927,6717,Apparel,95.35,2,190.7
13928,6717,Electronics,482.91,1,482.91
13929,6718,Electronics,165.77,2,331.54
13930,6718,Home & Kitchen,212.59,1,212.59
13931,6719,Home & Kitchen,249.08,1,249.08
13932,6720,Home & Kitchen,173.4,1,173.4
13933,6721,Sports & Outdoors,118.15,1,118.15
13934,6721,Sports & Outdoors,143.3,1,143.3
13935,6721,Toys & Games,86.76,1,86.76
13936,6722,Grocery,37.08,1,37.08
13937,6722,Books,6.93,1,6.93
13938,6723,Sports & Outdoors,53.36,1,53.36
13939,6723,Toys & Games,97.93,1,97.93
13940,6724,Home & Kitchen,146.52,1,146.52
13941,6724,Apparel,91.79,1,91.79
13942,6725,Electronics,271.82,1,271.82
13943,6725,Toys & Games,16.07,1,16.07
13944,6725,Electronics,50.48,2,100.96
13945,6726,Beauty,22.97,1,22.97
13946,6727,Electronics,342.84,1,342.84
13947,6727,Grocery,26.69,1,26.69
13948,6728,Toys & Games,103.57,1,103.57
13949,6728,Books,41.86,2,83.72
13950,6729,Home & Kitchen,155.74,1,155.74
13951,6729,Beauty,62.86,3,188.58
13952,6730,Grocery,9.74,3,29.22
13953,6730,Toys & Games,103.66,1,103.66
13954,6731,Sports & Outdoors,62.94,1,62.94
13955,6731,Home & Kitchen,270.56,1,270.56
13956,6732,Electronics,713.12,1,713.12
13957,6733,Sports & Outdoors,128.85,1,128.85
13958,6734,Sports & Outdoors,204.31,2,408.62
13959,6735,Apparel,49.91,3,149.73
13960,6736,Home & Kitchen,42.38,2,84.76
13961,6736,Sports & Outdoors,47.53,1,47.53
13962,6736,Books,35.97,3,107.91
13963,6737,Apparel,33.57,2,67.14
13964,6737,Apparel,96.72,2,193.44
13965,6738,Electronics,273.21,3,819.63
13966,6738,Grocery,35.24,1,35.24
13967,6738,Toys & Games,78.64,1,78.64
13968,6738,Grocery,11.46,1,11.46
13969,6738,Beauty,8.38,2,16.76
13970,6739,Grocery,14.77,2,29.54
13971,6740,Electronics,267.25,1,267.25
13972,6740,Electronics,896.26,2,1792.52
13973,6741,Apparel,82.72,1,82.72
13974,6741,Sports & Outdoors,148.74,1,148.74
13975,6741,Sports & Outdoors,101.53,1,101.53
13976,6741,Electronics,669.45,3,2008.35
13977,6742,Sports & Outdoors,154.51,1,154.51
13978,6742,Beauty,52.55,1,52.55
13979,6743,Toys & Games,35.71,2,71.42
13980,6743,Beauty,86.89,1,86.89
13981,6743,Apparel,67.29,1,67.29
13982,6743,Home & Kitchen,283.98,2,567.96
13983,6744,Home & Kitchen,267.79,1,267.79
13984,6745,Beauty,73.1,1,73.1
13985,6745,Home & Kitchen,205.18,1,205.18
13986,6746,Toys & Games,41.9,3,125.7
13987,6747,Books,32.77,1,32.77
13988,6747,Sports & Outdoors,111.1,1,111.1
13989,6748,Apparel,38.73,3,116.19
13990,6748,Beauty,10.65,2,21.3
13991,6749,Electronics,867.53,1,867.53
13992,6750,Apparel,129.82,1,129.82
13993,6751,Sports & Outdoors,84.04,1,84.04
13994,6751,Apparel,26.19,1,26.19
13995,6752,Toys & Games,10.59,1,10.59
13996,6752,Home & Kitchen,71.84,1,71.84
13997,6752,Beauty,48.19,1,48.19
13998,6753,Books,15.81,1,15.81
13999,6754,Toys & Games,92.44,2,184.88
14000,6754,Books,11.82,1,11.82
14001,6755,Apparel,112.49,1,112.49
14002,6756,Toys & Games,22.67,1,22.67
14003,6756,Sports & Outdoors,84.33,1,84.33
14004,6757,Home & Kitchen,240.92,1,240.92
14005,6757,Books,24.53,1,24.53
14006,6757,Home & Kitchen,239.78,1,239.78
14007,6758,Electronics,88.75,1,88.75
14008,6759,Apparel,109.83,1,109.83
14009,6759,Beauty,43.99,1,43.99
14010,6759,Apparel,92.18,1,92.18
14011,6759,Electronics,684.74,1,684.74
14012,6760,Electronics,849.78,1,849.78
14013,6760,Sports & Outdoors,63.31,3,189.93
14014,6760,Apparel,17.46,1,17.46
14015,6760,Toys & Games,15.8,2,31.6
14016,6760,Electronics,277.56,3,832.68
14017,6761,Toys & Games,87.64,1,87.64
14018,6761,Apparel,102.29,1,102.29
14019,6762,Apparel,124.13,2,248.26
14020,6762,Toys & Games,23.26,1,23.26
14021,6763,Toys & Games,103.4,3,310.2
14022,6764,Electronics,372.15,1,372.15
14023,6764,Apparel,38.47,1,38.47
14024,6765,Beauty,17.93,1,17.93
14025,6765,Electronics,481.03,2,962.06
14026,6765,Electronics,842.4,1,842.4
14027,6765,Apparel,81.21,2,162.42
14028,6766,Electronics,257.43,1,257.43
14029,6766,Sports & Outdoors,136.87,2,273.74
14030,6767,Electronics,832.34,1,832.34
14031,6768,Beauty,68.49,1,68.49
14032,6769,Toys & Games,8.53,1,8.53
14033,6770,Electronics,867.46,1,867.46
14034,6771,Electronics,111.58,1,111.58
14035,6771,Beauty,46.05,1,46.05
14036,6771,Beauty,36.08,1,36.08
14037,6771,Electronics,125.44,1,125.44
14038,6772,Books,21.51,2,43.02
14039,6772,Books,27.58,1,27.58
14040,6773,Toys & Games,29.83,1,29.83
14041,6774,Apparel,47.71,1,47.71
14042,6775,Apparel,57.84,1,57.84
14043,6776,Books,40.02,2,80.04
14044,6777,Apparel,83.64,3,250.92
14045,6778,Electronics,70.19,2,140.38
14046,6779,Apparel,114.64,1,114.64
14047,6779,Home & Kitchen,201.32,1,201.32
14048,6780,Apparel,64.67,1,64.67
14049,6780,Books,39.92,1,39.92
14050,6780,Home & Kitchen,123.81,1,123.81
14051,6781,Electronics,511.02,1,511.02
14052,6781,Apparel,122.78,2,245.56
14053,6781,Books,26.57,1,26.57
14054,6782,Beauty,35.19,2,70.38
14055,6782,Beauty,32.88,1,32.88
14056,6782,Electronics,888.57,2,1777.14
14057,6783,Beauty,71.95,1,71.95
14058,6783,Toys & Games,22.32,2,44.64
14059,6783,Apparel,65.59,2,131.18
14060,6784,Toys & Games,12.64,1,12.64
14061,6785,Books,11.97,3,35.91
14062,6785,Sports & Outdoors,25.7,1,25.7
14063,6786,Home & Kitchen,77.95,1,77.95
14064,6786,Toys & Games,14.1,1,14.1
14065,6787,Electronics,613.45,1,613.45
14066,6787,Beauty,59.82,2,119.64
14067,6787,Toys & Games,96.87,1,96.87
14068,6788,Home & Kitchen,214.64,1,214.64
14069,6788,Toys & Games,37.0,2,74.0
14070,6789,Apparel,108.59,1,108.59
14071,6789,Grocery,18.35,3,55.05
14072,6790,Electronics,329.15,2,658.3
14073,6790,Electronics,494.09,1,494.09
14074,6790,Apparel,67.8,2,135.6
14075,6791,Electronics,542.63,3,1627.89
14076,6792,Grocery,38.31,1,38.31
14077,6792,Apparel,148.27,2,296.54
14078,6793,Beauty,14.05,1,14.05
14079,6794,Electronics,888.77,1,888.77
14080,6794,Electronics,198.13,2,396.26
14081,6795,Beauty,12.41,1,12.41
14082,6796,Apparel,14.48,2,28.96
14083,6797,Books,30.66,2,61.32
14084,6798,Home & Kitchen,247.51,1,247.51
14085,6798,Apparel,80.65,2,161.3
14086,6798,Electronics,816.88,1,816.88
14087,6799,Home & Kitchen,137.24,2,274.48
14088,6800,Toys & Games,31.4,1,31.4
14089,6801,Apparel,67.61,1,67.61
14090,6801,Apparel,112.31,1,112.31
14091,6802,Books,37.04,1,37.04
14092,6803,Grocery,21.81,1,21.81
14093,6804,Grocery,6.68,3,20.04
14094,6804,Home & Kitchen,244.75,1,244.75
14095,6804,Home & Kitchen,167.74,3,503.22
14096,6805,Apparel,35.98,1,35.98
14097,6806,Electronics,272.57,1,272.57
14098,6807,Electronics,735.73,3,2207.19
14099,6808,Apparel,50.78,1,50.78
14100,6809,Beauty,61.68,1,61.68
14101,6810,Beauty,9.04,1,9.04
14102,6811,Beauty,18.37,2,36.74
14103,6811,Sports & Outdoors,220.98,1,220.98
14104,6811,Home & Kitchen,183.96,1,183.96
14105,6811,Electronics,749.77,1,749.77
14106,6812,Grocery,29.28,1,29.28
14107,6812,Electronics,160.03,1,160.03
14108,6813,Home & Kitchen,223.09,1,223.09
14109,6814,Grocery,39.85,1,39.85
14110,6814,Books,34.12,2,68.24
14111,6815,Sports & Outdoors,122.74,2,245.48
14112,6815,Beauty,81.03,1,81.03
14113,6816,Beauty,38.5,1,38.5
14114,6816,Electronics,119.54,2,239.08
14115,6816,Home & Kitchen,164.13,2,328.26
14116,6816,Sports & Outdoors,236.15,1,236.15
14117,6817,Home & Kitchen,31.35,1,31.35
14118,6817,Electronics,618.1,1,618.1
14119,6817,Books,26.01,1,26.01
14120,6818,Home & Kitchen,106.44,3,319.32
14121,6819,Grocery,36.67,2,73.34
14122,6820,Electronics,600.41,1,600.41
14123,6821,Home & Kitchen,255.17,3,765.51
14124,6822,Toys & Games,61.34,2,122.68
14125,6822,Grocery,38.05,1,38.05
14126,6822,Home & Kitchen,239.13,2,478.26
14127,6823,Sports & Outdoors,75.86,2,151.72
14128,6824,Grocery,26.07,1,26.07
14129,6824,Beauty,43.43,1,43.43
14130,6825,Home & Kitchen,292.19,1,292.19
14131,6825,Books,19.62,1,19.62
14132,6826,Home & Kitchen,35.13,1,35.13
14133,6826,Electronics,159.89,1,159.89
14134,6826,Grocery,49.34,1,49.34
14135,6826,Apparel,15.92,1,15.92
14136,6827,Home & Kitchen,253.57,2,507.14
14137,6827,Apparel,108.98,3,326.94
14138,6827,Sports & Outdoors,73.43,1,73.43
14139,6827,Home & Kitchen,100.5,1,100.5
14140,6828,Grocery,37.67,1,37.67
14141,6828,Apparel,125.88,1,125.88
14142,6829,Electronics,462.38,1,462.38
14143,6830,Apparel,90.53,1,90.53
14144,6830,Electronics,625.24,2,1250.48
14145,6831,Sports & Outdoors,222.02,1,222.02
14146,6831,Grocery,53.28,1,53.28
14147,6831,Apparel,85.87,2,171.74
14148,6832,Books,18.7,2,37.4
14149,6832,Apparel,77.75,3,233.25
14150,6833,Home & Kitchen,243.72,1,243.72
14151,6833,Beauty,35.53,1,35.53
14152,6834,Apparel,57.56,2,115.12
14153,6835,Books,8.2,1,8.2
14154,6835,Apparel,19.02,2,38.04
14155,6835,Apparel,133.62,1,133.62
14156,6835,Home & Kitchen,46.95,1,46.95
14157,6835,Electronics,222.13,1,222.13
14158,6836,Sports & Outdoors,231.24,1,231.24
14159,6836,Beauty,86.73,2,173.46
14160,6836,Books,40.27,2,80.54
14161,6837,Apparel,115.22,1,115.22
14162,6837,Apparel,90.1,1,90.1
14163,6837,Grocery,56.81,2,113.62
14164,6838,Electronics,524.74,1,524.74
14165,6838,Electronics,191.01,3,573.03
14166,6838,Home & Kitchen,93.24,1,93.24
14167,6839,Apparel,114.48,1,114.48
14168,6839,Books,42.05,1,42.05
14169,6840,Sports & Outdoors,101.48,1,101.48
14170,6841,Grocery,42.53,1,42.53
14171,6841,Home & Kitchen,221.97,1,221.97
14172,6841,Electronics,98.36,1,98.36
14173,6841,Electronics,435.82,2,871.64
14174,6842,Electronics,332.67,1,332.67
14175,6842,Home & Kitchen,34.58,1,34.58
14176,6842,Electronics,160.72,1,160.72
14177,6843,Sports & Outdoors,133.41,1,133.41
14178,6843,Sports & Outdoors,164.58,3,493.74
14179,6844,Grocery,7.13,1,7.13
14180,6844,Books,43.49,3,130.47
14181,6845,Electronics,344.82,2,689.64
14182,6845,Beauty,55.24,1,55.24
14183,6845,Toys & Games,15.22,1,15.22
14184,6845,Sports & Outdoors,206.64,3,619.92
14185,6845,Apparel,42.41,1,42.41
14186,6846,Electronics,260.01,2,520.02
14187,6847,Electronics,891.73,1,891.73
14188,6848,Grocery,8.18,3,24.54
14189,6848,Beauty,84.21,2,168.42
14190,6849,Electronics,710.83,2,1421.66
14191,6849,Apparel,73.14,2,146.28
14192,6849,Beauty,47.24,1,47.24
14193,6849,Beauty,38.82,1,38.82
14194,6850,Grocery,28.98,1,28.98
14195,6850,Electronics,391.02,2,782.04
14196,6851,Apparel,121.38,2,242.76
14197,6852,Beauty,28.5,1,28.5
14198,6853,Electronics,207.52,1,207.52
14199,6853,Apparel,75.24,1,75.24
14200,6853,Beauty,79.01,1,79.01
14201,6854,Books,8.1,2,16.2
14202,6854,Sports & Outdoors,218.01,2,436.02
14203,6855,Grocery,10.13,1,10.13
14204,6855,Beauty,8.61,1,8.61
14205,6856,Toys & Games,78.78,2,157.56
14206,6856,Apparel,136.34,3,409.02
14207,6856,Apparel,59.66,1,59.66
14208,6857,Apparel,50.55,2,101.1
14209,6857,Apparel,41.66,3,124.98
14210,6858,Home & Kitchen,142.22,1,142.22
14211,6858,Apparel,79.15,3,237.45
14212,6859,Home & Kitchen,117.4,2,234.8
14213,6859,Home & Kitchen,16.62,3,49.86
14214,6860,Apparel,28.58,2,57.16
14215,6861,Apparel,131.57,2,263.14
14216,6861,Toys & Games,99.55,2,199.1
14217,6861,Toys & Games,108.35,1,108.35
14218,6861,Apparel,21.95,1,21.95
14219,6862,Home & Kitchen,172.01,1,172.01
14220,6862,Sports & Outdoors,75.92,1,75.92
14221,6863,Beauty,27.77,1,27.77
14222,6863,Apparel,137.27,1,137.27
14223,6864,Electronics,799.0,3,2397.0
14224,6864,Books,12.82,2,25.64
14225,6864,Apparel,32.98,1,32.98
14226,6865,Sports & Outdoors,70.99,1,70.99
14227,6866,Home & Kitchen,150.44,1,150.44
14228,6867,Grocery,8.88,1,8.88
14229,6868,Electronics,422.75,3,1268.25
14230,6869,Electronics,333.26,1,333.26
14231,6870,Home & Kitchen,93.23,2,186.46
14232,6870,Apparel,59.62,1,59.62
14233,6871,Toys & Games,52.92,1,52.92
14234,6871,Beauty,74.98,2,149.96
14235,6871,Beauty,53.56,1,53.56
14236,6871,Toys & Games,75.89,1,75.89
14237,6871,Sports & Outdoors,61.09,1,61.09
14238,6872,Grocery,41.43,1,41.43
14239,6872,Toys & Games,90.86,2,181.72
14240,6872,Sports & Outdoors,231.22,1,231.22
14241,6872,Apparel,93.16,1,93.16
14242,6872,Electronics,867.29,2,1734.58
14243,6873,Electronics,209.16,1,209.16
14244,6873,Beauty,47.59,1,47.59
14245,6874,Sports & Outdoors,87.68,1,87.68
14246,6875,Beauty,75.65,1,75.65
14247,6875,Beauty,19.71,2,39.42
14248,6875,Electronics,863.48,2,1726.96
14249,6876,Grocery,31.87,1,31.87
14250,6876,Sports & Outdoors,150.03,1,150.03
14251,6876,Apparel,26.8,1,26.8
14252,6877,Electronics,667.39,2,1334.78
14253,6877,Apparel,127.84,1,127.84
14254,6878,Electronics,574.44,1,574.44
14255,6878,Electronics,854.92,1,854.92
14256,6878,Electronics,792.26,1,792.26
14257,6878,Toys & Games,83.06,1,83.06
14258,6879,Apparel,142.94,1,142.94
14259,6879,Sports & Outdoors,210.89,1,210.89
14260,6880,Toys & Games,87.78,2,175.56
14261,6880,Home & Kitchen,98.04,2,196.08
14262,6880,Home & Kitchen,122.24,1,122.24
14263,6880,Beauty,81.99,3,245.97
14264,6880,Sports & Outdoors,18.63,1,18.63
14265,6881,Beauty,23.0,1,23.0
14266,6881,Electronics,678.62,1,678.62
14267,6881,Home & Kitchen,136.94,1,136.94
14268,6882,Electronics,402.35,1,402.35
14269,6883,Apparel,143.37,2,286.74
14270,6884,Books,23.73,2,47.46
14271,6885,Electronics,873.89,2,1747.78
14272,6885,Sports & Outdoors,136.13,1,136.13
14273,6885,Electronics,838.75,1,838.75
14274,6885,Apparel,37.63,1,37.63
14275,6886,Books,36.93,1,36.93
14276,6887,Toys & Games,22.25,2,44.5
14277,6887,Electronics,695.62,1,695.62
14278,6887,Home & Kitchen,224.13,1,224.13
14279,6887,Apparel,124.82,1,124.82
14280,6888,Home & Kitchen,56.04,1,56.04
14281,6889,Apparel,24.81,1,24.81
14282,6890,Beauty,45.79,2,91.58
14283,6890,Home & Kitchen,15.23,1,15.23
14284,6890,Apparel,79.5,1,79.5
14285,6890,Beauty,16.46,1,16.46
14286,6890,Electronics,108.4,1,108.4
14287,6891,Home & Kitchen,109.03,1,109.03
14288,6892,Electronics,624.16,1,624.16
14289,6892,Toys & Games,39.77,2,79.54
14290,6893,Toys & Games,15.32,1,15.32
14291,6894,Electronics,847.09,1,847.09
14292,6895,Grocery,22.42,1,22.42
14293,6895,Books,12.17,2,24.34
14294,6896,Electronics,687.39,1,687.39
14295,6897,Electronics,861.36,1,861.36
14296,6897,Books,10.38,1,10.38
14297,6897,Grocery,21.43,2,42.86
14298,6897,Home & Kitchen,187.52,1,187.52
14299,6898,Sports & Outdoors,179.43,2,358.86
14300,6899,Beauty,29.27,1,29.27
14301,6900,Sports & Outdoors,58.43,1,58.43
14302,6901,Beauty,20.82,1,20.82
14303,6901,Electronics,53.24,1,53.24
14304,6901,Sports & Outdoors,238.34,1,238.34
14305,6901,Electronics,820.22,2,1640.44
14306,6901,Home & Kitchen,163.91,1,163.91
14307,6902,Apparel,96.76,1,96.76
14308,6902,Sports & Outdoors,212.49,1,212.49
14309,6902,Electronics,540.82,1,540.82
14310,6902,Books,28.82,2,57.64
14311,6903,Electronics,782.43,3,2347.29
14312,6903,Home & Kitchen,269.42,1,269.42
14313,6903,Electronics,509.88,3,1529.64
14314,6903,Beauty,19.4,1,19.4
14315,6904,Electronics,769.41,2,1538.82
14316,6904,Apparel,120.07,1,120.07
14317,6905,Sports & Outdoors,46.41,1,46.41
14318,6905,Apparel,74.22,1,74.22
14319,6905,Electronics,214.84,2,429.68
14320,6905,Electronics,557.6,1,557.6
14321,6905,Toys & Games,101.31,2,202.62
14322,6906,Grocery,44.19,1,44.19
14323,6906,Apparel,119.23,1,119.23
14324,6907,Books,39.84,1,39.84
14325,6908,Toys & Games,73.34,2,146.68
14326,6909,Electronics,526.68,1,526.68
14327,6909,Electronics,381.34,2,762.68
14328,6910,Home & Kitchen,56.43,1,56.43
14329,6910,Home & Kitchen,144.54,1,144.54
14330,6910,Beauty,52.55,1,52.55
14331,6910,Apparel,69.05,1,69.05
14332,6911,Toys & Games,18.99,1,18.99
14333,6912,Sports & Outdoors,230.79,1,230.79
14334,6912,Beauty,66.5,1,66.5
14335,6913,Electronics,861.32,1,861.32
14336,6914,Apparel,122.75,2,245.5
14337,6914,Home & Kitchen,138.83,1,138.83
14338,6915,Electronics,180.26,1,180.26
14339,6915,Apparel,31.65,1,31.65
14340,6916,Electronics,113.75,3,341.25
14341,6917,Beauty,20.72,2,41.44
14342,6917,Beauty,54.6,1,54.6
14343,6917,Electronics,290.66,3,871.98
14344,6918,Beauty,70.23,2,140.46
14345,6919,Grocery,17.03,1,17.03
14346,6919,Home & Kitchen,187.25,1,187.25
14347,6919,Grocery,30.41,2,60.82
14348,6919,Home & Kitchen,259.18,1,259.18
14349,6920,Books,33.64,1,33.64
14350,6921,Books,31.78,1,31.78
14351,6921,Beauty,76.79,3,230.37
14352,6921,Home & Kitchen,176.44,1,176.44
14353,6921,Home & Kitchen,63.25,1,63.25
14354,6922,Books,22.52,2,45.04
14355,6922,Toys & Games,60.29,3,180.87
14356,6923,Home & Kitchen,38.89,1,38.89
14357,6923,Toys & Games,79.67,1,79.67
14358,6923,Toys & Games,88.9,2,177.8
14359,6924,Books,7.84,1,7.84
14360,6924,Beauty,10.92,1,10.92
14361,6925,Home & Kitchen,118.65,2,237.3
14362,6926,Electronics,851.55,1,851.55
14363,6927,Beauty,13.88,1,13.88
14364,6928,Home & Kitchen,272.53,2,545.06
14365,6928,Sports & Outdoors,197.46,1,197.46
14366,6928,Apparel,127.69,1,127.69
14367,6928,Apparel,126.97,1,126.97
14368,6929,Home & Kitchen,287.2,1,287.2
14369,6930,Home & Kitchen,248.26,1,248.26
14370,6931,Home & Kitchen,79.36,1,79.36
14371,6931,Home & Kitchen,107.1,1,107.1
14372,6932,Apparel,91.67,1,91.67
14373,6933,Apparel,72.76,1,72.76
14374,6933,Home & Kitchen,60.79,1,60.79
14375,6934,Home & Kitchen,178.13,2,356.26
14376,6934,Apparel,123.36,1,123.36
14377,6935,Electronics,741.34,2,1482.68
14378,6935,Home & Kitchen,229.57,1,229.57
14379,6935,Books,33.41,1,33.41
14380,6936,Sports & Outdoors,22.65,3,67.95
14381,6936,Electronics,834.69,1,834.69
14382,6936,Home & Kitchen,168.92,1,168.92
14383,6936,Sports & Outdoors,167.0,1,167.0
14384,6936,Toys & Games,61.58,1,61.58
14385,6937,Sports & Outdoors,65.97,1,65.97
14386,6937,Electronics,781.82,2,1563.64
14387,6938,Electronics,657.74,2,1315.48
14388,6939,Electronics,235.17,1,235.17
14389,6939,Toys & Games,112.53,1,112.53
14390,6939,Electronics,216.56,1,216.56
14391,6940,Beauty,29.81,1,29.81
14392,6941,Sports & Outdoors,60.19,1,60.19
14393,6941,Apparel,127.16,1,127.16
14394,6942,Apparel,39.31,1,39.31
14395,6943,Apparel,81.72,1,81.72
14396,6944,Beauty,48.58,2,97.16
14397,6945,Apparel,60.7,1,60.7
14398,6945,Apparel,52.97,1,52.97
14399,6945,Sports & Outdoors,236.04,1,236.04
14400,6946,Toys & Games,39.6,1,39.6
14401,6947,Electronics,375.72,1,375.72
14402,6948,Books,20.66,1,20.66
14403,6949,Apparel,78.73,1,78.73
14404,6950,Sports & Outdoors,244.38,2,488.76
14405,6951,Beauty,19.56,1,19.56
14406,6952,Beauty,81.15,1,81.15
14407,6953,Apparel,106.75,1,106.75
14408,6953,Electronics,411.26,1,411.26
14409,6954,Electronics,431.88,1,431.88
14410,6954,Beauty,66.01,1,66.01
14411,6954,Toys & Games,117.98,1,117.98
14412,6955,Toys & Games,85.17,1,85.17
14413,6955,Electronics,184.23,1,184.23
14414,6955,Books,18.51,1,18.51
14415,6955,Books,22.91,1,22.91
14416,6956,Grocery,49.46,1,49.46
14417,6956,Apparel,80.52,1,80.52
14418,6956,Sports & Outdoors,210.34,1,210.34
14419,6957,Grocery,4.02,1,4.02
14420,6957,Apparel,73.31,1,73.31
14421,6958,Home & Kitchen,85.85,1,85.85
14422,6958,Apparel,24.7,2,49.4
14423,6958,Sports & Outdoors,23.79,3,71.37
14424,6959,Apparel,88.61,1,88.61
14425,6959,Home & Kitchen,18.21,2,36.42
14426,6960,Sports & Outdoors,104.57,2,209.14
14427,6960,Toys & Games,55.19,1,55.19
14428,6960,Books,37.88,3,113.64
14429,6960,Books,27.64,2,55.28
14430,6961,Electronics,566.94,3,1700.82
14431,6962,Toys & Games,62.67,2,125.34
14432,6962,Home & Kitchen,145.36,1,145.36
14433,6962,Apparel,133.65,1,133.65
14434,6962,Grocery,55.91,1,55.91
14435,6962,Sports & Outdoors,129.2,1,129.2
14436,6963,Home & Kitchen,171.5,1,171.5
14437,6964,Beauty,86.69,2,173.38
14438,6965,Home & Kitchen,71.92,2,143.84
14439,6965,Apparel,77.46,1,77.46
14440,6966,Grocery,28.3,1,28.3
14441,6966,Electronics,77.64,2,155.28
14442,6966,Apparel,102.19,1,102.19
14443,6966,Grocery,43.91,3,131.73
14444,6967,Toys & Games,29.01,1,29.01
14445,6967,Home & Kitchen,178.44,2,356.88
14446,6968,Grocery,58.87,3,176.61
14447,6968,Apparel,109.0,2,218.0
14448,6969,Electronics,426.09,1,426.09
14449,6969,Home & Kitchen,272.36,1,272.36
14450,6970,Toys & Games,87.31,1,87.31
14451,6970,Electronics,821.86,1,821.86
14452,6970,Beauty,16.41,2,32.82
14453,6970,Beauty,29.19,1,29.19
14454,6970,Beauty,78.84,1,78.84
14455,6971,Apparel,25.82,1,25.82
14456,6971,Toys & Games,48.56,2,97.12
14457,6972,Toys & Games,76.88,1,76.88
14458,6972,Home & Kitchen,254.84,1,254.84
14459,6973,Apparel,44.02,3,132.06
14460,6973,Electronics,309.02,2,618.04
14461,6973,Apparel,47.49,1,47.49
14462,6974,Home & Kitchen,85.88,1,85.88
14463,6975,Home & Kitchen,171.93,1,171.93
14464,6976,Grocery,36.05,1,36.05
14465,6977,Electronics,694.08,1,694.08
14466,6978,Beauty,25.32,1,25.32
14467,6978,Toys & Games,51.72,1,51.72
14468,6978,Apparel,131.88,1,131.88
14469,6979,Electronics,899.39,2,1798.78
14470,6979,Electronics,899.43,2,1798.86
14471,6979,Toys & Games,98.68,3,296.04
14472,6979,Books,26.53,1,26.53
14473,6980,Beauty,58.97,1,58.97
14474,6981,Home & Kitchen,257.75,3,773.25
14475,6982,Sports & Outdoors,134.87,1,134.87
14476,6982,Apparel,27.28,1,27.28
14477,6982,Home & Kitchen,136.55,1,136.55
14478,6982,Electronics,887.31,3,2661.93
14479,6983,Apparel,147.8,1,147.8
14480,6983,Beauty,89.37,1,89.37
14481,6983,Electronics,547.8,2,1095.6
14482,6984,Electronics,250.72,2,501.44
14483,6984,Apparel,31.07,2,62.14
14484,6984,Books,30.92,1,30.92
14485,6985,Apparel,69.09,1,69.09
14486,6985,Books,22.89,1,22.89
14487,6985,Toys & Games,119.97,2,239.94
14488,6985,Apparel,27.16,1,27.16
14489,6986,Grocery,31.11,1,31.11
14490,6987,Books,18.22,1,18.22
14491,6987,Beauty,13.68,1,13.68
14492,6988,Home & Kitchen,235.93,1,235.93
14493,6989,Sports & Outdoors,228.72,1,228.72
14494,6989,Beauty,46.15,3,138.45
14495,6989,Home & Kitchen,210.9,1,210.9
14496,6989,Electronics,125.07,1,125.07
14497,6989,Toys & Games,105.87,1,105.87
14498,6990,Sports & Outdoors,236.47,2,472.94
14499,6990,Apparel,108.69,1,108.69
14500,6990,Apparel,131.51,2,263.02
14501,6990,Electronics,530.18,2,1060.36
14502,6991,Beauty,33.33,2,66.66
14503,6991,Home & Kitchen,181.05,1,181.05
14504,6991,Electronics,331.8,1,331.8
14505,6991,Electronics,130.06,1,130.06
14506,6992,Grocery,31.63,1,31.63
14507,6992,Home & Kitchen,212.73,1,212.73
14508,6992,Sports & Outdoors,158.87,3,476.61
14509,6993,Electronics,224.78,1,224.78
14510,6994,Beauty,23.82,1,23.82
14511,6995,Home & Kitchen,224.76,1,224.76
14512,6996,Electronics,748.79,1,748.79
14513,6996,Grocery,18.67,1,18.67
14514,6996,Electronics,56.48,1,56.48
14515,6997,Apparel,132.93,1,132.93
14516,6997,Books,13.26,1,13.26
14517,6997,Electronics,741.42,1,741.42
14518,6998,Sports & Outdoors,122.09,1,122.09
14519,6998,Home & Kitchen,124.13,1,124.13
14520,6998,Electronics,611.77,1,611.77
14521,6999,Home & Kitchen,245.99,2,491.98
14522,6999,Apparel,62.28,1,62.28
14523,7000,Beauty,40.28,1,40.28
14524,7000,Beauty,44.81,1,44.81
14525,7000,Home & Kitchen,198.06,3,594.18
14526,7001,Beauty,87.92,1,87.92
14527,7002,Beauty,26.42,1,26.42
14528,7003,Home & Kitchen,267.4,1,267.4
14529,7004,Apparel,125.04,1,125.04
14530,7004,Sports & Outdoors,13.32,3,39.96
14531,7005,Electronics,345.19,1,345.19
14532,7005,Apparel,96.09,3,288.27
14533,7005,Apparel,59.02,1,59.02
14534,7005,Electronics,632.08,1,632.08
14535,7006,Books,20.66,2,41.32
14536,7006,Beauty,21.86,2,43.72
14537,7006,Home & Kitchen,270.88,1,270.88
14538,7007,Apparel,99.1,1,99.1
14539,7008,Apparel,72.03,3,216.09
14540,7008,Grocery,47.04,2,94.08
14541,7009,Apparel,17.24,1,17.24
14542,7009,Apparel,106.49,1,106.49
14543,7010,Beauty,81.6,1,81.6
14544,7010,Electronics,414.71,1,414.71
14545,7010,Toys & Games,81.56,1,81.56
14546,7011,Books,20.09,3,60.27
14547,7011,Toys & Games,37.47,1,37.47
14548,7011,Toys & Games,101.24,2,202.48
14549,7012,Toys & Games,67.76,3,203.28
14550,7012,Electronics,674.01,1,674.01
14551,7013,Home & Kitchen,80.06,1,80.06
14552,7013,Electronics,489.25,1,489.25
14553,7013,Electronics,428.31,1,428.31
14554,7014,Books,11.75,1,11.75
14555,7015,Toys & Games,37.34,1,37.34
14556,7015,Electronics,206.75,1,206.75
14557,7015,Apparel,19.03,2,38.06
14558,7016,Toys & Games,47.53,2,95.06
14559,7017,Toys & Games,60.74,1,60.74
14560,7018,Beauty,58.69,3,176.07
14561,7018,Grocery,25.05,2,50.1
14562,7019,Electronics,628.22,1,628.22
14563,7020,Sports & Outdoors,15.22,3,45.66
14564,7020,Electronics,882.93,1,882.93
14565,7021,Sports & Outdoors,207.26,1,207.26
14566,7021,Apparel,69.62,1,69.62
14567,7021,Apparel,145.5,1,145.5
14568,7022,Books,21.57,3,64.71
14569,7022,Electronics,474.7,1,474.7
14570,7023,Sports & Outdoors,248.75,2,497.5
14571,7023,Sports & Outdoors,86.02,1,86.02
14572,7023,Apparel,15.73,1,15.73
14573,7023,Apparel,23.81,1,23.81
14574,7024,Electronics,82.92,2,165.84
14575,7024,Apparel,81.64,2,163.28
14576,7024,Home & Kitchen,269.49,1,269.49
14577,7024,Beauty,70.04,1,70.04
14578,7024,Electronics,762.7,2,1525.4
14579,7025,Home & Kitchen,186.39,1,186.39
14580,7026,Books,16.78,1,16.78
14581,7027,Electronics,735.29,1,735.29
14582,7027,Toys & Games,114.58,2,229.16
14583,7027,Toys & Games,69.99,3,209.97
14584,7028,Electronics,795.45,1,795.45
14585,7028,Toys & Games,40.05,1,40.05
14586,7029,Apparel,124.27,2,248.54
14587,7029,Apparel,119.51,1,119.51
14588,7029,Toys & Games,60.1,1,60.1
14589,7029,Home & Kitchen,88.36,2,176.72
14590,7030,Electronics,203.94,3,611.82
14591,7030,Home & Kitchen,92.75,1,92.75
14592,7031,Home & Kitchen,76.35,3,229.05
14593,7032,Home & Kitchen,199.8,1,199.8
14594,7032,Electronics,522.3,1,522.3
14595,7032,Home & Kitchen,299.77,1,299.77
14596,7033,Apparel,140.71,1,140.71
14597,7033,Grocery,19.31,2,38.62
14598,7033,Home & Kitchen,120.59,3,361.77
14599,7033,Grocery,37.82,3,113.46
14600,7034,Grocery,32.89,2,65.78
14601,7035,Beauty,25.37,1,25.37
14602,7035,Home & Kitchen,20.13,3,60.39
14603,7035,Books,41.01,1,41.01
14604,7036,Grocery,32.78,3,98.34
14605,7037,Grocery,28.57,1,28.57
14606,7038,Apparel,129.89,1,129.89
14607,7038,Apparel,53.32,1,53.32
14608,7038,Electronics,255.54,1,255.54
14609,7039,Toys & Games,12.91,1,12.91
14610,7040,Apparel,104.5,2,209.0
14611,7041,Sports & Outdoors,74.2,1,74.2
14612,7042,Electronics,195.2,2,390.4
14613,7042,Toys & Games,57.42,2,114.84
14614,7043,Grocery,17.99,1,17.99
14615,7043,Beauty,73.64,1,73.64
14616,7043,Apparel,56.85,2,113.7
14617,7044,Electronics,218.3,2,436.6
14618,7044,Sports & Outdoors,141.31,2,282.62
14619,7045,Toys & Games,82.28,1,82.28
14620,7046,Electronics,558.6,1,558.6
14621,7046,Books,38.54,1,38.54
14622,7046,Electronics,215.82,2,431.64
14623,7046,Books,20.3,1,20.3
14624,7047,Beauty,74.47,1,74.47
14625,7047,Apparel,91.84,2,183.68
14626,7047,Books,12.68,1,12.68
14627,7048,Home & Kitchen,264.11,1,264.11
14628,7048,Apparel,59.12,1,59.12
14629,7048,Electronics,666.66,1,666.66
14630,7048,Beauty,58.45,1,58.45
14631,7049,Home & Kitchen,62.83,2,125.66
14632,7050,Grocery,39.32,1,39.32
14633,7051,Grocery,15.66,2,31.32
14634,7051,Apparel,13.28,2,26.56
14635,7052,Home & Kitchen,81.46,1,81.46
14636,7052,Toys & Games,26.52,1,26.52
14637,7052,Books,36.56,1,36.56
14638,7052,Sports & Outdoors,67.27,3,201.81
14639,7053,Toys & Games,104.06,1,104.06
14640,7054,Beauty,77.03,1,77.03
14641,7054,Electronics,137.77,1,137.77
14642,7054,Grocery,11.45,1,11.45
14643,7054,Books,9.08,1,9.08
14644,7054,Beauty,16.99,1,16.99
14645,7055,Books,25.11,1,25.11
14646,7056,Sports & Outdoors,94.42,2,188.84
14647,7056,Beauty,52.75,2,105.5
14648,7057,Home & Kitchen,276.73,1,276.73
14649,7057,Books,33.27,1,33.27
14650,7057,Home & Kitchen,49.67,1,49.67
14651,7057,Apparel,97.19,2,194.38
14652,7057,Toys & Games,13.37,2,26.74
14653,7058,Electronics,456.31,1,456.31
14654,7058,Sports & Outdoors,242.78,1,242.78
14655,7058,Sports & Outdoors,19.8,1,19.8
14656,7058,Toys & Games,71.0,2,142.0
14657,7059,Sports & Outdoors,145.87,2,291.74
14658,7059,Home & Kitchen,33.78,2,67.56
14659,7059,Sports & Outdoors,42.46,1,42.46
14660,7060,Books,18.21,1,18.21
14661,7060,Home & Kitchen,171.86,1,171.86
14662,7060,Grocery,42.89,1,42.89
14663,7060,Sports & Outdoors,93.48,2,186.96
14664,7061,Electronics,613.43,1,613.43
14665,7062,Home & Kitchen,33.11,2,66.22
14666,7062,Sports & Outdoors,66.62,2,133.24
14667,7063,Home & Kitchen,186.84,1,186.84
14668,7063,Toys & Games,116.44,1,116.44
14669,7063,Apparel,86.08,3,258.24
14670,7063,Books,44.37,2,88.74
14671,7064,Apparel,44.32,1,44.32
14672,7064,Electronics,423.96,1,423.96
14673,7065,Beauty,31.84,1,31.84
14674,7065,Toys & Games,20.52,3,61.56
14675,7066,Toys & Games,91.62,2,183.24
14676,7066,Home & Kitchen,272.92,1,272.92
14677,7066,Beauty,75.36,1,75.36
14678,7066,Books,12.52,1,12.52
14679,7067,Sports & Outdoors,233.26,1,233.26
14680,7068,Home & Kitchen,205.51,1,205.51
14681,7069,Sports & Outdoors,60.05,1,60.05
14682,7070,Beauty,84.91,3,254.73
14683,7070,Apparel,113.55,2,227.1
14684,7071,Home & Kitchen,271.17,1,271.17
14685,7071,Electronics,362.51,3,1087.53
14686,7071,Grocery,42.06,1,42.06
14687,7072,Home & Kitchen,95.68,1,95.68
14688,7072,Electronics,608.78,1,608.78
14689,7073,Apparel,77.76,1,77.76
14690,7074,Apparel,140.63,1,140.63
14691,7075,Apparel,79.21,1,79.21
14692,7076,Electronics,898.85,1,898.85
14693,7076,Electronics,111.31,2,222.62
14694,7076,Apparel,114.12,2,228.24
14695,7077,Electronics,708.98,1,708.98
14696,7077,Apparel,62.05,1,62.05
14697,7078,Electronics,112.08,1,112.08
14698,7079,Apparel,69.7,3,209.1
14699,7080,Home & Kitchen,263.58,1,263.58
14700,7080,Toys & Games,36.63,1,36.63
14701,7081,Apparel,98.57,1,98.57
14702,7082,Electronics,190.63,1,190.63
14703,7082,Apparel,58.23,1,58.23
14704,7083,Sports & Outdoors,96.73,2,193.46
14705,7083,Beauty,21.03,1,21.03
14706,7084,Apparel,105.79,2,211.58
14707,7085,Electronics,618.44,2,1236.88
14708,7085,Electronics,464.7,3,1394.1
14709,7085,Grocery,45.47,2,90.94
14710,7086,Electronics,86.89,1,86.89
14711,7086,Apparel,44.58,1,44.58
14712,7086,Grocery,22.01,1,22.01
14713,7087,Sports & Outdoors,132.72,1,132.72
14714,7087,Grocery,58.31,2,116.62
14715,7088,Apparel,130.24,1,130.24
14716,7088,Grocery,44.62,1,44.62
14717,7089,Apparel,97.61,3,292.83
14718,7090,Home & Kitchen,269.17,1,269.17
14719,7091,Home & Kitchen,79.01,1,79.01
14720,7092,Beauty,21.92,1,21.92
14721,7092,Books,40.91,1,40.91
14722,7093,Grocery,44.2,1,44.2
14723,7093,Electronics,190.89,2,381.78
14724,7094,Beauty,54.33,1,54.33
14725,7094,Home & Kitchen,166.1,1,166.1
14726,7095,Sports & Outdoors,66.08,3,198.24
14727,7096,Grocery,53.51,2,107.02
14728,7096,Books,31.66,2,63.32
14729,7097,Sports & Outdoors,14.09,1,14.09
14730,7097,Apparel,118.79,2,237.58
14731,7097,Electronics,327.09,2,654.18
14732,7098,Electronics,108.6,1,108.6
14733,7099,Beauty,78.13,1,78.13
14734,7100,Sports & Outdoors,234.87,2,469.74
14735,7100,Home & Kitchen,269.85,2,539.7
14736,7100,Home & Kitchen,213.05,1,213.05
14737,7101,Electronics,752.6,1,752.6
14738,7102,Electronics,242.57,1,242.57
14739,7103,Toys & Games,88.04,3,264.12
14740,7104,Apparel,47.66,1,47.66
14741,7104,Toys & Games,18.06,3,54.18
14742,7105,Sports & Outdoors,51.23,1,51.23
14743,7106,Beauty,33.16,1,33.16
14744,7107,Grocery,5.92,2,11.84
14745,7107,Apparel,101.5,1,101.5
14746,7107,Electronics,188.01,1,188.01
14747,7107,Apparel,62.98,1,62.98
14748,7108,Toys & Games,13.8,1,13.8
14749,7108,Books,19.75,1,19.75
14750,7108,Grocery,46.31,1,46.31
14751,7108,Beauty,73.82,1,73.82
14752,7109,Beauty,11.39,1,11.39
14753,7109,Books,33.74,1,33.74
14754,7110,Home & Kitchen,264.69,1,264.69
14755,7111,Electronics,207.43,1,207.43
14756,7112,Apparel,12.13,2,24.26
14757,7113,Beauty,60.16,3,180.48
14758,7114,Electronics,146.4,1,146.4
14759,7114,Electronics,733.33,2,1466.66
14760,7115,Beauty,8.96,2,17.92
14761,7115,Apparel,38.47,1,38.47
14762,7116,Beauty,67.51,1,67.51
14763,7117,Sports & Outdoors,57.47,1,57.47
14764,7118,Apparel,131.19,2,262.38
14765,7118,Home & Kitchen,19.76,3,59.28
14766,7118,Electronics,493.39,1,493.39
14767,7119,Electronics,273.8,1,273.8
14768,7119,Electronics,526.77,1,526.77
14769,7120,Home & Kitchen,152.26,2,304.52
14770,7120,Electronics,203.2,1,203.2
14771,7120,Home & Kitchen,290.65,1,290.65
14772,7120,Toys & Games,119.98,1,119.98
14773,7121,Books,27.47,1,27.47
14774,7121,Sports & Outdoors,209.75,1,209.75
14775,7122,Sports & Outdoors,36.58,1,36.58
14776,7122,Electronics,180.82,1,180.82
14777,7123,Toys & Games,107.62,2,215.24
14778,7123,Beauty,36.94,1,36.94
14779,7123,Grocery,15.05,2,30.1
14780,7124,Electronics,848.98,2,1697.96
14781,7125,Sports & Outdoors,54.89,1,54.89
14782,7126,Apparel,29.01,1,29.01
14783,7126,Apparel,141.54,2,283.08
14784,7127,Apparel,125.98,1,125.98
14785,7127,Electronics,144.66,2,289.32
14786,7127,Books,21.49,3,64.47
14787,7128,Home & Kitchen,179.23,2,358.46
14788,7128,Home & Kitchen,298.9,3,896.7
14789,7129,Electronics,103.84,1,103.84
14790,7130,Home & Kitchen,25.7,2,51.4
14791,7130,Electronics,658.36,2,1316.72
14792,7131,Home & Kitchen,172.18,2,344.36
14793,7131,Beauty,54.26,1,54.26
14794,7132,Electronics,624.08,1,624.08
14795,7132,Sports & Outdoors,136.53,1,136.53
14796,7133,Beauty,88.99,2,177.98
14797,7133,Electronics,789.24,2,1578.48
14798,7133,Grocery,53.76,1,53.76
14799,7134,Home & Kitchen,180.63,1,180.63
14800,7135,Electronics,689.56,1,689.56
14801,7136,Home & Kitchen,162.04,1,162.04
14802,7137,Grocery,26.54,3,79.62
14803,7137,Beauty,18.12,1,18.12
14804,7138,Electronics,695.57,1,695.57
14805,7139,Grocery,38.97,1,38.97
14806,7140,Home & Kitchen,280.72,1,280.72
14807,7141,Grocery,25.48,3,76.44
14808,7141,Apparel,143.39,1,143.39
14809,7141,Electronics,107.22,3,321.66
14810,7142,Apparel,116.07,2,232.14
14811,7142,Apparel,108.01,2,216.02
14812,7143,Grocery,22.64,3,67.92
14813,7143,Home & Kitchen,254.55,1,254.55
14814,7143,Electronics,405.23,1,405.23
14815,7143,Home & Kitchen,90.4,1,90.4
14816,7144,Toys & Games,109.76,1,109.76
14817,7145,Sports & Outdoors,76.92,1,76.92
14818,7145,Electronics,385.76,3,1157.28
14819,7145,Electronics,453.2,1,453.2
14820,7146,Beauty,51.99,3,155.97
14821,7147,Electronics,751.15,1,751.15
14822,7147,Beauty,56.64,2,113.28
14823,7147,Electronics,56.94,1,56.94
14824,7147,Beauty,87.16,1,87.16
14825,7148,Electronics,165.72,1,165.72
14826,7148,Beauty,46.18,2,92.36
14827,7148,Apparel,49.8,1,49.8
14828,7148,Beauty,73.96,1,73.96
14829,7148,Electronics,773.32,1,773.32
14830,7149,Sports & Outdoors,54.97,1,54.97
14831,7149,Electronics,121.13,3,363.39
14832,7149,Electronics,196.16,1,196.16
14833,7150,Home & Kitchen,234.86,1,234.86
14834,7151,Apparel,124.31,1,124.31
14835,7151,Sports & Outdoors,101.89,1,101.89
14836,7152,Toys & Games,46.55,1,46.55
14837,7152,Sports & Outdoors,216.03,3,648.09
14838,7152,Apparel,98.71,1,98.71
14839,7153,Books,32.84,1,32.84
14840,7153,Electronics,164.27,1,164.27
14841,7153,Books,33.83,2,67.66
14842,7153,Sports & Outdoors,104.94,2,209.88
14843,7153,Beauty,11.86,2,23.72
14844,7154,Apparel,133.85,1,133.85
14845,7154,Beauty,78.92,1,78.92
14846,7155,Apparel,90.11,1,90.11
14847,7155,Beauty,49.97,1,49.97
14848,7156,Home & Kitchen,175.65,1,175.65
14849,7157,Apparel,119.71,1,119.71
14850,7157,Sports & Outdoors,84.59,1,84.59
14851,7158,Grocery,30.93,2,61.86
14852,7158,Books,25.02,1,25.02
14853,7158,Electronics,592.86,1,592.86
14854,7159,Sports & Outdoors,110.46,2,220.92
14855,7159,Grocery,56.84,1,56.84
14856,7159,Beauty,73.17,3,219.51
14857,7159,Electronics,703.28,1,703.28
14858,7160,Apparel,66.49,2,132.98
14859,7160,Apparel,118.86,2,237.72
14860,7160,Sports & Outdoors,100.12,1,100.12
14861,7160,Beauty,18.51,1,18.51
14862,7161,Home & Kitchen,55.43,1,55.43
14863,7161,Sports & Outdoors,113.57,1,113.57
14864,7161,Electronics,406.61,2,813.22
14865,7161,Electronics,137.93,1,137.93
14866,7161,Home & Kitchen,161.29,1,161.29
14867,7162,Home & Kitchen,269.66,1,269.66
14868,7163,Books,6.42,1,6.42
14869,7164,Sports & Outdoors,111.83,1,111.83
14870,7165,Home & Kitchen,189.2,1,189.2
14871,7166,Beauty,49.34,1,49.34
14872,7166,Beauty,25.27,1,25.27
14873,7166,Home & Kitchen,274.1,1,274.1
14874,7166,Toys & Games,22.11,1,22.11
14875,7167,Home & Kitchen,266.23,1,266.23
14876,7168,Beauty,81.86,2,163.72
14877,7168,Home & Kitchen,165.33,3,495.99
14878,7169,Electronics,850.34,1,850.34
14879,7170,Home & Kitchen,37.87,1,37.87
14880,7171,Electronics,800.08,1,800.08
14881,7172,Beauty,51.45,1,51.45
14882,7172,Home & Kitchen,149.33,3,447.99
14883,7172,Books,18.65,1,18.65
14884,7172,Sports & Outdoors,184.96,2,369.92
14885,7173,Books,29.09,1,29.09
14886,7174,Books,38.12,1,38.12
14887,7174,Apparel,67.54,1,67.54
14888,7174,Toys & Games,89.38,1,89.38
14889,7174,Apparel,99.44,1,99.44
14890,7174,Apparel,46.59,2,93.18
14891,7175,Beauty,83.25,1,83.25
14892,7175,Beauty,55.16,1,55.16
14893,7175,Sports & Outdoors,35.18,1,35.18
14894,7176,Electronics,662.36,1,662.36
14895,7177,Electronics,643.89,1,643.89
14896,7178,Toys & Games,113.58,2,227.16
14897,7178,Toys & Games,34.99,1,34.99
14898,7178,Apparel,57.18,2,114.36
14899,7178,Sports & Outdoors,232.3,2,464.6
14900,7179,Apparel,123.1,3,369.3
14901,7180,Apparel,137.74,2,275.48
14902,7180,Sports & Outdoors,245.55,1,245.55
14903,7180,Grocery,17.13,1,17.13
14904,7181,Apparel,12.18,2,24.36
14905,7181,Apparel,32.22,1,32.22
14906,7182,Home & Kitchen,35.38,1,35.38
14907,7182,Beauty,53.73,1,53.73
14908,7183,Sports & Outdoors,100.83,1,100.83
14909,7183,Beauty,52.33,1,52.33
14910,7183,Electronics,72.79,3,218.37
14911,7184,Beauty,9.42,2,18.84
14912,7185,Beauty,47.41,1,47.41
14913,7186,Toys & Games,21.21,2,42.42
14914,7187,Electronics,479.45,1,479.45
14915,7188,Grocery,52.1,1,52.1
14916,7188,Home & Kitchen,67.6,1,67.6
14917,7188,Apparel,57.55,1,57.55
14918,7188,Electronics,344.76,1,344.76
14919,7189,Beauty,73.97,1,73.97
14920,7189,Home & Kitchen,123.28,1,123.28
14921,7189,Toys & Games,102.4,1,102.4
14922,7189,Toys & Games,99.93,1,99.93
14923,7190,Grocery,25.38,1,25.38
14924,7190,Sports & Outdoors,129.66,1,129.66
14925,7190,Beauty,70.32,1,70.32
14926,7191,Beauty,49.5,1,49.5
14927,7191,Apparel,69.17,1,69.17
14928,7191,Home & Kitchen,79.26,1,79.26
14929,7191,Beauty,62.67,1,62.67
14930,7191,Electronics,829.03,2,1658.06
14931,7192,Apparel,21.74,1,21.74
14932,7193,Apparel,148.12,1,148.12
14933,7194,Books,30.08,1,30.08
14934,7195,Apparel,74.23,1,74.23
14935,7195,Electronics,375.05,1,375.05
14936,7195,Electronics,801.12,1,801.12
14937,7196,Electronics,857.86,1,857.86
14938,7197,Electronics,208.25,1,208.25
14939,7197,Electronics,572.06,1,572.06
14940,7198,Apparel,17.61,2,35.22
14941,7198,Grocery,18.59,1,18.59
14942,7199,Home & Kitchen,102.21,2,204.42
14943,7199,Electronics,642.21,1,642.21
14944,7199,Sports & Outdoors,154.62,1,154.62
14945,7199,Beauty,43.86,2,87.72
14946,7200,Beauty,25.76,1,25.76
14947,7201,Apparel,101.51,2,203.02
14948,7201,Electronics,847.48,1,847.48
14949,7202,Electronics,453.25,1,453.25
14950,7202,Beauty,22.58,1,22.58
14951,7203,Beauty,14.7,1,14.7
14952,7203,Home & Kitchen,26.56,2,53.12
14953,7203,Toys & Games,91.62,3,274.86
14954,7204,Apparel,142.0,1,142.0
14955,7204,Books,43.23,1,43.23
14956,7204,Books,40.69,1,40.69
14957,7204,Sports & Outdoors,116.39,1,116.39
14958,7204,Electronics,632.51,1,632.51
14959,7205,Home & Kitchen,104.84,1,104.84
14960,7205,Beauty,48.09,1,48.09
14961,7206,Home & Kitchen,18.96,2,37.92
14962,7206,Electronics,755.24,1,755.24
14963,7206,Grocery,17.59,1,17.59
14964,7206,Electronics,556.74,1,556.74
14965,7206,Electronics,666.67,1,666.67
14966,7207,Beauty,21.98,1,21.98
14967,7207,Apparel,117.47,1,117.47
14968,7207,Beauty,15.03,2,30.06
14969,7208,Electronics,621.27,1,621.27
14970,7208,Apparel,49.17,1,49.17
14971,7209,Sports & Outdoors,64.55,1,64.55
14972,7210,Toys & Games,36.44,2,72.88
14973,7210,Sports & Outdoors,207.69,2,415.38
14974,7210,Electronics,623.5,1,623.5
14975,7211,Apparel,118.38,1,118.38
14976,7211,Home & Kitchen,194.45,1,194.45
14977,7211,Home & Kitchen,145.13,1,145.13
14978,7211,Beauty,63.52,1,63.52
14979,7211,Electronics,863.09,1,863.09
14980,7212,Toys & Games,32.24,1,32.24
14981,7212,Electronics,748.94,1,748.94
14982,7212,Home & Kitchen,157.73,1,157.73
14983,7212,Sports & Outdoors,50.14,1,50.14
14984,7212,Apparel,79.57,1,79.57
14985,7213,Beauty,12.23,3,36.69
14986,7213,Electronics,535.41,1,535.41
14987,7214,Electronics,618.73,1,618.73
14988,7214,Grocery,59.33,1,59.33
14989,7214,Beauty,34.04,1,34.04
14990,7215,Toys & Games,47.61,1,47.61
14991,7215,Books,40.0,1,40.0
14992,7215,Sports & Outdoors,230.63,1,230.63
14993,7216,Toys & Games,89.79,1,89.79
14994,7216,Electronics,330.72,1,330.72
14995,7216,Electronics,440.77,1,440.77
14996,7217,Electronics,399.49,1,399.49
14997,7217,Sports & Outdoors,154.32,2,308.64
14998,7218,Apparel,16.82,1,16.82
14999,7219,Apparel,17.26,1,17.26
15000,7220,Books,6.11,2,12.22
15001,7220,Home & Kitchen,98.38,1,98.38
15002,7221,Toys & Games,92.48,2,184.96
15003,7221,Sports & Outdoors,199.7,2,399.4
15004,7221,Home & Kitchen,252.03,2,504.06
15005,7222,Grocery,40.96,1,40.96
15006,7223,Apparel,38.77,1,38.77
15007,7224,Sports & Outdoors,90.6,1,90.6
15008,7224,Toys & Games,102.35,3,307.05
15009,7224,Electronics,313.72,3,941.16
15010,7224,Sports & Outdoors,229.95,1,229.95
15011,7224,Sports & Outdoors,133.63,1,133.63
15012,7225,Home & Kitchen,248.74,1,248.74
15013,7225,Electronics,326.51,1,326.51
15014,7225,Apparel,119.18,1,119.18
15015,7225,Home & Kitchen,105.95,1,105.95
15016,7225,Sports & Outdoors,220.71,2,441.42
15017,7226,Toys & Games,29.42,1,29.42
15018,7227,Books,38.65,1,38.65
15019,7228,Books,25.81,1,25.81
15020,7229,Electronics,543.8,1,543.8
15021,7230,Apparel,64.05,1,64.05
15022,7231,Electronics,469.16,1,469.16
15023,7232,Electronics,101.7,1,101.7
15024,7233,Apparel,29.74,1,29.74
15025,7233,Home & Kitchen,86.03,1,86.03
15026,7234,Beauty,79.66,1,79.66
15027,7235,Home & Kitchen,180.32,2,360.64
15028,7236,Toys & Games,104.59,1,104.59
15029,7237,Beauty,39.08,1,39.08
15030,7238,Beauty,86.16,1,86.16
15031,7238,Toys & Games,115.9,1,115.9
15032,7238,Apparel,60.43,1,60.43
15033,7238,Sports & Outdoors,115.28,2,230.56
15034,7239,Beauty,23.32,1,23.32
15035,7239,Home & Kitchen,20.68,3,62.04
15036,7239,Sports & Outdoors,98.77,1,98.77
15037,7240,Home & Kitchen,293.1,1,293.1
15038,7240,Apparel,49.13,1,49.13
15039,7240,Grocery,58.44,1,58.44
15040,7240,Home & Kitchen,42.21,1,42.21
15041,7240,Sports & Outdoors,218.09,1,218.09
15042,7241,Home & Kitchen,134.88,2,269.76
15043,7241,Apparel,122.27,1,122.27
15044,7241,Home & Kitchen,275.28,1,275.28
15045,7241,Grocery,25.17,1,25.17
15046,7241,Books,15.68,2,31.36
15047,7242,Sports & Outdoors,44.85,1,44.85
15048,7242,Beauty,88.19,1,88.19
15049,7242,Beauty,66.18,1,66.18
15050,7242,Beauty,45.05,2,90.1
15051,7243,Sports & Outdoors,47.74,1,47.74
15052,7243,Apparel,89.53,1,89.53
15053,7243,Electronics,205.64,2,411.28
15054,7243,Electronics,70.0,1,70.0
15055,7244,Beauty,70.89,1,70.89
15056,7244,Electronics,615.62,1,615.62
15057,7244,Home & Kitchen,298.52,1,298.52
15058,7245,Sports & Outdoors,83.08,3,249.24
15059,7245,Toys & Games,116.26,3,348.78
15060,7245,Home & Kitchen,42.89,1,42.89
15061,7245,Electronics,461.81,1,461.81
15062,7246,Sports & Outdoors,36.38,2,72.76
15063,7246,Home & Kitchen,226.11,3,678.33
15064,7247,Home & Kitchen,253.21,1,253.21
15065,7247,Beauty,42.72,3,128.16
15066,7247,Home & Kitchen,75.77,1,75.77
15067,7248,Electronics,738.73,1,738.73
15068,7248,Electronics,429.83,1,429.83
15069,7249,Apparel,111.85,3,335.55
15070,7249,Grocery,59.81,1,59.81
15071,7250,Apparel,149.19,1,149.19
15072,7250,Apparel,114.14,1,114.14
15073,7250,Apparel,61.3,1,61.3
15074,7250,Grocery,32.81,2,65.62
15075,7250,Home & Kitchen,84.57,1,84.57
15076,7251,Electronics,300.96,1,300.96
15077,7252,Home & Kitchen,267.6,1,267.6
15078,7252,Beauty,53.94,1,53.94
15079,7253,Home & Kitchen,129.72,1,129.72
15080,7253,Home & Kitchen,255.89,2,511.78
15081,7254,Beauty,9.74,2,19.48
15082,7255,Toys & Games,71.21,1,71.21
15083,7255,Home & Kitchen,176.85,1,176.85
15084,7255,Electronics,438.0,3,1314.0
15085,7255,Home & Kitchen,214.8,3,644.4
15086,7256,Beauty,63.44,1,63.44
15087,7257,Apparel,94.53,1,94.53
15088,7258,Apparel,124.81,3,374.43
15089,7258,Apparel,97.78,1,97.78
15090,7258,Beauty,17.78,1,17.78
15091,7259,Home & Kitchen,244.39,1,244.39
15092,7260,Electronics,256.47,1,256.47
15093,7261,Apparel,60.56,1,60.56
15094,7261,Apparel,101.23,2,202.46
15095,7261,Home & Kitchen,66.32,1,66.32
15096,7261,Sports & Outdoors,186.21,1,186.21
15097,7262,Apparel,133.35,2,266.7
15098,7263,Grocery,36.32,1,36.32
15099,7264,Toys & Games,15.11,2,30.22
15100,7264,Electronics,134.1,1,134.1
15101,7264,Grocery,31.72,1,31.72
15102,7264,Electronics,140.38,1,140.38
15103,7265,Beauty,55.08,1,55.08
15104,7266,Electronics,220.95,1,220.95
15105,7266,Electronics,83.5,1,83.5
15106,7266,Beauty,63.98,1,63.98
15107,7266,Beauty,38.27,1,38.27
15108,7267,Apparel,141.72,2,283.44
15109,7267,Beauty,67.8,1,67.8
15110,7268,Electronics,778.38,1,778.38
15111,7268,Beauty,50.09,2,100.18
15112,7269,Toys & Games,100.18,1,100.18
15113,7269,Grocery,13.51,1,13.51
15114,7269,Apparel,67.53,1,67.53
15115,7270,Books,43.39,1,43.39
15116,7270,Books,37.28,1,37.28
15117,7271,Sports & Outdoors,66.86,1,66.86
15118,7271,Electronics,754.39,1,754.39
15119,7272,Electronics,478.76,1,478.76
15120,7273,Home & Kitchen,144.21,1,144.21
15121,7273,Electronics,730.59,1,730.59
15122,7273,Electronics,88.3,2,176.6
15123,7273,Apparel,100.77,1,100.77
15124,7274,Electronics,458.12,1,458.12
15125,7274,Sports & Outdoors,163.36,2,326.72
15126,7274,Sports & Outdoors,109.76,1,109.76
15127,7275,Beauty,54.43,1,54.43
15128,7276,Sports & Outdoors,43.42,1,43.42
15129,7276,Beauty,70.17,2,140.34
15130,7277,Electronics,421.16,3,1263.48
15131,7278,Books,26.42,2,52.84
15132,7278,Beauty,32.21,3,96.63
15133,7278,Sports & Outdoors,42.06,1,42.06
15134,7278,Sports & Outdoors,210.95,3,632.85
15135,7279,Electronics,254.31,1,254.31
15136,7280,Electronics,643.04,1,643.04
15137,7280,Toys & Games,45.34,1,45.34
15138,7280,Beauty,89.82,1,89.82
15139,7280,Apparel,108.03,2,216.06
15140,7280,Toys & Games,106.58,1,106.58
15141,7281,Home & Kitchen,63.06,3,189.18
15142,7281,Sports & Outdoors,87.49,1,87.49
15143,7282,Beauty,29.35,1,29.35
15144,7282,Beauty,83.96,3,251.88
15145,7283,Grocery,16.97,1,16.97
15146,7283,Home & Kitchen,227.58,1,227.58
15147,7283,Sports & Outdoors,213.49,1,213.49
15148,7283,Apparel,29.08,2,58.16
15149,7284,Apparel,56.51,3,169.53
15150,7285,Electronics,843.58,1,843.58
15151,7285,Electronics,700.72,2,1401.44
15152,7286,Electronics,276.5,1,276.5
15153,7287,Beauty,53.98,2,107.96
15154,7288,Electronics,660.21,1,660.21
15155,7289,Apparel,62.64,1,62.64
15156,7289,Apparel,128.69,1,128.69
15157,7289,Apparel,128.37,1,128.37
15158,7289,Electronics,45.92,2,91.84
15159,7290,Apparel,104.22,1,104.22
15160,7290,Beauty,34.86,1,34.86
15161,7290,Sports & Outdoors,182.31,2,364.62
15162,7290,Electronics,276.82,1,276.82
15163,7290,Home & Kitchen,137.92,1,137.92
15164,7291,Toys & Games,26.66,1,26.66
15165,7292,Grocery,32.51,2,65.02
15166,7292,Toys & Games,56.08,3,168.24
15167,7293,Sports & Outdoors,85.83,1,85.83
15168,7293,Beauty,15.86,1,15.86
15169,7293,Home & Kitchen,186.52,1,186.52
15170,7293,Grocery,56.76,1,56.76
15171,7293,Sports & Outdoors,83.72,1,83.72
15172,7294,Apparel,56.97,1,56.97
15173,7295,Apparel,33.49,1,33.49
15174,7296,Home & Kitchen,113.05,2,226.1
15175,7296,Home & Kitchen,182.68,1,182.68
15176,7297,Grocery,7.02,1,7.02
15177,7298,Home & Kitchen,199.04,1,199.04
15178,7299,Toys & Games,92.49,2,184.98
15179,7300,Grocery,37.08,1,37.08
15180,7300,Home & Kitchen,51.19,1,51.19
15181,7301,Home & Kitchen,193.58,1,193.58
15182,7302,Sports & Outdoors,46.31,1,46.31
15183,7303,Home & Kitchen,133.15,1,133.15
15184,7303,Home & Kitchen,259.94,2,519.88
15185,7304,Apparel,52.2,1,52.2
15186,7305,Home & Kitchen,140.95,1,140.95
15187,7305,Sports & Outdoors,73.56,1,73.56
15188,7305,Books,19.81,1,19.81
15189,7305,Toys & Games,90.27,2,180.54
15190,7305,Sports & Outdoors,109.36,2,218.72
15191,7306,Electronics,286.76,1,286.76
15192,7306,Books,21.5,3,64.5
15193,7307,Books,13.53,1,13.53
15194,7308,Apparel,44.65,1,44.65
15195,7308,Books,24.71,2,49.42
15196,7309,Sports & Outdoors,139.4,1,139.4
15197,7309,Sports & Outdoors,230.52,1,230.52
15198,7309,Electronics,216.75,1,216.75
15199,7309,Apparel,19.18,1,19.18
15200,7309,Toys & Games,14.27,1,14.27
15201,7310,Electronics,514.05,2,1028.1
15202,7310,Apparel,13.21,1,13.21
15203,7311,Apparel,79.04,1,79.04
15204,7311,Electronics,251.05,1,251.05
15205,7311,Beauty,9.58,3,28.74
15206,7312,Electronics,429.32,1,429.32
15207,7312,Sports & Outdoors,66.06,1,66.06
15208,7313,Beauty,43.08,2,86.16
15209,7313,Apparel,33.37,1,33.37
15210,7314,Grocery,53.6,1,53.6
15211,7314,Electronics,658.39,1,658.39
15212,7315,Grocery,29.78,1,29.78
15213,7315,Sports & Outdoors,37.06,1,37.06
15214,7315,Electronics,776.04,3,2328.12
15215,7315,Home & Kitchen,212.73,1,212.73
15216,7316,Beauty,62.31,2,124.62
15217,7316,Beauty,48.39,2,96.78
15218,7316,Home & Kitchen,37.4,1,37.4
15219,7316,Electronics,555.51,1,555.51
15220,7317,Home & Kitchen,126.77,1,126.77
15221,7317,Beauty,41.56,1,41.56
15222,7318,Electronics,273.32,1,273.32
15223,7318,Apparel,113.35,1,113.35
15224,7318,Sports & Outdoors,80.02,2,160.04
15225,7319,Electronics,528.96,3,1586.88
15226,7319,Apparel,112.5,2,225.0
15227,7319,Sports & Outdoors,237.9,2,475.8
15228,7320,Sports & Outdoors,46.36,1,46.36
15229,7321,Apparel,40.32,2,80.64
15230,7321,Toys & Games,103.52,3,310.56
15231,7322,Books,7.85,1,7.85
15232,7322,Sports & Outdoors,245.51,1,245.51
15233,7322,Home & Kitchen,180.81,1,180.81
15234,7322,Apparel,50.58,1,50.58
15235,7323,Beauty,86.8,2,173.6
15236,7323,Home & Kitchen,188.78,1,188.78
15237,7324,Beauty,27.3,1,27.3
15238,7325,Electronics,112.78,3,338.34
15239,7326,Beauty,65.26,1,65.26
15240,7327,Electronics,894.3,1,894.3
15241,7327,Grocery,42.4,1,42.4
15242,7327,Grocery,53.61,1,53.61
15243,7328,Home & Kitchen,42.21,1,42.21
15244,7329,Sports & Outdoors,184.64,2,369.28
15245,7330,Beauty,63.64,1,63.64
15246,7331,Beauty,14.49,1,14.49
15247,7331,Electronics,645.87,3,1937.61
15248,7332,Electronics,279.14,1,279.14
15249,7332,Beauty,77.05,1,77.05
15250,7332,Home & Kitchen,98.81,1,98.81
15251,7332,Electronics,201.88,1,201.88
15252,7332,Electronics,765.58,1,765.58
15253,7333,Apparel,138.24,1,138.24
15254,7333,Beauty,80.26,2,160.52
15255,7334,Home & Kitchen,36.36,1,36.36
15256,7335,Books,36.26,2,72.52
15257,7335,Electronics,424.12,2,848.24
15258,7336,Toys & Games,30.83,3,92.49
15259,7336,Apparel,90.72,1,90.72
15260,7337,Beauty,11.62,1,11.62
15261,7337,Home & Kitchen,24.65,1,24.65
15262,7337,Home & Kitchen,47.38,1,47.38
15263,7337,Home & Kitchen,263.64,1,263.64
15264,7337,Toys & Games,92.75,1,92.75
15265,7338,Home & Kitchen,178.99,1,178.99
15266,7338,Sports & Outdoors,155.57,1,155.57
15267,7338,Apparel,62.14,3,186.42
15268,7339,Apparel,25.66,2,51.32
15269,7339,Electronics,740.03,1,740.03
15270,7339,Sports & Outdoors,73.85,1,73.85
15271,7340,Apparel,108.63,2,217.26
15272,7340,Home & Kitchen,253.73,1,253.73
15273,7340,Toys & Games,71.81,1,71.81
15274,7340,Home & Kitchen,248.13,1,248.13
15275,7341,Beauty,24.14,1,24.14
15276,7342,Toys & Games,93.76,1,93.76
15277,7342,Toys & Games,73.58,2,147.16
15278,7343,Apparel,109.03,1,109.03
15279,7344,Beauty,40.66,3,121.98
15280,7344,Electronics,595.41,1,595.41
15281,7345,Apparel,79.55,1,79.55
15282,7345,Books,28.36,1,28.36
15283,7345,Electronics,90.6,1,90.6
15284,7345,Sports & Outdoors,98.35,2,196.7
15285,7345,Home & Kitchen,69.67,1,69.67
15286,7346,Grocery,26.47,3,79.41
15287,7347,Home & Kitchen,283.84,2,567.68
15288,7348,Books,28.29,1,28.29
15289,7348,Apparel,139.77,1,139.77
15290,7348,Sports & Outdoors,124.05,1,124.05
15291,7349,Electronics,353.1,1,353.1
15292,7350,Electronics,342.83,1,342.83
15293,7351,Electronics,588.25,2,1176.5
15294,7352,Beauty,62.84,1,62.84
15295,7353,Electronics,188.47,2,376.94
15296,7354,Beauty,35.6,1,35.6
15297,7355,Home & Kitchen,115.75,2,231.5
15298,7355,Apparel,68.07,2,136.14
15299,7355,Home & Kitchen,51.61,3,154.83
15300,7355,Electronics,250.98,2,501.96
15301,7356,Home & Kitchen,281.91,1,281.91
15302,7356,Beauty,58.87,1,58.87
15303,7357,Apparel,42.24,1,42.24
15304,7357,Sports & Outdoors,43.99,1,43.99
15305,7357,Grocery,35.84,1,35.84
15306,7358,Apparel,19.78,1,19.78
15307,7358,Apparel,17.17,3,51.51
15308,7359,Sports & Outdoors,214.62,2,429.24
15309,7359,Apparel,114.41,1,114.41
15310,7359,Apparel,38.4,1,38.4
15311,7360,Toys & Games,29.38,1,29.38
15312,7361,Home & Kitchen,188.5,1,188.5
15313,7362,Grocery,33.93,1,33.93
15314,7362,Apparel,39.25,1,39.25
15315,7363,Electronics,671.68,2,1343.36
15316,7363,Apparel,108.92,1,108.92
15317,7363,Sports & Outdoors,177.36,1,177.36
15318,7364,Apparel,100.4,1,100.4
15319,7365,Books,20.06,1,20.06
15320,7366,Toys & Games,77.99,1,77.99
15321,7366,Home & Kitchen,31.73,1,31.73
15322,7366,Home & Kitchen,156.48,1,156.48
15323,7367,Books,11.82,1,11.82
15324,7367,Books,41.18,1,41.18
15325,7367,Home & Kitchen,224.8,1,224.8
15326,7368,Beauty,54.0,3,162.0
15327,7368,Beauty,19.45,1,19.45
15328,7369,Home & Kitchen,296.29,1,296.29
15329,7369,Home & Kitchen,76.05,1,76.05
15330,7370,Beauty,33.58,1,33.58
15331,7370,Beauty,56.4,1,56.4
15332,7370,Toys & Games,70.15,1,70.15
15333,7370,Home & Kitchen,81.25,1,81.25
15334,7370,Beauty,9.07,3,27.21
15335,7371,Electronics,41.29,1,41.29
15336,7372,Electronics,676.73,1,676.73
15337,7372,Books,20.8,1,20.8
15338,7373,Toys & Games,26.04,1,26.04
15339,7373,Apparel,47.35,1,47.35
15340,7374,Grocery,42.76,1,42.76
15341,7374,Grocery,14.64,1,14.64
15342,7375,Grocery,36.84,2,73.68
15343,7376,Grocery,46.34,1,46.34
15344,7376,Electronics,728.34,1,728.34
15345,7377,Electronics,581.56,1,581.56
15346,7378,Beauty,53.63,2,107.26
15347,7379,Home & Kitchen,242.82,1,242.82
15348,7380,Home & Kitchen,175.49,1,175.49
15349,7380,Electronics,877.18,1,877.18
15350,7380,Electronics,652.94,2,1305.88
15351,7381,Electronics,74.71,1,74.71
15352,7381,Apparel,24.87,1,24.87
15353,7381,Grocery,24.6,1,24.6
15354,7382,Apparel,39.9,2,79.8
15355,7383,Electronics,863.33,1,863.33
15356,7384,Grocery,56.07,3,168.21
15357,7384,Toys & Games,86.49,1,86.49
15358,7385,Apparel,91.49,1,91.49
15359,7386,Home & Kitchen,49.33,1,49.33
15360,7386,Electronics,691.06,2,1382.12
15361,7387,Electronics,739.63,3,2218.89
15362,7387,Home & Kitchen,61.65,1,61.65
15363,7387,Toys & Games,116.25,3,348.75
15364,7388,Grocery,49.86,1,49.86
15365,7388,Electronics,522.24,1,522.24
15366,7389,Apparel,60.97,1,60.97
15367,7390,Electronics,365.37,1,365.37
15368,7391,Apparel,110.83,1,110.83
15369,7392,Sports & Outdoors,42.55,3,127.65
15370,7393,Apparel,90.92,1,90.92
15371,7394,Beauty,28.61,1,28.61
15372,7395,Electronics,179.78,1,179.78
15373,7396,Grocery,37.29,2,74.58
15374,7396,Apparel,138.67,3,416.01
15375,7396,Home & Kitchen,110.09,1,110.09
15376,7397,Electronics,811.51,1,811.51
15377,7397,Sports & Outdoors,82.7,1,82.7
15378,7398,Electronics,102.2,1,102.2
15379,7399,Home & Kitchen,96.98,3,290.94
15380,7399,Electronics,204.66,1,204.66
15381,7400,Electronics,270.42,2,540.84
15382,7400,Electronics,820.59,1,820.59
15383,7400,Apparel,44.35,2,88.7
15384,7401,Beauty,33.83,1,33.83
15385,7401,Apparel,132.94,1,132.94
15386,7401,Electronics,321.53,1,321.53
15387,7401,Sports & Outdoors,102.19,1,102.19
15388,7402,Electronics,275.3,1,275.3
15389,7403,Toys & Games,18.65,1,18.65
15390,7404,Grocery,5.79,2,11.58
15391,7404,Home & Kitchen,48.1,1,48.1
15392,7404,Home & Kitchen,221.43,1,221.43
15393,7405,Books,18.55,1,18.55
15394,7406,Toys & Games,65.56,1,65.56
15395,7407,Home & Kitchen,257.16,1,257.16
15396,7407,Sports & Outdoors,88.32,1,88.32
15397,7407,Electronics,590.82,1,590.82
15398,7407,Apparel,19.65,1,19.65
15399,7407,Sports & Outdoors,86.82,1,86.82
15400,7408,Home & Kitchen,58.87,1,58.87
15401,7408,Sports & Outdoors,135.46,1,135.46
15402,7408,Electronics,406.95,1,406.95
15403,7409,Home & Kitchen,33.27,1,33.27
15404,7409,Electronics,321.05,1,321.05
15405,7409,Home & Kitchen,41.47,1,41.47
15406,7410,Grocery,20.28,1,20.28
15407,7411,Toys & Games,79.24,1,79.24
15408,7411,Toys & Games,83.73,1,83.73
15409,7411,Grocery,43.96,1,43.96
15410,7412,Electronics,683.32,1,683.32
15411,7412,Home & Kitchen,159.26,2,318.52
15412,7412,Electronics,155.55,2,311.1
15413,7413,Apparel,31.52,1,31.52
15414,7413,Home & Kitchen,289.63,1,289.63
15415,7414,Electronics,276.99,1,276.99
15416,7414,Sports & Outdoors,114.6,2,229.2
15417,7414,Beauty,61.4,1,61.4
15418,7415,Beauty,17.98,1,17.98
15419,7415,Beauty,78.39,1,78.39
15420,7415,Home & Kitchen,34.54,1,34.54
15421,7415,Sports & Outdoors,195.66,1,195.66
15422,7415,Apparel,148.36,1,148.36
15423,7416,Home & Kitchen,48.73,1,48.73
15424,7416,Beauty,61.5,3,184.5
15425,7417,Electronics,104.6,1,104.6
15426,7418,Electronics,189.79,1,189.79
15427,7419,Sports & Outdoors,239.46,1,239.46
15428,7420,Books,41.46,1,41.46
15429,7421,Apparel,12.51,1,12.51
15430,7421,Electronics,812.02,1,812.02
15431,7422,Beauty,36.27,1,36.27
15432,7423,Electronics,260.72,1,260.72
15433,7423,Beauty,83.31,1,83.31
15434,7423,Home & Kitchen,126.16,1,126.16
15435,7424,Beauty,30.28,1,30.28
15436,7424,Grocery,37.74,1,37.74
15437,7424,Apparel,85.56,1,85.56
15438,7425,Beauty,83.55,1,83.55
15439,7425,Sports & Outdoors,75.19,1,75.19
15440,7425,Books,33.21,2,66.42
15441,7426,Sports & Outdoors,80.2,3,240.6
15442,7427,Electronics,819.08,2,1638.16
15443,7427,Home & Kitchen,153.15,1,153.15
15444,7428,Books,20.73,3,62.19
15445,7429,Beauty,37.81,1,37.81
15446,7429,Beauty,34.89,1,34.89
15447,7429,Grocery,5.25,1,5.25
15448,7429,Sports & Outdoors,152.36,2,304.72
15449,7429,Apparel,28.98,1,28.98
15450,7430,Apparel,103.53,3,310.59
15451,7431,Grocery,54.92,1,54.92
15452,7431,Toys & Games,96.84,1,96.84
15453,7431,Grocery,17.68,1,17.68
15454,7431,Electronics,427.74,2,855.48
15455,7432,Toys & Games,58.32,1,58.32
15456,7432,Sports & Outdoors,237.68,1,237.68
15457,7433,Home & Kitchen,152.01,1,152.01
15458,7433,Home & Kitchen,187.19,1,187.19
15459,7434,Home & Kitchen,245.95,1,245.95
15460,7435,Electronics,527.8,1,527.8
15461,7435,Beauty,44.8,1,44.8
15462,7436,Electronics,535.93,1,535.93
15463,7436,Beauty,81.74,1,81.74
15464,7436,Home & Kitchen,28.27,1,28.27
15465,7436,Beauty,58.68,2,117.36
15466,7436,Electronics,445.22,1,445.22
15467,7437,Electronics,393.55,1,393.55
15468,7438,Home & Kitchen,253.84,1,253.84
15469,7438,Apparel,34.07,3,102.21
15470,7438,Books,35.96,1,35.96
15471,7439,Sports & Outdoors,62.14,1,62.14
15472,7439,Books,15.1,1,15.1
15473,7440,Books,26.54,1,26.54
15474,7440,Electronics,152.38,3,457.14
15475,7440,Books,9.36,1,9.36
15476,7440,Apparel,55.53,1,55.53
15477,7441,Beauty,71.38,1,71.38
15478,7442,Apparel,48.14,1,48.14
15479,7443,Electronics,872.91,1,872.91
15480,7444,Books,39.58,3,118.74
15481,7445,Apparel,91.64,1,91.64
15482,7445,Beauty,75.56,1,75.56
15483,7446,Grocery,38.44,3,115.32
15484,7447,Apparel,124.83,3,374.49
15485,7447,Apparel,113.62,2,227.24
15486,7448,Toys & Games,100.65,2,201.3
15487,7449,Toys & Games,63.91,1,63.91
15488,7449,Beauty,63.94,1,63.94
15489,7449,Home & Kitchen,161.95,1,161.95
15490,7450,Apparel,102.33,2,204.66
15491,7450,Home & Kitchen,252.61,1,252.61
15492,7451,Apparel,75.24,2,150.48
15493,7452,Books,23.6,2,47.2
15494,7452,Apparel,58.85,3,176.55
15495,7453,Electronics,705.32,1,705.32
15496,7453,Electronics,760.97,1,760.97
15497,7453,Electronics,754.52,1,754.52
15498,7453,Beauty,54.19,1,54.19
15499,7454,Beauty,11.63,1,11.63
15500,7454,Electronics,553.18,1,553.18
15501,7454,Grocery,12.7,2,25.4
15502,7455,Electronics,761.89,2,1523.78
15503,7455,Books,16.55,2,33.1
15504,7455,Electronics,130.67,1,130.67
15505,7455,Apparel,77.66,1,77.66
15506,7455,Apparel,108.02,1,108.02
15507,7456,Electronics,402.51,2,805.02
15508,7456,Sports & Outdoors,198.31,1,198.31
15509,7457,Electronics,73.26,2,146.52
15510,7457,Beauty,26.03,2,52.06
15511,7458,Sports & Outdoors,67.63,3,202.89
15512,7458,Home & Kitchen,136.22,1,136.22
15513,7458,Home & Kitchen,292.39,1,292.39
15514,7458,Sports & Outdoors,244.84,1,244.84
15515,7458,Apparel,59.43,1,59.43
15516,7459,Books,37.88,2,75.76
15517,7460,Apparel,100.61,1,100.61
15518,7460,Home & Kitchen,113.03,2,226.06
15519,7461,Sports & Outdoors,43.2,1,43.2
15520,7461,Books,11.26,1,11.26
15521,7461,Apparel,44.56,1,44.56
15522,7461,Electronics,636.75,1,636.75
15523,7462,Sports & Outdoors,139.19,1,139.19
15524,7462,Beauty,63.5,1,63.5
15525,7462,Books,20.65,1,20.65
15526,7463,Beauty,53.76,1,53.76
15527,7464,Apparel,57.04,3,171.12
15528,7465,Home & Kitchen,62.29,1,62.29
15529,7466,Electronics,185.67,1,185.67
15530,7467,Home & Kitchen,143.59,2,287.18
15531,7468,Beauty,52.81,3,158.43
15532,7469,Electronics,756.94,1,756.94
15533,7469,Electronics,376.19,1,376.19
15534,7470,Electronics,282.95,1,282.95
15535,7470,Home & Kitchen,238.97,1,238.97
15536,7470,Toys & Games,105.12,1,105.12
15537,7471,Home & Kitchen,261.9,1,261.9
15538,7472,Electronics,633.31,1,633.31
15539,7472,Home & Kitchen,96.89,1,96.89
15540,7473,Electronics,316.49,1,316.49
15541,7473,Home & Kitchen,289.74,1,289.74
15542,7473,Electronics,439.51,1,439.51
15543,7473,Home & Kitchen,239.56,1,239.56
15544,7474,Sports & Outdoors,166.21,1,166.21
15545,7474,Apparel,96.96,1,96.96
15546,7474,Beauty,74.03,1,74.03
15547,7474,Home & Kitchen,30.27,2,60.54
15548,7475,Apparel,19.14,1,19.14
15549,7475,Apparel,24.36,2,48.72
15550,7475,Sports & Outdoors,196.17,1,196.17
15551,7475,Home & Kitchen,118.16,2,236.32
15552,7476,Toys & Games,65.6,2,131.2
15553,7476,Electronics,69.67,2,139.34
15554,7476,Electronics,195.7,1,195.7
15555,7477,Toys & Games,103.38,1,103.38
15556,7477,Toys & Games,118.99,1,118.99
15557,7477,Books,29.37,3,88.11
15558,7477,Beauty,46.87,1,46.87
15559,7477,Toys & Games,30.68,1,30.68
15560,7478,Sports & Outdoors,151.82,1,151.82
15561,7479,Grocery,34.87,2,69.74
15562,7479,Apparel,57.47,1,57.47
15563,7480,Apparel,129.45,3,388.35
15564,7480,Books,23.23,2,46.46
15565,7480,Electronics,783.16,1,783.16
15566,7480,Home & Kitchen,223.81,3,671.43
15567,7480,Apparel,70.46,1,70.46
15568,7481,Electronics,91.98,1,91.98
15569,7482,Beauty,51.18,1,51.18
15570,7483,Apparel,131.6,1,131.6
15571,7483,Electronics,506.75,1,506.75
15572,7483,Apparel,33.17,1,33.17
15573,7484,Apparel,90.67,1,90.67
15574,7484,Apparel,55.03,1,55.03
15575,7484,Apparel,99.48,1,99.48
15576,7484,Toys & Games,33.06,1,33.06
15577,7485,Toys & Games,52.62,1,52.62
15578,7486,Electronics,623.08,1,623.08
15579,7487,Sports & Outdoors,220.58,2,441.16
15580,7488,Sports & Outdoors,230.53,1,230.53
15581,7488,Home & Kitchen,139.13,1,139.13
15582,7488,Apparel,109.13,1,109.13
15583,7489,Apparel,92.02,2,184.04
15584,7489,Apparel,122.64,1,122.64
15585,7489,Beauty,31.1,1,31.1
15586,7489,Apparel,123.6,1,123.6
15587,7490,Home & Kitchen,219.15,1,219.15
15588,7490,Electronics,657.64,3,1972.92
15589,7490,Toys & Games,13.9,3,41.7
15590,7491,Apparel,36.64,1,36.64
15591,7491,Apparel,43.56,1,43.56
15592,7492,Electronics,293.55,1,293.55
15593,7493,Electronics,61.08,2,122.16
15594,7493,Grocery,7.86,2,15.72
15595,7494,Electronics,124.77,3,374.31
15596,7494,Apparel,130.86,1,130.86
15597,7494,Apparel,52.71,1,52.71
15598,7494,Electronics,650.56,1,650.56
15599,7495,Sports & Outdoors,215.85,1,215.85
15600,7495,Electronics,894.11,2,1788.22
15601,7495,Electronics,590.48,3,1771.44
15602,7495,Toys & Games,113.28,1,113.28
15603,7496,Electronics,251.36,2,502.72
15604,7497,Electronics,832.12,1,832.12
15605,7497,Home & Kitchen,262.8,1,262.8
15606,7498,Electronics,453.75,1,453.75
15607,7498,Beauty,76.65,1,76.65
15608,7498,Beauty,8.84,1,8.84
15609,7499,Toys & Games,71.02,3,213.06
15610,7500,Electronics,374.43,1,374.43
15611,7500,Sports & Outdoors,92.58,3,277.74
15612,7501,Grocery,43.61,1,43.61
15613,7501,Sports & Outdoors,79.24,2,158.48
15614,7502,Apparel,73.77,2,147.54
15615,7503,Electronics,60.43,2,120.86
15616,7504,Apparel,69.95,1,69.95
15617,7504,Toys & Games,101.32,1,101.32
15618,7504,Electronics,519.19,1,519.19
15619,7505,Electronics,168.11,1,168.11
15620,7505,Home & Kitchen,170.71,2,341.42
15621,7505,Toys & Games,43.53,2,87.06
15622,7506,Apparel,35.4,1,35.4
15623,7506,Home & Kitchen,131.55,1,131.55
15624,7507,Apparel,83.21,2,166.42
15625,7508,Grocery,4.71,1,4.71
15626,7509,Toys & Games,32.95,1,32.95
15627,7509,Electronics,821.52,1,821.52
15628,7509,Electronics,536.67,1,536.67
15629,7509,Home & Kitchen,148.81,1,148.81
15630,7509,Home & Kitchen,97.24,1,97.24
15631,7510,Electronics,230.7,1,230.7
15632,7511,Grocery,15.81,1,15.81
15633,7512,Beauty,56.04,2,112.08
15634,7513,Grocery,45.36,1,45.36
15635,7513,Toys & Games,61.52,1,61.52
15636,7513,Apparel,122.91,2,245.82
15637,7513,Sports & Outdoors,24.3,3,72.9
15638,7514,Toys & Games,42.14,3,126.42
15639,7515,Apparel,17.21,2,34.42
15640,7516,Electronics,873.54,1,873.54
15641,7517,Grocery,42.63,1,42.63
15642,7517,Electronics,138.29,1,138.29
15643,7518,Electronics,757.17,2,1514.34
15644,7518,Apparel,68.4,1,68.4
15645,7518,Grocery,45.68,2,91.36
15646,7519,Electronics,224.41,2,448.82
15647,7520,Electronics,120.84,1,120.84
15648,7520,Home & Kitchen,243.48,2,486.96
15649,7521,Home & Kitchen,53.48,2,106.96
15650,7521,Toys & Games,106.5,3,319.5
15651,7522,Sports & Outdoors,25.01,2,50.02
15652,7522,Electronics,381.3,2,762.6
15653,7522,Electronics,585.48,1,585.48
15654,7523,Electronics,870.04,1,870.04
15655,7523,Sports & Outdoors,143.74,1,143.74
15656,7523,Toys & Games,11.83,2,23.66
15657,7524,Sports & Outdoors,148.06,1,148.06
15658,7524,Electronics,868.03,1,868.03
15659,7525,Toys & Games,73.01,1,73.01
15660,7526,Electronics,598.69,1,598.69
15661,7526,Home & Kitchen,102.25,1,102.25
15662,7527,Beauty,31.54,1,31.54
15663,7527,Grocery,14.32,2,28.64
15664,7528,Apparel,141.55,1,141.55
15665,7528,Beauty,58.21,1,58.21
15666,7529,Apparel,20.53,2,41.06
15667,7530,Beauty,60.98,3,182.94
15668,7530,Books,22.48,1,22.48
15669,7531,Books,11.68,1,11.68
15670,7532,Toys & Games,36.48,1,36.48
15671,7533,Books,41.82,1,41.82
15672,7533,Home & Kitchen,127.31,1,127.31
15673,7534,Sports & Outdoors,60.76,1,60.76
15674,7534,Electronics,785.46,1,785.46
15675,7534,Books,18.42,2,36.84
15676,7535,Electronics,713.75,1,713.75
15677,7536,Sports & Outdoors,55.88,2,111.76
15678,7537,Grocery,6.43,3,19.29
15679,7538,Electronics,224.68,1,224.68
15680,7538,Books,33.0,1,33.0
15681,7539,Beauty,45.36,1,45.36
15682,7540,Home & Kitchen,63.85,1,63.85
15683,7540,Home & Kitchen,216.63,1,216.63
15684,7541,Electronics,777.52,1,777.52
15685,7541,Apparel,25.17,2,50.34
15686,7541,Toys & Games,112.7,2,225.4
15687,7542,Apparel,23.99,1,23.99
15688,7542,Electronics,590.33,1,590.33
15689,7543,Apparel,33.28,2,66.56
15690,7543,Electronics,857.8,1,857.8
15691,7543,Books,10.72,1,10.72
15692,7543,Beauty,19.5,1,19.5
15693,7544,Toys & Games,17.75,2,35.5
15694,7544,Toys & Games,46.25,3,138.75
15695,7545,Electronics,627.18,1,627.18
15696,7545,Electronics,195.2,1,195.2
15697,7545,Home & Kitchen,126.01,1,126.01
15698,7546,Sports & Outdoors,132.8,2,265.6
15699,7546,Home & Kitchen,72.55,1,72.55
15700,7547,Apparel,14.33,1,14.33
15701,7547,Sports & Outdoors,27.44,1,27.44
15702,7547,Home & Kitchen,158.27,1,158.27
15703,7548,Books,20.25,2,40.5
15704,7548,Books,21.8,2,43.6
15705,7549,Sports & Outdoors,170.27,2,340.54
15706,7550,Books,42.33,3,126.99
15707,7551,Toys & Games,50.47,1,50.47
15708,7551,Beauty,62.45,1,62.45
15709,7551,Electronics,748.94,1,748.94
15710,7551,Grocery,54.49,3,163.47
15711,7552,Books,25.17,1,25.17
15712,7553,Sports & Outdoors,49.84,2,99.68
15713,7554,Toys & Games,52.22,1,52.22
15714,7554,Grocery,29.54,1,29.54
15715,7555,Sports & Outdoors,83.36,3,250.08
15716,7556,Electronics,265.09,1,265.09
15717,7556,Home & Kitchen,33.93,2,67.86
15718,7556,Electronics,534.78,1,534.78
15719,7557,Toys & Games,57.47,1,57.47
15720,7557,Toys & Games,66.52,3,199.56
15721,7558,Electronics,396.28,3,1188.84
15722,7558,Books,36.49,2,72.98
15723,7559,Apparel,101.76,1,101.76
15724,7559,Grocery,10.55,1,10.55
15725,7559,Electronics,481.91,1,481.91
15726,7560,Home & Kitchen,104.82,1,104.82
15727,7561,Sports & Outdoors,39.79,1,39.79
15728,7561,Electronics,452.31,1,452.31
15729,7562,Books,31.92,2,63.84
15730,7562,Home & Kitchen,248.16,1,248.16
15731,7563,Apparel,129.35,1,129.35
15732,7564,Beauty,30.94,3,92.82
15733,7564,Electronics,354.35,1,354.35
15734,7565,Apparel,22.39,2,44.78
15735,7566,Home & Kitchen,96.97,1,96.97
15736,7567,Electronics,481.03,2,962.06
15737,7567,Electronics,338.35,2,676.7
15738,7568,Apparel,127.43,1,127.43
15739,7568,Home & Kitchen,154.21,1,154.21
15740,7568,Toys & Games,43.01,2,86.02
15741,7568,Toys & Games,95.28,1,95.28
15742,7569,Electronics,228.07,2,456.14
15743,7569,Electronics,360.54,3,1081.62
15744,7570,Beauty,73.33,1,73.33
15745,7570,Apparel,116.43,1,116.43
15746,7570,Sports & Outdoors,56.97,1,56.97
15747,7571,Electronics,611.95,1,611.95
15748,7571,Electronics,174.4,1,174.4
15749,7572,Books,27.3,1,27.3
15750,7572,Grocery,55.47,1,55.47
15751,7572,Toys & Games,37.88,1,37.88
15752,7573,Electronics,752.97,1,752.97
15753,7573,Home & Kitchen,156.85,1,156.85
15754,7574,Apparel,74.06,1,74.06
15755,7574,Electronics,119.24,2,238.48
15756,7574,Apparel,98.6,1,98.6
15757,7575,Electronics,309.78,1,309.78
15758,7575,Sports & Outdoors,85.15,2,170.3
15759,7575,Sports & Outdoors,20.35,1,20.35
15760,7576,Electronics,246.86,1,246.86
15761,7577,Sports & Outdoors,166.5,2,333.0
15762,7577,Toys & Games,33.74,1,33.74
15763,7577,Electronics,892.83,2,1785.66
15764,7577,Apparel,96.91,1,96.91
15765,7578,Electronics,734.55,1,734.55
15766,7578,Apparel,26.63,1,26.63
15767,7579,Home & Kitchen,39.32,1,39.32
15768,7580,Electronics,550.34,1,550.34
15769,7580,Home & Kitchen,273.6,1,273.6
15770,7581,Grocery,14.95,1,14.95
15771,7581,Apparel,18.81,2,37.62
15772,7582,Sports & Outdoors,21.66,1,21.66
15773,7582,Books,44.32,1,44.32
15774,7583,Apparel,82.73,1,82.73
15775,7584,Sports & Outdoors,95.39,1,95.39
15776,7585,Electronics,556.56,1,556.56
15777,7586,Electronics,122.87,1,122.87
15778,7587,Home & Kitchen,32.51,1,32.51
15779,7588,Beauty,20.67,1,20.67
15780,7589,Apparel,124.62,1,124.62
15781,7589,Home & Kitchen,257.99,1,257.99
15782,7589,Electronics,349.46,2,698.92
15783,7590,Electronics,250.13,1,250.13
15784,7590,Books,26.97,1,26.97
15785,7591,Electronics,426.26,1,426.26
15786,7592,Apparel,17.18,1,17.18
15787,7593,Toys & Games,61.18,1,61.18
15788,7594,Apparel,96.87,1,96.87
15789,7594,Apparel,60.92,1,60.92
15790,7595,Home & Kitchen,263.79,1,263.79
15791,7596,Books,29.18,1,29.18
15792,7596,Home & Kitchen,17.34,1,17.34
15793,7596,Sports & Outdoors,167.29,1,167.29
15794,7596,Beauty,8.6,1,8.6
15795,7597,Apparel,46.58,1,46.58
15796,7597,Beauty,78.79,2,157.58
15797,7598,Beauty,42.67,1,42.67
15798,7599,Toys & Games,27.56,1,27.56
15799,7599,Home & Kitchen,268.93,1,268.93
15800,7600,Grocery,10.93,1,10.93
15801,7600,Home & Kitchen,197.51,1,197.51
15802,7601,Apparel,52.21,1,52.21
15803,7602,Toys & Games,14.87,1,14.87
15804,7602,Toys & Games,77.33,2,154.66
15805,7603,Electronics,824.07,1,824.07
15806,7604,Apparel,46.02,1,46.02
15807,7604,Apparel,103.63,1,103.63
15808,7605,Beauty,51.82,1,51.82
15809,7605,Electronics,234.11,1,234.11
15810,7605,Apparel,147.87,1,147.87
15811,7605,Apparel,113.74,1,113.74
15812,7605,Toys & Games,62.58,1,62.58
15813,7606,Books,18.88,1,18.88
15814,7606,Home & Kitchen,19.38,2,38.76
15815,7606,Electronics,503.67,1,503.67
15816,7607,Electronics,319.41,1,319.41
15817,7607,Grocery,34.91,2,69.82
15818,7607,Home & Kitchen,24.01,1,24.01
15819,7608,Apparel,22.54,3,67.62
15820,7609,Toys & Games,23.91,3,71.73
15821,7609,Electronics,430.91,1,430.91
15822,7609,Home & Kitchen,173.07,3,519.21
15823,7610,Electronics,270.62,2,541.24
15824,7610,Books,33.92,1,33.92
15825,7610,Apparel,43.01,2,86.02
15826,7610,Toys & Games,76.64,1,76.64
15827,7611,Electronics,555.32,3,1665.96
15828,7611,Beauty,78.26,2,156.52
15829,7612,Electronics,186.3,1,186.3
15830,7613,Grocery,26.18,1,26.18
15831,7614,Apparel,79.84,2,159.68
15832,7614,Beauty,66.39,3,199.17
15833,7615,Beauty,27.68,1,27.68
15834,7615,Home & Kitchen,248.58,1,248.58
15835,7616,Electronics,519.79,1,519.79
15836,7617,Apparel,52.5,1,52.5
15837,7618,Apparel,148.84,1,148.84
15838,7619,Electronics,100.04,1,100.04
15839,7620,Books,18.23,2,36.46
15840,7620,Home & Kitchen,161.38,1,161.38
15841,7620,Sports & Outdoors,96.69,2,193.38
15842,7620,Electronics,347.36,1,347.36
15843,7620,Toys & Games,103.9,1,103.9
15844,7621,Toys & Games,119.08,1,119.08
15845,7622,Sports & Outdoors,180.4,1,180.4
15846,7623,Sports & Outdoors,164.89,1,164.89
15847,7623,Home & Kitchen,110.68,1,110.68
15848,7624,Apparel,120.28,2,240.56
15849,7625,Toys & Games,75.16,2,150.32
15850,7625,Apparel,57.12,1,57.12
15851,7626,Beauty,41.35,1,41.35
15852,7627,Beauty,80.04,2,160.08
15853,7628,Sports & Outdoors,240.07,1,240.07
15854,7628,Electronics,323.83,2,647.66
15855,7629,Apparel,59.06,1,59.06
15856,7630,Apparel,67.71,3,203.13
15857,7630,Electronics,305.24,1,305.24
15858,7631,Apparel,118.27,1,118.27
15859,7631,Apparel,115.92,1,115.92
15860,7632,Sports & Outdoors,174.89,3,524.67
15861,7633,Electronics,746.93,1,746.93
15862,7633,Beauty,26.07,1,26.07
15863,7634,Electronics,330.18,1,330.18
15864,7635,Electronics,292.61,2,585.22
15865,7635,Toys & Games,67.49,1,67.49
15866,7635,Electronics,251.81,1,251.81
15867,7636,Beauty,23.77,2,47.54
15868,7637,Grocery,54.72,1,54.72
15869,7638,Electronics,564.86,1,564.86
15870,7638,Apparel,80.3,1,80.3
15871,7638,Home & Kitchen,271.21,1,271.21
15872,7638,Beauty,72.04,2,144.08
15873,7638,Electronics,676.24,2,1352.48
15874,7639,Beauty,37.62,1,37.62
15875,7640,Sports & Outdoors,166.82,2,333.64
15876,7641,Apparel,114.59,1,114.59
15877,7642,Electronics,757.84,1,757.84
15878,7642,Home & Kitchen,70.57,1,70.57
15879,7642,Sports & Outdoors,223.18,2,446.36
15880,7642,Apparel,95.83,1,95.83
15881,7643,Electronics,535.15,1,535.15
15882,7643,Sports & Outdoors,71.99,1,71.99
15883,7644,Toys & Games,72.81,1,72.81
15884,7644,Home & Kitchen,130.28,1,130.28
15885,7645,Apparel,97.97,2,195.94
15886,7646,Electronics,522.29,1,522.29
15887,7646,Home & Kitchen,97.68,1,97.68
15888,7647,Books,6.77,3,20.31
15889,7647,Electronics,445.52,3,1336.56
15890,7647,Electronics,205.25,1,205.25
15891,7648,Electronics,798.86,1,798.86
15892,7649,Grocery,29.2,1,29.2
15893,7649,Grocery,8.51,2,17.02
15894,7650,Apparel,148.54,1,148.54
15895,7650,Electronics,161.4,2,322.8
15896,7651,Electronics,194.72,1,194.72
15897,7651,Electronics,490.9,3,1472.7
15898,7651,Sports & Outdoors,238.61,1,238.61
15899,7652,Toys & Games,73.64,1,73.64
15900,7652,Books,13.35,2,26.7
15901,7652,Sports & Outdoors,26.4,1,26.4
15902,7652,Electronics,601.9,3,1805.7
15903,7652,Electronics,563.65,1,563.65
15904,7653,Electronics,409.5,1,409.5
15905,7654,Electronics,231.6,1,231.6
15906,7654,Home & Kitchen,250.29,1,250.29
15907,7655,Apparel,47.51,1,47.51
15908,7656,Sports & Outdoors,129.8,1,129.8
15909,7657,Home & Kitchen,297.46,1,297.46
15910,7657,Beauty,58.84,3,176.52
15911,7658,Sports & Outdoors,81.18,1,81.18
15912,7658,Electronics,366.06,1,366.06
15913,7658,Beauty,33.16,1,33.16
15914,7658,Electronics,668.93,1,668.93
15915,7659,Grocery,4.73,1,4.73
15916,7659,Beauty,68.19,2,136.38
15917,7659,Electronics,775.95,1,775.95
15918,7659,Apparel,13.16,2,26.32
15919,7659,Electronics,353.5,2,707.0
15920,7660,Beauty,59.51,1,59.51
15921,7661,Toys & Games,24.48,2,48.96
15922,7662,Beauty,33.74,2,67.48
15923,7663,Electronics,391.63,1,391.63
15924,7664,Beauty,63.85,2,127.7
15925,7665,Apparel,118.1,1,118.1
15926,7665,Apparel,45.84,1,45.84
15927,7666,Home & Kitchen,31.17,2,62.34
15928,7667,Beauty,22.73,2,45.46
15929,7667,Electronics,486.21,1,486.21
15930,7667,Sports & Outdoors,83.0,2,166.0
15931,7668,Apparel,49.11,3,147.33
15932,7669,Electronics,836.48,1,836.48
15933,7670,Toys & Games,34.73,1,34.73
15934,7670,Electronics,553.95,1,553.95
15935,7670,Beauty,87.75,1,87.75
15936,7670,Electronics,727.83,1,727.83
15937,7670,Electronics,603.93,2,1207.86
15938,7671,Apparel,55.06,1,55.06
15939,7671,Grocery,40.43,1,40.43
15940,7672,Toys & Games,31.21,1,31.21
15941,7673,Books,22.72,1,22.72
15942,7674,Books,20.61,1,20.61
15943,7675,Home & Kitchen,266.51,2,533.02
15944,7675,Home & Kitchen,227.92,2,455.84
15945,7676,Apparel,95.97,2,191.94
15946,7676,Toys & Games,81.15,1,81.15
15947,7676,Home & Kitchen,34.41,3,103.23
15948,7677,Apparel,85.18,1,85.18
15949,7677,Home & Kitchen,60.7,1,60.7
15950,7678,Beauty,40.91,1,40.91
15951,7679,Sports & Outdoors,153.05,1,153.05
15952,7679,Apparel,56.58,1,56.58
15953,7679,Grocery,22.57,1,22.57
15954,7679,Home & Kitchen,142.88,2,285.76
15955,7680,Beauty,62.9,1,62.9
15956,7681,Electronics,717.58,1,717.58
15957,7681,Apparel,144.0,1,144.0
15958,7682,Books,28.13,1,28.13
15959,7683,Toys & Games,35.89,1,35.89
15960,7684,Home & Kitchen,96.18,1,96.18
15961,7684,Home & Kitchen,212.96,1,212.96
15962,7684,Toys & Games,20.97,1,20.97
15963,7685,Sports & Outdoors,234.84,1,234.84
15964,7685,Beauty,21.3,1,21.3
15965,7685,Beauty,53.93,1,53.93
15966,7686,Home & Kitchen,47.35,1,47.35
15967,7687,Electronics,431.98,1,431.98
15968,7687,Electronics,68.02,1,68.02
15969,7687,Apparel,115.03,2,230.06
15970,7687,Home & Kitchen,74.91,2,149.82
15971,7688,Electronics,787.27,1,787.27
15972,7688,Grocery,47.16,1,47.16
15973,7688,Apparel,55.01,1,55.01
15974,7689,Books,35.13,1,35.13
15975,7689,Electronics,207.36,2,414.72
15976,7690,Sports & Outdoors,170.73,2,341.46
15977,7691,Electronics,628.46,3,1885.38
15978,7692,Sports & Outdoors,196.1,1,196.1
15979,7692,Apparel,86.98,1,86.98
15980,7693,Home & Kitchen,299.75,2,599.5
15981,7693,Apparel,122.76,1,122.76
15982,7693,Apparel,83.11,1,83.11
15983,7694,Beauty,18.52,3,55.56
15984,7695,Beauty,36.63,2,73.26
15985,7696,Home & Kitchen,139.78,1,139.78
