customer_id,customer_name,email,signup_date,region,acquisition_channel
1,Allison Hill,donaldgarcia@example.net,2024-08-05,North,Direct
2,Angie Henderson,davisjesse@example.net,2024-09-07,North,Organic Search
3,Cristian Santos,lrobinson@example.com,2025-07-15,South,Paid Ads
4,Abigail Shaffer,jpeterson@example.org,2025-02-09,East,Organic Search
5,Gabrielle Davis,howardmaurice@example.com,2023-12-17,North,Direct
6,Monica Herrera,smiller@example.net,2025-05-15,Central,Social Media
7,Shannon Ray,williamsjeremy@example.com,2024-07-24,South,Organic Search
8,Dr. Sharon James,xreid@example.org,2023-07-17,North,Referral
9,Daniel Adams,lynchgeorge@example.net,2023-07-23,West,Organic Search
10,Joel Nelson,gabriellecameron@example.org,2023-10-20,South,Paid Ads
11,Andrew Stewart,carl95@example.org,2024-01-24,West,Email
12,Jennifer Rocha,ithomas@example.org,2023-08-07,North,Email
13,Kimberly Burgess,zhurst@example.com,2025-07-12,North,Organic Search
14,Zachary Hicks,camposmichelle@example.org,2023-12-02,West,Organic Search
15,Rebecca Henderson,cruzcaitlin@example.com,2023-11-04,North,Paid Ads
16,Tricia Valencia,frazierdanny@example.net,2024-04-05,North,Paid Ads
17,Patricia Peterson,ryan70@example.net,2023-12-02,Central,Organic Search
18,Deborah Mason,williamrodriguez@example.net,2023-02-27,North,Organic Search
19,Mark Lynch,nathanielmartin@example.net,2023-12-11,West,Social Media
20,Linda Burns,hickmannatasha@example.com,2025-03-10,North,Direct
21,David Bradley,millertodd@example.org,2023-10-26,East,Organic Search
22,Kim Martinez,karroyo@example.com,2023-05-29,South,Organic Search
23,Lisa Brandt,jenniferross@example.net,2025-05-16,North,Direct
24,Jessica Holmes,wrightcaleb@example.org,2024-01-01,Central,Social Media
25,Crystal Robinson,zimmermanbrian@example.org,2023-09-06,North,Social Media
26,Shannon Jones,joshuawashington@example.net,2024-12-08,South,Social Media
27,Timothy Duncan,esanchez@example.com,2024-07-22,South,Organic Search
28,Brent Jordan,ujenkins@example.org,2023-12-31,East,Paid Ads
29,Victoria Garcia,zchandler@example.org,2025-01-31,Central,Referral
30,Connor West,dwhite@example.org,2023-10-06,Central,Direct
31,Angela Morton,williamsyvette@example.org,2024-08-06,Central,Social Media
32,Tammy Allison,richardolson@example.com,2023-08-04,Central,Social Media
33,Carmen Smith,ybaker@example.com,2024-04-27,Central,Direct
34,Michael Cross,smoore@example.org,2024-01-26,North,Email
35,Lauren Daniels,brian97@example.net,2023-09-11,North,Direct
36,Kim Brown,yorkcasey@example.org,2023-03-01,North,Organic Search
37,Cynthia Wilson,bethwilliams@example.org,2023-03-04,South,Social Media
38,Kevin Mills,james53@example.com,2025-01-19,West,Paid Ads
39,Michael Evans,sarah10@example.com,2024-05-29,South,Referral
40,Kristine Garcia,williamanderson@example.com,2023-04-12,West,Organic Search
41,Sherry Wood,samueldaniels@example.com,2024-07-30,East,Organic Search
42,Victoria Valdez,contrerasangela@example.net,2023-12-12,East,Email
43,Shawn Baker,newtoneric@example.com,2023-09-07,East,Referral
44,Michelle Harris,william40@example.org,2023-10-25,South,Referral
45,Sandra Williams,kellie42@example.net,2023-05-16,North,Direct
46,Michael Hoffman,jonesnicole@example.org,2023-09-01,West,Paid Ads
47,Sandra Aguilar,russellwilliams@example.com,2023-07-07,West,Paid Ads
48,Rebecca Valencia,jason31@example.com,2024-09-14,Central,Email
49,Stacey Russell,sarayoung@example.org,2024-06-30,North,Paid Ads
50,Rita Keith,whitesandra@example.com,2023-12-18,South,Social Media
51,Sharon Cochran,erik16@example.org,2024-04-04,East,Paid Ads
52,Courtney Velasquez,ybailey@example.org,2025-01-25,North,Organic Search
53,Matthew Ross,michelle45@example.net,2024-04-05,South,Direct
54,Meghan Anthony,sheila14@example.org,2024-10-14,Central,Organic Search
55,Victoria Johnson,yreed@example.com,2024-01-31,East,Social Media
56,William Wilson,jonathanfletcher@example.org,2024-01-30,Central,Organic Search
57,Renee Mcdaniel,michaeljones@example.net,2024-05-05,East,Email
58,Lisa Alvarado,cortezkevin@example.com,2023-06-27,South,Referral
59,Erika Terry,jamesortega@example.com,2023-03-29,South,Email
60,Stephanie Gilbert,richard04@example.com,2023-07-28,North,Direct
61,Richard Lawson,steven73@example.net,2025-09-02,North,Paid Ads
62,Steven Flynn,donnacampbell@example.net,2024-07-16,South,Organic Search
63,Frances Cardenas,emilywalker@example.org,2024-03-10,South,Organic Search
64,Angel Riggs,gibsonolivia@example.net,2024-01-14,North,Social Media
65,Michael Snyder,dylanwatts@example.org,2024-12-23,Central,Paid Ads
66,Colleen Brock,pwilliams@example.org,2023-12-23,South,Email
67,Robert Contreras,stephanie79@example.net,2024-10-12,South,Email
68,Jessica Meadows,vmerritt@example.com,2023-03-28,East,Organic Search
69,Paul Larsen,katie87@example.net,2025-01-02,West,Organic Search
70,Jeremiah Reeves,josephflores@example.net,2024-04-22,North,Paid Ads
71,Chris Reyes,jasminebrown@example.com,2025-03-03,Central,Referral
72,John Brown,xprice@example.net,2024-04-04,South,Paid Ads
73,Alicia Gilmore,wwoods@example.com,2023-02-20,West,Direct
74,Sarah Ashley,vmedina@example.net,2025-02-01,South,Paid Ads
75,Stephanie Freeman,ryan06@example.com,2024-06-02,West,Paid Ads
76,Rebecca Ramsey,ncalhoun@example.net,2024-10-14,South,Paid Ads
77,James Elliott,millerroy@example.com,2025-06-28,North,Organic Search
78,David Murphy,wmurphy@example.com,2024-07-12,South,Referral
79,Trevor Fisher,ruizkaitlyn@example.org,2023-12-11,East,Email
80,Mrs. Marie Harrington DDS,herringjames@example.org,2025-01-12,South,Organic Search
81,Cynthia Wells,elliottjeffery@example.net,2024-03-27,North,Paid Ads
82,Jacob Obrien,stricklandfrank@example.com,2023-02-18,East,Paid Ads
83,Alexander Collins,tsanders@example.org,2023-08-15,West,Referral
84,Michael Burton,terrykevin@example.net,2024-01-14,West,Organic Search
85,Barbara Riggs,reedross@example.com,2023-12-05,Central,Paid Ads
86,Matthew Smith,gshort@example.com,2025-05-05,East,Organic Search
87,Madison Poole,ryangross@example.net,2023-05-11,Central,Email
88,Robert Medina,umarshall@example.net,2023-01-24,West,Organic Search
89,Samuel Rivas,ramirezshannon@example.com,2023-08-17,Central,Paid Ads
90,Mary Rogers,lrosales@example.com,2023-10-09,West,Social Media
91,Robert Peterson,angela83@example.org,2023-06-18,Central,Email
92,Jason Peters,hannahbrewer@example.com,2024-11-11,East,Organic Search
93,Alan Phillips,tholt@example.net,2024-02-14,North,Email
94,Kara Schmidt,jbarajas@example.com,2023-12-09,North,Referral
95,Jesse Parker,davidlee@example.org,2023-11-08,South,Direct
96,Tiffany Vaughn,javierwashington@example.net,2025-05-11,South,Social Media
97,Paige Carlson,wallkenneth@example.com,2023-04-19,South,Direct
98,Adrian Ferguson,brandon08@example.com,2023-02-10,Central,Organic Search
99,Beth Oneill,agarcia@example.net,2023-10-25,Central,Organic Search
100,John Peterson,kingmichelle@example.org,2024-04-07,South,Email
101,Jennifer Jones,hernandezlisa@example.com,2023-06-17,Central,Paid Ads
102,David Grant,yobrien@example.net,2023-04-11,East,Organic Search
103,Joseph Hayes,levans@example.com,2024-10-12,North,Social Media
104,Marc Lynch,mezajared@example.org,2023-07-31,South,Social Media
105,Brad Allen,moorericky@example.net,2023-09-22,North,Organic Search
106,Doris Hall,jacqueline71@example.net,2023-08-26,South,Email
107,Dennis Moody,ronaldstephens@example.net,2024-11-29,Central,Social Media
108,Derek Thomas,martinkyle@example.net,2025-02-16,North,Organic Search
109,Tammy Gonzales,sbarker@example.com,2025-07-08,East,Organic Search
110,Kathryn Snyder,georgepamela@example.net,2024-07-20,West,Organic Search
111,David Davis,keyemily@example.com,2023-07-04,Central,Paid Ads
112,Pamela Thompson,lmoon@example.net,2025-02-11,East,Organic Search
113,Robert Costa,vbailey@example.com,2024-10-17,East,Social Media
114,Shannon Rivera,zroberts@example.net,2023-09-08,North,Paid Ads
115,Brandon King,cordovarichard@example.net,2024-02-02,East,Social Media
116,April Booth,mgutierrez@example.net,2023-07-09,East,Paid Ads
117,Peter Garrett,harrisandrea@example.com,2023-11-18,West,Direct
118,Michael Martinez,jennifercollins@example.org,2024-03-05,Central,Referral
119,Anna Gay,murraydavid@example.org,2024-04-09,North,Social Media
120,Dr. Jordan Hill PhD,jsanchez@example.org,2024-05-13,West,Organic Search
121,Thomas Romero,michellehill@example.com,2024-11-12,West,Organic Search
122,Richard Adams,campbellkenneth@example.net,2023-07-06,East,Organic Search
123,Mary Grimes,wryan@example.com,2024-04-16,South,Social Media
124,Kimberly Gibson,molly39@example.com,2023-11-13,South,Paid Ads
125,Reginald Williams,zthornton@example.com,2024-03-14,North,Organic Search
126,Matthew Hoover,tylerjohnson@example.net,2024-01-18,Central,Social Media
127,Evelyn Garcia,dgarcia@example.org,2023-11-28,North,Referral
128,Jennifer Pena,charlesharrington@example.com,2023-12-29,North,Organic Search
129,Michael Santos,melissa86@example.com,2024-11-19,Central,Referral
130,Stacy Freeman,williamsonjimmy@example.net,2024-03-21,North,Organic Search
131,Yolanda Francis,wgood@example.net,2023-05-22,North,Direct
132,Ashlee Jackson,rebecca05@example.org,2024-03-20,South,Organic Search
133,James Thomas,yknight@example.org,2023-07-18,Central,Paid Ads
134,Bob Pitts,tyleraguilar@example.org,2025-07-15,South,Direct
135,David Scott,nolansteven@example.com,2024-01-18,West,Social Media
136,Brooke Alexander,vanessa46@example.net,2024-08-25,West,Organic Search
137,Ryan Gonzalez,gcastaneda@example.org,2025-04-20,North,Paid Ads
138,Ian Phillips,andrew64@example.org,2024-04-22,West,Organic Search
139,Melissa Garner,lozanojulie@example.com,2023-09-21,North,Referral
140,Crystal Pham,danaoliver@example.net,2023-11-01,South,Email
141,Patricia Becker,courtneyberger@example.net,2023-09-12,East,Social Media
142,Richard Johnson,jessica14@example.com,2024-10-12,North,Organic Search
143,Casey Anderson,alyssa42@example.com,2023-03-31,Central,Paid Ads
144,Terry Coffey,julie51@example.com,2025-02-07,North,Organic Search
145,Brenda Levy,zcoffey@example.net,2023-03-12,Central,Social Media
146,Richard Smith,gibsonemily@example.net,2024-04-29,Central,Email
147,James Little,daniel37@example.org,2023-08-10,North,Paid Ads
148,Terri Murphy,deborahreid@example.com,2024-09-12,North,Organic Search
149,Elizabeth Ortiz,brandonjohnson@example.com,2025-08-06,West,Organic Search
150,David Medina,qchavez@example.net,2023-08-11,East,Social Media
151,Kimberly Matthews,nicolepena@example.com,2024-01-21,North,Organic Search
152,Teresa Ramirez,jeff73@example.com,2023-09-05,North,Organic Search
153,Michael Stephens,bruce43@example.org,2024-07-13,West,Direct
154,Samantha Davis,darleneharper@example.org,2024-05-31,East,Direct
155,Gavin Zhang,caseyhubbard@example.org,2025-06-30,South,Organic Search
156,Robin Hall,kristinacarlson@example.com,2023-10-26,East,Paid Ads
157,Brianna Anderson,lauren10@example.org,2024-11-24,North,Social Media
158,Richard Young,alfred40@example.org,2025-02-26,South,Paid Ads
159,Kelly Reese,xwest@example.net,2023-11-18,Central,Paid Ads
160,Jodi Walker,acostaregina@example.net,2025-06-29,West,Organic Search
161,Judith Maynard,lutzmelanie@example.com,2024-05-17,Central,Paid Ads
162,Katherine Browning,lammarc@example.org,2024-10-02,North,Paid Ads
163,Donald Schultz,oscar98@example.com,2023-03-18,North,Organic Search
164,Larry Garcia,farrelldebra@example.net,2025-01-26,East,Social Media
165,Cindy Hayes,robertwilcox@example.com,2024-03-02,West,Direct
166,Brandon Simmons,nicholas27@example.org,2024-09-05,East,Referral
167,Bradley Reynolds,lisa80@example.net,2024-09-10,Central,Referral
168,Kristina Santiago,qgomez@example.com,2024-07-25,North,Organic Search
169,Michelle Schmitt,michael98@example.org,2025-05-18,West,Paid Ads
170,John Boone,megan51@example.com,2023-12-26,East,Email
171,Renee Bruce,lynchdiane@example.net,2023-11-13,North,Social Media
172,Christopher Park,sandra50@example.org,2025-07-26,Central,Paid Ads
173,Kylie Morales,joycebonilla@example.org,2024-03-13,South,Social Media
174,Cindy Barnes,eric45@example.net,2024-03-22,East,Organic Search
175,Sophia Moore,craigjoseph@example.net,2024-04-19,North,Paid Ads
176,Lawrence Perry,kariwilson@example.com,2024-08-08,East,Paid Ads
177,Michael Watkins,brandon69@example.org,2024-03-05,West,Social Media
178,Eric Clark,kathrynroberts@example.org,2024-07-07,South,Organic Search
179,Paul Thompson,opatel@example.net,2023-04-01,South,Email
180,Mary Gomez,chensley@example.com,2023-05-06,North,Email
181,Thomas Atkins,tberry@example.net,2023-09-11,West,Email
182,Brian Smith,george97@example.net,2024-07-16,North,Organic Search
183,Anita Richard,ryanmorales@example.org,2023-02-18,West,Organic Search
184,Eric Morgan,kimberly18@example.net,2023-07-26,East,Organic Search
185,Jordan Bullock,michael23@example.org,2024-05-18,East,Email
186,Craig Morrison,thompsonkendra@example.com,2024-09-18,West,Paid Ads
187,Justin Riley,michelle52@example.com,2025-05-02,West,Email
188,Jeremy Turner,brittany58@example.org,2024-01-25,North,Paid Ads
189,Jesse Brown,chase19@example.net,2024-09-12,Central,Social Media
190,Julie Spencer,colelisa@example.net,2023-02-07,East,Social Media
191,Larry Mason,hayeslisa@example.com,2023-10-11,North,Email
192,Mrs. Maria Williams,hritter@example.net,2024-09-10,Central,Organic Search
193,Helen Hardin,vortiz@example.net,2023-07-26,West,Organic Search
194,Rachel Holland,riveraangela@example.com,2023-12-20,South,Organic Search
195,Nathaniel Douglas,mathewaguilar@example.org,2025-09-07,East,Direct
196,Emily Douglas,tanderson@example.org,2024-06-24,West,Social Media
197,James Conner,elizabethcalderon@example.net,2024-03-29,Central,Social Media
198,Susan Davis DDS,andrew42@example.org,2023-09-25,East,Paid Ads
199,Ralph Lee,ericphillips@example.org,2025-01-12,East,Referral
200,Kimberly Rodgers,stanleynancy@example.net,2024-01-22,North,Email
201,James Martin,jenniferwilliams@example.com,2023-02-28,West,Referral
202,Cynthia Wallace,karen73@example.net,2025-04-20,Central,Direct
203,Vincent Mueller,michealvalentine@example.com,2023-08-24,Central,Paid Ads
204,Douglas Reyes,mburch@example.net,2023-09-27,North,Paid Ads
205,David Davidson,angela18@example.org,2023-04-15,South,Referral
206,Phillip Nelson,mariahdavis@example.org,2024-06-18,West,Organic Search
207,Stacey Arias,gbrown@example.com,2024-10-25,South,Paid Ads
208,Zachary Brooks,florescory@example.net,2023-12-14,West,Organic Search
209,Raven Taylor,samantha72@example.net,2023-11-24,East,Organic Search
210,Luis Bullock,scottmary@example.net,2023-08-23,North,Social Media
211,Lisa Henderson,john10@example.org,2024-08-07,North,Organic Search
212,Riley Bryant,copelandvincent@example.net,2023-04-23,Central,Paid Ads
213,Jose Allen,kellysmith@example.com,2025-06-09,West,Social Media
214,Jason Beck,millsmichael@example.net,2025-04-26,West,Direct
215,Rachel Romero,myerstheodore@example.net,2024-12-13,South,Paid Ads
216,James Burgess,kristina53@example.net,2023-10-05,West,Direct
217,Ashley Perkins,dennis58@example.com,2024-02-13,West,Social Media
218,Carrie Maxwell,epollard@example.net,2024-04-17,North,Organic Search
219,Chad Baldwin,mjohnson@example.org,2023-07-31,East,Email
220,Stacey Stewart,zachary87@example.com,2024-04-12,West,Organic Search
221,Matthew Mitchell,glennmartin@example.org,2023-03-29,West,Email
222,Jessica Ross,ykline@example.com,2023-05-08,North,Social Media
223,Kathleen Jimenez,laurie61@example.com,2023-11-14,Central,Referral
224,Samantha Gardner,curtis54@example.com,2023-10-03,South,Social Media
225,Mitchell Jackson,cbell@example.net,2024-12-15,East,Social Media
226,Heather Bolton,danielle01@example.net,2024-03-17,West,Organic Search
227,Heidi Owen,stephaniethomas@example.net,2025-07-11,West,Social Media
228,Jessica Martinez,kimberlydiaz@example.com,2024-12-05,North,Email
229,Amanda Hernandez,xrush@example.com,2024-09-20,South,Direct
230,Laura Moreno,redwards@example.org,2024-05-05,North,Organic Search
231,Allison Lopez,hmcintyre@example.com,2024-12-17,South,Direct
232,Michele Lewis,heather73@example.org,2023-02-23,North,Social Media
233,Benjamin Thompson,zosborn@example.net,2023-05-20,North,Social Media
234,Victoria Contreras,piercekelly@example.com,2023-12-18,South,Organic Search
235,Michelle Ho,laurahicks@example.org,2023-07-18,North,Direct
236,Dr. Cynthia Snyder,angela57@example.net,2025-08-27,West,Referral
237,Stephen Jones,ukey@example.com,2025-07-21,East,Organic Search
238,Patricia Morrow,martinezlogan@example.org,2023-09-07,North,Organic Search
239,Michael Cooper,katrinaanderson@example.net,2024-02-02,West,Organic Search
240,Amy Martinez,kevinmartin@example.net,2025-04-15,Central,Direct
241,Travis Stone,meghan43@example.net,2025-09-19,East,Direct
242,Denise Weber,shawgary@example.net,2023-11-04,East,Organic Search
243,Matthew Le,megan90@example.org,2023-10-27,North,Paid Ads
244,Travis Wise,debra96@example.net,2023-04-28,South,Social Media
245,Kathleen Burton,dawn47@example.org,2025-03-13,West,Paid Ads
246,Melinda Evans,barkereric@example.com,2023-11-14,Central,Direct
247,Mr. Lawrence Edwards,jessica56@example.org,2024-03-18,South,Email
248,Kayla Rodriguez,stevenadams@example.org,2023-09-01,East,Organic Search
249,Anthony Dougherty,kwright@example.com,2023-09-10,West,Direct
250,Michelle Lee,tyronerobertson@example.com,2024-07-15,West,Paid Ads
251,Kathleen Davis,pwagner@example.org,2024-12-29,South,Organic Search
252,Amber Campbell,amitchell@example.org,2024-06-05,South,Social Media
253,Stephen Luna,zdiaz@example.org,2024-03-12,East,Organic Search
254,Chloe Tran,hughesshannon@example.net,2023-03-29,North,Direct
255,William Becker,andersoncolin@example.com,2025-06-13,North,Paid Ads
256,Gina Mcmillan,jameshicks@example.net,2024-06-06,South,Direct
257,Andrew Reeves,jstone@example.net,2023-10-25,East,Paid Ads
258,Brenda Velazquez,francisco94@example.net,2023-11-27,South,Direct
259,Ronald Patel,thomas05@example.com,2024-05-04,West,Paid Ads
260,Veronica Silva,carlsonjoseph@example.net,2023-09-13,South,Email
261,Paula Lane,silvageorge@example.net,2024-01-22,West,Email
262,Patricia James,anthonyvaughan@example.org,2024-03-27,Central,Email
263,Jeremy Barnes,avaughn@example.net,2023-07-16,Central,Email
264,Tami Salas,thorntonapril@example.net,2024-05-10,East,Email
265,Matthew Fox,sue78@example.com,2024-12-03,East,Referral
266,Megan Dillon,chelsea33@example.com,2023-04-06,South,Paid Ads
267,Courtney Dudley,kellie37@example.com,2025-04-14,North,Email
268,Justin Michael,keith98@example.com,2023-09-24,North,Organic Search
269,Jennifer Reed,kellyroberts@example.net,2023-04-10,South,Organic Search
270,Thomas Douglas,ilewis@example.com,2025-02-08,West,Referral
271,Melissa Taylor,johnsantiago@example.net,2024-01-17,West,Email
272,David Garcia,jennifer12@example.org,2023-06-05,West,Organic Search
273,Vanessa Moore,mwoods@example.com,2025-08-19,North,Organic Search
274,Matthew Velez,pearsonjesse@example.net,2023-09-06,North,Email
275,Taylor Gentry,robertmonroe@example.org,2024-01-12,North,Email
276,Jennifer Simpson DVM,nancy04@example.net,2024-05-30,North,Organic Search
277,Tanya Rogers,ihays@example.net,2023-08-08,South,Social Media
278,Todd Rosales MD,lisarivera@example.net,2023-05-19,Central,Direct
279,David Lopez,krystal93@example.org,2023-07-06,West,Paid Ads
280,Margaret Sullivan,frobertson@example.com,2023-06-28,North,Social Media
281,Cathy Taylor,shari04@example.com,2024-05-23,East,Paid Ads
282,Paul Finley,brandi90@example.com,2024-02-03,North,Email
283,Melissa Brown,marshallerik@example.net,2024-08-22,North,Social Media
284,Stephanie Padilla,hannah45@example.net,2023-11-19,Central,Email
285,Tyler Mendoza,madkins@example.com,2024-01-28,North,Email
286,Joshua Ruiz,kathleenbecker@example.net,2024-03-02,North,Organic Search
287,Angela Griffin,christian91@example.org,2025-08-23,East,Paid Ads
288,Stephanie Harris,franklinbond@example.com,2024-02-18,North,Paid Ads
289,Daniel Aguilar,nolansean@example.org,2025-01-26,West,Organic Search
290,Jose Bryant,hansenemily@example.com,2024-03-09,Central,Paid Ads
291,Jennifer Velasquez,bethwilliams@example.com,2025-03-03,South,Email
292,Kimberly Brown,andersenthomas@example.com,2024-05-28,West,Email
293,Randy Cannon,ybrooks@example.com,2024-06-18,Central,Organic Search
294,Susan Bennett,desireebailey@example.org,2023-11-06,East,Social Media
295,Jenna Anderson DVM,avilatiffany@example.com,2023-07-27,North,Referral
296,Kimberly Patel,johnreed@example.com,2024-07-02,West,Organic Search
297,Shaun Cannon,pachecorobert@example.org,2024-04-22,North,Paid Ads
298,Austin Wheeler,tharper@example.org,2024-07-19,West,Referral
299,Andrew Gonzales,karenparsons@example.org,2023-02-21,North,Organic Search
300,Donna Cabrera,barbara53@example.com,2023-06-17,South,Direct
301,Victoria Boyd,dturner@example.net,2025-05-25,South,Social Media
302,Sheryl Buck,dpeters@example.com,2024-03-21,West,Email
303,Megan Floyd,heather62@example.com,2023-09-24,North,Email
304,Paul Wells,kevinzimmerman@example.com,2024-05-06,South,Social Media
305,Kristina Faulkner,paulscott@example.com,2024-06-10,South,Direct
306,Tammy Boone,nicholsmaria@example.org,2023-07-25,Central,Organic Search
307,Michael Morrison,lopezkathleen@example.net,2025-10-08,North,Social Media
308,Claire Clark,kevin03@example.org,2024-01-30,East,Organic Search
309,Autumn Key,srocha@example.net,2024-05-03,South,Paid Ads
310,Jennifer Allen,kimberly67@example.net,2024-11-01,East,Paid Ads
311,Elizabeth Ward,zowens@example.net,2024-09-02,East,Social Media
312,Ryan Rocha,lawrence09@example.org,2024-02-17,South,Paid Ads
313,Alexis Tran,mphillips@example.com,2025-01-18,South,Paid Ads
314,Kelly Sanchez,jonathan77@example.com,2023-08-28,East,Organic Search
315,Robert Jackson,iwhite@example.net,2023-07-27,West,Email
316,Kelly Combs,landryelizabeth@example.org,2024-03-17,South,Social Media
317,Ryan Hall,albertwagner@example.com,2025-04-16,Central,Direct
318,Mark Peck,bhopkins@example.org,2023-04-17,South,Organic Search
319,Jennifer Smith,amanda40@example.net,2024-06-03,Central,Referral
320,Megan Drake,danieldavis@example.org,2023-04-01,North,Organic Search
321,Manuel King,joseph61@example.com,2023-10-21,East,Paid Ads
322,Judy Sanchez,kevinclayton@example.org,2025-01-09,Central,Social Media
323,Shannon Malone,sullivannicholas@example.com,2023-10-01,South,Email
324,Adam Jackson,pbruce@example.com,2025-04-21,South,Organic Search
325,Shannon Davis,hallrachel@example.net,2024-11-27,West,Direct
326,Karen Williams,cohenjuan@example.net,2025-02-05,East,Referral
327,Amanda Mcfarland,alexis39@example.org,2024-04-11,West,Organic Search
328,Michelle Sanders,evansanne@example.net,2024-10-24,North,Organic Search
329,Jasmine Mosley,patrick21@example.net,2025-03-31,North,Paid Ads
330,Haley Davis,marypeterson@example.net,2023-09-24,Central,Referral
331,Jennifer Ayala,walterskristen@example.com,2024-06-04,Central,Email
332,Henry Pugh MD,nmiller@example.com,2025-04-11,South,Organic Search
333,Michelle Miller,normanbowers@example.org,2024-09-02,North,Direct
334,Emily Rodriguez,hahnsean@example.com,2023-07-26,West,Paid Ads
335,Brandon Jordan,fgarcia@example.com,2024-09-02,North,Email
336,Linda Mueller,asmith@example.com,2024-04-24,Central,Email
337,Misty Hansen,ashleyjackson@example.com,2023-10-03,East,Organic Search
338,Derrick Adams,bryanhamilton@example.com,2025-07-08,West,Organic Search
339,Richard Ward,jennifersimpson@example.net,2024-10-23,South,Organic Search
340,Brian Torres,ncook@example.com,2023-12-02,South,Paid Ads
341,Erin Cook,kevinmorrison@example.net,2023-08-28,Central,Social Media
342,Ernest Oconnell,kelly79@example.org,2023-10-08,North,Social Media
343,Douglas Hartman,daniel93@example.net,2024-06-13,North,Email
344,Catherine Saunders MD,nhahn@example.com,2023-03-19,East,Referral
345,Sandra Jones,ichambers@example.net,2023-10-21,South,Paid Ads
346,David Moore,emccormick@example.com,2024-03-31,East,Paid Ads
347,Karen Morales DDS,ystephens@example.com,2024-04-28,North,Social Media
348,Robin Wheeler,rodriguezjohn@example.net,2025-07-10,Central,Organic Search
349,Matthew Williams,vrasmussen@example.com,2023-09-12,South,Organic Search
350,Brett Walker,seanmyers@example.net,2024-10-01,West,Organic Search
351,Kathryn Cooper,webbkenneth@example.org,2023-05-05,North,Email
352,Todd Thomas,matthew38@example.com,2025-01-02,South,Organic Search
353,Brent Bowen,tflores@example.org,2023-07-19,South,Referral
354,Ashley Sweeney,byrdfrank@example.net,2023-02-11,North,Organic Search
355,Christopher Moore,omullen@example.com,2024-10-28,Central,Organic Search
356,Charlotte Sandoval,njohnson@example.org,2023-10-18,South,Organic Search
357,Jeffrey Smith,jamiegoodwin@example.org,2025-04-17,North,Organic Search
358,Rebecca Herrera,mark71@example.com,2023-10-18,South,Organic Search
359,Katherine Church,candice96@example.net,2023-09-15,South,Email
360,Harold Ellis,lisamccarthy@example.com,2023-05-09,West,Paid Ads
361,Leslie Powers,david41@example.org,2025-05-11,West,Organic Search
362,Charles Price,baileyhenderson@example.com,2024-07-16,South,Organic Search
363,Melissa Brewer,angelaburns@example.org,2023-07-01,North,Organic Search
364,Ryan Harvey,stephanie72@example.org,2025-05-06,South,Social Media
365,Tracey Wagner,fortiz@example.com,2024-01-19,West,Referral
366,Jill Jackson,flynnjeffrey@example.org,2024-02-14,North,Paid Ads
367,Joshua Jackson,xcunningham@example.com,2023-03-28,West,Social Media
368,Ashley Wilson,amber07@example.net,2025-09-30,East,Referral
369,Jeffery Fitzgerald,kennethkidd@example.com,2024-12-09,East,Organic Search
370,Scott Miller,rowejoel@example.net,2024-12-27,North,Organic Search
371,Heather Page,imartin@example.org,2024-08-11,South,Paid Ads
372,Renee Hudson,candice25@example.net,2023-06-15,West,Paid Ads
373,Kenneth Farley,taylorkaren@example.com,2024-12-19,Central,Organic Search
374,Wendy Camacho,jacquelineanderson@example.org,2024-04-28,West,Direct
375,Sandra Juarez,kburns@example.net,2025-08-23,North,Organic Search
376,Jason Hayes,powellkara@example.net,2024-04-29,North,Direct
377,Jackie Clements,brandi17@example.net,2024-07-02,South,Organic Search
378,Heather Brown,brobinson@example.org,2023-07-17,South,Paid Ads
379,Frank Campbell MD,ashleewashington@example.com,2024-12-23,Central,Email
380,Pamela Williams,ksmith@example.com,2023-07-16,West,Organic Search
381,William Patterson,nicoleturner@example.com,2024-11-04,West,Organic Search
382,Isaac Miller,brettgarrett@example.net,2025-09-20,West,Email
383,Cynthia Rios,smiththomas@example.org,2024-03-29,South,Organic Search
384,Kelly Wallace,dominguezlisa@example.com,2023-09-20,North,Direct
385,Karen Perez,crosscurtis@example.com,2025-10-20,South,Direct
386,Edwin Reyes,darlenebyrd@example.org,2023-02-11,South,Paid Ads
387,Alejandra Santos,nbell@example.net,2024-02-20,East,Organic Search
388,Tamara Jensen,fheath@example.org,2024-03-28,West,Social Media
389,Bryce Blair,sylvia52@example.org,2023-09-11,North,Organic Search
390,Bradley Tran,kimberly04@example.org,2024-02-29,Central,Email
391,Katrina Adkins,debbie37@example.com,2023-06-10,South,Organic Search
392,Jonathan Wheeler,hatfieldsarah@example.org,2024-11-18,West,Paid Ads
393,Ryan Fisher,kathrynbest@example.org,2024-01-14,Central,Email
394,Austin Baker,livingstonstacy@example.com,2023-11-06,South,Social Media
395,Lori Mason,zhenderson@example.org,2024-03-26,South,Paid Ads
396,Kimberly Hernandez,collinswilliam@example.org,2025-05-19,Central,Paid Ads
397,Brittney Murphy,collinssamuel@example.org,2024-04-03,Central,Paid Ads
398,Brandon Hamilton,dsalazar@example.com,2024-05-08,South,Organic Search
399,Mary Thompson,zimmermanjacqueline@example.org,2024-04-04,North,Organic Search
400,Gregory Holmes PhD,gary24@example.net,2023-12-24,East,Email
401,Patricia Johnson,enelson@example.com,2023-11-23,West,Paid Ads
402,Laura Jones,ddixon@example.com,2025-05-06,North,Referral
403,Carol Moore,shannonemily@example.org,2024-02-27,West,Paid Ads
404,Jordan Williams,sanchezthomas@example.com,2025-03-08,East,Email
405,Cassidy Horne,tranrobin@example.net,2025-01-25,North,Social Media
406,Courtney Wright,joseph19@example.com,2024-08-19,East,Paid Ads
407,Michael Williams,lindajarvis@example.com,2025-01-27,South,Organic Search
408,John Campbell,mark87@example.org,2024-06-03,East,Organic Search
409,Eddie Mueller,stevenvargas@example.com,2025-01-20,Central,Email
410,Dr. Morgan Payne PhD,adamortiz@example.org,2023-12-22,Central,Direct
411,Makayla Steele,tapiaaaron@example.net,2024-07-08,South,Organic Search
412,Oscar Parker,alyssaallen@example.com,2024-03-04,South,Social Media
413,Valerie Thomas,christopher38@example.com,2023-11-29,West,Organic Search
414,Jacqueline Villegas,carpenterwilliam@example.net,2024-11-22,North,Paid Ads
415,Angela Bradley,ibates@example.org,2025-07-28,North,Email
416,Samuel Howe,vhaynes@example.com,2025-04-27,North,Paid Ads
417,Dillon Jones,derekcarrillo@example.org,2025-04-02,South,Email
418,Christopher Owens,wmartinez@example.org,2023-09-09,East,Direct
419,John Phelps,mooregina@example.net,2024-12-17,North,Organic Search
420,Amanda Huff,eddie35@example.com,2024-06-18,South,Social Media
421,Megan Green,anthonysullivan@example.com,2025-01-09,West,Paid Ads
422,Krista Davis,laradonald@example.org,2023-06-14,East,Direct
423,Richard Walker,madisonwatson@example.net,2023-09-04,South,Organic Search
424,Angela Willis,johnsoncaleb@example.net,2023-12-22,North,Paid Ads
425,Carl Stein,david70@example.org,2023-11-29,West,Organic Search
426,Jessica Ramsey,rjohnson@example.com,2023-06-09,South,Email
427,Daniel Lopez,sean20@example.net,2024-07-21,East,Paid Ads
428,Danielle Phillips,eandrade@example.org,2023-11-23,West,Organic Search
429,James Barnes,crystalpham@example.org,2023-03-12,West,Organic Search
430,Rachael Howard DDS,kcooper@example.net,2023-06-29,North,Organic Search
431,Devin Johnson,anthonycochran@example.com,2023-09-26,Central,Social Media
432,William Moreno,terrigarcia@example.net,2024-01-12,Central,Direct
433,Joseph Moody,gallagherstacie@example.net,2023-05-19,West,Email
434,Rebecca Kelly,gregorywatkins@example.net,2023-12-05,Central,Organic Search
435,Suzanne Johnson,stacey92@example.net,2024-09-14,North,Referral
436,Sara Cochran,lweaver@example.com,2023-10-04,West,Social Media
437,Anthony Guzman,foxaaron@example.net,2025-03-16,Central,Paid Ads
438,Carlos Love,brian29@example.net,2025-06-20,West,Organic Search
439,Patricia Mathis,susan56@example.net,2025-01-20,South,Organic Search
440,Eric Taylor,jessicakim@example.net,2023-12-16,Central,Direct
441,Marie Thompson,jeffrey92@example.com,2023-12-09,West,Direct
442,Michael Anderson,rushstacy@example.com,2025-01-31,North,Email
443,Patricia Bradley,carriemccall@example.net,2025-04-17,East,Paid Ads
444,Keith Zuniga,markmiller@example.com,2025-05-09,South,Organic Search
445,Mrs. Stacey Davis,sean43@example.org,2023-07-02,East,Paid Ads
446,Hayley Buchanan,williamssamuel@example.com,2023-06-09,East,Direct
447,Stacey Snyder,ybell@example.org,2024-03-27,South,Referral
448,Rachel Lane,franciscojones@example.org,2023-10-29,South,Organic Search
449,Fernando Lynn,petersonpamela@example.org,2024-06-16,North,Email
450,Kimberly Villanueva,morgantricia@example.com,2024-10-30,West,Direct
451,Jessica Valdez,gmoore@example.com,2025-03-17,West,Social Media
452,Colton Terry,donna43@example.org,2024-06-16,South,Organic Search
453,Kenneth Larsen,briansmith@example.org,2024-12-13,North,Direct
454,Matthew Greene,collinclark@example.net,2024-04-17,East,Social Media
455,Bradley Anthony,kristen77@example.net,2024-03-29,West,Paid Ads
456,Martin Hughes,nicole52@example.com,2024-08-26,South,Email
457,Jeremiah Baker,anne21@example.org,2024-06-16,West,Referral
458,Rhonda Gutierrez,angelarandall@example.net,2024-11-20,East,Social Media
459,Joseph Camacho,parmstrong@example.com,2025-06-02,North,Organic Search
460,James Nash,shawrachel@example.net,2024-05-10,North,Social Media
461,Lisa Martinez,kthompson@example.org,2024-08-26,North,Organic Search
462,Beth Henderson,oharris@example.org,2023-11-17,South,Organic Search
463,Deanna Bartlett,millerangela@example.net,2024-09-13,East,Organic Search
464,Donald Ellis,buchanancindy@example.net,2023-12-18,South,Direct
465,Ashley Hernandez,buckleyanna@example.org,2024-06-13,South,Paid Ads
466,Sharon Beard,pbaker@example.com,2025-10-16,North,Email
467,Kara Jackson,mthomas@example.net,2024-04-21,South,Social Media
468,Amanda Preston,hannah07@example.com,2024-07-18,South,Direct
469,Alicia Roth,larry71@example.org,2024-07-17,West,Social Media
470,William Ramos,joseph69@example.net,2024-05-07,South,Organic Search
471,Jeremy Mcintyre,wfigueroa@example.net,2023-08-25,East,Paid Ads
472,Samantha Robertson,cameronmckinney@example.com,2024-10-25,West,Direct
473,Samuel Suarez,thompsonnancy@example.org,2023-05-06,North,Organic Search
474,Danielle Bryant,janet45@example.com,2023-06-25,East,Social Media
475,Madison Martinez,allentracy@example.com,2025-06-21,North,Email
476,Seth Matthews,max41@example.com,2023-10-02,South,Paid Ads
477,Anthony Nash,mercedesholland@example.net,2023-09-30,North,Email
478,Matthew Palmer,wellsdavid@example.org,2023-05-10,North,Direct
479,Alejandra King,jennifer46@example.com,2024-04-28,South,Direct
480,Judy Robinson,erica96@example.net,2025-04-11,Central,Social Media
481,Jorge Bates,anna99@example.com,2023-08-09,North,Social Media
482,Brian Brown,danielle44@example.net,2024-06-09,East,Paid Ads
483,Stephanie Evans,zacharyallen@example.org,2024-02-15,West,Organic Search
484,Rebekah Greene,erin07@example.com,2025-02-16,Central,Referral
485,Jason Price,aguilarwanda@example.org,2025-05-16,South,Organic Search
486,Micheal Parks,qknox@example.com,2024-08-08,East,Direct
487,Sarah Pittman,kellyruiz@example.net,2023-07-24,West,Social Media
488,Robert Hines,staceylam@example.net,2024-03-31,West,Social Media
489,Henry Garner,robert55@example.com,2023-03-30,South,Paid Ads
490,Julie Wilson,delacruzbrandy@example.net,2024-06-01,East,Email
491,Steve Mason,amoreno@example.org,2024-05-13,West,Organic Search
492,Brittany Gay,robert97@example.org,2024-03-17,West,Email
493,Mike Maxwell,lcook@example.com,2024-01-22,East,Paid Ads
494,Abigail Hill,barbaramoore@example.org,2023-10-13,South,Paid Ads
495,Jeffrey Jordan,ysanford@example.org,2025-02-28,North,Paid Ads
496,Curtis Watson,mcclainkatherine@example.net,2023-10-17,South,Organic Search
497,Michael Sims,jeremywiley@example.com,2024-09-23,North,Direct
498,James Chapman,cameronwilliams@example.com,2023-04-19,East,Paid Ads
499,Joseph Warren,ibarron@example.com,2024-06-14,North,Email
500,Katherine Christensen MD,osmith@example.net,2023-07-11,North,Email
501,Mrs. Alison Wagner,richardsondebra@example.org,2025-08-06,East,Organic Search
502,Martin Wise,wheelerbrandon@example.org,2023-07-11,East,Direct
503,Alicia Norris,hwallace@example.net,2024-11-30,North,Social Media
504,Michael Harris,turnerdorothy@example.net,2023-12-11,East,Direct
505,Lisa Haynes,grivas@example.net,2023-12-19,East,Direct
506,Autumn Wilson,jimenezchelsea@example.com,2023-08-02,East,Paid Ads
507,Valerie Howard,cphillips@example.net,2023-10-13,South,Referral
508,Daniel Fitzpatrick MD,smithchristopher@example.org,2024-11-29,North,Email
509,Maureen Hernandez,chancharles@example.net,2023-09-02,North,Organic Search
510,David Hall,joseph01@example.org,2024-09-07,South,Direct
511,Sarah Ward,ronald11@example.org,2024-12-17,Central,Email
512,Charles Holland,michael79@example.com,2025-02-28,South,Organic Search
513,Anna Briggs,danielross@example.com,2024-03-12,Central,Social Media
514,James Jefferson,zbanks@example.org,2025-10-11,South,Paid Ads
515,Michael Brown,dalepruitt@example.com,2024-01-04,East,Social Media
516,Meghan White,nmaxwell@example.org,2024-08-07,West,Email
517,Sheryl Acosta,timothyfreeman@example.com,2024-09-20,Central,Organic Search
518,Arthur Pena,busherica@example.net,2024-03-19,North,Social Media
519,Krystal Levine,april91@example.com,2025-05-03,Central,Organic Search
520,Danielle Reed,jhernandez@example.net,2023-07-21,Central,Organic Search
521,Mason Moore,kchristian@example.org,2023-04-01,Central,Referral
522,Erica Rivera,brent38@example.net,2024-07-17,East,Email
523,Robert Miller,csolis@example.org,2024-12-07,North,Paid Ads
524,Jillian Wilson,bmcgee@example.org,2023-10-18,West,Email
525,Andrew Dunn,connersylvia@example.net,2023-07-10,South,Organic Search
526,Jordan Clark,xclements@example.org,2023-03-09,North,Paid Ads
527,Sarah Rivera,xmoran@example.net,2024-10-24,North,Organic Search
528,Brent Hopkins,petersonmaria@example.com,2023-11-15,West,Direct
529,Jacqueline Rodriguez,travisunderwood@example.net,2023-05-10,East,Email
530,Ashley Carr,davidphelps@example.org,2025-08-25,North,Paid Ads
531,Richard Love,shermanbrandon@example.net,2025-02-07,Central,Organic Search
532,Leah Barton,lellis@example.net,2025-10-10,West,Paid Ads
533,Jonathan Moreno,tranryan@example.net,2024-07-20,East,Social Media
534,Mr. Thomas Thompson,jessicaanderson@example.com,2025-02-13,Central,Social Media
535,Lisa Morris,mbarnes@example.net,2023-11-29,South,Organic Search
536,Denise Stuart,shawn22@example.com,2024-06-12,South,Social Media
537,Stacey Hunt,jennifer83@example.org,2023-06-11,Central,Paid Ads
538,Miguel Parks,tinasantos@example.org,2024-05-01,South,Organic Search
539,Melissa Morris,hodgesanna@example.net,2023-08-05,South,Direct
540,Mary Butler,natalie60@example.net,2024-03-09,South,Email
541,James Brown,gonzalezkaren@example.org,2023-07-12,North,Referral
542,Miss Brianna Brown,james80@example.com,2025-07-03,Central,Organic Search
543,Ashley Parrish,juliahoffman@example.org,2024-05-16,North,Social Media
544,Rebecca Horton,housepaul@example.net,2024-12-03,North,Social Media
545,Juan Smith,james73@example.net,2025-03-28,North,Direct
546,Maria Fischer,kimberlybrandt@example.com,2024-05-20,South,Direct
547,William Jones,jillwilson@example.org,2024-02-24,West,Paid Ads
548,Justin Anderson,adam72@example.org,2024-06-14,South,Direct
549,Frank Williams,tracy98@example.com,2025-07-24,South,Social Media
550,Michael Fox,abigailhartman@example.org,2023-11-30,West,Email
551,Joshua Davis,nicolealvarado@example.com,2024-06-06,South,Organic Search
552,Daniel Goodwin,wbarajas@example.net,2024-07-22,Central,Paid Ads
553,Michael Griffin,susanfleming@example.com,2025-09-23,North,Organic Search
554,Robert Wilson,amber40@example.net,2023-10-15,East,Direct
555,Jaime Lang,stucker@example.net,2023-10-20,South,Email
556,Jose Vaughan,teresaayala@example.net,2024-10-19,West,Paid Ads
557,Austin Santiago,michellecoleman@example.org,2025-04-26,South,Paid Ads
558,Ronald Johns,elucas@example.net,2025-03-04,South,Paid Ads
559,Allison Love,millerbrian@example.com,2023-12-09,North,Direct
560,Laura Perez,rickey76@example.com,2023-10-11,Central,Organic Search
561,James Wilson,maychristine@example.net,2024-12-04,West,Direct
562,Mercedes Jones,robertsgina@example.net,2024-08-08,North,Social Media
563,Preston Kim,bshort@example.com,2023-07-21,North,Email
564,Daniel Francis,susan24@example.net,2023-05-22,Central,Paid Ads
565,Traci Camacho,susan08@example.net,2023-04-06,North,Referral
566,Andrew Armstrong,fmedina@example.com,2023-09-21,Central,Direct
567,Patrick Swanson,robertbrewer@example.net,2024-04-23,East,Paid Ads
568,Clinton Jensen,james29@example.org,2023-12-11,North,Paid Ads
569,Tara Gamble,enewman@example.com,2023-10-09,East,Direct
570,Danielle Gonzalez,wlynn@example.org,2024-02-04,North,Email
571,Cynthia Mitchell,mcculloughlouis@example.com,2023-10-23,Central,Organic Search
572,Matthew Steele,arianadiaz@example.com,2024-04-16,North,Social Media
573,Caroline Edwards,jenniferdavidson@example.com,2023-09-08,Central,Paid Ads
574,Brandy Quinn,wford@example.com,2025-03-08,Central,Organic Search
575,Mr. Matthew Miller,michele28@example.org,2025-08-13,South,Referral
576,Stephen Jones,mcclainmelissa@example.net,2024-03-03,South,Paid Ads
577,Kevin Sullivan,rebeccaarnold@example.net,2023-08-03,West,Direct
578,Kimberly Valdez,michaelwalker@example.net,2023-11-29,South,Email
579,Donna Marshall,sanderswayne@example.net,2024-12-29,East,Organic Search
580,Victor Holden,katherinetaylor@example.org,2023-11-26,South,Paid Ads
581,Travis Hopkins,jillwebb@example.com,2024-03-22,West,Direct
582,Philip Hall,mike03@example.net,2023-06-05,Central,Email
583,Heather Harrison,ckeith@example.net,2025-07-20,West,Email
584,Michael Boyd,mary49@example.net,2025-07-08,West,Direct
585,Jamie Gray,blacknicholas@example.org,2024-11-06,North,Organic Search
586,Heather Parrish,msparks@example.org,2024-04-13,Central,Social Media
587,Brenda Martin,robertsonjuan@example.org,2023-11-22,South,Email
588,Jack Love,guerrerorobert@example.com,2024-08-23,West,Referral
589,Karen Mendoza,brittanyholland@example.com,2023-11-18,East,Email
590,Andrew Berry,dennishunt@example.net,2025-08-16,South,Social Media
591,Christopher Nielsen,kgreene@example.net,2023-04-30,East,Paid Ads
592,Nathan Stanley,stacey37@example.net,2023-06-19,East,Email
593,Sharon Jackson DVM,laurahoover@example.org,2025-11-16,North,Organic Search
594,Kayla Jackson,sandra99@example.org,2024-05-12,North,Organic Search
595,James Rodriguez,alexandrablankenship@example.net,2024-08-13,East,Email
596,Chase Davis,mvalenzuela@example.org,2025-01-05,Central,Referral
597,Kim Goodwin,olsondavid@example.net,2023-06-23,East,Social Media
598,April Pace,xboyd@example.org,2024-06-02,East,Email
599,Jessica Mays,yclarke@example.com,2023-09-10,North,Referral
600,Natalie Juarez,colemanjonathan@example.org,2024-05-11,North,Email
601,Angela George,ascott@example.net,2023-11-21,North,Paid Ads
602,Adrienne Mills,brooksjamie@example.com,2023-12-20,West,Paid Ads
603,Brian Simmons,jose86@example.net,2024-08-28,Central,Organic Search
604,Donald Becker,robertbowers@example.com,2023-12-25,North,Paid Ads
605,Justin Webb,becky62@example.net,2023-06-25,Central,Social Media
606,David Logan,craigromero@example.com,2024-12-12,West,Social Media
607,Lisa Cohen,martintamara@example.org,2024-09-09,South,Paid Ads
608,Samantha Ruiz,qdavis@example.org,2023-06-02,South,Direct
609,Lee Ramsey,hmendez@example.com,2024-03-08,West,Organic Search
610,Linda Bautista,daniellegonzales@example.org,2023-10-24,North,Email
611,Tara Holmes,arthurgreene@example.net,2025-01-27,East,Organic Search
612,Lisa Craig,john02@example.org,2024-03-22,East,Direct
613,Penny Gomez MD,aprilmclaughlin@example.org,2023-11-15,South,Referral
614,Krista Barber,michael43@example.net,2023-10-10,South,Direct
615,Jordan Powell,greenrichard@example.org,2024-10-22,South,Paid Ads
616,Kathy Morgan,prattsue@example.net,2023-08-17,East,Organic Search
617,Laura Benson,xhart@example.org,2024-06-19,North,Direct
618,Tonya Ellis,bmosley@example.com,2023-11-12,North,Social Media
619,Austin Schultz,ericahall@example.com,2023-04-16,North,Social Media
620,Harry Nichols,john16@example.net,2023-05-20,Central,Paid Ads
621,Gloria Spencer,thomasgomez@example.net,2024-06-06,Central,Organic Search
622,Travis Vega,victorgonzalez@example.net,2023-05-23,South,Referral
623,Derek Perez,marykelly@example.org,2025-08-29,North,Organic Search
624,Blake Sosa,waustin@example.net,2023-12-22,West,Referral
625,Sarah Watson,travis94@example.com,2025-07-04,Central,Paid Ads
626,Phillip Dixon,kwalker@example.org,2023-04-09,East,Paid Ads
627,Robert Mendoza,shawphillip@example.net,2023-08-17,East,Social Media
628,Joyce Martinez,astewart@example.org,2023-02-07,South,Organic Search
629,Jamie Garcia,chloe42@example.net,2023-11-03,East,Social Media
630,Derrick Mullen,michael76@example.org,2024-05-24,Central,Referral
631,Paul Diaz,lramirez@example.net,2023-06-03,East,Social Media
632,Kenneth Perez,lelinda@example.net,2024-02-02,South,Organic Search
633,James Thomas,thomassmith@example.com,2023-11-26,South,Social Media
634,Dr. Samuel Holmes DDS,jevans@example.net,2024-11-25,West,Organic Search
635,Brett Martin,lisawoods@example.net,2025-04-08,North,Paid Ads
636,Patrick Green,ann45@example.org,2024-09-24,South,Social Media
637,Gregory Frazier,barbarasantos@example.net,2025-02-11,South,Organic Search
638,Richard Kelly,champton@example.org,2023-04-06,South,Social Media
639,Dustin Welch,mirandadavidson@example.com,2023-03-12,West,Social Media
640,Logan Sullivan,millermatthew@example.com,2024-04-29,Central,Organic Search
641,Eddie Adams,cnelson@example.com,2024-05-11,South,Paid Ads
642,Kelly Cole,ivanjohnson@example.net,2023-11-28,North,Organic Search
643,David Manning,clarkrandy@example.org,2024-11-27,East,Organic Search
644,Shawn Kelley,wisealexandria@example.org,2023-09-08,West,Organic Search
645,Luke Miller,pparker@example.net,2024-06-29,North,Email
646,Mark Anderson,anthonyalvarado@example.com,2025-09-10,West,Organic Search
647,Julie Pitts,amy28@example.org,2025-07-11,West,Email
648,Joyce Curry,omills@example.net,2025-06-16,East,Direct
649,Gregory Fernandez,ramosmichael@example.com,2023-10-22,Central,Organic Search
650,Adam Mills,mauriceharrison@example.org,2023-07-03,North,Direct
651,Katherine Campos,albert64@example.net,2025-03-27,South,Organic Search
652,Adam Brooks,bkhan@example.com,2024-02-27,East,Referral
653,Miguel Brewer,fwalker@example.com,2024-08-02,East,Paid Ads
654,Kellie Marsh,justin84@example.com,2023-01-25,East,Organic Search
655,Barry Taylor,walshchristine@example.com,2025-08-29,South,Paid Ads
656,Katherine Flores,brandonnichols@example.org,2023-10-11,West,Social Media
657,Diane Martinez,oacosta@example.org,2023-04-08,North,Organic Search
658,Johnny Peterson,kristi75@example.com,2024-09-16,South,Paid Ads
659,Amanda Miller,brianrowe@example.org,2023-03-12,West,Social Media
660,Catherine Huang,lisa01@example.net,2024-07-12,Central,Email
661,Ray Ramos,gonzalezjill@example.org,2023-11-06,North,Social Media
662,Vickie Kennedy,sharon20@example.net,2023-08-16,East,Organic Search
663,Kelly King,james03@example.org,2023-06-29,North,Social Media
664,Jeffrey Smith,brenda63@example.org,2024-09-22,West,Email
665,Lauren Vazquez,nathandavis@example.org,2023-05-22,South,Paid Ads
666,Mr. George Booker DDS,browndeanna@example.net,2023-03-19,East,Direct
667,Ashley Freeman,tina57@example.net,2024-08-24,North,Organic Search
668,Michael Howard,johnwilliams@example.net,2024-08-26,North,Organic Search
669,Edward Terry,ashleystephens@example.com,2023-07-11,East,Organic Search
670,Denise Guerra,caseymoore@example.com,2024-06-30,North,Social Media
671,Kimberly Gibson,bgross@example.net,2025-01-05,East,Paid Ads
672,Patty Allen,barrettamber@example.com,2023-04-16,Central,Social Media
673,Michael Cannon,chloemorris@example.net,2024-03-05,South,Social Media
674,Brent Hopkins,conleydavid@example.org,2024-04-29,East,Paid Ads
675,John Garcia,hbarrett@example.net,2023-07-24,Central,Organic Search
676,Dawn Diaz,smithsamantha@example.net,2025-05-20,North,Referral
677,Steve Miller PhD,wardjulia@example.com,2023-12-19,South,Referral
678,Rebecca Brown,allison14@example.org,2023-09-06,East,Referral
679,Toni Davis,amandalopez@example.net,2024-10-21,South,Email
680,Laura Meza,xreese@example.net,2024-08-10,South,Social Media
681,Megan Park,kandrade@example.org,2023-02-08,North,Organic Search
682,Kathy Sandoval,umahoney@example.net,2024-12-10,East,Organic Search
683,Erika Watson PhD,umckenzie@example.net,2023-11-16,East,Paid Ads
684,Joshua Brooks,michael77@example.com,2023-11-20,North,Direct
685,Andrew Mitchell,holmesvictoria@example.com,2024-07-15,South,Direct
686,William Lewis,andrew48@example.net,2024-01-29,Central,Paid Ads
687,Tammy Moore,stevenseric@example.com,2024-08-16,East,Organic Search
688,Kevin Hall,christopher69@example.org,2023-04-23,East,Email
689,Misty Mcguire,tracynolan@example.net,2024-07-29,North,Organic Search
690,Susan Larson,benjamin96@example.org,2024-09-23,Central,Social Media
691,Tammy Cook,hbutler@example.org,2024-05-10,West,Email
692,Sarah Mcfarland,hbrown@example.org,2023-08-16,West,Social Media
693,Karl Murphy,ericnunez@example.com,2024-04-10,Central,Referral
694,Nicole Johnston,walkerkeith@example.com,2023-05-10,East,Organic Search
695,George Alvarez,kelleyjose@example.com,2025-02-12,Central,Paid Ads
696,Patricia Anderson,timothygonzalez@example.com,2023-03-11,West,Social Media
697,Christina Gilbert,johnadams@example.com,2023-12-28,North,Email
698,Thomas Davis,whenderson@example.org,2024-01-30,East,Paid Ads
699,Kirk Johnson,gary59@example.com,2024-03-04,North,Social Media
700,Jessica Glass,jamesbrooks@example.net,2023-10-09,North,Email
701,Ashley Brown,mistywilkins@example.org,2024-07-02,West,Organic Search
702,Robert Torres,njohnson@example.net,2025-01-10,North,Organic Search
703,Christina Mills,ana92@example.net,2024-08-02,North,Email
704,Alicia Aguilar,scottbrian@example.org,2024-01-26,North,Paid Ads
705,Lisa Brown,jonesdonna@example.net,2023-12-21,Central,Email
706,Mary Lin,carternicole@example.com,2024-04-17,West,Direct
707,James Bray,mckeetodd@example.net,2023-06-25,East,Paid Ads
708,Charlotte Mason,tcastro@example.org,2024-04-04,South,Organic Search
709,Thomas Torres,klong@example.org,2025-08-16,South,Organic Search
710,Harold Garrett,wendyirwin@example.com,2025-02-05,South,Social Media
711,Lori Johns,raymondstacy@example.org,2025-09-03,North,Direct
712,Steven Sandoval,blairabigail@example.net,2025-05-14,East,Organic Search
713,Lori Perez,ashleysimmons@example.com,2024-01-20,East,Referral
714,Erin Daniels,denisecarpenter@example.net,2025-05-14,West,Social Media
715,Shari Parker,russellstout@example.org,2023-02-23,East,Organic Search
716,Krystal Moore,grantstacy@example.org,2024-09-13,North,Direct
717,Ryan Thomas,cannonnicole@example.com,2023-08-29,East,Email
718,Elizabeth Reese,edwin31@example.org,2024-04-04,South,Paid Ads
719,Phillip Salazar,catherine93@example.net,2024-02-02,East,Email
720,Michael Howard,manderson@example.com,2024-03-12,Central,Organic Search
721,Jacqueline Christian,kwells@example.org,2023-11-10,East,Social Media
722,Jason Novak,stephanie33@example.org,2025-03-25,North,Social Media
723,Timothy Duke,dwatts@example.org,2024-05-20,South,Paid Ads
724,Ricardo Franklin,zcortez@example.net,2025-03-18,West,Organic Search
725,Laura Herrera,meyershannon@example.org,2024-11-04,South,Organic Search
726,Danielle Medina,grantzachary@example.net,2024-04-01,North,Paid Ads
727,Cheryl Gonzales,kim47@example.org,2024-04-24,North,Email
728,Louis Brown,stevenlucas@example.org,2024-08-20,North,Paid Ads
729,Ashley Osborne,phillipmorris@example.org,2024-06-17,North,Organic Search
730,Kevin Marquez,nicoledavis@example.com,2023-09-16,South,Referral
731,Susan Hogan,davisjasmin@example.net,2024-09-13,West,Organic Search
732,Joseph Cruz,nicholasjames@example.org,2023-10-26,Central,Paid Ads
733,Krystal Keller,fernandothomas@example.net,2023-12-10,Central,Direct
734,Eric Cross,lroberts@example.org,2023-11-23,East,Social Media
735,Toni Smith,alexander77@example.net,2024-12-28,South,Email
736,Lisa Snyder,briannaalvarez@example.com,2023-04-11,East,Organic Search
737,Kyle Smith,christine83@example.org,2023-07-03,Central,Paid Ads
738,Anthony Bailey,melissaestrada@example.net,2023-10-22,South,Social Media
739,Thomas Williams,kchaney@example.net,2024-03-05,East,Direct
740,Matthew Graves,tammycurry@example.com,2023-10-18,North,Email
741,Anna Evans,priscilla16@example.net,2024-07-23,Central,Social Media
742,John Martinez,mark68@example.org,2024-08-12,South,Organic Search
743,Lisa Rodriguez,webbhaley@example.net,2024-11-30,North,Organic Search
744,Lee Stewart,sara99@example.com,2024-05-16,North,Organic Search
745,Lynn Vasquez,nicolehall@example.com,2025-07-08,North,Paid Ads
746,April Johnson,mclaughlinjared@example.net,2024-03-08,South,Direct
747,Mrs. Felicia Castro DDS,davidsonhannah@example.com,2024-06-18,South,Paid Ads
748,Elizabeth Hunter,katie15@example.com,2024-08-16,North,Paid Ads
749,Keith Choi,jamesbass@example.net,2024-10-07,North,Organic Search
750,John Johnson,timothyburton@example.net,2023-07-17,West,Referral
751,Julia Olsen,conleykevin@example.net,2023-10-16,North,Email
752,Kristen Smith,lauren51@example.org,2023-10-25,West,Referral
753,Andre Terrell,ashleyprice@example.net,2024-08-12,West,Referral
754,Richard Parker,jennifer46@example.org,2025-06-07,West,Social Media
755,David Hayes DVM,aliciathompson@example.com,2024-01-22,North,Email
756,Paula Gentry,zhunter@example.com,2024-05-12,West,Email
757,Brittany Peterson,hoconnor@example.com,2023-12-13,North,Organic Search
758,Briana Wiggins,jamiejohnson@example.com,2024-01-25,Central,Direct
759,Kelly Smith,mcdanielbrooke@example.org,2024-01-05,West,Referral
760,Stephen Garcia,andrew43@example.com,2024-11-24,Central,Organic Search
761,Dustin Patel,rlambert@example.org,2023-06-17,North,Organic Search
762,Brian Mullen,clarkmichael@example.com,2023-08-28,West,Referral
763,Tony Brock,georgecollins@example.com,2024-12-08,South,Paid Ads
764,Amber Johnson,rodriguezbrian@example.com,2024-04-03,North,Social Media
765,Michael Vance,tjensen@example.com,2024-09-06,South,Social Media
766,Michelle Lambert,beltrankatelyn@example.com,2024-02-28,Central,Organic Search
767,Anna Lang,tdavis@example.net,2023-03-15,Central,Social Media
768,Pamela Ruiz,douglashuang@example.com,2024-12-28,West,Paid Ads
769,Jenna Lyons,kristina57@example.com,2024-08-20,South,Referral
770,John Bell,ssingleton@example.com,2023-05-02,North,Organic Search
771,Bethany Garcia,nguyendebra@example.com,2024-10-17,North,Organic Search
772,Jennifer Gutierrez,amydickson@example.com,2024-10-04,South,Paid Ads
773,Daniel Benson,bmueller@example.net,2023-08-10,West,Paid Ads
774,Kimberly Young,stevensonjennifer@example.com,2024-04-22,East,Organic Search
775,Kyle Nguyen,shortgregory@example.com,2024-11-23,South,Direct
776,Brian Cervantes,pmurphy@example.net,2024-03-14,North,Organic Search
777,Daniel Taylor,shermandonna@example.com,2024-12-16,South,Paid Ads
778,Jean Lane,jamierich@example.com,2023-06-04,North,Paid Ads
779,Susan Torres,wrobbins@example.org,2025-04-10,North,Direct
780,Lisa Dixon,melissabrown@example.net,2025-06-18,North,Social Media
781,April Castro,daniel40@example.org,2023-03-05,South,Email
782,Kevin Garrett,bsullivan@example.net,2025-05-14,East,Social Media
783,Christopher Taylor,xbridges@example.com,2023-09-14,South,Organic Search
784,Zachary Santiago,alexanderwong@example.org,2024-06-13,South,Email
785,Katelyn Kim,christophermay@example.com,2023-11-15,North,Referral
786,Stephanie Dominguez,dhanson@example.net,2023-12-09,Central,Organic Search
787,Robert Cruz,jacobjacobs@example.net,2023-04-01,North,Referral
788,Dr. Michael Adams DVM,arthur09@example.com,2024-02-09,South,Direct
789,Ashley Olson,thomasjessica@example.com,2023-05-17,Central,Referral
790,Blake Wu,sanchezcrystal@example.net,2024-01-23,North,Paid Ads
791,Angela Schultz,chloe58@example.org,2024-11-07,East,Email
792,Jose Harrison,robert44@example.org,2024-10-18,East,Direct
793,Thomas Curry,bryan79@example.org,2025-06-06,South,Organic Search
794,Mary Carter,mitchellchristopher@example.net,2023-09-15,South,Paid Ads
795,Richard King,joshua40@example.net,2023-09-09,West,Paid Ads
796,Christopher Vargas,donnawood@example.org,2023-11-21,South,Referral
797,Michael Washington,cooperchristopher@example.org,2023-07-21,East,Organic Search
798,Samantha Monroe,ptownsend@example.net,2025-01-27,Central,Direct
799,Mark Clark,brian41@example.org,2023-03-21,Central,Organic Search
800,James Turner,noahthornton@example.com,2023-02-18,East,Organic Search
801,Joseph Graham,sara76@example.net,2023-02-24,West,Organic Search
802,Joseph Blanchard,hardindana@example.com,2023-07-14,North,Paid Ads
803,Marissa Nelson,joseph14@example.net,2024-12-25,East,Direct
804,Julia Leonard,jessicachapman@example.org,2024-11-21,South,Organic Search
805,Megan Kaiser,amy01@example.org,2024-12-21,North,Organic Search
806,Joseph Jennings,jeffrey44@example.org,2023-11-28,Central,Organic Search
807,Manuel Brown,stephanielittle@example.net,2025-04-10,West,Email
808,Angelica Jacobs,pdouglas@example.net,2023-12-07,South,Social Media
809,Cathy Rodriguez,jonowens@example.org,2024-05-19,North,Direct
810,Tammy Hill,qschwartz@example.com,2024-05-20,South,Email
811,Richard Ramirez,reyesmarvin@example.org,2025-01-10,East,Paid Ads
812,Robert Thompson,vasquezsarah@example.net,2024-06-21,East,Organic Search
813,Matthew Rodriguez,probinson@example.org,2025-10-23,North,Organic Search
814,Michelle Garcia,jonesjessica@example.com,2025-04-12,North,Referral
815,Jonathan Delgado,fitzpatrickelizabeth@example.com,2024-10-30,Central,Paid Ads
816,Gary Myers,robertsonshelby@example.com,2023-11-21,North,Organic Search
817,Jared Luna,fernandezaaron@example.net,2024-03-19,Central,Organic Search
818,Karen Bradley,mathew46@example.org,2023-06-03,West,Email
819,Tina Davis,christopher74@example.net,2024-04-25,East,Paid Ads
820,Julian Ponce,kentprice@example.org,2024-03-05,South,Social Media
821,Heather Miller,imoss@example.org,2023-04-10,East,Direct
822,Nathan Watkins,yprice@example.net,2024-08-12,South,Direct
823,Kathryn Hanna,blevy@example.org,2024-08-27,East,Organic Search
824,George Le,zwilson@example.net,2024-10-26,North,Email
825,Judy Gregory,joycehall@example.org,2023-05-25,West,Paid Ads
826,Charles Valdez,nmeadows@example.org,2024-03-26,Central,Social Media
827,Matthew Smith,conwaylori@example.org,2024-07-04,Central,Organic Search
828,Christopher Garza,wilsonbrooke@example.net,2023-03-14,South,Direct
829,Robert Simmons,rnguyen@example.net,2024-04-11,Central,Direct
830,Erica Oconnell,kathrynwatkins@example.com,2024-01-12,Central,Paid Ads
831,Donald Todd,heathertran@example.com,2025-03-11,East,Social Media
832,Kevin Anderson,bstrickland@example.com,2023-06-13,North,Referral
833,Adam Howe,robert72@example.org,2024-08-03,North,Paid Ads
834,Devin Cole,sharonbishop@example.org,2024-11-26,West,Email
835,Michelle Salazar,burtonkimberly@example.com,2023-12-30,West,Social Media
836,Justin Lee,montgomerymichelle@example.net,2023-03-27,Central,Paid Ads
837,Julie Sims,joshualee@example.org,2024-11-17,East,Organic Search
838,Tracy Wells,ernestlivingston@example.org,2023-06-03,South,Email
839,Dominique Hamilton,christina70@example.org,2025-01-01,East,Organic Search
840,Tammy Thompson,washingtondarren@example.org,2023-09-27,South,Paid Ads
841,Leslie Nguyen,julievillanueva@example.org,2025-02-28,North,Email
842,Erika Garcia,ykane@example.org,2024-11-07,North,Paid Ads
843,Kevin Brown,nthomas@example.com,2023-11-13,South,Paid Ads
844,James Ellis,crystalcantrell@example.org,2024-08-14,North,Email
845,Andrew Carroll,derek77@example.com,2024-07-04,South,Direct
846,Greg Tanner,kristinelittle@example.net,2025-08-15,South,Organic Search
847,Laura Tran,christophervincent@example.com,2024-09-04,East,Organic Search
848,Cindy Wells,uramirez@example.com,2024-11-25,East,Organic Search
849,Danielle Murphy,patriciavargas@example.org,2025-01-09,Central,Direct
850,Stephanie Butler,williamsthomas@example.net,2023-11-14,North,Paid Ads
851,Joseph Mendoza,chavezjohn@example.net,2025-08-04,North,Direct
852,Melissa Russell,davidphillips@example.net,2023-07-27,South,Paid Ads
853,Mrs. Maureen Martin DDS,braysteven@example.org,2024-06-17,East,Social Media
854,Jennifer Clarke,courtney01@example.com,2025-02-08,Central,Email
855,Faith Johnson,smullins@example.net,2023-09-11,Central,Paid Ads
856,Rebecca French,olivermatthew@example.org,2023-06-26,West,Referral
857,Susan Cox,rodriguezmichael@example.net,2024-01-30,Central,Referral
858,Jacob Wong,castrokim@example.org,2024-07-13,East,Paid Ads
859,Mrs. Ashley Mendoza,karenhodges@example.com,2025-06-22,North,Email
860,Derek Frazier,brian55@example.com,2024-10-08,North,Referral
861,Mr. Bryan Mckinney,shannon51@example.org,2024-12-09,South,Organic Search
862,Judith Miller,keithfrye@example.org,2023-04-28,South,Organic Search
863,Brian Hernandez,nancymeyer@example.net,2025-02-28,East,Email
864,Jason Fleming,thomasfisher@example.net,2023-11-13,South,Paid Ads
865,Dorothy Brown,marystone@example.com,2023-02-12,South,Paid Ads
866,Grant Lucas,todd88@example.com,2024-02-27,South,Organic Search
867,Keith Villanueva,george43@example.com,2023-09-18,East,Organic Search
868,Dwayne Bruce,michaelbryant@example.org,2023-07-28,Central,Referral
869,Caitlyn Nichols,teresafranco@example.net,2023-02-15,Central,Paid Ads
870,Rebecca Martin,williamsleslie@example.org,2024-01-23,West,Organic Search
871,Jacob Harris,wadetiffany@example.org,2023-10-09,Central,Paid Ads
872,Joshua Martin,david06@example.com,2023-10-19,South,Referral
873,Theresa Reilly,adamrodgers@example.net,2024-09-15,Central,Organic Search
874,Michael Wells,tara92@example.net,2025-03-27,East,Referral
875,Tammy Morgan,dennisrachel@example.org,2023-05-26,North,Organic Search
876,Audrey Johnson,seandavis@example.org,2024-09-02,South,Email
877,Christie Fox,james18@example.com,2024-11-15,East,Organic Search
878,Tina Daugherty,ulee@example.net,2025-03-18,South,Paid Ads
879,Terri Kerr,raymond65@example.com,2024-04-14,West,Social Media
880,Dustin Bell,fsawyer@example.org,2023-11-11,North,Email
881,Jill Riddle,achandler@example.org,2024-11-23,East,Direct
882,Linda Thomas,thomas85@example.org,2025-10-01,East,Social Media
883,Leslie Bennett,ortizrobin@example.com,2024-02-13,East,Social Media
884,Joel Bradley,jamescollier@example.com,2025-04-25,West,Direct
885,Amanda Mckenzie,troy73@example.org,2023-06-05,North,Email
886,Brittany Evans,qmartinez@example.com,2023-10-04,South,Paid Ads
887,John Watts,anthonyhubbard@example.com,2025-04-15,North,Social Media
888,Andrea Reese DDS,ooneill@example.net,2025-03-04,East,Email
889,Michael Wilson,brucefrancisco@example.org,2023-12-13,South,Paid Ads
890,Joel Steele,frank45@example.com,2023-05-06,South,Email
891,Tina Williams,alyssa18@example.org,2024-04-16,North,Email
892,Catherine Davis,amybrennan@example.net,2023-08-16,Central,Paid Ads
893,Denise Wolfe,cody95@example.org,2023-10-15,West,Referral
894,Joseph Watson,kjenkins@example.org,2023-11-29,West,Paid Ads
895,Jonathan Decker,butlersabrina@example.org,2024-12-29,Central,Social Media
896,Tammy Mendoza,hannah27@example.net,2025-06-08,East,Paid Ads
897,Tracy Jackson,anthony13@example.org,2024-11-17,North,Paid Ads
898,Brenda Perez,jasonzavala@example.com,2024-05-26,Central,Organic Search
899,Rachel Jones,ctodd@example.org,2024-08-19,North,Direct
900,Ricky Palmer,harrisonrebekah@example.org,2024-10-15,East,Organic Search
901,Michael Webster,morajamie@example.org,2023-05-11,South,Social Media
902,Gregory Davis,stacy55@example.org,2025-01-08,South,Direct
903,Phyllis Austin,garciabelinda@example.org,2024-01-24,East,Email
904,Michelle Brandt,rachelmedina@example.net,2024-07-28,South,Paid Ads
905,Daniel Gordon,lrichardson@example.org,2025-02-17,Central,Organic Search
906,Tyler White,tina63@example.net,2023-11-21,East,Organic Search
907,Brian Rollins,owensapril@example.com,2025-07-11,North,Organic Search
908,Michele Hawkins,millertristan@example.com,2024-05-30,North,Paid Ads
909,Kyle Collins,aperez@example.com,2025-04-08,South,Paid Ads
910,Mrs. Shannon Jacobson,xcrosby@example.org,2025-04-30,East,Organic Search
911,Michael Powers,qkim@example.net,2024-10-22,East,Social Media
912,Charles Morales,figueroapatricia@example.org,2024-12-07,West,Email
913,William Morgan,bmartinez@example.net,2023-09-07,West,Paid Ads
914,Dr. Ralph Wheeler DDS,qkelly@example.net,2024-04-11,East,Paid Ads
915,Victoria Dixon,katrinarodriguez@example.com,2024-04-13,North,Referral
916,David Dunlap Jr.,greertyrone@example.org,2023-02-27,North,Organic Search
917,Janet Shelton,kevinhanson@example.org,2024-09-17,South,Paid Ads
918,Kelly Vasquez,qharris@example.com,2024-04-14,West,Social Media
919,Dennis Cooper PhD,cisnerosanthony@example.com,2023-05-04,West,Organic Search
920,Barbara Cole,cramos@example.org,2023-11-13,South,Email
921,Matthew Chan,travistaylor@example.net,2024-05-30,West,Organic Search
922,Phillip Carroll,rkeller@example.net,2024-10-16,South,Organic Search
923,Karen Dickerson,myerstroy@example.com,2023-07-25,East,Direct
924,Heather Levine,bryan90@example.org,2025-01-04,South,Referral
925,Hannah Harmon,hubbardcolleen@example.com,2024-05-01,West,Organic Search
926,Gregory Howard,brian33@example.org,2024-07-04,North,Organic Search
927,Leslie Lozano,meltondanny@example.org,2024-03-17,Central,Email
928,Gabriel Murray,abradley@example.com,2024-01-14,North,Social Media
929,John Johnson,nicholas65@example.net,2023-09-24,West,Social Media
930,John Vazquez,matthewshaw@example.net,2024-07-25,South,Direct
931,Lucas Cox,karlwilliams@example.net,2023-04-15,South,Social Media
932,Darrell Newton,robbinsbelinda@example.net,2024-11-19,North,Social Media
933,Austin Solis,wsimmons@example.org,2023-06-17,West,Direct
934,Elizabeth Brock,ualvarado@example.org,2024-02-14,West,Paid Ads
935,David Robertson,nicoleburton@example.net,2023-06-23,Central,Paid Ads
936,Laura Lewis,oadams@example.net,2024-08-01,North,Organic Search
937,Sarah Meadows,boydmichael@example.org,2024-02-14,North,Paid Ads
938,Paul Cannon,ejenkins@example.net,2025-02-13,North,Paid Ads
939,Jason Colon,jonathanburke@example.com,2023-10-09,West,Direct
940,Chris Johnson,steven86@example.com,2023-02-17,North,Organic Search
941,Amanda Moore,anthonyclarke@example.com,2024-08-14,Central,Direct
942,Casey Phelps,dcasey@example.org,2024-09-26,North,Paid Ads
943,Edward Brown,qmosley@example.net,2024-07-21,East,Social Media
944,Jennifer Larsen,joelduncan@example.net,2024-02-18,West,Organic Search
945,Kelly Calderon,tyler13@example.net,2025-02-04,South,Organic Search
946,Robert Murphy,vshaffer@example.org,2023-10-05,West,Organic Search
947,Claudia Rodriguez,taragonzales@example.com,2024-07-15,East,Paid Ads
948,Amy Ferguson,stewartrodney@example.net,2024-08-23,North,Referral
949,Donald Mueller,michaelbaldwin@example.com,2023-08-28,Central,Organic Search
950,Walter Obrien,vazquezkristina@example.org,2025-08-27,South,Organic Search
951,James Fowler,rebecca18@example.org,2024-04-02,North,Social Media
952,Jasmine Browning,qpennington@example.com,2023-12-06,Central,Paid Ads
953,Rodney Young,michelemartin@example.com,2023-10-06,East,Organic Search
954,Sherry Wang,rmccormick@example.org,2024-10-08,North,Organic Search
955,Teresa Ruiz,vhouse@example.net,2023-11-17,South,Email
956,Thomas Garcia,hollyhunter@example.com,2023-02-15,North,Direct
957,Nicholas Kelley,shawn00@example.net,2025-09-14,North,Paid Ads
958,Lorraine Gibbs,aarongonzalez@example.com,2023-11-16,East,Organic Search
959,Bradley Moore,melaniejennings@example.com,2024-03-22,North,Email
960,Shane Anderson,graceserrano@example.com,2024-12-15,North,Organic Search
961,Jason White,kduffy@example.org,2023-03-15,North,Email
962,Alexander Hansen,rebeccamccann@example.org,2025-01-08,South,Referral
963,Samuel Williams,jburke@example.org,2023-08-28,North,Email
964,Carolyn Bradley,higginsryan@example.com,2024-04-29,West,Organic Search
965,Kathleen Walker,jamesatkins@example.com,2023-05-29,South,Email
966,Johnny Anderson,carolcarney@example.com,2023-03-29,Central,Social Media
967,Chelsey White,anthonycherry@example.org,2023-09-21,North,Direct
968,Susan Wood,emiller@example.org,2023-09-10,West,Paid Ads
969,Valerie Sanders,jennifererickson@example.net,2023-11-16,North,Paid Ads
970,Angel Hawkins,cookjimmy@example.com,2025-06-06,North,Paid Ads
971,Teresa Coffey DDS,smithwilliam@example.com,2025-06-23,North,Paid Ads
972,James Wood,carpenterjorge@example.net,2025-01-01,North,Paid Ads
973,Gerald Mcdonald Jr.,hthomas@example.com,2025-04-19,East,Paid Ads
974,Carl Savage,julie64@example.com,2023-05-26,Central,Paid Ads
975,Pam Baker,ryan25@example.net,2023-08-15,West,Social Media
976,Pamela Hernandez DVM,jbrown@example.org,2023-04-14,North,Organic Search
977,Andrew Green,fgraham@example.org,2025-09-14,South,Organic Search
978,William Hoffman,uvasquez@example.org,2024-02-22,South,Organic Search
979,Brandon Oneill,marybrady@example.com,2025-03-09,North,Organic Search
980,Mary Lewis,foxashley@example.com,2023-11-24,North,Social Media
981,Danielle Jimenez,clayanthony@example.net,2023-12-05,West,Social Media
982,Mrs. Jacqueline Hickman,hooderic@example.org,2023-11-05,South,Referral
983,Michael Castillo,brooke05@example.org,2024-10-04,East,Paid Ads
984,Tiffany Nguyen,jasonwilliams@example.net,2024-03-08,West,Organic Search
985,Robert Manning,tammyglenn@example.org,2023-07-03,Central,Social Media
986,Daniel Price,wmitchell@example.net,2024-04-10,North,Paid Ads
987,Edwin Owen,rebecca92@example.com,2023-08-18,South,Paid Ads
988,Sandra Hunt,ygriffin@example.com,2024-01-26,South,Organic Search
989,Kyle Davis,nshepherd@example.org,2023-06-13,Central,Paid Ads
990,Jeffery Williams,teresa32@example.com,2025-10-30,North,Paid Ads
991,Maria Miller,zkim@example.com,2023-03-11,West,Email
992,William Sutton,mckenzie86@example.com,2024-06-28,East,Paid Ads
993,Kristen Lowery,dixonrobert@example.com,2024-06-12,North,Social Media
994,Laura King,brenda80@example.org,2024-02-16,West,Organic Search
995,Julie Hartman,awilliams@example.net,2023-05-31,Central,Paid Ads
996,Kevin Gibson,qhanson@example.com,2025-05-17,North,Social Media
997,Shelby Lopez,christianhendrix@example.com,2023-06-13,North,Paid Ads
998,Ashley Ferguson,fosteralexander@example.net,2023-12-07,North,Paid Ads
999,Michael Melton,nturner@example.com,2024-05-10,East,Paid Ads
1000,Tracey Leonard,christopher20@example.org,2025-02-03,South,Social Media
1001,Alan Waller,clarkdeborah@example.net,2023-11-11,Central,Referral
1002,Ryan Garrison,christophercarrillo@example.org,2023-08-21,Central,Paid Ads
1003,Alex Martin,joannewallace@example.com,2024-11-27,West,Direct
1004,Scott Richards,kennethgallegos@example.com,2023-12-09,South,Email
1005,Adam Mccoy,fpetty@example.net,2025-06-09,South,Organic Search
1006,Monique Duarte,freemantodd@example.net,2024-08-20,Central,Paid Ads
1007,Taylor Stein,dhall@example.net,2023-02-08,North,Organic Search
1008,Kenneth Tran,patricia67@example.org,2024-10-29,West,Email
1009,Todd Reed DDS,martinjessica@example.com,2024-01-06,North,Organic Search
1010,David Robinson,sandra72@example.com,2023-03-04,East,Referral
1011,Jeanette Butler,laura29@example.org,2024-03-08,South,Email
1012,Paul Estrada,glenmoore@example.com,2023-08-04,West,Paid Ads
1013,Jason Chaney,jimmy80@example.org,2025-01-22,North,Paid Ads
1014,Dean Rhodes,mariakline@example.org,2024-02-19,North,Social Media
1015,Gail Wilson,davidwalker@example.com,2024-06-09,South,Paid Ads
1016,Rachel Hammond PhD,paula89@example.net,2023-09-07,North,Email
1017,Anthony Shah,westes@example.org,2025-09-24,South,Organic Search
1018,Rachael Lynch,colonbobby@example.org,2023-07-14,North,Paid Ads
1019,Bruce Harris,eric47@example.net,2024-10-08,North,Referral
1020,Dr. Christian Cox PhD,allisonscott@example.com,2023-12-16,East,Email
1021,Adriana Davenport,gpeterson@example.org,2024-02-01,North,Organic Search
1022,Jaime Fischer,crystal32@example.net,2025-07-05,East,Social Media
1023,Darren Pham,dhardin@example.net,2023-05-05,West,Organic Search
1024,Heidi Johnson,kaylarobbins@example.net,2024-06-13,West,Email
1025,Angela Edwards,ryanlong@example.org,2024-06-14,North,Direct
1026,Margaret Orr,levinetina@example.net,2025-06-14,South,Social Media
1027,Valerie Barnes,jennifer55@example.org,2024-10-26,South,Direct
1028,Stephanie Bishop,isabellagriffin@example.org,2024-01-26,North,Social Media
1029,Lori Montgomery,zterry@example.net,2023-07-21,East,Direct
1030,Craig Turner,medinapeter@example.net,2023-12-13,East,Paid Ads
1031,Beth Braun,jason88@example.com,2024-06-02,North,Paid Ads
1032,Nicole Moore,zamoraamber@example.com,2024-02-08,South,Direct
1033,Raymond Barber,dennismckenzie@example.com,2024-01-06,North,Referral
1034,Heather Williams,westashley@example.org,2024-10-08,East,Email
1035,William Trujillo,michaelmitchell@example.net,2024-05-18,North,Paid Ads
1036,Brenda Gray,danielblack@example.org,2024-11-23,East,Direct
1037,Heather Garcia,fpoole@example.org,2025-02-04,South,Organic Search
1038,Stephen Alvarez,rmiller@example.net,2025-02-05,South,Paid Ads
1039,Justin Maxwell,breanna67@example.net,2023-06-20,East,Organic Search
1040,Katherine Mcpherson,drewmartinez@example.net,2023-12-09,Central,Email
1041,Walter Palmer,bensonstanley@example.org,2024-01-30,West,Email
1042,Terry Wood,guzmanricky@example.org,2023-05-15,North,Paid Ads
1043,Dylan Mills,watsonvickie@example.com,2023-10-09,East,Email
1044,Alfred Thomas,twilliams@example.com,2023-06-12,North,Paid Ads
1045,Robert Burns,kelleycarlos@example.org,2024-01-16,Central,Direct
1046,Kenneth Knight,kimberly79@example.org,2023-03-27,East,Paid Ads
1047,Kathy Murray,jcontreras@example.net,2025-06-21,North,Organic Search
1048,Robert Beck,zhughes@example.com,2023-05-02,South,Email
1049,Tina Wu,debbie20@example.net,2023-12-10,South,Direct
1050,Patricia Parker,schneiderchristopher@example.net,2025-04-11,North,Paid Ads
1051,Nina Bernard,karenshaw@example.org,2023-12-03,West,Email
1052,Timothy White,hilljamie@example.net,2024-04-06,North,Organic Search
1053,Lauren Miller,richard07@example.org,2023-06-11,North,Organic Search
1054,Christopher Johnson,patrick11@example.org,2024-03-01,West,Social Media
1055,Dominique White,moorestephanie@example.net,2023-06-13,South,Organic Search
1056,Lucas Nguyen,reeveskenneth@example.org,2024-05-31,East,Social Media
1057,Jason Nguyen,hdavid@example.org,2024-10-22,East,Social Media
1058,Paul Willis,gromero@example.com,2025-05-14,North,Social Media
1059,Debra Flores,bjones@example.com,2023-12-03,East,Referral
1060,Susan Smith,sanchezangela@example.org,2023-09-29,South,Email
1061,Jason Miller,kristathomas@example.net,2024-04-07,West,Email
1062,Dr. Kimberly Henderson,dwilliams@example.net,2023-03-21,Central,Email
1063,William Smith,qnelson@example.net,2023-05-19,East,Paid Ads
1064,Gregory Chen,brandon89@example.org,2024-11-27,East,Paid Ads
1065,James Martinez,jessicalutz@example.com,2024-01-07,Central,Organic Search
1066,Jonathan Pham,cynthia74@example.org,2024-02-12,South,Organic Search
1067,Erica Clark,allen20@example.net,2024-12-26,North,Social Media
1068,Steven Chambers,speters@example.net,2024-05-06,Central,Organic Search
1069,James Miller PhD,ryanpatricia@example.net,2023-11-11,Central,Organic Search
1070,Caleb Stanton,wcarey@example.com,2025-03-09,North,Paid Ads
1071,Randy Terry,martinezmitchell@example.org,2024-09-06,East,Organic Search
1072,Daniel Smith,erin53@example.org,2024-11-11,Central,Paid Ads
1073,Lori Stokes,jimsnyder@example.com,2023-05-07,South,Social Media
1074,Johnathan Padilla,adrianjoyce@example.net,2024-04-26,North,Paid Ads
1075,Sergio Carroll,mjackson@example.net,2024-07-13,South,Organic Search
1076,Megan Morrison,cameronanderson@example.org,2023-10-09,West,Organic Search
1077,Timothy Foley,james08@example.net,2024-01-01,West,Paid Ads
1078,Justin Gibson,pdavidson@example.org,2023-04-25,South,Referral
1079,Erica Richard,rhill@example.net,2023-10-23,South,Organic Search
1080,Isaiah Blake,brandonhull@example.net,2025-03-12,Central,Direct
1081,Aaron Lee,beardlindsey@example.net,2025-04-28,South,Social Media
1082,Michael Rosario,jamesmurphy@example.org,2024-07-11,East,Organic Search
1083,Anne Castillo,watkinsconnie@example.com,2023-06-29,East,Paid Ads
1084,Danielle Wells,marissa58@example.org,2023-07-03,South,Social Media
1085,Patricia Harvey,garrettbeth@example.org,2023-07-31,West,Email
1086,Sydney Bennett,pattonbryan@example.com,2024-03-10,East,Direct
1087,Leslie Reynolds,byrdanita@example.com,2024-06-22,West,Organic Search
1088,Jennifer Williamson,mhall@example.net,2024-01-30,South,Email
1089,Jody Marshall,nhobbs@example.org,2024-11-23,North,Direct
1090,Timothy Logan,lholmes@example.org,2024-03-28,North,Paid Ads
1091,Adam Reeves,rebeccamartinez@example.net,2023-01-30,East,Email
1092,Jason Hardy,ilopez@example.org,2025-03-09,East,Organic Search
1093,Eric Graham,larry82@example.org,2023-04-11,North,Email
1094,Larry Carter,holmesdiane@example.org,2025-02-23,East,Organic Search
1095,Jonathon Conley,hendersonjames@example.org,2023-03-17,East,Paid Ads
1096,Christina Jones,elizabethneal@example.com,2024-12-10,West,Paid Ads
1097,Erin Lane,christina65@example.org,2024-01-17,North,Organic Search
1098,Shawn Lozano,arobinson@example.net,2024-08-26,South,Paid Ads
1099,David Hanson,timothytate@example.com,2025-07-25,South,Direct
1100,Jamie Ross,coxcharles@example.org,2023-03-19,West,Referral
1101,Brenda Alexander,bradley03@example.org,2023-01-24,Central,Direct
1102,Daniel Green,matthewspencer@example.org,2024-01-01,Central,Email
1103,Christopher Green,smitherica@example.com,2024-06-30,East,Paid Ads
1104,Stacey Morgan,kevinallen@example.com,2023-07-03,East,Organic Search
1105,Teresa Rowland,ejohns@example.org,2024-10-09,West,Email
1106,Thomas Norton,amandabenson@example.com,2023-05-17,East,Referral
1107,Vanessa Sanchez,hinesbrenda@example.net,2024-02-02,Central,Organic Search
1108,Charles Wright,monique89@example.com,2023-05-29,West,Organic Search
1109,Brad Ruiz,jacksonpaul@example.net,2024-03-27,North,Organic Search
1110,Jacqueline Stone,marcbrooks@example.net,2023-05-16,East,Social Media
1111,Dr. John Perkins,clarkpatricia@example.com,2024-03-07,North,Social Media
1112,Jennifer Torres,xduncan@example.com,2024-06-25,West,Paid Ads
1113,Brandy Miller,ostone@example.net,2024-04-27,North,Organic Search
1114,Jose Rogers,amcdonald@example.com,2023-08-17,North,Social Media
1115,Emily Reyes,scottbaker@example.org,2023-09-21,South,Organic Search
1116,Bradley Kirby,hartmansara@example.org,2023-03-07,West,Social Media
1117,Isaac Payne,james54@example.com,2024-05-28,North,Paid Ads
1118,Patricia Bruce,janicebolton@example.net,2025-04-23,South,Organic Search
1119,Susan Smith,juan56@example.com,2023-06-15,North,Paid Ads
1120,Norma Smith,michelleperez@example.net,2023-08-25,West,Social Media
1121,Kara Black,dsharp@example.com,2024-12-29,North,Email
1122,Emily Lopez,cclark@example.net,2024-07-21,South,Organic Search
1123,Charles Russo,sherry07@example.net,2025-03-10,North,Paid Ads
1124,Gina Barnes,sfarmer@example.net,2024-07-09,North,Paid Ads
1125,Kevin Bradley,weekseric@example.com,2023-10-17,West,Referral
1126,Rebecca Mcintyre,nbaird@example.com,2024-04-14,West,Organic Search
1127,James Wells,ashley74@example.org,2024-09-24,South,Email
1128,Michael Thompson,ocampbell@example.com,2025-01-24,North,Organic Search
1129,Andrea Brown,jacksonmichele@example.com,2024-02-19,North,Referral
1130,William Anderson,emendoza@example.com,2024-12-23,East,Social Media
1131,Sharon Anderson,kylemeyers@example.net,2023-05-24,North,Organic Search
1132,Larry Crosby,waynecohen@example.com,2025-05-09,North,Referral
1133,William Griffin,pjacobs@example.net,2024-09-28,South,Referral
1134,Keith Henry,vjohnston@example.org,2023-05-20,Central,Organic Search
1135,Stanley Bryant,peter26@example.org,2024-01-11,West,Paid Ads
1136,Luke Reynolds,lbartlett@example.net,2024-10-12,East,Social Media
1137,Jennifer Bautista,nicolemoore@example.net,2024-12-07,North,Organic Search
1138,Mary Jones,reginajenkins@example.net,2023-03-15,West,Organic Search
1139,Jacob Campos,robert24@example.org,2023-12-27,Central,Email
1140,Julia Jones,vjames@example.com,2025-05-21,East,Paid Ads
1141,Jennifer Smith,fletcherderek@example.net,2024-01-12,East,Social Media
1142,Kari Jones,jenniferkim@example.com,2023-02-24,North,Referral
1143,Sarah Jackson,lawsongregory@example.org,2023-12-16,South,Social Media
1144,Jeanne Jones,byrderic@example.com,2023-05-06,East,Referral
1145,Miguel Stafford,scottwilliams@example.net,2023-08-12,South,Organic Search
1146,Margaret Moran,myerskyle@example.org,2023-12-29,South,Organic Search
1147,Amber Bennett,sarahbrooks@example.org,2024-07-22,East,Organic Search
1148,Alan Johnson,rogersjames@example.net,2023-04-26,South,Referral
1149,Tyler Davis,jenniferwilliams@example.net,2023-06-17,West,Organic Search
1150,Gabriel Hart,colleenvilla@example.com,2023-12-16,West,Organic Search
1151,Barbara Lewis,marcus06@example.net,2025-04-20,West,Organic Search
1152,James Ellis,barrettjoshua@example.net,2024-07-30,North,Paid Ads
1153,Austin Robinson,katrina71@example.net,2025-02-21,South,Referral
1154,Wanda Jefferson,johnathandavis@example.com,2024-11-24,East,Social Media
1155,Miss Megan Compton,martinreid@example.net,2024-10-22,East,Paid Ads
1156,Samuel Olson,andres97@example.com,2025-04-28,West,Social Media
1157,Natalie Gordon,hallchristina@example.org,2024-10-25,East,Email
1158,Oscar Todd,brownnicholas@example.com,2023-04-13,Central,Organic Search
1159,James May,sandrageorge@example.com,2023-12-09,South,Email
1160,Erin Ramirez,meyertiffany@example.net,2024-06-10,South,Paid Ads
1161,Nicole Perez,matthew38@example.org,2024-09-11,South,Organic Search
1162,Mary Wright,cathyjames@example.com,2024-12-05,North,Social Media
1163,Mark Brown,mjones@example.org,2023-09-12,East,Organic Search
1164,Brenda Harris,thompsonana@example.org,2024-08-11,Central,Organic Search
1165,Blake Hardy,frank33@example.com,2023-12-01,Central,Direct
1166,David Mitchell,mfaulkner@example.com,2024-04-15,Central,Organic Search
1167,Karen Tapia,raymond27@example.com,2023-07-01,West,Referral
1168,Leon Hamilton,lorileon@example.org,2023-12-29,South,Social Media
1169,Jessica Miller,brooke28@example.net,2024-11-11,North,Social Media
1170,James Torres,nicholas97@example.org,2023-08-27,East,Paid Ads
1171,Miguel Gonzalez,adamhensley@example.net,2023-12-18,East,Social Media
1172,Katherine Frost,xwaller@example.com,2023-11-17,North,Organic Search
1173,Martin Chapman MD,riddledavid@example.net,2024-08-06,West,Organic Search
1174,Phillip Krueger,william75@example.net,2024-04-21,East,Paid Ads
1175,James Coleman,johnjohnson@example.com,2024-04-10,North,Organic Search
1176,Megan Terry,josegibson@example.net,2023-08-13,West,Organic Search
1177,David Lane,alexanderwise@example.net,2023-08-31,North,Email
1178,Janice Mccarthy,stonejacob@example.com,2023-11-14,East,Organic Search
1179,Jeffery Holt,uwillis@example.com,2024-09-19,East,Direct
1180,Tammy Booth,fieldskimberly@example.com,2024-11-13,South,Organic Search
1181,Debra Clark,ahale@example.org,2024-07-10,South,Direct
1182,April Jones,pwarren@example.com,2024-09-09,North,Email
1183,Carolyn Brooks,jameswhite@example.org,2024-01-15,West,Social Media
1184,Robert Lopez,bradylisa@example.org,2023-02-04,Central,Organic Search
1185,Steven Ortiz,oneillgabriel@example.com,2025-01-01,Central,Social Media
1186,Caleb Brown,richardstimothy@example.net,2023-07-13,South,Organic Search
1187,Alexandra Adams,ortegakristina@example.org,2024-12-10,South,Organic Search
1188,Joseph Smith,sarah75@example.net,2024-08-22,North,Social Media
1189,Jacob Wu,lisa56@example.com,2024-12-13,South,Direct
1190,Vanessa Marks,smithmonica@example.com,2025-01-15,South,Email
1191,Stacy Taylor,meltonjoshua@example.net,2025-02-05,West,Referral
1192,Danielle Hayes,qrobertson@example.org,2024-09-09,North,Social Media
1193,Mark Mcmahon,allen50@example.net,2024-04-12,South,Paid Ads
1194,Jeremy Lawson,ystevenson@example.org,2023-03-10,East,Email
1195,Todd David,shatfield@example.org,2023-07-18,West,Organic Search
1196,Elizabeth Lee,mollywalter@example.net,2024-09-03,North,Paid Ads
1197,Bethany Robles,marisa87@example.org,2023-06-10,West,Direct
1198,Tina Olson,johnjackson@example.net,2023-12-30,North,Direct
1199,Ashley Holder,martinsarah@example.com,2024-05-24,North,Email
1200,Connie Scott,qlynn@example.org,2024-11-08,East,Organic Search
1201,Tammy Schultz,sdavis@example.com,2023-06-26,Central,Organic Search
1202,Tara Miranda,schneidernicholas@example.net,2023-06-15,Central,Email
1203,Molly Valdez,ostokes@example.com,2025-07-13,North,Social Media
1204,Brandon Davis,juliewilson@example.com,2023-10-18,Central,Organic Search
1205,Erik James,collinsbrittany@example.org,2025-02-03,Central,Email
1206,Veronica Flores,lauren28@example.net,2024-04-12,West,Social Media
1207,Courtney Foster,sstewart@example.org,2023-05-08,Central,Direct
1208,Mr. Kyle Thomas DDS,georgekyle@example.net,2024-12-21,East,Email
1209,Zachary Mccarthy,nwelch@example.com,2023-06-02,North,Organic Search
1210,Vincent Brown,eric33@example.net,2024-06-20,South,Referral
1211,Tammy Parsons,tluna@example.net,2024-02-10,South,Email
1212,Caitlin Smith,rrogers@example.com,2025-03-11,West,Organic Search
1213,Norma Myers DDS,justin38@example.com,2024-10-03,East,Paid Ads
1214,Frank Moody,hornjenna@example.com,2025-06-10,West,Paid Ads
1215,Laura Ramos,jcarter@example.org,2023-05-31,Central,Direct
1216,Paul Moss,coxmelissa@example.org,2023-04-23,East,Referral
1217,Virginia Hernandez,kshelton@example.org,2024-09-18,Central,Direct
1218,William White,wilsonzachary@example.com,2024-11-14,South,Organic Search
1219,Tracy Sims,hsanchez@example.org,2024-06-07,Central,Email
1220,Eric Carlson,denisebennett@example.net,2023-10-29,North,Email
1221,Megan Davis DDS,phill@example.com,2023-02-27,South,Social Media
1222,Bryan Miller,gmay@example.org,2024-08-08,East,Paid Ads
1223,Kenneth Armstrong,heather19@example.org,2025-07-06,West,Email
1224,Zachary Park,ashley15@example.org,2024-06-24,North,Direct
1225,Shannon Medina,bhess@example.com,2024-08-22,East,Organic Search
1226,Kimberly Burnett,lbrown@example.net,2024-08-30,Central,Paid Ads
1227,Rachel Martinez,tammymerritt@example.org,2024-10-26,East,Organic Search
1228,Melissa Smith,hmcbride@example.org,2023-08-17,North,Organic Search
1229,Daniel Martin,melissa01@example.org,2024-06-10,West,Paid Ads
1230,Heidi Stephens,qrowland@example.org,2024-10-15,West,Paid Ads
1231,Angel Bautista,donna72@example.net,2024-01-27,Central,Direct
1232,Erik Bartlett DVM,haileybates@example.org,2024-09-24,West,Email
1233,Cole Evans,susanguzman@example.org,2023-08-16,Central,Paid Ads
1234,Destiny Daniel,qjones@example.com,2025-03-30,West,Organic Search
1235,Steven Ross,duffyerica@example.net,2024-05-15,North,Paid Ads
1236,Dalton Soto,wanda35@example.net,2025-07-06,East,Organic Search
1237,Samantha Jacobs,uunderwood@example.com,2024-12-04,Central,Paid Ads
1238,Victor Wright,david18@example.com,2024-04-13,Central,Organic Search
1239,Mark Cox,kimberly23@example.com,2024-05-22,Central,Paid Ads
1240,James Novak,ylynn@example.org,2023-01-09,South,Email
1241,Nicholas Parker,wdavis@example.net,2025-04-05,North,Organic Search
1242,Diane Nelson,mosleygeorge@example.com,2024-04-26,Central,Organic Search
1243,Robert Byrd,iwoods@example.com,2023-06-02,South,Social Media
1244,Jose Moore,douglasbradley@example.com,2024-06-11,South,Organic Search
1245,Nicholas Villegas,erikabarnes@example.com,2023-06-25,East,Paid Ads
1246,William Lindsey,joshua68@example.net,2024-07-10,West,Paid Ads
1247,Robin Torres,mezarichard@example.com,2024-02-28,West,Email
1248,Madison Jones,shirleymartin@example.org,2023-10-24,North,Social Media
1249,Dustin Noble,haydenroger@example.net,2025-08-17,South,Organic Search
1250,Breanna Jimenez,sullivanchristina@example.net,2024-06-14,North,Social Media
1251,Jeffery Ferguson,john89@example.org,2025-04-08,West,Email
1252,Traci Craig,gregoryrichardson@example.org,2024-05-22,South,Organic Search
1253,Tiffany Henderson,hjackson@example.com,2023-01-19,Central,Social Media
1254,Danielle Ryan,robertstimothy@example.com,2024-01-25,North,Paid Ads
1255,Oscar Carroll,sandrahickman@example.net,2023-06-07,North,Referral
1256,Stephanie Walls,abrown@example.net,2023-11-15,East,Social Media
1257,Edwin Rodriguez,pamela26@example.com,2023-09-05,North,Paid Ads
1258,Jeffrey Gonzalez,robertgentry@example.org,2024-07-03,Central,Email
1259,Matthew Perez,xbrooks@example.com,2023-11-17,East,Direct
1260,Kimberly Adams,cdouglas@example.org,2023-05-06,North,Direct
1261,Paul Smith,danielmitchell@example.org,2024-02-28,South,Email
1262,Patrick Santana,elizabethvaughan@example.net,2023-09-05,North,Email
1263,Mrs. Katherine Simpson,markduran@example.com,2023-12-12,East,Paid Ads
1264,Tammy Cameron,ganderson@example.org,2025-04-14,South,Organic Search
1265,Gregory Smith,brettgallegos@example.com,2023-02-22,West,Organic Search
1266,Nancy Hamilton,justin16@example.org,2025-08-26,South,Email
1267,Monica Lopez,katie43@example.net,2024-09-30,South,Direct
1268,Christina Mccarthy,hayneswayne@example.org,2023-05-10,East,Email
1269,Scott Fuller,jeromeanderson@example.org,2025-04-18,North,Direct
1270,Corey Thomas,jensenchristopher@example.org,2025-10-11,West,Paid Ads
1271,Joseph Graves,jeffreysimmons@example.org,2024-05-08,West,Organic Search
1272,Maria Torres,michael56@example.org,2023-07-06,West,Email
1273,Anthony Williams,guerreromarc@example.com,2023-08-10,North,Organic Search
1274,Terry Garcia,johnnyhenry@example.com,2024-09-27,West,Social Media
1275,Brent Smith,markfigueroa@example.com,2024-09-05,East,Direct
1276,Leah Jacobs,debraclark@example.com,2023-09-25,West,Social Media
1277,Brian Soto,williamstanya@example.net,2024-08-20,West,Organic Search
1278,Cheryl Griffin,jonesamy@example.com,2023-11-26,Central,Social Media
1279,John Juarez,bradleylee@example.net,2024-01-23,South,Direct
1280,Stephanie Malone,patricia71@example.com,2024-01-29,North,Direct
1281,Jason Velazquez,jacksonjoshua@example.org,2023-03-29,South,Social Media
1282,Tyler Brown,joysanders@example.net,2024-01-25,East,Social Media
1283,Kayla Jones,ychristensen@example.net,2025-01-26,South,Organic Search
1284,Jennifer Nelson,adamarmstrong@example.net,2024-10-18,East,Referral
1285,Sherry Gibbs,ugordon@example.net,2023-05-20,North,Organic Search
1286,Samuel Phillips,andrea23@example.org,2024-08-19,South,Organic Search
1287,Dorothy Bowman,sara40@example.net,2024-01-20,Central,Paid Ads
1288,Wanda Clark,smithmichael@example.net,2024-01-10,South,Social Media
1289,Erika Potts,jennifer69@example.com,2024-11-18,West,Referral
1290,Anthony Cabrera,jeffrey42@example.com,2023-02-04,West,Email
1291,Kimberly Irwin,sharphailey@example.net,2023-12-07,East,Direct
1292,Mark Munoz,lisawalker@example.com,2024-03-24,South,Email
1293,Mark Garrison,omoore@example.net,2023-12-18,West,Paid Ads
1294,Jackie Barrera,crawfordstephen@example.org,2024-03-13,West,Referral
1295,John Blair,andrew22@example.com,2025-04-22,North,Email
1296,Chelsea Thomas,psanchez@example.com,2024-09-09,West,Social Media
1297,Joseph Acosta,morrisonnicholas@example.org,2023-08-25,North,Organic Search
1298,Adam Rivas,andersonkayla@example.com,2023-10-23,East,Referral
1299,Mark Smith,rosariodaniel@example.net,2023-11-18,East,Email
1300,Sarah Miller,timothyhart@example.com,2024-03-15,South,Paid Ads
1301,Elizabeth Mendoza,brianholt@example.net,2025-09-09,North,Organic Search
1302,Alisha Williams,curtis62@example.org,2023-09-10,South,Paid Ads
1303,Allison Simmons,tmcdaniel@example.org,2023-04-11,Central,Paid Ads
1304,William Walker DVM,michael95@example.org,2025-05-20,East,Organic Search
1305,Tim Miller,munozgregory@example.net,2023-05-14,South,Organic Search
1306,Christopher Coleman,colleen45@example.org,2024-02-13,South,Paid Ads
1307,Jonathan Wood,lisa10@example.org,2023-10-27,Central,Organic Search
1308,Bridget Hernandez,ygriffith@example.com,2024-11-03,South,Social Media
1309,Ashley Simmons,duane52@example.org,2024-01-24,North,Email
1310,Heather Snyder,asteele@example.net,2023-12-27,South,Referral
1311,Felicia Pham,patrickdunn@example.net,2025-01-27,West,Organic Search
1312,Kim Underwood,tmiller@example.com,2024-05-07,North,Email
1313,Paula Shepherd,jacquelineyoung@example.org,2024-12-04,Central,Referral
1314,Samuel Cox,hrosario@example.org,2023-11-28,East,Organic Search
1315,Heather Atkinson,kenneththomas@example.net,2025-02-09,North,Direct
1316,Susan Sanchez,briantaylor@example.net,2023-07-20,South,Paid Ads
1317,Jamie Johnson,swatson@example.org,2024-08-24,North,Organic Search
1318,Angela Monroe,anthonydiaz@example.org,2023-08-18,North,Organic Search
1319,Adam Guerra,lhernandez@example.com,2024-03-06,South,Organic Search
1320,Nicole Hale,theodore57@example.net,2023-05-20,South,Social Media
1321,Donna Moore,munozglenn@example.org,2024-10-05,North,Paid Ads
1322,Ronnie Frazier,qspencer@example.net,2023-12-05,West,Referral
1323,Michelle Henderson,josephdavis@example.com,2024-02-21,South,Social Media
1324,Beth Lewis,robinsonisaiah@example.net,2023-04-06,South,Direct
1325,Lisa Jones,pwoods@example.net,2023-05-03,South,Organic Search
1326,James Brown,deborah34@example.org,2024-08-15,East,Social Media
1327,Jack Maxwell,anthony42@example.net,2024-11-09,East,Organic Search
1328,Daniel Smith,jacob30@example.org,2024-04-18,Central,Direct
1329,William Cunningham,uwilliams@example.org,2023-06-17,West,Direct
1330,Alejandra Kelly,susan83@example.com,2024-01-20,South,Referral
1331,Molly Dickson,riverapeggy@example.net,2024-08-23,North,Email
1332,Robert Hernandez,cwoods@example.com,2025-06-27,Central,Organic Search
1333,Michael Miller,cisnerosjesse@example.org,2025-05-14,West,Email
1334,Martha Mack,victoriamason@example.net,2025-10-15,South,Social Media
1335,Kelly Mack,vfloyd@example.com,2024-08-26,East,Organic Search
1336,Scott Jordan,nallen@example.net,2023-08-24,Central,Organic Search
1337,Christian Burton,adavis@example.org,2024-10-29,West,Email
1338,Emily Dillon,portershawn@example.org,2023-12-08,North,Organic Search
1339,Candice Ramirez,michael12@example.net,2023-12-08,Central,Organic Search
1340,Deanna Kennedy,kathryn72@example.org,2024-07-20,East,Social Media
1341,Katherine Cox,richard92@example.com,2023-07-14,East,Referral
1342,Ryan Crane,christopher68@example.com,2023-09-20,Central,Direct
1343,Shawn Fleming,figueroajohn@example.net,2024-09-23,West,Organic Search
1344,Samuel Roberts,ashleynash@example.org,2025-05-02,North,Paid Ads
1345,Joel Davis,imcdonald@example.com,2024-01-03,North,Organic Search
1346,Christopher Rodriguez,mtate@example.com,2023-05-11,West,Social Media
1347,Evan Davies,vlewis@example.com,2025-02-07,East,Organic Search
1348,Jesse Gardner,huertakim@example.org,2025-04-16,South,Social Media
1349,Heather Jordan,nlewis@example.org,2024-08-29,North,Social Media
1350,Melinda Nelson,christopherjones@example.com,2023-12-27,North,Organic Search
1351,Shane Hayes,qwarren@example.com,2024-12-13,West,Direct
1352,Anthony Jacobson,wpeterson@example.com,2023-07-22,Central,Direct
1353,Gregory Barnes,ynichols@example.org,2023-08-04,North,Direct
1354,Jessica Gaines,jmorrow@example.net,2025-02-26,Central,Referral
1355,Nathan Lane,mariodowns@example.net,2024-07-20,South,Email
1356,Nancy Stewart,peggypeck@example.com,2024-02-02,Central,Organic Search
1357,Ashley Cordova,ubaker@example.org,2024-05-03,North,Email
1358,Terri Mathews DDS,johnsonjulie@example.org,2023-10-14,East,Social Media
1359,Joshua Martin,nrobinson@example.org,2024-01-02,North,Organic Search
1360,Laura Smith,allen48@example.org,2023-08-04,Central,Paid Ads
1361,Mariah Bryant,ibell@example.com,2024-08-31,South,Organic Search
1362,Pamela Wilson,stephenbrooks@example.net,2023-05-01,East,Email
1363,Kimberly James,swalters@example.net,2023-07-14,North,Paid Ads
1364,Susan Garcia,shafferdale@example.net,2023-03-11,South,Referral
1365,Timothy Garcia,schultzwesley@example.org,2024-09-11,South,Email
1366,Sarah Lewis,harnold@example.org,2023-03-16,South,Email
1367,Tiffany Bell,pgutierrez@example.net,2024-06-06,North,Email
1368,Jennifer Ayers,williamadams@example.net,2024-09-02,West,Direct
1369,Ryan Pope,anunez@example.com,2025-08-18,Central,Organic Search
1370,Alexander Gibbs,matthew96@example.org,2025-04-18,North,Paid Ads
1371,Jenna Jensen,zpoole@example.net,2024-04-23,Central,Referral
1372,Todd Myers,richardflores@example.org,2024-01-30,West,Paid Ads
1373,Brett Owen,welchkristen@example.net,2024-03-22,South,Referral
1374,Sara Moore,james10@example.com,2025-03-13,East,Organic Search
1375,Randy Hernandez,armstronganthony@example.net,2023-12-07,Central,Social Media
1376,Jesse Welch,jacob34@example.org,2024-08-19,Central,Social Media
1377,Danielle Deleon,qtownsend@example.org,2024-09-22,Central,Organic Search
1378,Timothy Burton,rodriguezsara@example.org,2023-07-16,South,Email
1379,Douglas Kline,jonesmegan@example.org,2023-06-20,North,Organic Search
1380,John Johnson,tuckerconnie@example.org,2023-08-29,West,Organic Search
1381,Jaime Edwards,lstokes@example.com,2025-05-22,West,Organic Search
1382,Christopher Bradley,wilsonmatthew@example.com,2023-07-31,South,Organic Search
1383,Mr. Joshua Moore,sara39@example.org,2024-07-17,Central,Referral
1384,Kelly Hodges,michellewilson@example.org,2024-04-23,South,Direct
1385,Charles Miller,josepholson@example.org,2024-06-13,North,Organic Search
1386,Juan Phillips,zgraham@example.org,2023-09-24,North,Organic Search
1387,Craig Mathis,suzanne19@example.net,2024-02-05,Central,Organic Search
1388,Robert Mckay,chamilton@example.com,2024-05-08,East,Direct
1389,Denise Flores,lawsonruben@example.net,2024-10-17,Central,Organic Search
1390,Steven Weiss,cjackson@example.net,2024-11-29,North,Direct
1391,Jason Munoz,raymond12@example.com,2024-05-23,East,Organic Search
1392,Cody Sanchez,dianewatson@example.com,2025-07-21,North,Organic Search
1393,Fernando Smith,jason95@example.org,2024-05-24,South,Social Media
1394,Janice Guzman,dakotaramirez@example.net,2024-03-03,Central,Paid Ads
1395,Rhonda Powers,bfleming@example.com,2024-11-18,North,Organic Search
1396,Christina Williams,rjimenez@example.com,2023-12-30,West,Email
1397,Jesse Guzman,byoung@example.com,2024-05-07,Central,Email
1398,Richard Johnston,buckjustin@example.com,2023-02-15,West,Paid Ads
1399,Joseph Rose,deanna17@example.org,2024-12-20,South,Paid Ads
1400,Jennifer Turner,karen61@example.net,2023-06-10,North,Email
1401,Katherine Williams,heather77@example.net,2024-07-05,South,Referral
1402,Barbara Brooks,johnsonbrandon@example.org,2025-02-27,South,Direct
1403,Wyatt Callahan,fperez@example.org,2023-03-10,North,Organic Search
1404,Robin Cabrera,villamiranda@example.com,2023-11-07,South,Organic Search
1405,Amanda Williams,charles59@example.com,2023-04-10,West,Social Media
1406,Christopher Taylor,uwilson@example.org,2025-02-25,South,Organic Search
1407,Stacy Church,qwalsh@example.org,2025-04-14,East,Direct
1408,Cynthia Woods,ubray@example.net,2025-02-19,South,Referral
1409,Mr. Ralph Dawson,angelica33@example.net,2023-12-11,North,Paid Ads
1410,Wesley Brown,santiagotaylor@example.com,2024-03-08,West,Organic Search
1411,Brian Clark,kathleen47@example.net,2024-06-20,South,Paid Ads
1412,Jonathan Sloan,sabrinacruz@example.com,2023-11-02,South,Organic Search
1413,Kayla Deleon,caseyhenderson@example.net,2024-09-20,Central,Social Media
1414,Sergio Wong,stevenrodriguez@example.org,2025-09-22,West,Social Media
1415,Steven Lopez,alvarezalyssa@example.com,2023-06-17,East,Paid Ads
1416,Timothy Miller,zlewis@example.net,2024-12-07,East,Organic Search
1417,Gene Alexander,corey66@example.org,2025-08-25,South,Social Media
1418,James Wheeler,gstone@example.net,2024-11-22,Central,Email
1419,David Rodriguez,brownaustin@example.com,2024-02-09,East,Paid Ads
1420,Joseph Hill,gmyers@example.org,2023-08-08,North,Paid Ads
1421,Sherry Adams,georgeharris@example.net,2025-08-24,East,Referral
1422,Kyle Gross,lopezrebecca@example.net,2024-03-01,South,Referral
1423,Eric Knox,georgemaldonado@example.org,2023-05-12,West,Email
1424,Steven Thomas,waderonnie@example.org,2025-03-04,Central,Paid Ads
1425,Dennis Jones,wheelertara@example.net,2024-08-13,East,Organic Search
1426,Shane Kennedy,fuentesashley@example.com,2024-08-25,West,Paid Ads
1427,Kelly Jackson,kimberlygarcia@example.net,2025-09-03,North,Organic Search
1428,John Bell,elizabeth45@example.com,2023-09-20,East,Email
1429,Harold Mckinney,rrodriguez@example.net,2023-12-06,Central,Organic Search
1430,Alicia Irwin,donnathomas@example.com,2023-10-13,West,Organic Search
1431,Kenneth Dominguez,vhoward@example.org,2025-01-14,North,Social Media
1432,Troy Fowler,natalie87@example.net,2024-04-03,South,Organic Search
1433,Thomas Bailey,peter64@example.com,2023-03-13,South,Social Media
1434,Kevin Miles,hamiltonspencer@example.com,2024-06-10,East,Direct
1435,Wayne Porter,stevenhernandez@example.com,2024-03-21,North,Paid Ads
1436,Mary Torres,calvin40@example.com,2023-01-24,West,Paid Ads
1437,Douglas Watkins,freemanadam@example.com,2024-02-13,North,Social Media
1438,April King,natasha88@example.org,2023-06-29,South,Organic Search
1439,Michelle Thomas,ryanhull@example.com,2024-04-21,West,Direct
1440,John Gomez,ghenderson@example.com,2023-09-08,West,Email
1441,Linda Thompson,ushelton@example.net,2023-04-15,North,Email
1442,Randall Wright,tspencer@example.com,2024-05-05,West,Direct
1443,Keith Fuller,nicholasliu@example.com,2025-03-08,Central,Email
1444,Joseph Benson,taylor67@example.com,2024-08-07,West,Email
1445,Julia Gaines,bernardrobert@example.org,2024-11-01,West,Paid Ads
1446,Elizabeth Sanchez,david89@example.com,2024-04-29,South,Paid Ads
1447,Ryan Martinez,fordkathryn@example.net,2025-02-19,East,Email
1448,Anthony Brown,cookconnor@example.com,2025-05-25,North,Paid Ads
1449,Melissa Lin,yangemily@example.net,2025-01-03,South,Organic Search
1450,Meredith Black,rtaylor@example.net,2024-03-22,North,Referral
1451,Elizabeth Collins,shaffercindy@example.org,2023-11-16,North,Social Media
1452,Aaron Munoz,meyerjohn@example.org,2024-08-07,West,Paid Ads
1453,Ross Wallace,howekevin@example.com,2024-09-19,East,Paid Ads
1454,Dr. Sarah Payne,nvillarreal@example.org,2024-06-20,North,Social Media
1455,Mark Lopez,georgeharmon@example.net,2024-09-30,South,Organic Search
1456,John Roberts,haleytrevor@example.net,2023-09-02,East,Social Media
1457,James Marsh,bbutler@example.org,2024-03-02,East,Email
1458,Jim Elliott,carpenteraustin@example.net,2024-06-07,West,Direct
1459,Lisa Williams,sydney77@example.com,2024-01-21,Central,Direct
1460,Christopher Mason,michaelmccarthy@example.com,2024-08-11,South,Organic Search
1461,Carrie Hernandez,stephen24@example.net,2023-07-16,North,Social Media
1462,James Hendricks,ebennett@example.net,2024-01-26,North,Organic Search
1463,Laura Pennington,david59@example.net,2023-09-21,East,Paid Ads
1464,Luis Powell,johnsonjessica@example.org,2023-09-03,Central,Social Media
1465,Brian Villa,omorris@example.net,2023-12-03,South,Organic Search
1466,Ashley Gilmore,acampos@example.org,2024-08-02,North,Email
1467,David Johnson,alexandernicholas@example.net,2024-05-04,South,Social Media
1468,Tammy Morris,ogray@example.net,2024-04-09,South,Organic Search
1469,Christina Henry,jeremiah26@example.net,2025-03-23,East,Social Media
1470,Cheryl Perkins,harrislisa@example.org,2023-06-10,West,Social Media
1471,Jason Payne,petersonfaith@example.net,2024-09-12,South,Social Media
1472,Kathleen Collier,wmason@example.net,2023-06-04,East,Referral
1473,Sarah Solis,ypatterson@example.org,2023-06-19,East,Direct
1474,Bethany Holmes,wilsonjerry@example.net,2024-02-25,East,Organic Search
1475,Alison Nicholson,sandra46@example.net,2024-11-04,South,Paid Ads
1476,Shane Moore,charles93@example.net,2024-03-26,North,Social Media
1477,Kathryn Ross,gardnerpatricia@example.net,2023-07-20,West,Referral
1478,Thomas Baker,johnsonrobert@example.org,2023-09-03,East,Organic Search
1479,Phillip Taylor,sandra03@example.com,2025-08-21,West,Email
1480,Travis Strong,reedchad@example.com,2024-04-12,North,Organic Search
1481,Lisa Miller,rpotts@example.net,2023-12-31,North,Paid Ads
1482,Andrew Romero,ryan43@example.org,2024-09-09,East,Referral
1483,Allison Casey,amandadalton@example.net,2024-07-19,East,Paid Ads
1484,Alicia Olson,scannon@example.org,2023-08-18,North,Organic Search
1485,Jeffery Taylor,nwilson@example.com,2024-04-11,West,Referral
1486,Greg Hull,jessechapman@example.org,2023-08-20,West,Organic Search
1487,Paul Morton,ritteralexis@example.net,2024-05-14,South,Email
1488,Anthony Brown,cwhite@example.com,2024-07-16,North,Email
1489,Matthew Sanchez,david67@example.net,2023-10-26,South,Organic Search
1490,Billy Wright,troymoss@example.com,2024-07-26,Central,Paid Ads
1491,Shannon Wallace,shelly84@example.net,2023-05-05,South,Organic Search
1492,Steven Flores,brownrachel@example.net,2024-12-07,South,Organic Search
1493,Katelyn Miller,maureenmeyer@example.com,2024-08-11,East,Paid Ads
1494,Christine Watson,barryyoung@example.com,2025-07-11,West,Direct
1495,Jordan Wilson,rhuff@example.com,2023-12-30,West,Direct
1496,Elizabeth Hanna,ramirezchelsea@example.com,2024-01-09,Central,Social Media
1497,James Wallace,jamielopez@example.com,2025-01-01,East,Direct
1498,Mary Johnson,sharon95@example.com,2023-09-03,East,Referral
1499,Leslie Todd,jessica96@example.com,2023-10-01,South,Paid Ads
1500,Tanya Goodwin,transtephanie@example.net,2023-06-19,East,Paid Ads
1501,William Nichols,karmstrong@example.net,2024-03-09,South,Social Media
1502,Tyler Mcdonald,davidsmith@example.net,2025-06-17,Central,Organic Search
1503,Angela Wright,matthew60@example.net,2024-07-20,Central,Direct
1504,Derrick King,martinezashley@example.com,2025-01-13,East,Referral
1505,Sarah Wallace,gonzalessteven@example.com,2023-05-22,North,Email
1506,Dr. Daniel Brown,hillcheryl@example.com,2024-06-08,East,Organic Search
1507,Jessica Scott,jordan72@example.org,2025-01-18,West,Direct
1508,Bridget Williamson,halldiamond@example.org,2024-02-07,Central,Email
1509,Shannon Riley,tranjeremy@example.net,2023-03-22,West,Email
1510,Vanessa Smith DVM,amber09@example.org,2024-02-15,North,Organic Search
1511,Billy Wallace,youngmark@example.com,2023-09-08,East,Referral
1512,Melanie Jones,jliu@example.org,2023-08-08,East,Referral
1513,Richard Rogers,xmerritt@example.com,2023-10-28,South,Social Media
1514,Elizabeth Johnson,bradley29@example.org,2023-12-01,East,Direct
1515,Daniel Edwards,shelby69@example.org,2023-04-03,East,Direct
1516,Brittany Farmer,friedmansusan@example.org,2024-07-21,West,Organic Search
1517,Yolanda Mccoy,hryan@example.net,2023-07-23,Central,Organic Search
1518,Lisa Hopkins,mstewart@example.net,2024-05-03,West,Social Media
1519,David Sanchez,jerry51@example.net,2023-03-02,East,Organic Search
1520,Nicholas Beard,christopher88@example.org,2025-10-01,North,Social Media
1521,Martha Jacobs,ohartman@example.net,2023-07-26,North,Social Media
1522,Victoria Frost,kimberlyrussell@example.net,2025-03-08,North,Direct
1523,Lisa Flynn,lee16@example.com,2024-08-09,East,Social Media
1524,Brittany Snyder,rachelwalter@example.org,2023-06-09,North,Organic Search
1525,Jason Cannon,inewton@example.org,2024-12-29,North,Paid Ads
1526,Allison Jackson,andersonmichelle@example.com,2025-03-12,West,Organic Search
1527,Heather Morales,jenniferwilson@example.com,2024-04-30,North,Organic Search
1528,Lisa Mcknight,jonessamantha@example.com,2025-02-05,Central,Direct
1529,Lynn Yang,eroberts@example.net,2023-11-23,East,Paid Ads
1530,Clifford Cannon,hernandezalan@example.net,2024-05-22,West,Organic Search
1531,Matthew Gray,uthompson@example.net,2025-09-01,South,Referral
1532,Raymond Hall,kpeterson@example.net,2024-01-12,North,Organic Search
1533,Lauren Anthony,ymitchell@example.com,2024-02-29,North,Social Media
1534,Tiffany Williams,russellramirez@example.net,2023-08-21,East,Paid Ads
1535,Gregory Martin,joshua73@example.org,2025-09-20,North,Paid Ads
1536,Thomas Zhang,middletonelizabeth@example.org,2023-07-20,East,Referral
1537,Juan Romero,anthonyorr@example.net,2023-10-21,West,Paid Ads
1538,Chloe Freeman,woodjuan@example.net,2024-10-05,East,Organic Search
1539,Jeremy Martinez,hphillips@example.net,2025-09-26,East,Organic Search
1540,Sarah Wallace,fsnyder@example.org,2024-03-10,East,Direct
1541,Monique Wilson MD,garnerjeffrey@example.org,2024-08-08,South,Paid Ads
1542,Jonathon Hill,mannleroy@example.org,2025-03-31,Central,Email
1543,Timothy Bauer,james80@example.net,2024-12-09,East,Paid Ads
1544,Danielle Willis,emilybaker@example.org,2023-02-28,Central,Paid Ads
1545,Mr. Jonathan Anderson,tapiamercedes@example.net,2023-01-27,East,Paid Ads
1546,Jeffrey Henry,christina93@example.net,2024-01-28,Central,Social Media
1547,Joseph Best,mary47@example.com,2023-10-14,South,Email
1548,Jenna Howard,ophillips@example.org,2023-07-15,North,Email
1549,Stephanie Gallagher,umontes@example.org,2024-01-10,North,Organic Search
1550,Audrey Marshall,donna56@example.net,2025-05-05,East,Organic Search
1551,Stephen Larsen,rburke@example.org,2023-04-13,East,Paid Ads
1552,Derek Lewis,xbrown@example.com,2024-06-16,East,Direct
1553,Evan Myers,qcoleman@example.org,2025-05-15,Central,Organic Search
1554,Nicholas Morgan,parkerrobert@example.net,2023-10-28,South,Paid Ads
1555,Kimberly Chan,gouldchristina@example.com,2024-07-18,South,Social Media
1556,Joshua Clements,langchristopher@example.net,2025-08-12,North,Direct
1557,Harold Miranda,penaapril@example.com,2023-04-11,Central,Organic Search
1558,Victoria Massey,oheath@example.com,2024-09-01,East,Direct
1559,Susan Rivera,angelawright@example.org,2024-02-02,East,Organic Search
1560,Alejandro Bentley,masonlacey@example.org,2024-06-26,East,Organic Search
1561,Eric Hall,arthurbrady@example.com,2025-02-12,Central,Organic Search
1562,Bonnie Yang,michelle11@example.net,2023-09-02,South,Social Media
1563,Pamela Perry,newtonamber@example.org,2024-07-05,East,Social Media
1564,Kevin Myers,kristen68@example.net,2024-07-29,North,Email
1565,Donald Harris,tanya97@example.com,2025-05-30,North,Direct
1566,Brandon Rasmussen,timothy88@example.org,2024-04-02,Central,Paid Ads
1567,Willie Luna,kathryn17@example.org,2024-07-22,West,Paid Ads
1568,Allison Wise,kwood@example.org,2023-03-15,Central,Organic Search
1569,Evelyn Pacheco,davisgary@example.com,2023-10-29,North,Social Media
1570,Angela Powell,kmills@example.org,2024-10-04,South,Paid Ads
1571,Johnny Jenkins,mary05@example.net,2023-12-10,Central,Email
1572,Jennifer Smith,karinorton@example.net,2024-08-02,North,Organic Search
1573,Dr. David Murray MD,morseronald@example.org,2025-03-21,North,Organic Search
1574,Peter Martin,martinsamuel@example.org,2024-05-26,East,Organic Search
1575,Jeff Jackson,jtaylor@example.com,2024-03-09,South,Social Media
1576,Edward Graham,jennifer48@example.com,2023-02-23,East,Social Media
1577,Jacqueline Santos,kellycohen@example.net,2023-02-22,West,Email
1578,Jacqueline Munoz,vford@example.net,2024-03-22,North,Organic Search
1579,Sarah Taylor,asmith@example.org,2023-01-05,East,Social Media
1580,Austin Rowland,jacqueline31@example.net,2023-12-24,West,Social Media
1581,Brandon Weber,carlfields@example.org,2024-04-06,East,Referral
1582,Adrian Lee,lori69@example.net,2025-08-30,East,Social Media
1583,Marcus Powell,ann31@example.net,2023-12-29,North,Organic Search
1584,Nicholas Ramirez,anne28@example.net,2024-05-05,West,Direct
1585,Janet Johnston,tammy97@example.org,2024-12-21,West,Paid Ads
1586,Richard Hays,noblechristina@example.org,2025-02-15,North,Referral
1587,Shannon Morris,taylorlindsay@example.com,2024-05-10,South,Referral
1588,Erin Mason,allenphillip@example.com,2023-07-03,North,Email
1589,Heather Roberson,alyssa93@example.org,2023-06-15,North,Referral
1590,Sandra Dawson,fcastro@example.net,2023-09-03,West,Social Media
1591,Melissa Grant,lpearson@example.org,2023-10-29,East,Organic Search
1592,Savannah Townsend,jessica39@example.net,2024-06-05,North,Organic Search
1593,Tammie Lee,harold03@example.com,2023-02-11,East,Organic Search
1594,Cory Willis,clinton54@example.net,2023-08-29,West,Social Media
1595,Lisa Johnson,darlene60@example.net,2024-04-07,West,Referral
1596,Denise Brown,roysara@example.net,2024-01-07,West,Organic Search
1597,Katherine Wells,johnsonanthony@example.net,2025-05-26,East,Direct
1598,Noah Pitts,christopherflowers@example.org,2025-01-16,North,Direct
1599,Mark Brown,hodgejoshua@example.org,2025-02-26,North,Organic Search
1600,Nancy Cook,rachael29@example.net,2025-09-17,East,Paid Ads
1601,Kelli Shepard,qbutler@example.net,2024-12-09,West,Paid Ads
1602,Corey Juarez,jessicamiller@example.com,2023-09-04,North,Social Media
1603,Lee Barker,vthompson@example.org,2025-11-30,North,Paid Ads
1604,Justin Wilson,scarroll@example.org,2023-10-18,Central,Social Media
1605,Julie Wilson,whitechristopher@example.com,2024-07-07,South,Social Media
1606,Tracy Wang,robinsonnicholas@example.org,2023-09-05,Central,Paid Ads
1607,Terri Parker,julierojas@example.com,2025-05-31,North,Organic Search
1608,Michael Thompson,annettegutierrez@example.org,2024-06-16,West,Email
1609,Curtis Krause,heidi41@example.com,2024-04-13,South,Referral
1610,Jack Barton,rgallegos@example.org,2024-10-20,West,Direct
1611,Ruben Cruz,victoriahamilton@example.net,2024-04-22,North,Email
1612,Rebecca Clark,christopher34@example.org,2024-10-28,South,Direct
1613,Andre Wilson,thomasmcdonald@example.com,2024-08-18,North,Paid Ads
1614,James Chapman,morrisdaniel@example.com,2024-04-16,South,Email
1615,Aimee Fisher,matthew12@example.com,2025-04-03,West,Organic Search
1616,John Lopez,gonzaleschristina@example.net,2024-05-28,Central,Paid Ads
1617,Jessica Ross,johnnybrooks@example.com,2024-06-18,North,Paid Ads
1618,Mr. Andrew Hickman,kathrynsantana@example.net,2023-08-29,North,Organic Search
1619,Jeffery Adams,kwatkins@example.net,2023-07-29,East,Referral
1620,Eric Carlson,stephaniebradley@example.org,2024-04-13,Central,Organic Search
1621,Gary Choi,parkerkatie@example.com,2024-04-08,East,Paid Ads
1622,Christopher Smith,jamesjackson@example.com,2024-01-31,East,Social Media
1623,David Harris,ramseyeric@example.net,2023-06-13,East,Organic Search
1624,Jacqueline Woods,cory86@example.net,2023-01-21,East,Paid Ads
1625,John Bennett,wmccarthy@example.org,2024-12-23,South,Referral
1626,Fernando Mcconnell,smejia@example.net,2024-06-24,Central,Paid Ads
1627,Jessica Long,reedelizabeth@example.net,2024-05-31,North,Email
1628,Stephen Thompson,mikemorgan@example.org,2023-06-06,Central,Organic Search
1629,Nicole Melendez,devinlopez@example.org,2023-04-23,Central,Paid Ads
1630,Brandon Cruz,ronaldmitchell@example.com,2023-10-22,West,Social Media
1631,Karen Green,zwhite@example.net,2024-08-20,West,Organic Search
1632,Ashley Drake,gina16@example.org,2024-06-27,South,Organic Search
1633,Carl Hunter,psmith@example.net,2024-06-05,West,Social Media
1634,Raymond Turner,judy19@example.com,2023-12-13,South,Paid Ads
1635,Priscilla Joseph,daniel26@example.net,2024-04-25,South,Social Media
1636,Sheila Miller,rogerssarah@example.net,2023-04-05,North,Organic Search
1637,Jose Mendez,dgraham@example.com,2023-08-29,East,Direct
1638,Sean Stevens,smallgina@example.com,2024-09-06,Central,Organic Search
1639,Michael Wang,danielsguy@example.com,2025-03-22,Central,Paid Ads
1640,Jeremy Evans,larsonmichael@example.org,2023-08-31,South,Email
1641,Jennifer Thompson,martinezduane@example.com,2023-03-01,North,Organic Search
1642,Donald Bonilla,samanthaberger@example.net,2024-10-18,West,Direct
1643,Laura Williams,nathan29@example.net,2025-02-01,North,Referral
1644,Sonia Reyes,morgandana@example.com,2025-05-07,South,Paid Ads
1645,Alex Clements,jennifer16@example.org,2024-10-13,East,Organic Search
1646,Laura Cooley,heatherwilliams@example.net,2024-12-17,Central,Organic Search
1647,Philip Kim,joshuapowers@example.net,2024-05-14,West,Organic Search
1648,Christopher Mitchell,russellandrew@example.com,2024-02-16,East,Direct
1649,Denise Ford,colton30@example.net,2025-02-21,South,Direct
1650,Arthur Roberts,omatthews@example.net,2024-03-31,Central,Paid Ads
1651,James Spears,cooperluis@example.com,2025-05-08,North,Paid Ads
1652,Scott Porter,emilyscott@example.org,2023-08-28,South,Social Media
1653,Laura Miller,whoffman@example.org,2024-02-15,North,Organic Search
1654,William Wood,karen77@example.org,2024-02-27,North,Social Media
1655,Kevin Weber,wperry@example.org,2024-08-15,North,Organic Search
1656,Diane Manning,nicholasmedina@example.com,2023-02-26,North,Organic Search
1657,Sarah Davis,jasonrodriguez@example.com,2023-06-28,South,Paid Ads
1658,Christopher Waters,wpierce@example.org,2024-07-21,South,Paid Ads
1659,Kyle Flores,crystal58@example.net,2023-08-29,North,Paid Ads
1660,Courtney Powell,cmitchell@example.org,2024-07-29,North,Paid Ads
1661,Cassandra Roberts,kathryn21@example.com,2023-09-05,East,Direct
1662,Jennifer Barnes,danamontgomery@example.org,2023-11-08,Central,Social Media
1663,Kathy Miller,udougherty@example.net,2023-11-03,South,Organic Search
1664,Keith Kennedy,craneandrew@example.net,2025-04-25,West,Social Media
1665,Martha Arnold,melissamartin@example.com,2024-08-07,West,Organic Search
1666,Cynthia Kennedy,marcuscarter@example.org,2025-07-19,North,Email
1667,Joel Sanchez,yfritz@example.org,2023-07-09,East,Email
1668,Kathryn Rodriguez,monica23@example.com,2023-02-06,West,Organic Search
1669,Andrea Goodman,ecamacho@example.com,2023-12-02,Central,Direct
1670,Jason Green,baldwincatherine@example.net,2024-02-28,South,Paid Ads
1671,Jessica Carey,carterraymond@example.net,2023-11-04,East,Referral
1672,Heidi Moran,hpatterson@example.org,2024-11-08,North,Organic Search
1673,Dennis Bryan,bowenmichael@example.net,2023-09-07,South,Direct
1674,Thomas Pope,josephrivera@example.net,2024-07-07,South,Email
1675,Steven Vasquez,katherinepeterson@example.net,2024-03-19,North,Direct
1676,Richard Lyons,brooke22@example.net,2023-11-12,West,Paid Ads
1677,Daniel Wood,jennifer42@example.net,2025-05-01,North,Email
1678,Karen Gonzales,eric22@example.net,2023-06-11,Central,Social Media
1679,James Walsh,rosalesbrandy@example.org,2024-06-21,Central,Paid Ads
1680,Deanna Griffith,kwoods@example.com,2023-05-17,West,Paid Ads
1681,Laurie Mason,nicholas72@example.net,2023-02-18,Central,Paid Ads
1682,Mr. James Barnett,petersonkyle@example.org,2024-12-12,East,Email
1683,Lee Daniel,santosmichael@example.com,2025-03-30,South,Paid Ads
1684,Margaret Smith,judithcox@example.org,2023-12-06,East,Direct
1685,Brett Rivera,nelsonsuzanne@example.net,2024-05-04,East,Direct
1686,Angela Yates,pknight@example.org,2025-02-19,East,Paid Ads
1687,Patrick Norris,jeremylove@example.org,2024-01-30,West,Email
1688,Lee Arnold,pauljessica@example.org,2023-07-23,West,Email
1689,Brandi Turner,jeremywillis@example.net,2024-07-21,East,Direct
1690,Brett Keith,florescynthia@example.org,2024-06-06,South,Direct
1691,Jeremy Alvarez,danielsjason@example.com,2025-04-20,Central,Social Media
1692,Adam Jordan,cortezscott@example.net,2023-12-11,West,Email
1693,Robert Mendez,qgay@example.com,2024-09-13,Central,Email
1694,Katherine Thompson,ppalmer@example.com,2025-06-26,East,Direct
1695,Joseph Peterson,connie12@example.com,2025-01-03,South,Email
1696,Steven Hicks,emartin@example.com,2025-04-14,East,Direct
1697,Anna Atkins,dana82@example.org,2024-08-09,South,Direct
1698,Pamela Lewis,luke87@example.org,2024-05-24,Central,Paid Ads
1699,Tanya Clark,mariolee@example.com,2023-10-21,North,Paid Ads
1700,Sarah Bishop,markblack@example.com,2023-11-10,East,Paid Ads
1701,Rachel Chan,jeremy47@example.com,2024-02-02,East,Organic Search
1702,Eric Acosta,shannon69@example.com,2023-06-15,Central,Direct
1703,Abigail Case,schmittmichael@example.org,2023-03-05,North,Social Media
1704,Pamela Smith,jasonmoran@example.com,2023-11-15,North,Paid Ads
1705,Allison Simmons,jnguyen@example.net,2024-08-05,East,Email
1706,Daniel Shaw,daniel32@example.com,2024-03-28,East,Direct
1707,Teresa Watkins,harringtonpeter@example.net,2024-09-11,North,Organic Search
1708,Mr. Lawrence Brooks,brownmatthew@example.net,2024-02-25,South,Organic Search
1709,Thomas Rodriguez,nicolejones@example.net,2025-07-24,North,Referral
1710,Christian Hernandez,audrey81@example.com,2024-08-26,South,Organic Search
1711,Kenneth Farmer,angela40@example.org,2024-03-24,South,Paid Ads
1712,Andrea Hartman,susan57@example.net,2024-04-02,North,Email
1713,Cathy Mcdonald,mcox@example.net,2023-07-20,East,Direct
1714,Deanna Munoz,taylordawn@example.com,2023-02-19,South,Social Media
1715,John Williams,durhamwilliam@example.org,2024-12-27,West,Social Media
1716,Whitney Moyer,kristy74@example.net,2023-10-06,West,Organic Search
1717,Austin Jones,mccannkimberly@example.net,2024-04-16,South,Email
1718,Jose York,mbishop@example.org,2024-04-28,North,Paid Ads
1719,Jessica Hill,vpreston@example.org,2025-08-30,North,Referral
1720,Angel Holland,shawn60@example.com,2023-04-28,South,Organic Search
1721,Abigail Clayton,smithmarcus@example.org,2023-05-04,North,Organic Search
1722,Daniel Craig,amanda39@example.com,2025-03-02,West,Direct
1723,Michelle Ray,kendraharris@example.org,2024-05-10,West,Email
1724,Joseph Blackburn,chanamber@example.org,2024-01-30,West,Direct
1725,Ethan Hall,jamesmartin@example.com,2023-08-06,North,Paid Ads
1726,Thomas Barton,taylorrachel@example.com,2024-06-17,West,Direct
1727,Travis Johnson,omargriffin@example.com,2024-05-03,North,Referral
1728,Ray Lawrence,davisgregory@example.net,2025-10-03,West,Paid Ads
1729,Barbara Sherman,shepardjoy@example.com,2023-01-25,East,Social Media
1730,Emily Lee,marshmichael@example.com,2024-07-22,South,Email
1731,Theresa Smith,zlara@example.org,2023-05-03,North,Social Media
1732,Tracy Copeland,pbautista@example.com,2023-05-27,South,Social Media
1733,Michael Santos,bliu@example.com,2024-02-05,South,Social Media
1734,Stephanie Williams,gregorysmith@example.net,2023-05-29,West,Email
1735,Michael Farmer,carlsonjason@example.net,2024-03-09,North,Referral
1736,Jacqueline Perry,robertthompson@example.net,2024-11-19,West,Organic Search
1737,Natalie Patrick,michaelbuckley@example.org,2023-12-05,South,Social Media
1738,Damon Powell,regina49@example.com,2023-12-26,South,Email
1739,Alexander Johnson,jjohnson@example.com,2024-07-12,East,Direct
1740,James George,ericsmith@example.org,2024-02-23,West,Organic Search
1741,William Rodriguez,amarshall@example.net,2024-01-09,West,Organic Search
1742,Scott Pacheco,collinsterrance@example.com,2023-06-22,North,Referral
1743,Matthew Diaz,woodskaitlyn@example.net,2023-10-24,East,Paid Ads
1744,Daniel Anderson,jeremiahmiller@example.org,2024-04-07,South,Organic Search
1745,Diane Gilbert,jeremylopez@example.net,2023-04-12,East,Social Media
1746,Michael Murray,kathleen25@example.com,2024-06-14,Central,Organic Search
1747,Charles Doyle,adkinslauren@example.net,2025-10-04,North,Organic Search
1748,Craig White,cynthiaconley@example.org,2024-01-22,North,Email
1749,Frank Armstrong,mmathews@example.net,2023-05-06,South,Organic Search
1750,Tricia Sullivan,shawnbaker@example.com,2024-01-23,South,Social Media
1751,Douglas Mack,matthew24@example.com,2024-10-22,West,Organic Search
1752,Katherine Dunn,barnettmatthew@example.net,2023-03-21,East,Paid Ads
1753,Richard Simmons,oconnelldavid@example.org,2025-03-26,South,Referral
1754,Sandra Martinez,david54@example.com,2023-04-22,North,Social Media
1755,William Miller,raymondpugh@example.net,2024-01-08,East,Referral
1756,Ryan Walker,gonzalezjulie@example.net,2024-04-18,Central,Organic Search
1757,Brittany Heath,mcbridemichael@example.org,2024-12-14,South,Social Media
1758,Yolanda Jackson,craigmartin@example.net,2023-09-20,North,Email
1759,Courtney Arias,amberfriedman@example.com,2024-10-14,Central,Referral
1760,Diana Haley,hphillips@example.com,2025-01-20,East,Organic Search
1761,Julie Taylor,aaron48@example.net,2023-02-25,East,Paid Ads
1762,Thomas Austin,brownrobert@example.org,2024-10-28,East,Organic Search
1763,Mr. William Bray,petermoore@example.com,2024-01-14,East,Social Media
1764,Corey Flowers,perezstacy@example.org,2023-11-05,East,Organic Search
1765,Becky Singh,jamiethomas@example.com,2023-02-15,East,Paid Ads
1766,Alexandra Wilson,alexandria97@example.org,2025-11-24,Central,Paid Ads
1767,Elizabeth Martinez,whernandez@example.net,2024-02-08,North,Email
1768,Dillon Travis,qmassey@example.org,2023-04-25,Central,Direct
1769,Jessica Jackson,oblake@example.net,2023-07-03,North,Social Media
1770,Zachary Morrison,john76@example.com,2024-10-04,East,Social Media
1771,Brian Carrillo,rebecca85@example.com,2023-10-07,West,Organic Search
1772,Danielle Kelly,garcialinda@example.org,2025-03-21,North,Social Media
1773,Connie Hamilton,dalton78@example.net,2023-07-26,East,Social Media
1774,Jamie Stone,gwilliams@example.net,2023-10-09,South,Direct
1775,Maria Garcia,wilsonkathryn@example.com,2024-02-22,East,Organic Search
1776,Michelle Munoz,chiggins@example.com,2024-07-18,South,Organic Search
1777,Jessica Murray,bentleylisa@example.net,2023-04-23,West,Paid Ads
1778,Jessica Odonnell,ashleyjohnson@example.com,2023-05-07,North,Direct
1779,Thomas Pham,qatkinson@example.com,2025-03-16,East,Direct
1780,Hailey Beltran,joshuabowers@example.com,2025-05-28,South,Paid Ads
1781,William Baker,jasontownsend@example.net,2023-05-17,North,Direct
1782,Natalie Mullins,megangates@example.com,2025-07-02,North,Social Media
1783,Joshua Trujillo,leslietorres@example.net,2025-01-07,South,Paid Ads
1784,Jared Howell,katherineharris@example.net,2025-06-28,West,Email
1785,Mr. Jeffrey Ward,susanmorris@example.org,2024-06-25,Central,Email
1786,Eric Hunter,katherine82@example.com,2024-07-30,West,Email
1787,Angela Davis,jphelps@example.net,2024-09-27,West,Direct
1788,Hector Anderson,vgarcia@example.com,2023-07-12,East,Paid Ads
1789,Tricia Nguyen,elizabethhill@example.com,2024-01-02,Central,Social Media
1790,Michael Robinson,scottcain@example.org,2024-10-27,East,Organic Search
1791,David Smith,amassey@example.net,2024-05-06,North,Paid Ads
1792,Laura Gutierrez,yburton@example.net,2024-04-14,East,Email
1793,Robert Cox,ryan53@example.com,2024-07-18,South,Social Media
1794,Angela Steele,michelle38@example.net,2025-04-29,West,Social Media
1795,William Mueller,gnichols@example.net,2025-02-17,South,Direct
1796,Gregory Park,stevenandrews@example.org,2024-12-08,South,Organic Search
1797,Jeffrey Garza,bentongeorge@example.net,2025-03-22,Central,Organic Search
1798,Matthew Huang,jdillon@example.org,2024-08-19,Central,Paid Ads
1799,Ana Higgins,stacey09@example.com,2025-08-27,North,Organic Search
1800,Phillip Anderson,clewis@example.com,2023-09-05,North,Direct
1801,Megan Rivera,ithomas@example.net,2025-01-07,South,Organic Search
1802,Shari Arellano,josephmichael@example.org,2023-04-10,South,Paid Ads
1803,Andrea Brown,ucross@example.org,2024-08-20,South,Direct
1804,Kyle Blake,maryjohnson@example.com,2023-03-16,Central,Organic Search
1805,Evelyn Davis,rberry@example.com,2024-11-27,East,Organic Search
1806,Jane Wells,isaac45@example.org,2024-05-01,South,Referral
1807,Sherry Porter,jorgegonzalez@example.com,2025-04-14,West,Organic Search
1808,Miss Gina Walton,andrew90@example.net,2024-11-16,South,Organic Search
1809,Jake Jackson,smithpaul@example.org,2023-02-21,East,Organic Search
1810,Laura Brooks,sosajacob@example.net,2024-02-13,South,Email
1811,Mr. William Davis DDS,carolberry@example.com,2024-02-11,West,Social Media
1812,Sheryl Thompson,lisawallace@example.net,2024-01-02,East,Organic Search
1813,Joshua Rubio,aguirrelarry@example.com,2023-07-11,South,Organic Search
1814,Michael Lawrence,racheljimenez@example.net,2025-06-24,North,Referral
1815,Louis Rogers,jmcfarland@example.com,2023-06-12,West,Organic Search
1816,Terry Barnett,morganmichael@example.org,2024-12-09,West,Social Media
1817,Katherine Bauer,howardsabrina@example.com,2023-09-27,South,Paid Ads
1818,Susan Zimmerman,abbottchristopher@example.net,2023-01-15,East,Organic Search
1819,Joseph Andrews,psherman@example.org,2024-05-20,Central,Direct
1820,Chad Gallagher,sheryl66@example.com,2024-02-26,East,Organic Search
1821,John Henry,anna96@example.com,2023-10-15,South,Organic Search
1822,Dr. Dustin Sutton Jr.,lopezchristopher@example.net,2023-05-05,North,Social Media
1823,Laura Thompson,jocelyn80@example.org,2023-09-14,South,Referral
1824,Janice Bell,colongabrielle@example.com,2024-03-03,South,Direct
1825,Kelly Thompson,erin03@example.org,2024-02-04,South,Organic Search
1826,Cody Walker,charles37@example.org,2023-09-12,South,Social Media
1827,Lisa Williams,sharris@example.org,2023-11-19,South,Email
1828,Abigail Allen,tracey63@example.com,2024-05-13,West,Email
1829,Jennifer Moore,christyscott@example.com,2023-09-22,South,Paid Ads
1830,Michelle Barrera,jamie46@example.net,2023-08-09,North,Social Media
1831,Rodney Bennett,lisafreeman@example.net,2024-09-14,North,Paid Ads
1832,Michael Williams,sanderson@example.org,2024-05-14,West,Referral
1833,Brian Moore,ijones@example.com,2025-02-25,South,Direct
1834,Patrick Moses,smitchell@example.com,2024-09-29,West,Paid Ads
1835,Deborah Juarez,mcarson@example.org,2023-09-28,West,Direct
1836,Kathleen Martinez,harrisondaniel@example.org,2024-04-30,North,Organic Search
1837,James Miller,allenchristina@example.com,2024-01-21,West,Organic Search
1838,Jessica Hammond,kaylahardy@example.org,2024-12-10,Central,Referral
1839,Tiffany Peterson,sandra57@example.org,2023-12-13,South,Paid Ads
1840,Amy James,william32@example.net,2023-11-09,South,Organic Search
1841,Matthew Gonzales,pjones@example.net,2024-02-01,South,Email
1842,Kristin Thomas,brian16@example.net,2024-11-05,South,Paid Ads
1843,Lisa Jackson,mitchell21@example.net,2024-12-12,East,Social Media
1844,James Hart,hmack@example.org,2024-03-17,South,Social Media
1845,Amanda Gardner,banksrenee@example.net,2023-03-01,North,Organic Search
1846,Diane Jensen,pkent@example.net,2024-02-02,West,Email
1847,David Baird DDS,jcalhoun@example.com,2025-01-28,East,Social Media
1848,Heather Thomas,sylviaprice@example.com,2024-03-24,North,Paid Ads
1849,Isabel Smith,douglas76@example.net,2023-04-03,East,Social Media
1850,Sarah Archer,marygomez@example.com,2023-09-09,South,Direct
1851,Jason Quinn,dfarley@example.com,2023-11-10,South,Direct
1852,Maurice Anderson,johnmarquez@example.net,2024-07-10,South,Email
1853,Shane Hopkins,rachel86@example.com,2023-12-12,East,Social Media
1854,Cindy Thomas,danielsshaun@example.net,2023-10-05,South,Organic Search
1855,Curtis Morgan,donnagiles@example.com,2024-12-22,North,Organic Search
1856,Jeremy Benson,lbradley@example.com,2023-12-09,South,Organic Search
1857,Miss Patricia Davidson,edwardstewart@example.org,2024-03-17,West,Direct
1858,Bianca Velazquez,cheryl98@example.net,2023-08-08,West,Paid Ads
1859,Amanda Davis,milleralan@example.org,2024-09-25,East,Organic Search
1860,Brandon Huynh,james23@example.com,2024-08-26,South,Organic Search
1861,Heidi Blankenship,talvarez@example.org,2023-05-09,North,Paid Ads
1862,Brian Hoffman,frankwilson@example.net,2023-04-30,West,Referral
1863,Justin Fuller,hannah31@example.net,2024-10-20,North,Direct
1864,Susan Davis,taylorparker@example.com,2023-12-11,Central,Referral
1865,Randall Willis,sarah99@example.org,2024-06-13,North,Organic Search
1866,Alejandro Vasquez,nicole15@example.org,2025-03-16,West,Paid Ads
1867,Marcus Byrd,danieldonovan@example.net,2024-01-23,Central,Referral
1868,Mark Carter,gomeztonya@example.com,2025-07-06,Central,Paid Ads
1869,Steven Butler,michaelking@example.net,2023-12-16,East,Email
1870,Joseph Moon,kflores@example.org,2024-12-26,West,Organic Search
1871,Melody Baker,rmorgan@example.net,2025-05-20,South,Paid Ads
1872,Mary Hopkins MD,andersontiffany@example.net,2023-07-10,South,Paid Ads
1873,Kenneth Turner,rebeccajames@example.org,2023-10-20,West,Organic Search
1874,Debra Brooks,linda66@example.net,2025-04-23,West,Email
1875,Tommy Ball,tracyadams@example.com,2023-03-01,West,Social Media
1876,Angela Wade,michelle10@example.org,2024-04-30,Central,Social Media
1877,Ashley Jones,calvin93@example.org,2023-05-24,West,Referral
1878,Alexandra Smith,molly91@example.org,2024-10-04,East,Social Media
1879,Tracie Costa,kristi19@example.org,2024-03-10,West,Direct
1880,Charles Hardin,lopezjennifer@example.org,2023-06-09,North,Paid Ads
1881,Rickey Hall,lovepaul@example.net,2024-10-30,Central,Email
1882,Karen Gonzalez,ljacobs@example.com,2023-03-25,East,Paid Ads
1883,Michael Hancock,ramoswilliam@example.org,2024-07-29,South,Organic Search
1884,Craig Thomas,hollywarner@example.org,2023-11-07,Central,Organic Search
1885,Samuel Avila,franciscoreid@example.net,2023-10-16,South,Paid Ads
1886,Jason Davidson,ronaldsummers@example.net,2024-03-16,South,Organic Search
1887,Adam Zamora,juan21@example.org,2024-09-10,South,Direct
1888,Gregory Quinn,wmiller@example.net,2024-03-29,East,Organic Search
1889,William Craig,brianna59@example.net,2023-11-16,North,Organic Search
1890,Laura Acosta,shannon75@example.com,2024-12-20,East,Direct
1891,John Gardner,jeremyjackson@example.net,2023-03-25,North,Paid Ads
1892,John Murray,dford@example.com,2023-06-02,Central,Direct
1893,Oscar Cruz,markskristina@example.com,2024-07-29,West,Social Media
1894,Lynn Ross MD,edwardshah@example.org,2023-04-08,West,Organic Search
1895,James Hernandez,james76@example.org,2024-01-24,South,Email
1896,Tyler Dunn,jameslawson@example.com,2024-09-27,West,Social Media
1897,Travis Moore,gomezdaniel@example.com,2025-06-18,North,Referral
1898,Lisa Thomas,alara@example.com,2023-02-22,North,Referral
1899,Eric Moore,gabriella69@example.org,2024-07-02,North,Social Media
1900,Kendra Peterson,lindsay25@example.net,2024-09-16,South,Email
1901,Amy West,usanchez@example.net,2023-05-22,South,Email
1902,Shane Edwards,jbuchanan@example.com,2025-04-12,Central,Paid Ads
1903,Erin Lee,tammyharrington@example.net,2023-08-13,South,Organic Search
1904,Crystal Watkins,lisawright@example.net,2023-08-12,North,Paid Ads
1905,Alec Dixon,cruzeddie@example.com,2025-04-15,East,Paid Ads
1906,John Morrison,carl63@example.com,2024-06-29,North,Social Media
1907,Helen Strickland,owright@example.org,2024-07-03,Central,Social Media
1908,Roger Olson,kristenfrye@example.com,2023-03-07,South,Email
1909,Miss Kimberly Holloway,susanharper@example.org,2025-03-08,North,Paid Ads
1910,Antonio Dyer,john66@example.net,2023-09-01,East,Direct
1911,Alexandra Green,kennethjohnson@example.net,2024-04-06,East,Referral
1912,Angela Marshall,seanreyes@example.org,2024-02-28,Central,Social Media
1913,Olivia Rodriguez,stephen39@example.com,2025-02-23,West,Organic Search
1914,Kevin Morris,martinezmindy@example.net,2024-02-12,North,Organic Search
1915,Charles Decker,opierce@example.com,2024-05-23,Central,Organic Search
1916,Jennifer Nguyen,schneidermario@example.net,2025-10-21,East,Paid Ads
1917,Jorge Sharp,tylermcintosh@example.org,2024-08-09,South,Direct
1918,Joseph Bentley,christopherward@example.com,2024-04-17,North,Email
1919,Jason Potter,dmorales@example.net,2025-06-23,South,Direct
1920,Richard Neal,olsenshane@example.org,2023-06-11,Central,Paid Ads
1921,Sheila Perez,newmanangela@example.org,2023-12-05,East,Organic Search
1922,Melissa Mendoza,robinsonjesse@example.org,2024-10-27,West,Paid Ads
1923,Brenda Flores,qavila@example.com,2024-04-12,North,Paid Ads
1924,Ralph Vasquez,cpierce@example.org,2025-04-28,South,Email
1925,Christine Aguilar,baileychristopher@example.com,2023-08-22,West,Social Media
1926,Sandra Sanders,amandaherman@example.net,2023-06-21,North,Email
1927,Deborah Brooks,mmoore@example.net,2024-01-10,East,Direct
1928,Craig Hurst,swilson@example.com,2024-07-03,South,Paid Ads
1929,Larry Curtis,hharris@example.org,2024-01-01,West,Email
1930,Brian Fitzpatrick,jameshudson@example.net,2024-04-05,West,Email
1931,Michael Lewis,michael03@example.net,2024-05-27,West,Organic Search
1932,Sarah Robinson,collinsjavier@example.org,2024-01-14,West,Email
1933,Christine Arroyo,dcortez@example.com,2023-11-12,North,Email
1934,Carmen Vasquez,laura31@example.net,2024-09-07,Central,Direct
1935,Aaron Johnson,vincentstacey@example.org,2023-04-02,South,Paid Ads
1936,James Carroll,coltonrichardson@example.net,2025-06-07,South,Email
1937,Jay Walter,ramirezdesiree@example.com,2024-02-02,South,Organic Search
1938,Stephanie Turner,stephen31@example.net,2024-06-29,Central,Referral
1939,Melanie Johnson,hthompson@example.org,2024-08-21,East,Organic Search
1940,Jordan Tanner,joseph97@example.org,2023-11-17,North,Organic Search
1941,Brittany Brown,fjohnson@example.com,2023-09-06,East,Organic Search
1942,Jennifer Dudley,douglassusan@example.com,2023-07-19,North,Direct
1943,Michelle Harris,andrew43@example.org,2024-07-07,West,Social Media
1944,Rita Forbes,russomary@example.com,2024-01-07,West,Referral
1945,Michele Conner,mitchellchristopher@example.com,2024-04-14,South,Email
1946,John Martin,jessica82@example.com,2023-06-10,North,Direct
1947,Hannah Thompson,wwatson@example.com,2024-03-02,East,Direct
1948,Michael Preston,bward@example.org,2023-11-24,South,Organic Search
1949,Stacey Cook,debbie78@example.net,2025-05-23,North,Paid Ads
1950,Andrew Hunter,carolfernandez@example.net,2024-06-17,West,Referral
1951,Robert Taylor,makaylasanders@example.com,2024-05-27,South,Paid Ads
1952,Wanda Stephens,johnstonjonathan@example.net,2024-01-25,South,Referral
1953,Carmen Perez,tracy55@example.net,2024-11-22,North,Organic Search
1954,Kelly Weiss,barbarabrady@example.net,2025-03-14,West,Organic Search
1955,Ashley Bowman,barrytanya@example.org,2024-11-24,North,Paid Ads
1956,Thomas Neal MD,nturner@example.net,2024-01-15,North,Organic Search
1957,Tiffany Lee,johnsondavid@example.org,2023-09-11,West,Social Media
1958,Melanie Jones,btapia@example.com,2024-04-13,West,Referral
1959,Alexandra Harper,paul34@example.com,2024-05-18,West,Paid Ads
1960,Tamara Reid,sheltontiffany@example.com,2024-11-26,Central,Referral
1961,Andre Haynes,xmullins@example.org,2023-09-09,East,Social Media
1962,Kevin Gilmore,yvang@example.org,2023-04-05,Central,Direct
1963,Olivia Miller,amy13@example.net,2023-09-29,East,Organic Search
1964,Lynn Davis,pcurry@example.net,2023-12-20,East,Organic Search
1965,Mrs. Emily Waters,arobinson@example.org,2023-07-24,East,Paid Ads
1966,Carl Huffman,wallssean@example.net,2023-12-15,Central,Email
1967,Donald Cunningham,kingdavid@example.net,2025-08-08,East,Direct
1968,Steven Carter Jr.,carolyn61@example.net,2024-03-06,East,Organic Search
1969,Ryan Gonzalez,ywright@example.net,2023-06-26,Central,Organic Search
1970,Susan Barton,turnerjeffrey@example.net,2023-09-24,South,Email
1971,Katherine Reeves,garciadonald@example.net,2024-12-15,West,Direct
1972,Lisa Johnson,srichardson@example.com,2023-05-02,West,Organic Search
1973,Joseph Benson,barnesarthur@example.com,2024-04-24,West,Organic Search
1974,Jennifer Brown,natalie57@example.com,2024-01-22,West,Direct
1975,Dana Reilly,davidmartin@example.net,2024-07-09,East,Paid Ads
1976,Craig Keller,angela71@example.net,2024-06-10,North,Direct
1977,Jason Castro,jamesevans@example.net,2023-06-15,West,Organic Search
1978,Alexandra Brown,rodriguezelizabeth@example.net,2024-04-25,West,Referral
1979,Elizabeth Cain,samantha73@example.org,2024-02-04,South,Organic Search
1980,Karen Lewis,paulschultz@example.net,2024-05-29,West,Email
1981,Andrea Estrada,michellejones@example.net,2024-01-01,Central,Referral
1982,Angel Martin DDS,xfranco@example.org,2023-04-12,North,Social Media
1983,Jennifer Goodwin,harrellkimberly@example.org,2023-02-18,East,Paid Ads
1984,Nicholas Brooks,oobrien@example.net,2023-11-28,North,Social Media
1985,Karen Avery,wlucas@example.net,2023-11-07,North,Social Media
1986,Kyle Roberts,reynoldsanthony@example.org,2024-06-17,East,Paid Ads
1987,Michele Waters,woodphillip@example.com,2024-10-25,West,Paid Ads
1988,Victoria Peterson,samantha78@example.com,2024-06-15,Central,Email
1989,Seth Barker,taylordavis@example.com,2024-09-06,East,Email
1990,Kim Jensen,kingjoseph@example.com,2023-05-05,West,Referral
1991,Linda Perez,rebecca93@example.com,2025-09-04,North,Social Media
1992,Cheryl Rogers,mramirez@example.com,2025-04-30,North,Referral
1993,Chelsea Austin,leahbarker@example.org,2024-10-17,Central,Organic Search
1994,Heather Daniels,james79@example.net,2025-09-04,East,Paid Ads
1995,Nathaniel Walter,jamietyler@example.com,2024-04-24,South,Paid Ads
1996,Matthew Crawford,peterlove@example.net,2023-01-18,West,Email
1997,Glenn Scott,kingtammy@example.net,2025-02-17,Central,Direct
1998,Mrs. Chelsea Villa,jgibson@example.net,2024-11-14,West,Organic Search
1999,Kayla Fisher,brent67@example.net,2024-09-26,East,Social Media
2000,Jeffrey Edwards,herbertward@example.org,2023-02-25,East,Organic Search
2001,Benjamin Rodriguez,david16@example.org,2024-03-28,West,Email
2002,Matthew Brown,morganclaudia@example.com,2025-05-10,West,Organic Search
2003,David Robinson,sarah53@example.org,2024-03-08,West,Social Media
2004,Kevin Farmer,lindabryan@example.org,2025-05-19,West,Email
2005,Alicia Martin,lisa11@example.org,2023-09-27,West,Referral
2006,Connie Stevens,patricialowery@example.com,2024-08-01,South,Direct
2007,David Parker,ogriffin@example.org,2023-08-12,North,Email
2008,Jennifer Wallace,jocelyncruz@example.net,2023-12-03,West,Direct
2009,Allison Hubbard,nicolehenry@example.net,2025-02-26,North,Referral
2010,Alex Romero,mmassey@example.org,2024-08-04,North,Paid Ads
2011,Michael Burke,zjackson@example.org,2025-03-19,East,Paid Ads
2012,Harry Hill,rachel69@example.com,2023-08-28,South,Organic Search
2013,Melissa Elliott,chavezlauren@example.com,2024-02-25,North,Paid Ads
2014,Heather Smith,bramsey@example.org,2024-10-31,Central,Organic Search
2015,Gregory Adams,timothy23@example.net,2025-11-12,East,Organic Search
2016,Linda Patrick,wernermichael@example.org,2023-12-26,North,Organic Search
2017,Thomas Davis,wrightalicia@example.com,2024-04-09,Central,Paid Ads
2018,Edward Garrison,garrett13@example.org,2023-11-08,South,Direct
2019,Laura Logan,keithharrison@example.com,2023-02-08,Central,Paid Ads
2020,Cynthia Morton,carriejones@example.org,2023-04-10,Central,Organic Search
2021,Richard Ferguson,xtran@example.net,2023-07-13,South,Referral
2022,Joseph Lopez,nguyengeorge@example.com,2024-10-01,Central,Organic Search
2023,Alicia Wagner,longgary@example.com,2023-10-26,East,Referral
2024,Carlos Hensley,audrey47@example.org,2025-09-09,East,Social Media
2025,Michael Reeves,daniellewebster@example.org,2025-03-19,Central,Organic Search
2026,Mrs. Donna Rice,zbyrd@example.net,2025-09-16,West,Social Media
2027,Jennifer Warren,kristin96@example.com,2024-11-15,West,Referral
2028,Jennifer Gordon,cmartinez@example.org,2024-06-28,East,Email
2029,Zachary Wilkinson,munozrobert@example.com,2024-08-10,West,Referral
2030,Alexander Freeman,lewiskimberly@example.org,2024-02-23,North,Organic Search
2031,Kevin Blake,deborahturner@example.org,2023-07-28,South,Social Media
2032,Steven Mckee,tommy77@example.com,2023-01-27,North,Social Media
2033,Julie Perry,sanchezdustin@example.net,2023-06-21,East,Organic Search
2034,Elizabeth Brown,pblankenship@example.com,2023-12-15,South,Organic Search
2035,Edward Nicholson,ewilliams@example.org,2025-04-10,East,Referral
2036,Corey Weeks,alexgarcia@example.net,2024-06-22,East,Email
2037,Debra Johnson,crystalwatson@example.com,2024-02-28,South,Organic Search
2038,Robert Stevens,justin08@example.net,2025-01-07,North,Referral
2039,Jeffrey Freeman,estradaamy@example.net,2024-09-24,North,Direct
2040,Andrea Donaldson,trivera@example.com,2023-04-23,East,Organic Search
2041,Madison Thomas,christopherreyes@example.com,2024-01-18,West,Organic Search
2042,Andrew Smith,jameshudson@example.com,2024-10-17,East,Social Media
2043,Sonya Simmons,veronica30@example.org,2024-07-01,West,Social Media
2044,Andrew Acosta,robinsonrose@example.org,2023-06-11,North,Social Media
2045,Katherine Miller,vcain@example.net,2023-11-24,South,Referral
2046,Jacqueline Harrison,barbara85@example.net,2024-02-20,South,Paid Ads
2047,Kelsey Contreras,linda33@example.org,2024-01-23,West,Referral
2048,Dillon Case,victor60@example.net,2024-04-13,North,Paid Ads
2049,Scott Rodriguez,angelarichard@example.org,2023-03-08,South,Organic Search
2050,Danielle Stein,terrywilliam@example.com,2023-12-18,North,Paid Ads
2051,Jennifer Rivera,sanchezcindy@example.net,2024-06-21,West,Email
2052,Erik Small,bsullivan@example.org,2023-03-04,North,Paid Ads
2053,William Cook,david37@example.com,2023-10-05,South,Organic Search
2054,Jennifer Lewis,satkinson@example.org,2024-08-03,North,Email
2055,Carmen Moore,brittney11@example.org,2024-11-17,Central,Paid Ads
2056,Omar Hernandez,fvasquez@example.net,2023-10-18,South,Social Media
2057,Wendy Smith,antoniocarter@example.com,2025-04-06,Central,Organic Search
2058,Tamara Graves,williamspatricia@example.com,2023-10-13,West,Organic Search
2059,Zachary Miller,mendezlori@example.org,2023-03-15,North,Organic Search
2060,Stephanie Holloway,lrodriguez@example.com,2024-02-07,South,Organic Search
2061,Kelly Decker,dillon79@example.com,2023-12-28,Central,Paid Ads
2062,Ricardo Robertson,sobrien@example.com,2024-02-01,West,Referral
2063,Samuel Ortega,wpatrick@example.net,2023-04-05,East,Referral
2064,Matthew Briggs,proman@example.com,2024-05-06,South,Email
2065,Christine Murray,benjaminbrown@example.org,2023-12-02,East,Organic Search
2066,Zachary Martinez,campbellmarvin@example.com,2025-04-19,East,Organic Search
2067,Michelle Graham,spearselizabeth@example.net,2023-02-10,West,Referral
2068,Laurie Pineda,pauladouglas@example.com,2023-06-16,South,Organic Search
2069,Corey Jones,randalllinda@example.com,2024-10-24,South,Email
2070,Jonathan Barrett,ubowers@example.com,2023-06-20,North,Paid Ads
2071,Gabriel Levy,wbarrett@example.net,2023-07-14,East,Paid Ads
2072,Catherine Booth,stephanieperry@example.com,2023-08-30,East,Email
2073,Felicia Williams,johnmunoz@example.com,2024-01-19,South,Email
2074,Michelle Butler,welchjennifer@example.net,2023-01-27,South,Social Media
2075,Aaron Webb,jasoncook@example.net,2023-09-14,Central,Organic Search
2076,Natasha Hill,lpreston@example.net,2024-04-19,South,Paid Ads
2077,Christina Carrillo,gibsonjennifer@example.net,2023-10-08,North,Paid Ads
2078,Zachary Bryant,marvin69@example.net,2023-07-30,East,Paid Ads
2079,Amy Gallegos,mhickman@example.net,2024-02-12,East,Social Media
2080,Ethan Garza,pbaker@example.org,2024-08-22,South,Paid Ads
2081,Mary Riley,hbaker@example.org,2024-05-29,North,Social Media
2082,Trevor Cole,dsmith@example.org,2023-06-26,North,Paid Ads
2083,Denise Olsen,usmith@example.net,2025-04-16,West,Direct
2084,Patricia Alvarado,nzhang@example.net,2023-07-28,Central,Paid Ads
2085,Donna Wilson,saraprice@example.net,2024-05-17,North,Direct
2086,Joshua Gonzalez,pmiller@example.org,2024-07-03,West,Direct
2087,Alicia Anderson,gary44@example.com,2023-08-10,South,Organic Search
2088,Jeffery Daniel,connor44@example.net,2023-07-04,Central,Direct
2089,Margaret Jones,morganfarrell@example.org,2023-12-04,East,Social Media
2090,Andrea Townsend,tammy17@example.com,2023-03-12,East,Organic Search
2091,Ralph Chan,edixon@example.net,2025-09-17,North,Organic Search
2092,Rachel Kelly,gomezpaul@example.org,2023-06-19,South,Paid Ads
2093,Danielle Smith,gayfrancis@example.com,2025-01-04,North,Paid Ads
2094,Robert Nichols,writter@example.net,2024-02-21,East,Paid Ads
2095,Gerald Price,ggarcia@example.com,2025-02-08,South,Paid Ads
2096,Connor Walsh,cherryjulie@example.net,2024-06-04,West,Paid Ads
2097,Phyllis Grant,phughes@example.com,2023-11-04,West,Direct
2098,Andrew Chavez,duncanandre@example.net,2023-11-30,South,Social Media
2099,Mariah Perry,montesmichelle@example.org,2023-05-25,Central,Email
2100,Brendan Meyer,watkinsthomas@example.net,2024-01-31,Central,Direct
2101,Molly Peterson DDS,hartmandanielle@example.org,2023-03-24,North,Organic Search
2102,Rodney Carter,brownkevin@example.org,2023-09-26,North,Organic Search
2103,Robyn Kidd,matthew61@example.net,2023-11-10,Central,Email
2104,Jonathan Rodgers,sjohnson@example.com,2024-01-26,South,Organic Search
2105,Brandon Taylor,coxcody@example.com,2023-01-25,North,Social Media
2106,Emily Martinez,brandimiller@example.org,2024-02-28,West,Social Media
2107,Ryan Pierce,cainana@example.net,2024-11-26,North,Social Media
2108,Kimberly Escobar,craig60@example.com,2023-12-12,North,Organic Search
2109,Jennifer Barrett,joyce21@example.org,2024-06-21,North,Organic Search
2110,Leah Rodriguez,zwilliams@example.com,2023-11-01,West,Paid Ads
2111,Brian Moore,christopherjackson@example.net,2024-05-26,East,Email
2112,Mercedes Garcia,ruizjessica@example.org,2024-09-04,West,Social Media
2113,Tyler Shields,veronicasmith@example.net,2024-09-03,North,Paid Ads
2114,Laura Blair,travisyoung@example.com,2024-06-25,Central,Paid Ads
2115,Michael Lee,max69@example.com,2023-09-26,North,Social Media
2116,Donna Wright,mannjonathan@example.net,2024-05-16,East,Social Media
2117,Dr. Jared Lee III,barbaraolsen@example.net,2024-06-15,Central,Social Media
2118,Michael Anderson,halljohn@example.org,2023-07-02,South,Paid Ads
2119,Melinda Anderson,joshuarodriguez@example.org,2023-06-19,South,Referral
2120,Michelle Greer,gutierrezmatthew@example.com,2024-11-28,West,Social Media
2121,Nathaniel Floyd,mark66@example.net,2023-04-30,South,Direct
2122,Denise Alvarado,jamiegomez@example.net,2025-02-28,North,Email
2123,Mary Burns,samuel40@example.com,2024-08-11,South,Direct
2124,Antonio Small,goodmanalice@example.org,2023-06-22,West,Email
2125,Stanley Taylor,gregory07@example.net,2025-03-20,South,Social Media
2126,Jesse Turner,shannonbarker@example.com,2024-10-06,North,Email
2127,Tracey Nelson,iwalker@example.org,2024-01-12,Central,Email
2128,Maria Cruz,danielgriffith@example.net,2024-02-19,Central,Referral
2129,Brett Atkins,julie01@example.net,2024-10-26,East,Organic Search
2130,Ashley Roach,lisa89@example.net,2024-12-07,South,Organic Search
2131,Kendra White,amadden@example.org,2024-03-30,South,Social Media
2132,Erin Norris,jacoboconnor@example.net,2024-04-24,North,Paid Ads
2133,Danielle Ballard,courtneysantiago@example.net,2023-03-21,North,Social Media
2134,Heather James,pamelanguyen@example.com,2025-04-01,South,Direct
2135,Peter Patel,jperez@example.org,2024-05-12,South,Paid Ads
2136,Ashley Huang,robertwilliams@example.com,2023-04-13,South,Referral
2137,Zachary Jones,ohiggins@example.net,2025-01-21,West,Paid Ads
2138,Jacob Johnson,hullrobert@example.com,2025-01-20,Central,Organic Search
2139,Stacy Orozco,petersonjoel@example.org,2023-05-16,East,Social Media
2140,David George,bradleybarker@example.net,2024-02-24,Central,Direct
2141,Peter Chandler,nmontoya@example.com,2023-09-07,North,Paid Ads
2142,Ariel Gordon,sandyramirez@example.com,2023-09-19,East,Social Media
2143,Taylor Mullins,anthonydavis@example.net,2024-06-28,North,Direct
2144,Mary Lee,jimwilliams@example.org,2023-03-09,South,Social Media
2145,Daniel Anderson,cbrown@example.org,2024-02-09,East,Paid Ads
2146,Amanda Swanson,michaelsherman@example.com,2023-07-02,North,Paid Ads
2147,Jessica Watts,patelgabrielle@example.com,2024-07-14,North,Paid Ads
2148,Phillip Lewis,roberthamilton@example.net,2024-12-19,North,Paid Ads
2149,Deborah Meyer,olivia29@example.net,2024-11-26,West,Social Media
2150,Cindy Cole,cherylnorton@example.com,2024-08-30,West,Referral
2151,Larry Howe,gonzalezkenneth@example.net,2024-07-09,South,Email
2152,Brandon Perkins,rachelhall@example.net,2023-04-11,West,Email
2153,Shannon Castro,lblankenship@example.net,2024-05-15,South,Paid Ads
2154,Brandy Holmes,laurenallen@example.org,2024-12-14,Central,Paid Ads
2155,Lisa Wilkerson,ambermiller@example.net,2025-01-07,West,Direct
2156,Debbie Rivera,mariawilliams@example.com,2024-11-02,South,Email
2157,Christine Pratt,hollydavis@example.org,2025-06-25,West,Email
2158,Andrea Le,rojasmarc@example.org,2024-08-21,South,Email
2159,Wendy Morgan,cannonkimberly@example.net,2024-08-06,Central,Paid Ads
2160,Shari Sharp,morriskatherine@example.net,2023-09-30,West,Organic Search
2161,Angela Lee,gonzalespatricia@example.net,2024-01-04,North,Paid Ads
2162,Richard Goodman,ballvanessa@example.com,2025-09-21,South,Direct
2163,Brian Rocha,karen42@example.org,2023-10-20,West,Organic Search
2164,Brittany Barnett,hmitchell@example.org,2023-08-26,West,Referral
2165,Roger Roberts,edwardstaylor@example.net,2023-09-06,West,Referral
2166,Alexander Greene,stanleynina@example.com,2024-03-24,Central,Email
2167,Glenn Ward,alyssa66@example.net,2023-09-24,South,Social Media
2168,Jason Salinas,vickiwood@example.org,2023-09-13,North,Social Media
2169,Roberto Glover,jblair@example.net,2024-02-17,South,Paid Ads
2170,John Russell,robertchase@example.net,2024-11-08,West,Email
2171,Henry Lutz,davidbrown@example.org,2024-03-26,West,Direct
2172,Sharon King,zamorarose@example.net,2023-08-19,East,Organic Search
2173,Mario Green,amywells@example.org,2025-09-16,East,Social Media
2174,Jamie Gallagher,rossjohn@example.net,2024-01-05,West,Referral
2175,Michael Montgomery,jessica89@example.net,2023-12-13,North,Organic Search
2176,Monica Russell,andrewsuarez@example.net,2024-03-28,Central,Social Media
2177,Nathan Kirk,tlewis@example.com,2024-08-09,East,Organic Search
2178,Shane Short,sonia62@example.com,2023-10-30,South,Referral
2179,Jacqueline Roberts,lopezkristina@example.net,2024-10-22,West,Referral
2180,Gina Vega,james01@example.com,2024-08-28,West,Organic Search
2181,Jason Ramirez,william88@example.org,2024-01-26,Central,Direct
2182,Monica Richardson,mariahill@example.net,2023-07-19,South,Social Media
2183,Julie Decker,nunezmatthew@example.com,2023-07-12,South,Social Media
2184,Amy Farrell,jamesrobinson@example.com,2024-05-19,Central,Paid Ads
2185,Joseph Matthews,fosterjeffrey@example.org,2023-10-14,East,Email
2186,Ann Dawson,ufox@example.org,2023-07-23,East,Referral
2187,Lisa Gonzalez,mccoyjames@example.org,2024-09-10,West,Paid Ads
2188,Mathew Key,khanmelissa@example.net,2024-10-04,North,Social Media
2189,Bradley Brady,uchang@example.com,2024-04-18,South,Referral
2190,Tyler Garrison,smithjack@example.org,2023-08-15,Central,Social Media
2191,Alyssa Rodriguez PhD,dunnmary@example.net,2025-02-21,East,Organic Search
2192,Dana Bennett,fwalsh@example.com,2024-12-06,East,Paid Ads
2193,Samantha Carlson,nrangel@example.net,2023-04-05,East,Social Media
2194,Jacob Conner,normajones@example.net,2023-07-24,Central,Organic Search
2195,Bryce Fox,daniel43@example.org,2024-05-30,West,Organic Search
2196,John Massey,katherinerussell@example.org,2024-01-04,North,Organic Search
2197,Brooke Lewis,charleshayes@example.com,2023-02-17,West,Social Media
2198,Billy Scott,dominguezmeredith@example.com,2024-03-03,East,Referral
2199,Joshua Shepard,gallegoscrystal@example.com,2023-09-13,Central,Email
2200,Timothy Patterson,stonecody@example.net,2025-04-21,Central,Organic Search
2201,Richard Smith,acevedonancy@example.org,2023-11-24,North,Paid Ads
2202,Christina Myers,meyerskathryn@example.com,2024-05-08,East,Referral
2203,Jesus Flores,corythompson@example.org,2023-10-29,North,Organic Search
2204,Gilbert Williams,lhicks@example.com,2024-11-02,South,Paid Ads
2205,Karina Boone,phines@example.org,2023-04-22,East,Social Media
2206,Victoria Guerra,kara01@example.org,2024-10-24,North,Social Media
2207,Julian Leon,vdeleon@example.com,2024-03-07,North,Social Media
2208,Scott Durham,ricklewis@example.net,2023-04-13,South,Organic Search
2209,Nathaniel Brown,shannon09@example.org,2023-06-29,South,Paid Ads
2210,Wendy Carpenter,prattjustin@example.org,2025-03-19,South,Referral
2211,Michelle Chavez,brandi26@example.net,2023-04-10,South,Email
2212,Loretta Garrett,qkane@example.com,2025-03-28,Central,Direct
2213,Maria Malone,hdavis@example.com,2024-04-16,South,Direct
2214,Richard Riley,dylancunningham@example.com,2024-11-02,Central,Organic Search
2215,Jonathan Collins,stephaniezamora@example.org,2024-11-14,East,Organic Search
2216,Richard Weiss,kimberly66@example.net,2024-05-30,North,Paid Ads
2217,Teresa Russell,branchthomas@example.com,2023-12-01,West,Organic Search
2218,Joyce Butler,maygordon@example.org,2024-04-22,Central,Email
2219,Tommy Ramsey,markbates@example.com,2025-05-11,North,Organic Search
2220,Stephanie Meyer,hufftina@example.org,2024-12-05,Central,Paid Ads
2221,Toni Clay,jarvisrachel@example.net,2024-01-21,South,Email
2222,Gloria Dunn,richardhines@example.net,2024-03-13,North,Email
2223,Jessica Adams,wberry@example.com,2023-05-30,East,Social Media
2224,Tammy Robinson,gstokes@example.net,2025-04-28,Central,Referral
2225,Sonya Miranda,ashley14@example.org,2023-12-11,North,Paid Ads
2226,Jennifer Hernandez,melissa40@example.org,2024-08-22,Central,Direct
2227,Carly Goodwin,smithmelissa@example.com,2023-05-20,North,Organic Search
2228,Susan Price,wilsontina@example.com,2024-07-03,South,Referral
2229,Angela Barnett,madison00@example.org,2023-08-14,Central,Social Media
2230,Anthony Wong,cartercatherine@example.net,2024-09-25,West,Social Media
2231,Jesse Ayala,monicaavery@example.net,2025-03-22,East,Direct
2232,Charles Blair,dananelson@example.com,2023-04-10,Central,Referral
2233,Kyle Myers,kleinshane@example.org,2024-02-15,Central,Organic Search
2234,Pamela Jenkins,caitlyncooper@example.net,2023-09-01,Central,Social Media
2235,Nichole Vasquez,dlivingston@example.org,2023-12-26,East,Direct
2236,Tara Jones,andrew88@example.com,2023-08-11,Central,Organic Search
2237,Cory Harris,christopheranderson@example.com,2025-01-28,North,Organic Search
2238,Timothy Harris,irodriguez@example.org,2024-02-23,North,Social Media
2239,Daniel Ferrell,erikamiller@example.org,2024-03-03,East,Social Media
2240,Brian Christensen,mandypetty@example.com,2023-03-02,East,Direct
2241,Jon Berry,nicholas33@example.com,2023-09-16,West,Organic Search
2242,Michael Phillips,brittany29@example.com,2024-09-23,East,Email
2243,Sean Carter,dudleycody@example.com,2024-05-25,South,Email
2244,Anthony Hayes,marilyn67@example.net,2024-08-14,Central,Organic Search
2245,Charles Ford,kcontreras@example.org,2024-05-30,South,Organic Search
2246,Roy Fowler,lshannon@example.net,2023-03-27,South,Paid Ads
2247,Ashley Lee,ijackson@example.com,2023-07-03,East,Organic Search
2248,Katherine Simon,bhall@example.org,2024-02-21,South,Paid Ads
2249,Kimberly Mcdowell,amyferrell@example.com,2023-03-14,North,Organic Search
2250,Darryl Christensen,vasquezjacqueline@example.net,2024-06-03,South,Direct
2251,Jessica Becker,chavezisabel@example.com,2023-12-09,South,Paid Ads
2252,Kathleen Mccullough,michellesmith@example.org,2023-08-20,South,Referral
2253,Charles Hopkins,henrysoto@example.com,2025-02-01,South,Paid Ads
2254,Angelica Long,alexis58@example.com,2024-08-21,South,Email
2255,Melissa Sullivan,jessicamills@example.org,2023-09-20,West,Email
2256,Kenneth Murphy,wnovak@example.net,2024-09-14,West,Direct
2257,Kristin Ferguson,joe99@example.net,2023-04-15,South,Referral
2258,Joshua Smith,davidsellers@example.com,2024-11-10,East,Paid Ads
2259,Tiffany Holt,eileendaniels@example.net,2023-05-26,North,Referral
2260,Melissa Romero,deborah49@example.com,2025-03-25,North,Direct
2261,Lisa Spencer,hollandjustin@example.com,2024-09-14,South,Paid Ads
2262,Katie Rivers,dominguezscott@example.com,2024-06-11,East,Paid Ads
2263,Cynthia Stephens,mmyers@example.net,2025-02-19,North,Social Media
2264,Mary Johnson,xhill@example.org,2025-02-08,Central,Email
2265,Amy Burton,isimpson@example.com,2024-04-14,East,Referral
2266,Chris Hanson,twagner@example.org,2025-04-22,West,Referral
2267,Beverly Black,troybrady@example.net,2024-10-30,North,Organic Search
2268,Melanie Smith,faithsparks@example.com,2025-04-21,West,Social Media
2269,Derrick Johnson,karla66@example.net,2023-03-01,West,Social Media
2270,Melissa Carroll,nunezgary@example.net,2023-03-23,East,Organic Search
2271,Paul Phelps,john86@example.com,2024-09-01,East,Social Media
2272,Christina Gomez,jacob32@example.net,2023-11-14,South,Email
2273,Laura Adams,ogreer@example.org,2023-05-08,North,Organic Search
2274,Stephanie Armstrong,petersonfrank@example.org,2025-09-11,Central,Direct
2275,Sydney Lopez,jennifer72@example.com,2024-04-14,East,Organic Search
2276,Wayne Jackson,mirandawalker@example.net,2025-06-07,South,Direct
2277,Melissa Garcia,castropeter@example.com,2023-11-22,North,Social Media
2278,Matthew Stone,jherring@example.com,2023-04-26,East,Referral
2279,Frank Freeman,mallory30@example.org,2023-06-09,North,Paid Ads
2280,Marcus Rich,housedaniel@example.com,2025-03-27,West,Organic Search
2281,Carmen Gonzalez,brandi40@example.org,2023-06-27,East,Email
2282,Christine Parker,kelly15@example.com,2024-05-09,South,Direct
2283,Daniel Thompson,lisaalvarez@example.net,2024-06-04,North,Organic Search
2284,Robert West,brandon94@example.org,2024-05-13,South,Social Media
2285,Maria Rodriguez,johnsonmichael@example.com,2024-03-15,South,Direct
2286,Joseph Bright,mhoffman@example.net,2023-01-13,East,Organic Search
2287,Norma Smith,david88@example.net,2024-06-06,East,Organic Search
2288,Hannah Martin,savannahgrant@example.com,2023-06-06,Central,Organic Search
2289,Tyler Shields,csparks@example.net,2025-06-20,East,Paid Ads
2290,Edwin Jackson,gmccarthy@example.com,2024-05-14,South,Direct
2291,Dr. Diana Chen,yoconnell@example.com,2023-02-15,South,Paid Ads
2292,Sarah Roberts,kevinmendez@example.org,2023-09-21,South,Organic Search
2293,Robin Patterson,anthony00@example.org,2025-03-06,West,Direct
2294,Eric Fowler,charlesyoung@example.net,2024-06-29,South,Social Media
2295,Sonya Wilcox,miranda13@example.org,2023-02-25,West,Social Media
2296,John Boyd,lpeters@example.net,2023-11-17,South,Paid Ads
2297,Eric Rosales,ncruz@example.net,2024-09-17,Central,Social Media
2298,Jonathan Jefferson DVM,rodneynolan@example.com,2023-11-26,East,Direct
2299,Eileen Gutierrez,andersonmeghan@example.net,2023-11-01,North,Organic Search
2300,Tamara Roberts,foxlinda@example.org,2025-09-03,East,Organic Search
2301,Rhonda Rodriguez,jamesbrown@example.org,2024-02-13,Central,Direct
2302,Sherry Brewer,claire06@example.net,2023-08-30,Central,Organic Search
2303,Brandon Sanchez,tracy38@example.com,2023-06-14,West,Paid Ads
2304,Joseph Wang,fstone@example.net,2024-05-27,North,Paid Ads
2305,Richard Yoder,qmarshall@example.net,2024-12-05,East,Email
2306,Kristina Baker,nicholashuffman@example.org,2025-02-22,South,Email
2307,Luke Dixon,qreyes@example.net,2023-04-11,Central,Organic Search
2308,Brian Brown,jenniferhorne@example.net,2024-02-10,South,Paid Ads
2309,Arthur Mcdaniel,scottlove@example.org,2023-09-21,West,Organic Search
2310,Mary Levy,nguyengerald@example.net,2024-10-07,North,Social Media
2311,Susan Lewis,gkeith@example.net,2024-07-06,North,Social Media
2312,Gabriel Nash,bowmanjoel@example.net,2024-11-05,Central,Social Media
2313,Steven Nguyen,jacqueline39@example.net,2024-01-29,West,Email
2314,Justin Parker,umartinez@example.net,2023-09-03,North,Social Media
2315,Patrick Snyder,lindseyroberts@example.org,2023-11-07,North,Organic Search
2316,Debbie King,ucarr@example.org,2024-03-19,North,Email
2317,Jeremy Summers,ksmith@example.org,2023-10-27,North,Direct
2318,Christopher Rivera,fwolf@example.net,2023-04-18,South,Paid Ads
2319,John Woodard,devon88@example.org,2023-03-13,West,Social Media
2320,Alfred Leonard,taylormichael@example.net,2023-06-08,East,Organic Search
2321,Shari Kelley,benjaminwilliams@example.net,2023-04-22,West,Social Media
2322,Robert Parks MD,nbailey@example.net,2025-08-13,North,Direct
2323,Michele Watson,jack86@example.org,2024-04-18,West,Social Media
2324,Tammy Tyler,harrisjoshua@example.com,2024-09-10,East,Paid Ads
2325,James Miller,daniel15@example.org,2023-09-19,East,Email
2326,Shelby Duncan,johnsonedward@example.net,2025-02-08,North,Direct
2327,Timothy Mcmahon,elizabeth14@example.org,2024-01-14,South,Direct
2328,Matthew Moss,brianmorrow@example.org,2025-01-10,North,Paid Ads
2329,Wendy Miller,hdavis@example.org,2023-03-30,South,Email
2330,Mark Dennis,clarkdavid@example.net,2024-02-11,West,Paid Ads
2331,Toni Ortiz,brianobrien@example.net,2024-08-17,North,Referral
2332,Audrey Reyes,andersonhenry@example.org,2024-06-15,North,Social Media
2333,Amanda Taylor,dorothy87@example.org,2024-06-30,North,Social Media
2334,Marcus Blair,carterjames@example.com,2023-08-30,North,Organic Search
2335,Joshua Guerrero,qcurtis@example.com,2023-06-11,West,Referral
2336,Ashley Duran,gregory14@example.org,2023-10-08,North,Organic Search
2337,Melanie Garrett,sandraheath@example.net,2024-04-21,North,Direct
2338,Vicki Hernandez,nicholas09@example.org,2024-07-02,East,Organic Search
2339,Holly Ponce,efranco@example.net,2023-05-23,West,Paid Ads
2340,April Galvan,david97@example.org,2024-03-04,West,Direct
2341,Crystal Chavez,joshuacoleman@example.com,2024-03-15,South,Direct
2342,Kimberly Hughes,jasonjohnson@example.org,2024-02-02,North,Direct
2343,Paula Johnson,bconrad@example.org,2023-12-17,South,Direct
2344,Christopher Hall,kramirez@example.net,2023-09-25,West,Email
2345,Jessica Griffith,reynoldsmichelle@example.org,2024-06-28,South,Organic Search
2346,Carlos Heath,petersonjose@example.org,2023-07-26,South,Organic Search
2347,Melinda May,jacquelinedelacruz@example.org,2025-02-25,South,Direct
2348,Caleb Jensen,kfrye@example.net,2024-11-02,North,Social Media
2349,Jay Buchanan,woodbrittany@example.com,2023-07-22,East,Referral
2350,Jeffery Thompson,johnskinner@example.org,2024-02-04,South,Organic Search
2351,Danielle Hamilton,williamsbrian@example.org,2023-03-01,Central,Paid Ads
2352,Kayla Williams,shafferjill@example.com,2023-07-29,Central,Organic Search
2353,Ashlee Ross,burnsrodney@example.org,2024-02-14,South,Paid Ads
2354,Kelly Burnett,seth29@example.org,2024-08-10,South,Paid Ads
2355,Ashley Cooper,fordjames@example.org,2025-08-17,North,Paid Ads
2356,Brian Brown,martinnovak@example.com,2023-08-21,South,Referral
2357,Joseph Hill,james62@example.org,2023-05-07,South,Organic Search
2358,Allison Cunningham,michaelvillarreal@example.net,2023-12-20,Central,Direct
2359,Jeffery Jordan,tyler31@example.net,2024-09-17,East,Email
2360,Cristian Lambert,catherinemoore@example.com,2025-06-05,West,Organic Search
2361,Sara Preston,fmorrow@example.com,2024-02-13,North,Email
2362,Kelly Rivas,dsmith@example.com,2024-02-21,East,Paid Ads
2363,Jeffery Collins,courtney01@example.org,2025-12-02,North,Organic Search
2364,Kevin Estrada,sloanbenjamin@example.net,2023-10-06,North,Paid Ads
2365,Lauren Stephens,hooveranna@example.net,2023-11-12,North,Direct
2366,Lynn Adams,edwardselizabeth@example.net,2024-12-08,North,Referral
2367,Richard Williams,mortonkenneth@example.net,2024-09-20,South,Paid Ads
2368,Tanya Foster,pfowler@example.org,2023-09-27,North,Organic Search
2369,Kevin Jennings,jreyes@example.net,2024-01-07,South,Paid Ads
2370,Jason Reyes,hernandeztodd@example.org,2023-03-06,North,Referral
2371,Mr. David Rivas,samuel38@example.net,2023-04-04,West,Organic Search
2372,Donna Carroll,forbessean@example.org,2024-01-17,West,Social Media
2373,Rodney Baker,qcharles@example.org,2023-11-30,West,Paid Ads
2374,John Robertson,danieljenkins@example.org,2023-09-01,West,Email
2375,Mary Mccoy,cody81@example.org,2024-10-14,North,Organic Search
2376,Michael Gilbert,hlester@example.org,2024-07-06,West,Direct
2377,Tonya Simon,sarah80@example.org,2024-06-09,South,Direct
2378,Tanya Shannon,amanda21@example.com,2025-03-17,Central,Referral
2379,Sophia Boyd,ashleyalexander@example.net,2024-05-02,North,Organic Search
2380,Timothy Ryan,cainjordan@example.org,2025-01-11,South,Organic Search
2381,Francisco Estrada,meganjames@example.org,2024-12-30,East,Social Media
2382,Jamie Duran,villawilliam@example.com,2024-01-11,Central,Paid Ads
2383,Leslie Moody,gcastro@example.org,2024-08-27,North,Direct
2384,Paul Lane,dbeck@example.com,2023-06-25,West,Direct
2385,Henry Reeves,rebecca19@example.com,2025-09-19,North,Paid Ads
2386,Jeffery Snyder,gregorymitchell@example.net,2023-06-10,East,Paid Ads
2387,Courtney Sharp,daniel79@example.net,2023-12-05,South,Paid Ads
2388,Jennifer Carter,dyersara@example.net,2024-08-23,West,Email
2389,Sandy Bennett,jenniferwalls@example.com,2025-04-23,Central,Paid Ads
2390,Jesse Edwards,wallaceeric@example.com,2023-08-12,East,Direct
2391,Charles Zavala,bethany36@example.com,2024-08-30,North,Paid Ads
2392,Beth Shaw,josephross@example.net,2023-02-17,North,Direct
2393,Lisa Beard,tracifoster@example.org,2023-11-07,South,Email
2394,Nicole Wallace DDS,ejohnson@example.org,2024-01-05,East,Referral
2395,Daniel Gallegos,michaelcampos@example.net,2024-03-15,South,Social Media
2396,Carla Hoover,jenniferrodriguez@example.org,2023-05-17,South,Organic Search
2397,Jason Smith,tinawilliams@example.com,2023-10-01,East,Organic Search
2398,Jorge Morales,kentmichael@example.com,2024-10-21,South,Paid Ads
2399,Kathleen Baker,pattersondebra@example.org,2023-06-08,North,Direct
2400,Denise French,emorales@example.com,2024-07-23,Central,Paid Ads
2401,Kari Buck,bartondavid@example.com,2024-08-20,East,Organic Search
2402,Laura Payne,paynestephanie@example.net,2023-05-15,South,Organic Search
2403,James Whitaker,collinmiller@example.com,2023-06-11,North,Direct
2404,Ryan Garcia,marydean@example.com,2025-03-22,Central,Direct
2405,Theresa Gardner,hollyperkins@example.net,2024-05-13,South,Social Media
2406,Jessica Conrad,sbradley@example.org,2023-11-07,Central,Direct
2407,Kevin Werner,rodriguezchristina@example.net,2025-04-09,Central,Direct
2408,Catherine Kirk,pvang@example.net,2025-02-01,North,Organic Search
2409,Stacy Williams,joneschristian@example.net,2023-11-14,North,Paid Ads
2410,Crystal Carlson,uclark@example.org,2024-02-15,West,Email
2411,Michael Martinez,mark90@example.com,2024-01-01,North,Direct
2412,Mr. Kristopher Curtis,lindsay48@example.net,2023-10-15,West,Organic Search
2413,Anthony Knapp,rfleming@example.net,2023-07-28,South,Organic Search
2414,Lisa Reynolds,ywilliams@example.com,2024-06-23,East,Organic Search
2415,Adrian Gibbs,leroy57@example.com,2024-08-09,South,Organic Search
2416,Steven Duncan,kayla33@example.net,2024-04-02,North,Organic Search
2417,Alyssa Anderson,jonathan66@example.org,2023-03-07,West,Organic Search
2418,Cathy Barnes,brian65@example.net,2024-10-28,West,Email
2419,Crystal Brown,lmartin@example.org,2023-11-23,Central,Email
2420,Edward Richmond,epatterson@example.net,2023-11-18,Central,Social Media
2421,Emily Taylor,christina60@example.org,2023-09-16,South,Organic Search
2422,Douglas Lucero,watsonteresa@example.net,2024-09-29,West,Email
2423,Danielle Robles,aholder@example.net,2023-08-28,South,Organic Search
2424,John Black,folson@example.net,2024-06-07,West,Organic Search
2425,Shannon Thompson,scott04@example.com,2023-02-08,East,Paid Ads
2426,Nathan Sparks,daniellecoleman@example.org,2023-11-06,South,Social Media
2427,Tamara Brown,jeremy75@example.org,2023-03-28,South,Social Media
2428,Michael Blair,murraymichael@example.net,2024-02-27,East,Organic Search
2429,William Gould,kylemartinez@example.net,2024-02-21,Central,Social Media
2430,Crystal Nguyen,michael40@example.org,2023-07-24,East,Email
2431,Jessica Torres,justin75@example.net,2023-07-12,South,Paid Ads
2432,Craig Beard,taylorjames@example.net,2023-08-14,North,Organic Search
2433,Mrs. Kimberly Cannon,nfleming@example.net,2024-11-10,North,Paid Ads
2434,Angela Gonzales,pduran@example.net,2024-07-17,Central,Direct
2435,Martin Newton,ecohen@example.com,2024-03-14,Central,Organic Search
2436,Adam Daniels,lawsonpaul@example.org,2024-11-25,South,Email
2437,Dawn Espinoza,arthurlynch@example.org,2023-08-14,Central,Organic Search
2438,Joshua Gallegos,claudia35@example.org,2023-10-04,South,Organic Search
2439,Alexandra Hodge,robertsonjennifer@example.com,2023-05-16,North,Social Media
2440,Jonathan Palmer,kirbymichael@example.org,2024-07-05,Central,Email
2441,David Santiago,jose60@example.net,2023-06-06,Central,Organic Search
2442,Joseph Ward,alvarezchristine@example.com,2024-11-08,East,Social Media
2443,Kristen Smith,john91@example.org,2024-06-02,South,Organic Search
2444,Toni Hunt,morgan69@example.net,2023-10-07,Central,Social Media
2445,Virginia Rose,nicoleduran@example.net,2024-09-18,North,Paid Ads
2446,Willie Edwards,marygarcia@example.com,2025-01-22,South,Paid Ads
2447,Dawn Hall,hensleyvalerie@example.net,2023-03-16,West,Organic Search
2448,Jane King,david38@example.net,2023-11-27,West,Social Media
2449,Jerry Boyd,ashleygarcia@example.org,2024-06-03,East,Organic Search
2450,Miss Kathryn Myers,sherryknight@example.org,2024-02-29,South,Referral
2451,Kayla Williams,garymartinez@example.org,2025-02-12,West,Organic Search
2452,David Small,brownalexa@example.com,2024-09-07,East,Referral
2453,Brian Kent,hespinoza@example.org,2024-03-28,North,Email
2454,Sabrina Lopez,srobles@example.org,2024-01-11,North,Paid Ads
2455,Cynthia Tran,debra19@example.net,2023-11-10,Central,Email
2456,Rachel Hill,jamesparker@example.net,2024-07-07,East,Email
2457,Michael Davis,gonzalezkendra@example.org,2023-10-04,South,Direct
2458,Paul Moon,woodlisa@example.com,2024-01-17,South,Organic Search
2459,Leah Kim,riverarebecca@example.org,2024-08-18,East,Direct
2460,William Barnett,eadams@example.org,2023-06-27,Central,Direct
2461,Jenna Watson,fletcherjanet@example.org,2023-08-28,West,Paid Ads
2462,Mrs. Jillian Nguyen,lmendez@example.com,2025-07-02,Central,Direct
2463,Julie Mills,richardsonanna@example.org,2023-06-01,East,Social Media
2464,Joshua Phillips,nicholasswanson@example.net,2025-06-13,South,Email
2465,Caitlin Lawson,riceamber@example.net,2025-02-25,South,Organic Search
2466,Stephanie Knight,rrice@example.net,2024-10-04,South,Paid Ads
2467,Rachael Jones,watsonbrittany@example.org,2023-11-09,East,Direct
2468,Ryan Hudson,andrewmiller@example.com,2023-02-15,East,Referral
2469,Pamela Howard,omarturner@example.org,2023-10-26,West,Organic Search
2470,Abigail Acevedo,sarah17@example.com,2023-12-26,West,Organic Search
2471,Ernest Bernard,lambertdevin@example.com,2023-08-06,South,Referral
2472,Cody Jones,juanfranklin@example.net,2025-01-06,West,Social Media
2473,Chad Adams,donaldhahn@example.com,2023-09-13,North,Social Media
2474,Angela Brown,jennifer54@example.org,2024-03-13,East,Paid Ads
2475,Juan Becker,todd05@example.com,2023-04-14,East,Organic Search
2476,Beth Kirk,davidkane@example.com,2023-05-20,Central,Paid Ads
2477,Michelle Smith,brownreginald@example.net,2023-10-01,East,Social Media
2478,Jennifer Sampson,gbraun@example.org,2024-03-31,Central,Organic Search
2479,Lisa Clay,adam17@example.net,2025-05-09,Central,Email
2480,Susan Black,haleylove@example.org,2023-02-14,North,Organic Search
2481,Xavier Jones,adam10@example.com,2024-05-23,North,Social Media
2482,Margaret Mullins,davisautumn@example.org,2024-03-16,Central,Organic Search
2483,Sarah Blackwell,zavaladiane@example.com,2023-10-07,South,Direct
2484,Brad Beard,jeremy70@example.net,2024-03-28,South,Email
2485,Andrew Ford,rwheeler@example.org,2023-05-16,Central,Organic Search
2486,John Escobar,wileyaudrey@example.com,2024-11-26,West,Paid Ads
2487,Erin Carter,laurenboyd@example.com,2024-03-06,North,Paid Ads
2488,Laura Grimes,mcooper@example.com,2024-02-29,West,Social Media
2489,John Wilson,chunglaura@example.net,2023-10-08,South,Paid Ads
2490,Vanessa Harris,lisa13@example.net,2023-12-22,North,Paid Ads
2491,Amanda Cook,michaelhoffman@example.net,2024-04-11,North,Social Media
2492,Michael Jones,jason57@example.com,2023-04-04,East,Organic Search
2493,Sierra Allen,robertbrown@example.com,2023-06-24,North,Email
2494,Jessica Mcgee,jlee@example.org,2024-08-24,Central,Referral
2495,Whitney Macdonald DVM,amyponce@example.com,2024-02-20,West,Paid Ads
2496,Janet Jarvis,richard28@example.org,2025-06-03,South,Paid Ads
2497,Anthony Velasquez,janet65@example.com,2023-08-23,North,Direct
2498,Heather Diaz,kmoore@example.org,2023-10-13,North,Organic Search
2499,Alexandra Johnson,rachel51@example.org,2023-04-02,North,Referral
2500,Michael Cross DDS,prestoncory@example.org,2023-11-03,North,Paid Ads
