order_id,customer_id,order_date,channel,region,subtotal,discount_amount,shipping_fee,net_revenue,gross_revenue,status
1,2,2024-11-23,Direct,North,2536.68,0.0,0.0,2536.68,2536.68,Completed
2,4,2025-11-02,Social Media,East,339.77,0.0,0.0,339.77,339.77,Completed
3,5,2024-01-26,Paid Ads,North,987.8,0.0,0.0,987.8,987.8,Completed
4,5,2024-09-12,Organic Search,North,21.6,1.08,8.55,29.07,29.07,Completed
5,5,2025-06-29,Paid Ads,North,202.23,0.0,0.0,202.23,202.23,Completed
6,5,2025-07-16,Social Media,North,192.23,0.0,0.0,192.23,192.23,Completed
7,5,2025-10-26,Referral,North,28.58,2.86,4.32,30.04,30.04,Completed
8,5,2025-12-17,Social Media,North,116.24,23.25,0.0,92.99,92.99,Completed
9,7,2024-08-04,Email,South,358.83,17.94,0.0,340.89,340.89,Completed
10,7,2024-10-27,Organic Search,South,647.53,97.13,0.0,550.4,550.4,Completed
11,7,2025-04-24,Paid Ads,South,566.11,0.0,0.0,566.11,566.11,Completed
12,7,2025-12-22,Organic Search,South,54.64,0.0,8.99,63.63,63.63,Completed
13,8,2024-04-18,Social Media,North,24.14,2.41,8.27,30.0,30.0,Completed
14,8,2024-06-06,Direct,North,27.82,1.39,5.52,31.95,31.95,Completed
15,8,2024-06-30,Email,North,133.48,6.67,0.0,126.81,126.81,Completed
16,8,2024-07-15,Referral,North,1249.78,62.49,0.0,1187.29,1187.29,Completed
17,9,2024-08-15,Paid Ads,West,2350.56,0.0,0.0,2350.56,2350.56,Completed
18,10,2024-10-06,Email,South,1391.85,0.0,0.0,1391.85,1391.85,Completed
19,10,2025-05-29,Organic Search,South,222.62,11.13,0.0,211.49,211.49,Completed
20,10,2025-06-13,Organic Search,South,2848.72,0.0,0.0,2848.72,2848.72,Completed
21,10,2025-11-02,Paid Ads,South,294.68,58.94,0.0,235.74,235.74,Completed
22,11,2024-07-13,Paid Ads,West,773.63,38.68,0.0,734.95,734.95,Completed
23,11,2024-12-10,Paid Ads,West,44.48,2.22,7.71,49.97,49.97,Completed
24,11,2025-03-28,Email,West,1090.25,218.05,0.0,872.2,872.2,Completed
25,11,2025-05-21,Paid Ads,West,180.06,0.0,0.0,180.06,180.06,Completed
26,11,2025-08-01,Social Media,West,1058.95,0.0,0.0,1058.95,1058.95,Completed
27,11,2025-11-02,Organic Search,West,1159.24,0.0,0.0,1159.24,1159.24,Completed
28,11,2025-12-07,Paid Ads,West,212.64,0.0,0.0,212.64,212.64,Completed
29,11,2025-12-09,Direct,West,182.38,18.24,0.0,164.14,164.14,Completed
30,12,2024-05-19,Email,North,77.1,0.0,0.0,77.1,77.1,Completed
31,12,2024-08-04,Email,North,303.0,0.0,0.0,303.0,303.0,Completed
32,12,2024-09-01,Paid Ads,North,804.05,40.2,0.0,763.85,763.85,Completed
33,12,2025-08-19,Paid Ads,North,201.14,0.0,0.0,201.14,201.14,Completed
34,13,2025-07-14,Organic Search,North,59.0,0.0,5.75,64.75,64.75,Completed
35,13,2025-11-28,Direct,North,83.39,0.0,0.0,83.39,83.39,Completed
36,13,2025-12-02,Email,North,416.28,0.0,0.0,416.28,416.28,Completed
37,13,2025-12-23,Organic Search,North,200.27,0.0,0.0,200.27,200.27,Completed
38,14,2024-01-07,Social Media,West,588.93,0.0,0.0,588.93,588.93,Completed
39,15,2024-01-07,Paid Ads,North,94.4,0.0,0.0,94.4,94.4,Completed
40,15,2024-02-11,Social Media,North,663.51,0.0,0.0,663.51,663.51,Completed
41,16,2024-11-13,Organic Search,North,48.46,0.0,4.92,53.38,53.38,Completed
42,16,2025-08-06,Social Media,North,963.27,144.49,0.0,818.78,818.78,Completed
43,16,2025-10-05,Organic Search,North,150.66,0.0,0.0,150.66,150.66,Completed
44,17,2023-12-13,Paid Ads,Central,57.46,8.62,8.66,57.5,57.5,Completed
45,17,2024-04-02,Organic Search,Central,1433.41,0.0,0.0,1433.41,1433.41,Completed
46,17,2025-01-23,Referral,Central,340.8,34.08,0.0,0.0,306.72,Returned
47,17,2025-02-20,Social Media,Central,489.75,24.49,0.0,465.26,465.26,Completed
48,17,2025-05-17,Email,Central,294.33,14.72,0.0,279.61,279.61,Completed
49,17,2025-09-07,Direct,Central,52.45,5.24,8.9,56.11,56.11,Completed
50,18,2023-03-22,Paid Ads,North,334.06,16.7,0.0,317.36,317.36,Completed
51,18,2023-07-23,Social Media,North,22.65,2.26,8.6,28.99,28.99,Completed
52,18,2023-11-24,Social Media,North,54.02,0.0,8.34,62.36,62.36,Completed
53,18,2025-01-08,Organic Search,North,265.66,0.0,0.0,265.66,265.66,Completed
54,19,2025-04-20,Email,West,4.61,0.0,6.44,11.05,11.05,Completed
55,20,2025-12-23,Organic Search,North,133.77,6.69,0.0,127.08,127.08,Completed
56,21,2025-10-04,Social Media,East,91.43,0.0,0.0,91.43,91.43,Completed
57,24,2024-02-08,Direct,Central,75.54,0.0,0.0,75.54,75.54,Completed
58,24,2024-07-25,Paid Ads,Central,1916.25,95.81,0.0,1820.44,1820.44,Completed
59,24,2025-06-13,Social Media,Central,94.39,0.0,0.0,94.39,94.39,Completed
60,25,2024-06-17,Direct,North,43.66,2.18,6.81,48.29,48.29,Completed
61,25,2025-11-30,Social Media,North,226.33,11.32,0.0,215.01,215.01,Completed
62,27,2024-10-26,Social Media,South,302.53,15.13,0.0,287.4,287.4,Completed
63,27,2024-11-16,Paid Ads,South,85.17,4.26,0.0,80.91,80.91,Completed
64,27,2024-12-29,Paid Ads,South,290.65,0.0,0.0,290.65,290.65,Completed
65,27,2025-01-21,Organic Search,South,226.78,22.68,0.0,204.1,204.1,Completed
66,27,2025-01-28,Organic Search,South,370.9,0.0,0.0,370.9,370.9,Completed
67,27,2025-01-30,Social Media,South,416.31,83.26,0.0,333.05,333.05,Completed
68,27,2025-03-15,Social Media,South,58.29,0.0,6.59,64.88,64.88,Completed
69,27,2025-03-31,Referral,South,27.97,0.0,6.05,34.02,34.02,Completed
70,27,2025-06-14,Email,South,83.99,8.4,0.0,75.59,75.59,Completed
71,27,2025-07-07,Organic Search,South,215.18,43.04,0.0,172.14,172.14,Completed
72,28,2024-04-20,Paid Ads,East,208.71,0.0,0.0,208.71,208.71,Completed
73,28,2024-06-19,Organic Search,East,1611.06,0.0,0.0,1611.06,1611.06,Completed
74,28,2025-09-30,Social Media,East,431.2,0.0,0.0,0.0,431.2,Returned
75,30,2024-01-09,Social Media,Central,116.08,0.0,0.0,116.08,116.08,Completed
76,30,2024-06-16,Referral,Central,263.9,0.0,0.0,263.9,263.9,Completed
77,31,2024-09-13,Organic Search,Central,214.53,32.18,0.0,182.35,182.35,Completed
78,31,2025-02-17,Paid Ads,Central,25.09,0.0,6.89,31.98,31.98,Completed
79,31,2025-08-07,Email,Central,488.51,24.43,0.0,0.0,464.08,Returned
80,31,2025-08-17,Email,Central,787.51,0.0,0.0,787.51,787.51,Completed
81,31,2025-09-03,Social Media,Central,485.41,72.81,0.0,412.6,412.6,Completed
82,31,2025-12-29,Direct,Central,2497.77,0.0,0.0,2497.77,2497.77,Completed
83,32,2023-11-27,Social Media,Central,257.58,0.0,0.0,0.0,257.58,Returned
84,32,2024-03-21,Email,Central,732.29,36.61,0.0,695.68,695.68,Completed
85,32,2024-04-19,Social Media,Central,169.84,0.0,0.0,169.84,169.84,Completed
86,32,2025-02-15,Referral,Central,1586.61,79.33,0.0,1507.28,1507.28,Completed
87,32,2025-03-29,Social Media,Central,92.74,4.64,0.0,88.1,88.1,Completed
88,34,2024-02-16,Organic Search,North,31.41,0.0,7.15,38.56,38.56,Completed
89,34,2024-06-11,Organic Search,North,26.92,2.69,6.88,31.11,31.11,Completed
90,34,2024-08-17,Referral,North,229.77,11.49,0.0,218.28,218.28,Completed
91,34,2024-11-12,Social Media,North,314.75,0.0,0.0,314.75,314.75,Completed
92,34,2025-02-22,Direct,North,630.82,0.0,0.0,630.82,630.82,Completed
93,34,2025-03-30,Direct,North,708.79,35.44,0.0,673.35,673.35,Completed
94,34,2025-06-12,Email,North,56.19,0.0,6.48,62.67,62.67,Completed
95,35,2025-11-09,Email,North,436.33,0.0,0.0,436.33,436.33,Completed
96,36,2023-04-17,Social Media,North,301.24,30.12,0.0,271.12,271.12,Completed
97,36,2023-05-04,Social Media,North,693.94,69.39,0.0,624.55,624.55,Completed
98,36,2023-06-19,Social Media,North,341.73,34.17,0.0,307.56,307.56,Completed
99,36,2023-10-09,Paid Ads,North,67.49,0.0,7.68,75.17,75.17,Completed
100,36,2023-12-20,Paid Ads,North,1627.88,81.39,0.0,1546.49,1546.49,Completed
101,36,2024-01-09,Organic Search,North,117.36,5.87,0.0,0.0,111.49,Returned
102,36,2024-01-27,Email,North,32.21,0.0,7.75,39.96,39.96,Completed
103,36,2024-10-31,Email,North,116.15,5.81,0.0,110.34,110.34,Completed
104,36,2025-05-24,Paid Ads,North,161.0,24.15,0.0,136.85,136.85,Completed
105,36,2025-11-21,Email,North,115.16,0.0,0.0,115.16,115.16,Completed
106,37,2023-05-06,Social Media,South,103.89,10.39,0.0,93.5,93.5,Completed
107,37,2024-09-18,Organic Search,South,288.54,0.0,0.0,288.54,288.54,Completed
108,38,2025-07-15,Social Media,West,1014.34,50.72,0.0,963.62,963.62,Completed
109,39,2025-09-22,Social Media,South,367.14,18.36,0.0,348.78,348.78,Completed
110,40,2023-07-12,Email,West,169.79,0.0,0.0,169.79,169.79,Completed
111,40,2024-02-25,Paid Ads,West,819.59,0.0,0.0,819.59,819.59,Completed
112,40,2024-12-26,Email,West,43.4,2.17,7.95,49.18,49.18,Completed
113,40,2025-09-17,Organic Search,West,1543.41,0.0,0.0,1543.41,1543.41,Completed
114,41,2024-10-19,Email,East,121.32,6.07,0.0,115.25,115.25,Completed
115,41,2024-12-17,Organic Search,East,166.72,0.0,0.0,166.72,166.72,Completed
116,42,2024-02-20,Paid Ads,East,107.97,0.0,0.0,107.97,107.97,Completed
117,42,2024-05-25,Organic Search,East,867.44,43.37,0.0,824.07,824.07,Completed
118,42,2024-05-27,Paid Ads,East,948.69,0.0,0.0,948.69,948.69,Completed
119,42,2024-08-24,Organic Search,East,1820.52,0.0,0.0,1820.52,1820.52,Completed
120,42,2024-10-23,Organic Search,East,1374.88,0.0,0.0,1374.88,1374.88,Completed
121,42,2024-10-31,Paid Ads,East,270.64,0.0,0.0,270.64,270.64,Completed
122,42,2025-11-12,Paid Ads,East,751.1,150.22,0.0,600.88,600.88,Completed
123,43,2025-03-07,Social Media,East,33.97,0.0,8.64,42.61,42.61,Completed
124,44,2024-02-05,Direct,South,525.29,105.06,0.0,420.23,420.23,Completed
125,44,2024-03-25,Organic Search,South,221.4,0.0,0.0,221.4,221.4,Completed
126,44,2025-04-03,Direct,South,37.91,0.0,5.43,43.34,43.34,Completed
127,44,2025-08-07,Organic Search,South,2253.15,112.66,0.0,0.0,2140.49,Returned
128,45,2023-06-05,Direct,North,1469.21,220.38,0.0,1248.83,1248.83,Completed
129,45,2023-10-11,Paid Ads,North,889.43,0.0,0.0,889.43,889.43,Completed
130,45,2023-11-08,Email,North,657.74,0.0,0.0,657.74,657.74,Completed
131,45,2025-03-28,Paid Ads,North,201.36,10.07,0.0,191.29,191.29,Completed
132,45,2025-12-24,Email,North,710.54,106.58,0.0,603.96,603.96,Completed
133,46,2024-10-28,Direct,West,1204.69,240.94,0.0,963.75,963.75,Completed
134,47,2023-07-10,Paid Ads,West,296.55,0.0,0.0,296.55,296.55,Completed
135,47,2024-04-30,Social Media,West,211.6,0.0,0.0,211.6,211.6,Completed
136,47,2025-03-31,Paid Ads,West,170.25,0.0,0.0,170.25,170.25,Completed
137,47,2025-04-28,Paid Ads,West,328.04,32.8,0.0,295.24,295.24,Completed
138,47,2025-12-09,Email,West,1043.31,0.0,0.0,1043.31,1043.31,Completed
139,49,2024-07-01,Social Media,North,1628.8,0.0,0.0,1628.8,1628.8,Completed
140,49,2024-08-28,Social Media,North,119.4,17.91,0.0,101.49,101.49,Completed
141,49,2024-11-04,Email,North,1241.42,124.14,0.0,1117.28,1117.28,Completed
142,49,2024-11-05,Social Media,North,560.58,0.0,0.0,560.58,560.58,Completed
143,49,2024-11-07,Organic Search,North,474.68,0.0,0.0,474.68,474.68,Completed
144,49,2024-12-26,Referral,North,32.1,3.21,4.73,33.62,33.62,Completed
145,49,2025-02-18,Organic Search,North,173.32,0.0,0.0,173.32,173.32,Completed
146,49,2025-06-16,Social Media,North,512.39,0.0,0.0,512.39,512.39,Completed
147,49,2025-11-15,Social Media,North,1162.86,0.0,0.0,1162.86,1162.86,Completed
148,49,2025-12-13,Social Media,North,575.47,0.0,0.0,575.47,575.47,Completed
149,50,2025-03-23,Paid Ads,South,584.84,0.0,0.0,584.84,584.84,Completed
150,50,2025-12-10,Referral,South,3354.96,0.0,0.0,3354.96,3354.96,Completed
151,51,2025-07-17,Email,East,454.17,90.83,0.0,363.34,363.34,Completed
152,52,2025-02-27,Paid Ads,North,557.8,111.56,0.0,446.24,446.24,Completed
153,52,2025-03-27,Organic Search,North,2538.37,0.0,0.0,2538.37,2538.37,Completed
154,53,2024-05-02,Social Media,South,145.98,0.0,0.0,145.98,145.98,Completed
155,53,2024-10-18,Paid Ads,South,692.9,34.65,0.0,658.25,658.25,Completed
156,54,2025-01-25,Email,Central,409.38,0.0,0.0,409.38,409.38,Completed
157,54,2025-08-29,Paid Ads,Central,149.15,0.0,0.0,149.15,149.15,Completed
158,55,2024-03-03,Email,East,480.54,48.05,0.0,432.49,432.49,Completed
159,55,2024-03-18,Referral,East,299.66,44.95,0.0,254.71,254.71,Completed
160,55,2024-08-23,Paid Ads,East,28.66,1.43,4.89,32.12,32.12,Completed
161,55,2024-09-03,Paid Ads,East,40.93,0.0,8.26,49.19,49.19,Completed
162,55,2024-11-27,Paid Ads,East,435.06,0.0,0.0,435.06,435.06,Completed
163,55,2024-12-18,Paid Ads,East,77.66,0.0,0.0,77.66,77.66,Completed
164,55,2025-03-16,Social Media,East,187.94,0.0,0.0,187.94,187.94,Completed
165,55,2025-05-13,Email,East,813.62,0.0,0.0,813.62,813.62,Completed
166,56,2025-06-26,Paid Ads,Central,268.69,0.0,0.0,268.69,268.69,Completed
167,57,2024-06-01,Paid Ads,East,41.58,0.0,7.99,49.57,49.57,Completed
168,59,2023-05-09,Organic Search,South,156.82,7.84,0.0,148.98,148.98,Completed
169,59,2023-10-26,Email,South,167.21,0.0,0.0,167.21,167.21,Completed
170,59,2023-10-31,Direct,South,40.62,0.0,8.81,49.43,49.43,Completed
171,59,2023-11-10,Paid Ads,South,166.14,24.92,0.0,141.22,141.22,Completed
172,59,2023-11-25,Organic Search,South,354.98,0.0,0.0,354.98,354.98,Completed
173,59,2024-06-08,Email,South,15.95,0.0,5.96,21.91,21.91,Completed
174,59,2024-07-01,Referral,South,86.23,0.0,0.0,86.23,86.23,Completed
175,59,2024-08-01,Organic Search,South,402.13,20.11,0.0,382.02,382.02,Completed
176,59,2024-12-13,Paid Ads,South,61.69,0.0,4.97,66.66,66.66,Completed
177,59,2025-02-07,Referral,South,307.67,0.0,0.0,307.67,307.67,Completed
178,59,2025-08-27,Social Media,South,826.05,41.3,0.0,784.75,784.75,Completed
179,59,2025-12-20,Paid Ads,South,142.1,28.42,0.0,113.68,113.68,Completed
180,60,2024-03-13,Paid Ads,North,98.66,0.0,0.0,98.66,98.66,Completed
181,62,2024-08-09,Social Media,South,203.95,0.0,0.0,203.95,203.95,Completed
182,62,2025-06-08,Email,South,290.23,0.0,0.0,290.23,290.23,Completed
183,62,2025-06-12,Social Media,South,222.21,44.44,0.0,177.77,177.77,Completed
184,64,2024-06-23,Email,North,218.13,0.0,0.0,218.13,218.13,Completed
185,64,2024-12-03,Organic Search,North,1099.56,0.0,0.0,1099.56,1099.56,Completed
186,64,2025-10-29,Paid Ads,North,2113.47,0.0,0.0,2113.47,2113.47,Completed
187,65,2025-05-01,Social Media,Central,2373.02,118.65,0.0,2254.37,2254.37,Completed
188,65,2025-07-04,Organic Search,Central,1005.15,201.03,0.0,804.12,804.12,Completed
189,65,2025-08-18,Social Media,Central,949.45,94.94,0.0,854.51,854.51,Completed
190,66,2024-01-12,Paid Ads,South,206.87,41.37,0.0,165.5,165.5,Completed
191,66,2024-05-18,Social Media,South,619.81,61.98,0.0,557.83,557.83,Completed
192,66,2024-07-22,Direct,South,9.99,0.0,6.15,16.14,16.14,Completed
193,66,2025-05-11,Paid Ads,South,693.06,0.0,0.0,693.06,693.06,Completed
194,67,2024-11-11,Organic Search,South,474.96,0.0,0.0,474.96,474.96,Completed
195,67,2025-03-24,Email,South,251.04,25.1,0.0,225.94,225.94,Completed
196,68,2023-10-30,Paid Ads,East,69.24,3.46,6.45,72.23,72.23,Completed
197,69,2025-02-13,Social Media,West,141.11,0.0,0.0,141.11,141.11,Completed
198,70,2024-08-21,Social Media,North,195.48,19.55,0.0,175.93,175.93,Completed
199,70,2025-05-05,Social Media,North,978.61,0.0,0.0,978.61,978.61,Completed
200,70,2025-05-27,Email,North,881.45,0.0,0.0,881.45,881.45,Completed
201,71,2025-05-06,Social Media,Central,1176.49,0.0,0.0,0.0,1176.49,Returned
202,72,2024-08-28,Organic Search,South,376.44,0.0,0.0,0.0,376.44,Returned
203,72,2025-01-25,Referral,South,2139.0,213.9,0.0,1925.1,1925.1,Completed
204,72,2025-03-07,Paid Ads,South,496.19,49.62,0.0,446.57,446.57,Completed
205,72,2025-10-01,Organic Search,South,89.22,4.46,0.0,84.76,84.76,Completed
206,73,2023-03-24,Email,West,62.27,3.11,7.14,66.3,66.3,Completed
207,73,2023-04-10,Paid Ads,West,150.06,7.5,0.0,142.56,142.56,Completed
208,73,2023-06-04,Organic Search,West,802.72,80.27,0.0,722.45,722.45,Completed
209,73,2023-07-01,Social Media,West,955.07,0.0,0.0,955.07,955.07,Completed
210,73,2023-07-15,Direct,West,232.24,0.0,0.0,232.24,232.24,Completed
211,73,2023-07-23,Organic Search,West,173.95,0.0,0.0,173.95,173.95,Completed
212,73,2023-08-30,Social Media,West,194.73,19.47,0.0,175.26,175.26,Completed
213,73,2023-11-16,Direct,West,160.8,0.0,0.0,160.8,160.8,Completed
214,73,2024-04-15,Organic Search,West,702.44,0.0,0.0,702.44,702.44,Completed
215,73,2024-05-24,Paid Ads,West,252.7,0.0,0.0,252.7,252.7,Completed
216,74,2025-12-24,Direct,South,272.99,0.0,0.0,272.99,272.99,Completed
217,74,2025-12-25,Direct,South,18.47,0.0,4.3,22.77,22.77,Completed
218,75,2025-04-19,Email,West,357.35,0.0,0.0,357.35,357.35,Completed
219,76,2025-02-13,Paid Ads,South,386.54,0.0,0.0,386.54,386.54,Completed
220,76,2025-06-01,Direct,South,1514.73,0.0,0.0,1514.73,1514.73,Completed
221,76,2025-06-06,Email,South,547.02,0.0,0.0,547.02,547.02,Completed
222,76,2025-07-28,Email,South,27.62,0.0,6.92,34.54,34.54,Completed
223,76,2025-12-09,Social Media,South,784.51,0.0,0.0,784.51,784.51,Completed
224,77,2025-12-02,Direct,North,310.06,31.01,0.0,279.05,279.05,Completed
225,79,2025-04-10,Paid Ads,East,89.94,8.99,0.0,80.95,80.95,Completed
226,79,2025-04-25,Email,East,437.73,0.0,0.0,437.73,437.73,Completed
227,81,2025-11-17,Organic Search,North,642.75,0.0,0.0,642.75,642.75,Completed
228,82,2024-08-16,Social Media,East,59.4,2.97,7.05,0.0,63.48,Returned
229,82,2025-01-03,Organic Search,East,167.1,8.36,0.0,158.74,158.74,Completed
230,82,2025-12-01,Direct,East,34.1,0.0,6.07,40.17,40.17,Completed
231,85,2024-03-28,Email,Central,185.74,9.29,0.0,176.45,176.45,Completed
232,86,2025-08-18,Social Media,East,256.26,12.81,0.0,243.45,243.45,Completed
233,86,2025-08-20,Direct,East,118.15,11.82,0.0,106.33,106.33,Completed
234,87,2023-07-03,Paid Ads,Central,103.63,0.0,0.0,103.63,103.63,Completed
235,87,2024-04-17,Paid Ads,Central,507.08,25.35,0.0,481.73,481.73,Completed
236,88,2025-02-13,Paid Ads,West,193.91,29.09,0.0,164.82,164.82,Completed
237,88,2025-05-01,Organic Search,West,468.11,0.0,0.0,468.11,468.11,Completed
238,88,2025-08-14,Referral,West,85.38,0.0,0.0,85.38,85.38,Completed
239,89,2023-10-06,Organic Search,Central,57.33,0.0,7.86,65.19,65.19,Completed
240,89,2023-11-16,Organic Search,Central,37.16,1.86,4.72,40.02,40.02,Completed
241,89,2024-07-04,Organic Search,Central,53.83,0.0,7.99,61.82,61.82,Completed
242,90,2023-12-06,Paid Ads,West,1190.71,0.0,0.0,1190.71,1190.71,Completed
243,90,2024-01-10,Organic Search,West,250.48,25.05,0.0,225.43,225.43,Completed
244,90,2024-01-20,Organic Search,West,1495.35,0.0,0.0,1495.35,1495.35,Completed
245,90,2024-11-14,Paid Ads,West,1039.4,0.0,0.0,1039.4,1039.4,Completed
246,90,2025-02-22,Email,West,1113.37,0.0,0.0,1113.37,1113.37,Completed
247,90,2025-04-25,Direct,West,252.34,12.62,0.0,239.72,239.72,Completed
248,91,2023-09-11,Email,Central,77.93,0.0,0.0,77.93,77.93,Completed
249,92,2025-07-12,Social Media,East,1116.4,0.0,0.0,1116.4,1116.4,Completed
250,93,2025-04-04,Email,North,486.75,24.34,0.0,462.41,462.41,Completed
251,93,2025-06-03,Paid Ads,North,164.92,0.0,0.0,164.92,164.92,Completed
252,93,2025-09-10,Social Media,North,719.14,143.83,0.0,575.31,575.31,Completed
253,93,2025-12-03,Social Media,North,24.62,1.23,8.81,32.2,32.2,Completed
254,94,2024-05-13,Direct,North,272.5,27.25,0.0,245.25,245.25,Completed
255,94,2024-09-01,Paid Ads,North,2835.26,0.0,0.0,2835.26,2835.26,Completed
256,94,2024-11-16,Paid Ads,North,24.64,0.0,5.53,30.17,30.17,Completed
257,94,2025-02-04,Direct,North,225.4,0.0,0.0,225.4,225.4,Completed
258,94,2025-10-09,Organic Search,North,25.56,3.83,6.8,28.53,28.53,Completed
259,95,2023-11-10,Paid Ads,South,1147.08,0.0,0.0,1147.08,1147.08,Completed
260,95,2024-04-04,Organic Search,South,415.56,0.0,0.0,415.56,415.56,Completed
261,95,2024-04-28,Social Media,South,18.64,0.93,8.41,26.12,26.12,Completed
262,95,2025-02-20,Social Media,South,237.29,0.0,0.0,237.29,237.29,Completed
263,95,2025-09-12,Social Media,South,247.83,0.0,0.0,247.83,247.83,Completed
264,97,2023-04-26,Paid Ads,South,69.97,0.0,8.73,78.7,78.7,Completed
265,97,2023-06-29,Email,South,140.13,0.0,0.0,140.13,140.13,Completed
266,97,2023-12-23,Paid Ads,South,262.15,0.0,0.0,262.15,262.15,Completed
267,97,2024-03-15,Social Media,South,26.91,2.69,8.81,33.03,33.03,Completed
268,97,2024-04-28,Email,South,83.36,0.0,0.0,83.36,83.36,Completed
269,97,2025-01-03,Organic Search,South,92.04,0.0,0.0,92.04,92.04,Completed
270,97,2025-01-08,Referral,South,33.49,0.0,7.24,40.73,40.73,Completed
271,97,2025-02-13,Paid Ads,South,71.75,0.0,5.65,77.4,77.4,Completed
272,99,2023-11-23,Social Media,Central,183.69,27.55,0.0,156.14,156.14,Completed
273,99,2024-05-01,Organic Search,Central,79.39,3.97,0.0,75.42,75.42,Completed
274,100,2024-05-06,Email,South,712.87,71.29,0.0,641.58,641.58,Completed
275,100,2024-05-21,Email,South,554.92,27.75,0.0,527.17,527.17,Completed
276,100,2024-05-28,Social Media,South,516.78,0.0,0.0,516.78,516.78,Completed
277,100,2024-06-11,Direct,South,69.6,13.92,5.48,61.16,61.16,Completed
278,100,2024-08-26,Organic Search,South,1797.68,179.77,0.0,1617.91,1617.91,Completed
279,100,2024-09-18,Email,South,52.39,0.0,6.1,58.49,58.49,Completed
280,101,2023-07-17,Paid Ads,Central,569.83,0.0,0.0,0.0,569.83,Returned
281,101,2023-12-28,Paid Ads,Central,70.82,0.0,5.68,76.5,76.5,Completed
282,101,2024-01-06,Paid Ads,Central,2106.63,105.33,0.0,2001.3,2001.3,Completed
283,101,2024-05-15,Direct,Central,179.59,0.0,0.0,179.59,179.59,Completed
284,101,2024-06-10,Organic Search,Central,244.24,24.42,0.0,219.82,219.82,Completed
285,101,2024-07-05,Email,Central,119.45,0.0,0.0,119.45,119.45,Completed
286,101,2024-07-16,Social Media,Central,1009.34,0.0,0.0,1009.34,1009.34,Completed
287,102,2023-10-12,Organic Search,East,55.41,8.31,4.61,51.71,51.71,Completed
288,102,2023-10-28,Email,East,217.25,0.0,0.0,217.25,217.25,Completed
289,102,2024-03-15,Paid Ads,East,246.69,24.67,0.0,222.02,222.02,Completed
290,102,2024-05-03,Paid Ads,East,107.98,10.8,0.0,97.18,97.18,Completed
291,102,2024-06-16,Email,East,223.69,0.0,0.0,223.69,223.69,Completed
292,102,2024-11-17,Organic Search,East,324.87,16.24,0.0,308.63,308.63,Completed
293,102,2024-12-05,Email,East,1417.59,141.76,0.0,1275.83,1275.83,Completed
294,102,2025-03-09,Social Media,East,779.51,0.0,0.0,779.51,779.51,Completed
295,103,2024-11-29,Email,North,187.46,9.37,0.0,178.09,178.09,Completed
296,103,2024-12-07,Paid Ads,North,550.13,0.0,0.0,550.13,550.13,Completed
297,103,2025-05-10,Social Media,North,124.46,0.0,0.0,124.46,124.46,Completed
298,104,2023-10-30,Organic Search,South,785.59,78.56,0.0,707.03,707.03,Completed
299,104,2024-04-18,Paid Ads,South,244.66,0.0,0.0,244.66,244.66,Completed
300,104,2024-05-12,Direct,South,201.79,0.0,0.0,201.79,201.79,Completed
301,105,2023-12-06,Email,North,500.5,0.0,0.0,500.5,500.5,Completed
302,105,2024-01-24,Organic Search,North,190.42,9.52,0.0,180.9,180.9,Completed
303,105,2024-02-01,Direct,North,484.91,48.49,0.0,436.42,436.42,Completed
304,105,2024-02-03,Organic Search,North,114.11,11.41,0.0,102.7,102.7,Completed
305,105,2024-06-26,Organic Search,North,372.99,18.65,0.0,354.34,354.34,Completed
306,105,2024-07-09,Organic Search,North,1153.82,57.69,0.0,1096.13,1096.13,Completed
307,105,2024-07-28,Direct,North,169.91,25.49,0.0,144.42,144.42,Completed
308,105,2024-08-12,Social Media,North,129.48,6.47,0.0,123.01,123.01,Completed
309,105,2024-09-02,Paid Ads,North,668.46,0.0,0.0,668.46,668.46,Completed
310,105,2024-12-11,Organic Search,North,623.1,0.0,0.0,623.1,623.1,Completed
311,105,2025-02-11,Referral,North,1384.73,69.24,0.0,0.0,1315.49,Returned
312,106,2023-08-26,Organic Search,South,33.03,3.3,6.9,36.63,36.63,Completed
313,106,2024-07-29,Email,South,802.25,0.0,0.0,802.25,802.25,Completed
314,106,2024-09-19,Social Media,South,1307.48,0.0,0.0,1307.48,1307.48,Completed
315,106,2025-08-25,Paid Ads,South,102.58,0.0,0.0,102.58,102.58,Completed
316,106,2025-10-07,Email,South,9.25,0.0,8.12,17.37,17.37,Completed
317,106,2025-10-18,Email,South,20.81,1.04,8.96,28.73,28.73,Completed
318,107,2025-01-06,Email,Central,30.25,1.51,6.41,35.15,35.15,Completed
319,107,2025-04-26,Direct,Central,492.01,73.8,0.0,418.21,418.21,Completed
320,107,2025-05-16,Paid Ads,Central,227.87,0.0,0.0,227.87,227.87,Completed
321,107,2025-07-04,Direct,Central,166.1,8.3,0.0,157.8,157.8,Completed
322,107,2025-08-07,Referral,Central,59.85,0.0,7.71,67.56,67.56,Completed
323,110,2024-10-29,Organic Search,West,1276.29,0.0,0.0,1276.29,1276.29,Completed
324,110,2024-11-26,Email,West,118.47,5.92,0.0,112.55,112.55,Completed
325,110,2024-12-23,Email,West,469.14,23.46,0.0,445.68,445.68,Completed
326,110,2025-08-19,Paid Ads,West,249.28,0.0,0.0,249.28,249.28,Completed
327,110,2025-12-09,Email,West,255.72,0.0,0.0,255.72,255.72,Completed
328,110,2025-12-11,Organic Search,West,262.17,0.0,0.0,262.17,262.17,Completed
329,111,2025-02-13,Social Media,Central,866.76,43.34,0.0,0.0,823.42,Returned
330,111,2025-02-17,Email,Central,2172.91,0.0,0.0,2172.91,2172.91,Completed
331,113,2025-03-21,Direct,East,281.3,14.07,0.0,267.23,267.23,Completed
332,113,2025-05-24,Paid Ads,East,27.92,0.0,6.24,34.16,34.16,Completed
333,113,2025-06-13,Social Media,East,192.58,0.0,0.0,192.58,192.58,Completed
334,114,2023-10-25,Referral,North,257.95,0.0,0.0,257.95,257.95,Completed
335,114,2024-03-27,Referral,North,35.02,0.0,7.81,42.83,42.83,Completed
336,114,2024-09-03,Paid Ads,North,146.1,21.92,0.0,124.18,124.18,Completed
337,114,2025-05-03,Social Media,North,199.9,10.0,0.0,189.9,189.9,Completed
338,114,2025-06-10,Direct,North,1831.64,0.0,0.0,1831.64,1831.64,Completed
339,114,2025-09-14,Direct,North,237.62,11.88,0.0,225.74,225.74,Completed
340,115,2024-06-06,Social Media,East,206.74,20.67,0.0,186.07,186.07,Completed
341,115,2024-12-10,Direct,East,272.37,54.47,0.0,217.9,217.9,Completed
342,115,2024-12-13,Social Media,East,32.82,0.0,7.05,0.0,39.87,Returned
343,115,2025-04-03,Organic Search,East,247.97,0.0,0.0,247.97,247.97,Completed
344,115,2025-04-19,Social Media,East,187.47,0.0,0.0,187.47,187.47,Completed
345,115,2025-06-01,Social Media,East,1224.27,0.0,0.0,1224.27,1224.27,Completed
346,115,2025-07-10,Email,East,397.58,19.88,0.0,377.7,377.7,Completed
347,115,2025-08-28,Organic Search,East,876.53,0.0,0.0,876.53,876.53,Completed
348,116,2023-10-24,Email,East,661.49,0.0,0.0,661.49,661.49,Completed
349,116,2025-01-04,Email,East,19.45,1.94,8.26,25.77,25.77,Completed
350,117,2023-12-28,Paid Ads,West,85.68,0.0,0.0,0.0,85.68,Returned
351,117,2024-04-17,Direct,West,316.88,0.0,0.0,316.88,316.88,Completed
352,117,2025-02-19,Referral,West,625.8,62.58,0.0,563.22,563.22,Completed
353,119,2024-07-29,Email,North,848.62,42.43,0.0,806.19,806.19,Completed
354,120,2024-06-02,Paid Ads,West,722.43,72.24,0.0,650.19,650.19,Completed
355,120,2025-01-03,Email,West,74.83,0.0,8.87,83.7,83.7,Completed
356,121,2024-11-23,Referral,West,589.32,0.0,0.0,589.32,589.32,Completed
357,122,2023-09-23,Organic Search,East,47.12,9.42,5.75,43.45,43.45,Completed
358,122,2024-05-08,Direct,East,20.53,2.05,7.21,25.69,25.69,Completed
359,122,2025-01-24,Referral,East,1009.35,0.0,0.0,1009.35,1009.35,Completed
360,123,2024-12-10,Organic Search,South,863.87,0.0,0.0,863.87,863.87,Completed
361,124,2025-03-29,Email,South,603.62,0.0,0.0,603.62,603.62,Completed
362,124,2025-10-22,Social Media,South,1218.22,0.0,0.0,1218.22,1218.22,Completed
363,124,2025-12-08,Social Media,South,1068.49,0.0,0.0,1068.49,1068.49,Completed
364,125,2025-04-28,Paid Ads,North,251.18,37.68,0.0,213.5,213.5,Completed
365,125,2025-10-08,Social Media,North,1227.83,184.17,0.0,1043.66,1043.66,Completed
366,126,2025-01-02,Email,Central,724.55,72.46,0.0,652.09,652.09,Completed
367,127,2025-06-04,Social Media,North,54.36,0.0,7.57,61.93,61.93,Completed
368,128,2024-03-07,Organic Search,North,86.95,0.0,0.0,86.95,86.95,Completed
369,128,2024-10-20,Email,North,719.57,0.0,0.0,719.57,719.57,Completed
370,129,2025-10-20,Organic Search,Central,583.45,0.0,0.0,583.45,583.45,Completed
371,130,2024-04-13,Email,North,351.21,0.0,0.0,351.21,351.21,Completed
372,130,2024-04-18,Organic Search,North,13.77,0.0,4.39,0.0,18.16,Returned
373,131,2025-02-08,Social Media,North,399.84,0.0,0.0,399.84,399.84,Completed
374,132,2025-01-08,Paid Ads,South,1095.83,0.0,0.0,1095.83,1095.83,Completed
375,132,2025-01-17,Organic Search,South,287.27,28.73,0.0,258.54,258.54,Completed
376,132,2025-02-20,Direct,South,89.87,0.0,0.0,89.87,89.87,Completed
377,132,2025-03-08,Social Media,South,585.75,0.0,0.0,585.75,585.75,Completed
378,132,2025-04-04,Social Media,South,17.98,0.9,4.79,21.87,21.87,Completed
379,132,2025-04-15,Social Media,South,611.82,122.36,0.0,489.46,489.46,Completed
380,132,2025-04-22,Organic Search,South,643.5,0.0,0.0,643.5,643.5,Completed
381,132,2025-05-15,Organic Search,South,992.34,99.23,0.0,893.11,893.11,Completed
382,132,2025-06-25,Social Media,South,28.18,5.64,5.92,28.46,28.46,Completed
383,132,2025-08-28,Organic Search,South,826.08,82.61,0.0,743.47,743.47,Completed
384,132,2025-08-30,Social Media,South,1439.2,0.0,0.0,1439.2,1439.2,Completed
385,134,2025-07-15,Social Media,South,1199.25,0.0,0.0,1199.25,1199.25,Completed
386,135,2024-01-30,Email,West,51.8,0.0,8.55,60.35,60.35,Completed
387,135,2025-04-03,Social Media,West,219.84,0.0,0.0,219.84,219.84,Completed
388,135,2025-04-14,Direct,West,71.47,0.0,5.69,77.16,77.16,Completed
389,136,2025-05-23,Email,West,71.32,0.0,5.36,76.68,76.68,Completed
390,136,2025-05-26,Email,West,66.92,3.35,8.27,0.0,71.84,Returned
391,136,2025-09-16,Direct,West,1292.74,129.27,0.0,1163.47,1163.47,Completed
392,139,2023-09-21,Organic Search,North,123.91,6.2,0.0,117.71,117.71,Completed
393,139,2023-12-18,Paid Ads,North,354.74,17.74,0.0,337.0,337.0,Completed
394,140,2023-11-23,Direct,South,21.88,0.0,6.54,28.42,28.42,Completed
395,140,2023-11-25,Direct,South,146.95,29.39,0.0,117.56,117.56,Completed
396,140,2023-12-09,Email,South,1831.27,0.0,0.0,1831.27,1831.27,Completed
397,140,2024-01-19,Email,South,995.71,0.0,0.0,995.71,995.71,Completed
398,140,2024-07-17,Paid Ads,South,662.18,33.11,0.0,629.07,629.07,Completed
399,140,2024-08-26,Paid Ads,South,25.24,0.0,6.31,31.55,31.55,Completed
400,141,2024-03-16,Email,East,557.01,55.7,0.0,501.31,501.31,Completed
401,141,2024-05-24,Direct,East,118.93,0.0,0.0,118.93,118.93,Completed
402,141,2024-07-05,Direct,East,293.55,0.0,0.0,293.55,293.55,Completed
403,141,2024-08-01,Social Media,East,132.41,26.48,0.0,105.93,105.93,Completed
404,141,2024-09-18,Social Media,East,1353.41,67.67,0.0,1285.74,1285.74,Completed
405,141,2024-10-28,Paid Ads,East,338.33,0.0,0.0,338.33,338.33,Completed
406,141,2024-10-28,Organic Search,East,402.21,20.11,0.0,382.1,382.1,Completed
407,141,2024-12-26,Paid Ads,East,359.56,0.0,0.0,359.56,359.56,Completed
408,141,2025-02-09,Email,East,88.46,0.0,0.0,88.46,88.46,Completed
409,141,2025-02-18,Direct,East,243.64,0.0,0.0,243.64,243.64,Completed
410,141,2025-03-28,Paid Ads,East,935.36,93.54,0.0,841.82,841.82,Completed
411,141,2025-05-12,Social Media,East,49.9,7.48,4.56,46.98,46.98,Completed
412,141,2025-07-18,Social Media,East,878.42,0.0,0.0,878.42,878.42,Completed
413,142,2025-01-16,Organic Search,North,338.56,33.86,0.0,304.7,304.7,Completed
414,143,2024-05-02,Email,Central,813.43,162.69,0.0,650.74,650.74,Completed
415,143,2024-08-11,Paid Ads,Central,1653.33,82.67,0.0,1570.66,1570.66,Completed
416,143,2025-10-31,Referral,Central,71.84,0.0,5.07,76.91,76.91,Completed
417,146,2024-12-26,Referral,Central,933.71,0.0,0.0,933.71,933.71,Completed
418,146,2025-09-06,Direct,Central,2096.35,0.0,0.0,2096.35,2096.35,Completed
419,147,2023-08-30,Email,North,467.09,93.42,0.0,373.67,373.67,Completed
420,147,2023-11-19,Organic Search,North,342.48,17.12,0.0,325.36,325.36,Completed
421,147,2023-12-05,Social Media,North,30.98,1.55,7.67,37.1,37.1,Completed
422,148,2025-07-15,Email,North,78.18,15.64,0.0,62.54,62.54,Completed
423,149,2025-08-27,Social Media,West,22.33,2.23,5.89,25.99,25.99,Completed
424,150,2024-05-05,Email,East,604.89,0.0,0.0,0.0,604.89,Returned
425,151,2024-03-24,Referral,North,718.38,35.92,0.0,682.46,682.46,Completed
426,151,2024-03-25,Direct,North,96.33,0.0,0.0,96.33,96.33,Completed
427,151,2024-04-27,Paid Ads,North,954.79,0.0,0.0,954.79,954.79,Completed
428,151,2024-08-19,Social Media,North,345.01,0.0,0.0,0.0,345.01,Returned
429,151,2025-02-16,Paid Ads,North,1373.82,0.0,0.0,0.0,1373.82,Returned
430,151,2025-04-15,Paid Ads,North,53.92,0.0,8.4,62.32,62.32,Completed
431,151,2025-04-26,Organic Search,North,22.06,4.41,8.63,26.28,26.28,Completed
432,151,2025-05-04,Direct,North,219.71,0.0,0.0,219.71,219.71,Completed
433,151,2025-07-20,Organic Search,North,261.88,0.0,0.0,261.88,261.88,Completed
434,152,2024-03-03,Social Media,North,1347.74,0.0,0.0,1347.74,1347.74,Completed
435,153,2024-08-01,Organic Search,West,243.04,24.3,0.0,218.74,218.74,Completed
436,153,2024-11-09,Email,West,213.85,42.77,0.0,171.08,171.08,Completed
437,153,2025-03-04,Social Media,West,96.35,14.45,0.0,81.9,81.9,Completed
438,153,2025-04-21,Referral,West,542.78,0.0,0.0,542.78,542.78,Completed
439,153,2025-07-18,Email,West,14.67,0.73,8.56,22.5,22.5,Completed
440,154,2024-06-05,Email,East,796.77,0.0,0.0,796.77,796.77,Completed
441,154,2024-07-12,Organic Search,East,217.04,0.0,0.0,217.04,217.04,Completed
442,154,2024-08-21,Social Media,East,113.8,11.38,0.0,102.42,102.42,Completed
443,154,2024-11-07,Paid Ads,East,1714.82,0.0,0.0,1714.82,1714.82,Completed
444,154,2024-11-13,Social Media,East,126.59,0.0,0.0,126.59,126.59,Completed
445,154,2024-12-01,Organic Search,East,126.54,6.33,0.0,120.21,120.21,Completed
446,155,2025-07-25,Paid Ads,South,139.85,6.99,0.0,132.86,132.86,Completed
447,155,2025-10-15,Paid Ads,South,750.25,75.03,0.0,675.22,675.22,Completed
448,156,2024-01-17,Paid Ads,East,752.06,37.6,0.0,714.46,714.46,Completed
449,156,2024-02-11,Email,East,33.13,0.0,4.01,37.14,37.14,Completed
450,156,2024-04-01,Social Media,East,372.76,0.0,0.0,372.76,372.76,Completed
451,157,2024-12-16,Direct,North,1349.61,134.96,0.0,1214.65,1214.65,Completed
452,157,2025-07-07,Social Media,North,797.18,0.0,0.0,797.18,797.18,Completed
453,157,2025-09-23,Paid Ads,North,911.6,91.16,0.0,820.44,820.44,Completed
454,159,2025-10-19,Social Media,Central,779.49,0.0,0.0,779.49,779.49,Completed
455,160,2025-11-19,Paid Ads,West,635.01,0.0,0.0,635.01,635.01,Completed
456,161,2024-08-24,Organic Search,Central,316.08,0.0,0.0,316.08,316.08,Completed
457,161,2025-03-17,Email,Central,242.05,0.0,0.0,242.05,242.05,Completed
458,162,2024-11-19,Social Media,North,276.66,0.0,0.0,276.66,276.66,Completed
459,162,2025-02-19,Paid Ads,North,739.88,0.0,0.0,739.88,739.88,Completed
460,163,2023-09-12,Paid Ads,North,194.58,0.0,0.0,0.0,194.58,Returned
461,163,2023-12-03,Email,North,240.76,0.0,0.0,240.76,240.76,Completed
462,164,2025-07-04,Social Media,East,41.47,8.29,6.64,39.82,39.82,Completed
463,165,2024-09-27,Paid Ads,West,17.87,0.0,6.83,24.7,24.7,Completed
464,165,2025-04-25,Paid Ads,West,367.83,0.0,0.0,367.83,367.83,Completed
465,165,2025-11-28,Social Media,West,377.82,0.0,0.0,377.82,377.82,Completed
466,166,2025-02-14,Paid Ads,East,545.56,0.0,0.0,545.56,545.56,Completed
467,166,2025-04-07,Social Media,East,750.23,0.0,0.0,750.23,750.23,Completed
468,166,2025-11-12,Paid Ads,East,38.09,1.9,5.2,41.39,41.39,Completed
469,166,2025-11-20,Email,East,99.13,0.0,0.0,99.13,99.13,Completed
470,167,2025-01-11,Social Media,Central,989.14,49.46,0.0,939.68,939.68,Completed
471,167,2025-06-17,Organic Search,Central,20.64,2.06,7.39,25.97,25.97,Completed
472,167,2025-08-24,Organic Search,Central,248.15,0.0,0.0,248.15,248.15,Completed
473,168,2024-08-09,Direct,North,176.54,8.83,0.0,167.71,167.71,Completed
474,170,2024-03-25,Email,East,233.64,0.0,0.0,233.64,233.64,Completed
475,170,2025-01-04,Organic Search,East,83.15,0.0,0.0,83.15,83.15,Completed
476,171,2024-07-09,Organic Search,North,363.42,0.0,0.0,363.42,363.42,Completed
477,171,2024-10-28,Social Media,North,146.06,29.21,0.0,116.85,116.85,Completed
478,175,2025-03-04,Email,North,297.74,0.0,0.0,297.74,297.74,Completed
479,175,2025-04-21,Paid Ads,North,114.1,0.0,0.0,114.1,114.1,Completed
480,175,2025-05-03,Paid Ads,North,887.69,0.0,0.0,887.69,887.69,Completed
481,176,2024-10-18,Paid Ads,East,478.35,23.92,0.0,454.43,454.43,Completed
482,176,2025-03-15,Organic Search,East,45.81,4.58,4.47,45.7,45.7,Completed
483,177,2024-10-14,Organic Search,West,51.91,0.0,8.95,60.86,60.86,Completed
484,177,2025-12-21,Paid Ads,West,82.51,0.0,0.0,82.51,82.51,Completed
485,177,2025-12-26,Social Media,West,60.52,0.0,6.37,66.89,66.89,Completed
486,178,2024-08-25,Paid Ads,South,61.46,3.07,6.76,65.15,65.15,Completed
487,178,2024-08-31,Organic Search,South,330.38,33.04,0.0,297.34,297.34,Completed
488,178,2024-11-01,Social Media,South,308.34,15.42,0.0,292.92,292.92,Completed
489,178,2025-01-14,Referral,South,216.69,43.34,0.0,173.35,173.35,Completed
490,178,2025-03-06,Organic Search,South,60.96,9.14,6.51,58.33,58.33,Completed
491,178,2025-03-30,Social Media,South,234.1,0.0,0.0,234.1,234.1,Completed
492,178,2025-07-02,Social Media,South,136.93,0.0,0.0,136.93,136.93,Completed
493,178,2025-09-25,Email,South,165.49,33.1,0.0,132.39,132.39,Completed
494,178,2025-12-08,Referral,South,760.0,0.0,0.0,760.0,760.0,Completed
495,179,2023-10-24,Organic Search,South,41.15,0.0,6.78,47.93,47.93,Completed
496,179,2023-11-15,Paid Ads,South,175.55,0.0,0.0,175.55,175.55,Completed
497,179,2023-12-03,Paid Ads,South,653.05,0.0,0.0,653.05,653.05,Completed
498,179,2024-03-07,Paid Ads,South,397.4,0.0,0.0,397.4,397.4,Completed
499,180,2024-05-12,Paid Ads,North,967.18,0.0,0.0,967.18,967.18,Completed
500,180,2024-08-24,Direct,North,812.64,0.0,0.0,812.64,812.64,Completed
501,180,2025-01-17,Organic Search,North,223.07,22.31,0.0,200.76,200.76,Completed
502,180,2025-02-14,Paid Ads,North,928.02,0.0,0.0,928.02,928.02,Completed
503,180,2025-07-01,Social Media,North,177.15,26.57,0.0,150.58,150.58,Completed
504,180,2025-07-21,Organic Search,North,226.18,0.0,0.0,226.18,226.18,Completed
505,180,2025-07-30,Social Media,North,102.98,0.0,0.0,102.98,102.98,Completed
506,180,2025-10-15,Email,North,561.61,0.0,0.0,561.61,561.61,Completed
507,180,2025-11-11,Paid Ads,North,540.21,0.0,0.0,540.21,540.21,Completed
508,181,2024-10-22,Direct,West,142.58,0.0,0.0,142.58,142.58,Completed
509,181,2024-11-03,Email,West,97.6,0.0,0.0,97.6,97.6,Completed
510,181,2024-12-27,Paid Ads,West,66.98,0.0,8.91,75.89,75.89,Completed
511,181,2025-04-18,Direct,West,792.31,79.23,0.0,713.08,713.08,Completed
512,182,2025-09-24,Email,North,173.94,0.0,0.0,173.94,173.94,Completed
513,183,2023-10-28,Email,West,56.09,5.61,6.09,56.57,56.57,Completed
514,184,2024-02-10,Email,East,137.38,13.74,0.0,123.64,123.64,Completed
515,184,2025-01-13,Organic Search,East,421.02,63.15,0.0,357.87,357.87,Completed
516,184,2025-04-10,Email,East,2794.7,558.94,0.0,2235.76,2235.76,Completed
517,184,2025-10-02,Email,East,117.34,23.47,0.0,93.87,93.87,Completed
518,185,2024-07-31,Organic Search,East,268.29,26.83,0.0,241.46,241.46,Completed
519,185,2024-08-24,Social Media,East,1768.79,88.44,0.0,1680.35,1680.35,Completed
520,185,2024-09-20,Paid Ads,East,243.31,0.0,0.0,243.31,243.31,Completed
521,185,2024-11-19,Social Media,East,24.48,1.22,5.81,29.07,29.07,Completed
522,185,2024-12-27,Email,East,229.37,0.0,0.0,229.37,229.37,Completed
523,185,2025-02-04,Email,East,349.68,0.0,0.0,349.68,349.68,Completed
524,185,2025-04-03,Organic Search,East,47.89,0.0,5.66,53.55,53.55,Completed
525,185,2025-08-28,Organic Search,East,711.44,0.0,0.0,711.44,711.44,Completed
526,186,2025-11-23,Organic Search,West,165.68,8.28,0.0,157.4,157.4,Completed
527,187,2025-08-13,Referral,West,70.14,0.0,6.82,76.96,76.96,Completed
528,188,2024-08-09,Email,North,108.42,0.0,0.0,108.42,108.42,Completed
529,188,2025-07-04,Organic Search,North,541.43,0.0,0.0,541.43,541.43,Completed
530,188,2025-09-09,Social Media,North,363.75,0.0,0.0,363.75,363.75,Completed
531,189,2025-01-17,Direct,Central,416.52,0.0,0.0,416.52,416.52,Completed
532,189,2025-02-11,Email,Central,376.2,0.0,0.0,376.2,376.2,Completed
533,190,2023-12-24,Social Media,East,258.17,0.0,0.0,258.17,258.17,Completed
534,190,2024-04-06,Paid Ads,East,527.5,0.0,0.0,527.5,527.5,Completed
535,190,2024-08-05,Paid Ads,East,284.68,0.0,0.0,284.68,284.68,Completed
536,190,2024-12-20,Email,East,75.19,0.0,0.0,75.19,75.19,Completed
537,191,2024-07-20,Organic Search,North,112.98,5.65,0.0,107.33,107.33,Completed
538,191,2025-05-01,Organic Search,North,549.95,82.49,0.0,467.46,467.46,Completed
539,191,2025-05-04,Organic Search,North,1415.94,283.19,0.0,1132.75,1132.75,Completed
540,191,2025-10-23,Social Media,North,86.88,0.0,0.0,86.88,86.88,Completed
541,192,2024-10-18,Paid Ads,Central,493.17,0.0,0.0,493.17,493.17,Completed
542,192,2024-12-14,Email,Central,49.89,0.0,7.18,57.07,57.07,Completed
543,193,2025-05-30,Social Media,West,227.66,0.0,0.0,227.66,227.66,Completed
544,194,2024-05-15,Social Media,South,653.3,0.0,0.0,653.3,653.3,Completed
545,194,2024-10-19,Email,South,1063.09,0.0,0.0,1063.09,1063.09,Completed
546,194,2025-01-17,Email,South,1444.13,288.83,0.0,1155.3,1155.3,Completed
547,194,2025-01-28,Organic Search,South,826.77,0.0,0.0,826.77,826.77,Completed
548,194,2025-03-15,Direct,South,32.54,0.0,7.92,40.46,40.46,Completed
549,195,2025-10-25,Organic Search,East,98.1,0.0,0.0,98.1,98.1,Completed
550,195,2025-12-03,Organic Search,East,116.08,0.0,0.0,116.08,116.08,Completed
551,196,2025-12-05,Referral,West,393.55,0.0,0.0,393.55,393.55,Completed
552,198,2023-10-10,Email,East,8.91,1.34,8.51,16.08,16.08,Completed
553,198,2024-11-09,Paid Ads,East,48.88,0.0,7.34,56.22,56.22,Completed
554,198,2024-12-04,Direct,East,119.39,0.0,0.0,119.39,119.39,Completed
555,199,2025-06-27,Direct,East,41.2,4.12,5.66,42.74,42.74,Completed
556,200,2024-04-20,Paid Ads,North,253.0,0.0,0.0,253.0,253.0,Completed
557,200,2024-05-31,Email,North,372.52,0.0,0.0,372.52,372.52,Completed
558,200,2024-08-16,Organic Search,North,1288.65,0.0,0.0,1288.65,1288.65,Completed
559,200,2024-09-27,Email,North,1484.95,0.0,0.0,1484.95,1484.95,Completed
560,200,2025-02-08,Social Media,North,11.91,1.79,8.82,0.0,18.94,Returned
561,200,2025-05-20,Organic Search,North,218.5,0.0,0.0,0.0,218.5,Returned
562,200,2025-08-11,Organic Search,North,17.63,1.76,6.47,22.34,22.34,Completed
563,201,2023-11-22,Social Media,West,189.67,0.0,0.0,189.67,189.67,Completed
564,202,2025-04-27,Paid Ads,Central,383.36,0.0,0.0,383.36,383.36,Completed
565,202,2025-11-13,Social Media,Central,281.45,0.0,0.0,281.45,281.45,Completed
566,202,2025-12-29,Social Media,Central,85.5,0.0,0.0,85.5,85.5,Completed
567,203,2024-06-26,Direct,Central,109.38,0.0,0.0,109.38,109.38,Completed
568,203,2024-11-13,Social Media,Central,895.51,44.78,0.0,850.73,850.73,Completed
569,203,2025-03-14,Social Media,Central,166.68,0.0,0.0,166.68,166.68,Completed
570,203,2025-09-20,Paid Ads,Central,508.39,25.42,0.0,482.97,482.97,Completed
571,204,2024-05-25,Referral,North,37.36,1.87,7.55,43.04,43.04,Completed
572,205,2023-06-26,Organic Search,South,347.93,0.0,0.0,347.93,347.93,Completed
573,205,2023-07-22,Social Media,South,679.69,0.0,0.0,679.69,679.69,Completed
574,207,2025-06-14,Direct,South,67.0,0.0,8.88,75.88,75.88,Completed
575,207,2025-11-06,Paid Ads,South,40.66,0.0,5.59,46.25,46.25,Completed
576,208,2024-06-25,Organic Search,West,933.95,0.0,0.0,933.95,933.95,Completed
577,208,2024-07-08,Social Media,West,496.62,24.83,0.0,471.79,471.79,Completed
578,209,2025-04-28,Direct,East,1428.78,71.44,0.0,1357.34,1357.34,Completed
579,210,2024-04-25,Direct,North,960.91,0.0,0.0,960.91,960.91,Completed
580,210,2024-08-17,Referral,North,719.64,0.0,0.0,719.64,719.64,Completed
581,211,2025-03-16,Organic Search,North,197.03,0.0,0.0,197.03,197.03,Completed
582,212,2023-07-30,Email,Central,62.28,0.0,5.92,68.2,68.2,Completed
583,212,2024-01-09,Email,Central,624.61,124.92,0.0,499.69,499.69,Completed
584,212,2024-07-12,Referral,Central,792.23,0.0,0.0,792.23,792.23,Completed
585,212,2025-02-17,Organic Search,Central,38.64,7.73,5.74,36.65,36.65,Completed
586,212,2025-03-24,Email,Central,362.73,18.14,0.0,344.59,344.59,Completed
587,212,2025-05-17,Paid Ads,Central,114.87,0.0,0.0,114.87,114.87,Completed
588,212,2025-06-03,Email,Central,1066.58,53.33,0.0,1013.25,1013.25,Completed
589,212,2025-07-09,Direct,Central,116.65,17.5,0.0,99.15,99.15,Completed
590,212,2025-07-14,Email,Central,20.17,0.0,8.73,28.9,28.9,Completed
591,212,2025-09-25,Social Media,Central,565.38,28.27,0.0,537.11,537.11,Completed
592,212,2025-11-18,Paid Ads,Central,1248.41,0.0,0.0,1248.41,1248.41,Completed
593,213,2025-11-28,Email,West,311.84,31.18,0.0,280.66,280.66,Completed
594,214,2025-06-29,Email,West,125.04,0.0,0.0,125.04,125.04,Completed
595,214,2025-10-22,Organic Search,West,1523.98,76.2,0.0,1447.78,1447.78,Completed
596,215,2025-10-09,Organic Search,South,1538.58,0.0,0.0,1538.58,1538.58,Completed
597,215,2025-10-18,Email,South,144.75,14.48,0.0,130.27,130.27,Completed
598,216,2023-10-23,Social Media,West,1287.06,64.35,0.0,1222.71,1222.71,Completed
599,216,2024-03-27,Email,West,260.07,0.0,0.0,260.07,260.07,Completed
600,216,2025-11-02,Social Media,West,1224.39,0.0,0.0,1224.39,1224.39,Completed
601,217,2024-09-22,Paid Ads,West,14.22,0.0,8.3,22.52,22.52,Completed
602,218,2024-12-07,Paid Ads,North,84.03,0.0,0.0,0.0,84.03,Returned
603,219,2024-02-29,Email,East,262.52,13.13,0.0,249.39,249.39,Completed
604,219,2024-03-19,Paid Ads,East,324.69,0.0,0.0,324.69,324.69,Completed
605,219,2024-07-02,Organic Search,East,48.6,0.0,4.34,52.94,52.94,Completed
606,219,2024-07-17,Social Media,East,250.16,0.0,0.0,250.16,250.16,Completed
607,220,2025-03-26,Social Media,West,2420.97,0.0,0.0,2420.97,2420.97,Completed
608,221,2023-09-22,Direct,West,148.81,0.0,0.0,148.81,148.81,Completed
609,221,2023-09-27,Direct,West,891.86,0.0,0.0,891.86,891.86,Completed
610,221,2023-11-14,Paid Ads,West,1787.02,0.0,0.0,1787.02,1787.02,Completed
611,221,2023-12-02,Organic Search,West,317.7,0.0,0.0,317.7,317.7,Completed
612,221,2024-01-07,Referral,West,19.35,0.0,8.21,27.56,27.56,Completed
613,221,2024-03-15,Paid Ads,West,49.8,0.0,7.14,56.94,56.94,Completed
614,221,2024-05-23,Paid Ads,West,215.45,0.0,0.0,215.45,215.45,Completed
615,221,2024-11-02,Social Media,West,421.9,63.28,0.0,358.62,358.62,Completed
616,221,2025-01-30,Paid Ads,West,7.01,0.35,5.46,12.12,12.12,Completed
617,222,2023-06-08,Direct,North,580.17,58.02,0.0,522.15,522.15,Completed
618,222,2023-06-16,Social Media,North,108.75,0.0,0.0,108.75,108.75,Completed
619,222,2023-08-03,Social Media,North,73.76,0.0,7.47,81.23,81.23,Completed
620,222,2023-09-25,Organic Search,North,276.59,55.32,0.0,221.27,221.27,Completed
621,222,2023-10-24,Paid Ads,North,60.33,0.0,5.3,65.63,65.63,Completed
622,222,2023-12-01,Paid Ads,North,229.84,22.98,0.0,206.86,206.86,Completed
623,222,2024-03-13,Organic Search,North,845.58,0.0,0.0,845.58,845.58,Completed
624,222,2024-03-31,Organic Search,North,15.2,0.0,6.41,21.61,21.61,Completed
625,222,2024-08-10,Organic Search,North,29.74,0.0,4.98,34.72,34.72,Completed
626,222,2025-01-08,Social Media,North,114.98,0.0,0.0,114.98,114.98,Completed
627,222,2025-01-09,Direct,North,500.17,75.03,0.0,425.14,425.14,Completed
628,222,2025-05-25,Email,North,334.47,33.45,0.0,301.02,301.02,Completed
629,222,2025-12-03,Social Media,North,95.38,0.0,0.0,95.38,95.38,Completed
630,222,2025-12-03,Referral,North,1534.19,0.0,0.0,1534.19,1534.19,Completed
631,222,2025-12-17,Social Media,North,379.99,0.0,0.0,379.99,379.99,Completed
632,223,2024-08-16,Social Media,Central,80.78,8.08,0.0,72.7,72.7,Completed
633,224,2024-02-22,Organic Search,South,216.72,0.0,0.0,216.72,216.72,Completed
634,224,2024-05-26,Email,South,155.69,0.0,0.0,155.69,155.69,Completed
635,224,2024-08-30,Referral,South,906.35,0.0,0.0,906.35,906.35,Completed
636,224,2025-01-12,Referral,South,1396.91,0.0,0.0,1396.91,1396.91,Completed
637,224,2025-03-28,Organic Search,South,201.91,0.0,0.0,201.91,201.91,Completed
638,224,2025-08-09,Paid Ads,South,64.59,0.0,4.53,69.12,69.12,Completed
639,224,2025-08-28,Direct,South,701.19,0.0,0.0,701.19,701.19,Completed
640,225,2025-03-19,Social Media,East,722.03,36.1,0.0,685.93,685.93,Completed
641,227,2025-08-23,Direct,West,196.6,29.49,0.0,167.11,167.11,Completed
642,227,2025-09-05,Social Media,West,271.94,13.6,0.0,258.34,258.34,Completed
643,227,2025-09-11,Paid Ads,West,40.95,0.0,4.08,45.03,45.03,Completed
644,229,2025-04-04,Direct,South,242.53,0.0,0.0,242.53,242.53,Completed
645,229,2025-10-30,Social Media,South,711.51,106.73,0.0,604.78,604.78,Completed
646,231,2025-03-14,Social Media,South,74.21,0.0,7.21,81.42,81.42,Completed
647,232,2024-11-25,Organic Search,North,2710.6,0.0,0.0,2710.6,2710.6,Completed
648,233,2023-10-09,Social Media,North,69.08,0.0,4.66,73.74,73.74,Completed
649,233,2023-10-22,Social Media,North,636.77,0.0,0.0,636.77,636.77,Completed
650,233,2023-12-21,Social Media,North,116.15,0.0,0.0,116.15,116.15,Completed
651,234,2024-07-10,Organic Search,South,113.89,17.08,0.0,96.81,96.81,Completed
652,238,2023-09-24,Paid Ads,North,79.96,0.0,0.0,79.96,79.96,Completed
653,238,2024-02-22,Social Media,North,54.99,0.0,8.96,63.95,63.95,Completed
654,238,2024-09-20,Paid Ads,North,450.34,0.0,0.0,450.34,450.34,Completed
655,238,2024-11-03,Organic Search,North,245.02,0.0,0.0,245.02,245.02,Completed
656,239,2024-02-10,Organic Search,West,389.47,38.95,0.0,350.52,350.52,Completed
657,239,2024-03-14,Organic Search,West,1272.03,63.6,0.0,1208.43,1208.43,Completed
658,239,2024-04-07,Email,West,182.51,0.0,0.0,182.51,182.51,Completed
659,239,2024-11-15,Direct,West,295.17,14.76,0.0,280.41,280.41,Completed
660,239,2025-02-08,Email,West,247.91,0.0,0.0,247.91,247.91,Completed
661,239,2025-06-13,Organic Search,West,55.58,0.0,5.02,60.6,60.6,Completed
662,239,2025-06-15,Email,West,2280.0,0.0,0.0,2280.0,2280.0,Completed
663,239,2025-06-23,Social Media,West,606.43,0.0,0.0,606.43,606.43,Completed
664,239,2025-07-21,Social Media,West,14.91,0.75,8.25,22.41,22.41,Completed
665,239,2025-08-01,Referral,West,55.49,0.0,6.78,62.27,62.27,Completed
666,239,2025-08-23,Referral,West,24.83,2.48,5.23,27.58,27.58,Completed
667,239,2025-11-19,Organic Search,West,97.0,0.0,0.0,97.0,97.0,Completed
668,239,2025-12-08,Email,West,374.53,0.0,0.0,374.53,374.53,Completed
669,240,2025-11-20,Direct,Central,339.22,0.0,0.0,339.22,339.22,Completed
670,242,2023-11-28,Paid Ads,East,43.23,0.0,7.36,50.59,50.59,Completed
671,242,2025-06-25,Email,East,58.77,5.88,4.92,0.0,57.81,Returned
672,242,2025-11-12,Social Media,East,884.18,132.63,0.0,751.55,751.55,Completed
673,243,2025-10-06,Organic Search,North,233.62,11.68,0.0,0.0,221.94,Returned
674,244,2023-09-18,Organic Search,South,25.5,1.28,7.41,31.63,31.63,Completed
675,244,2024-12-07,Referral,South,910.65,0.0,0.0,910.65,910.65,Completed
676,244,2025-03-27,Social Media,South,267.62,0.0,0.0,267.62,267.62,Completed
677,244,2025-09-28,Paid Ads,South,20.62,0.0,6.88,27.5,27.5,Completed
678,245,2025-11-28,Organic Search,West,24.35,0.0,7.04,31.39,31.39,Completed
679,246,2023-11-24,Paid Ads,Central,85.89,0.0,0.0,85.89,85.89,Completed
680,247,2024-08-29,Social Media,South,420.4,0.0,0.0,420.4,420.4,Completed
681,247,2025-02-13,Organic Search,South,417.96,41.8,0.0,0.0,376.16,Returned
682,248,2023-11-26,Social Media,East,101.96,20.39,0.0,81.57,81.57,Completed
683,248,2024-01-06,Referral,East,65.08,6.51,5.88,64.45,64.45,Completed
684,248,2024-12-13,Paid Ads,East,79.1,11.86,0.0,67.24,67.24,Completed
685,248,2025-02-01,Email,East,545.82,0.0,0.0,545.82,545.82,Completed
686,248,2025-03-18,Direct,East,110.4,5.52,0.0,104.88,104.88,Completed
687,248,2025-06-23,Social Media,East,962.06,0.0,0.0,962.06,962.06,Completed
688,248,2025-10-01,Organic Search,East,15.36,0.77,8.84,23.43,23.43,Completed
689,249,2024-06-17,Direct,West,89.73,8.97,0.0,80.76,80.76,Completed
690,250,2024-08-06,Organic Search,West,145.6,14.56,0.0,131.04,131.04,Completed
691,250,2025-02-01,Direct,West,98.46,0.0,0.0,98.46,98.46,Completed
692,250,2025-08-26,Organic Search,West,198.26,19.83,0.0,178.43,178.43,Completed
693,251,2025-05-25,Organic Search,South,138.94,27.79,0.0,111.15,111.15,Completed
694,251,2025-06-02,Social Media,South,137.97,27.59,0.0,110.38,110.38,Completed
695,251,2025-08-18,Referral,South,119.04,0.0,0.0,119.04,119.04,Completed
696,252,2024-09-04,Email,South,87.79,0.0,0.0,87.79,87.79,Completed
697,252,2025-01-21,Paid Ads,South,45.68,9.14,5.8,42.34,42.34,Completed
698,252,2025-04-14,Paid Ads,South,30.09,3.01,4.94,32.02,32.02,Completed
699,252,2025-04-29,Paid Ads,South,945.63,141.84,0.0,803.79,803.79,Completed
700,253,2024-09-08,Referral,East,226.28,45.26,0.0,181.02,181.02,Completed
701,253,2024-10-02,Organic Search,East,106.8,5.34,0.0,101.46,101.46,Completed
702,253,2025-02-10,Organic Search,East,2991.31,0.0,0.0,0.0,2991.31,Returned
703,253,2025-07-29,Direct,East,53.93,2.7,8.42,59.65,59.65,Completed
704,253,2025-08-24,Organic Search,East,599.36,29.97,0.0,569.39,569.39,Completed
705,254,2023-08-22,Direct,North,75.37,7.54,0.0,67.83,67.83,Completed
706,254,2024-04-14,Email,North,81.26,16.25,0.0,65.01,65.01,Completed
707,254,2024-05-04,Paid Ads,North,264.04,0.0,0.0,264.04,264.04,Completed
708,254,2024-11-30,Organic Search,North,34.55,5.18,5.12,34.49,34.49,Completed
709,254,2025-05-07,Organic Search,North,141.31,7.07,0.0,134.24,134.24,Completed
710,254,2025-07-18,Organic Search,North,155.35,7.77,0.0,147.58,147.58,Completed
711,254,2025-12-06,Direct,North,35.22,0.0,6.69,41.91,41.91,Completed
712,257,2024-04-06,Social Media,East,340.71,34.07,0.0,306.64,306.64,Completed
713,257,2024-07-02,Organic Search,East,105.6,0.0,0.0,105.6,105.6,Completed
714,257,2024-07-08,Social Media,East,336.27,50.44,0.0,285.83,285.83,Completed
715,257,2024-12-16,Organic Search,East,572.69,0.0,0.0,572.69,572.69,Completed
716,257,2025-01-04,Organic Search,East,323.18,48.48,0.0,274.7,274.7,Completed
717,258,2025-05-11,Email,South,422.83,0.0,0.0,422.83,422.83,Completed
718,258,2025-05-11,Organic Search,South,612.27,61.23,0.0,551.04,551.04,Completed
719,258,2025-05-17,Organic Search,South,59.38,2.97,8.76,65.17,65.17,Completed
720,258,2025-06-03,Organic Search,South,128.57,25.71,0.0,102.86,102.86,Completed
721,258,2025-11-26,Organic Search,South,3252.77,0.0,0.0,3252.77,3252.77,Completed
722,259,2024-10-29,Paid Ads,West,29.4,0.0,5.08,0.0,34.48,Returned
723,260,2023-11-30,Paid Ads,South,135.54,0.0,0.0,135.54,135.54,Completed
724,260,2024-01-06,Referral,South,136.45,13.64,0.0,122.81,122.81,Completed
725,260,2024-02-24,Social Media,South,910.62,45.53,0.0,865.09,865.09,Completed
726,260,2024-08-08,Social Media,South,267.58,0.0,0.0,267.58,267.58,Completed
727,260,2024-10-10,Social Media,South,584.28,0.0,0.0,584.28,584.28,Completed
728,260,2024-11-05,Paid Ads,South,260.75,0.0,0.0,260.75,260.75,Completed
729,260,2025-01-11,Social Media,South,481.22,24.06,0.0,457.16,457.16,Completed
730,260,2025-04-02,Organic Search,South,416.64,0.0,0.0,416.64,416.64,Completed
731,261,2024-02-14,Email,West,86.59,17.32,0.0,69.27,69.27,Completed
732,261,2025-10-19,Organic Search,West,104.84,15.73,0.0,89.11,89.11,Completed
733,262,2024-04-27,Social Media,Central,669.62,0.0,0.0,669.62,669.62,Completed
734,262,2024-05-21,Social Media,Central,251.23,37.68,0.0,213.55,213.55,Completed
735,262,2024-09-14,Paid Ads,Central,356.88,0.0,0.0,356.88,356.88,Completed
736,262,2025-01-17,Paid Ads,Central,78.88,0.0,0.0,78.88,78.88,Completed
737,263,2023-07-20,Social Media,Central,487.94,24.4,0.0,463.54,463.54,Completed
738,263,2023-09-22,Paid Ads,Central,1571.6,157.16,0.0,1414.44,1414.44,Completed
739,263,2024-03-26,Referral,Central,883.48,0.0,0.0,883.48,883.48,Completed
740,263,2024-07-12,Paid Ads,Central,11.9,0.0,5.23,17.13,17.13,Completed
741,263,2025-02-14,Paid Ads,Central,80.0,0.0,0.0,80.0,80.0,Completed
742,264,2024-06-23,Direct,East,2016.9,0.0,0.0,2016.9,2016.9,Completed
743,264,2024-11-26,Organic Search,East,15.86,0.0,5.52,21.38,21.38,Completed
744,264,2025-10-22,Organic Search,East,22.5,0.0,8.42,30.92,30.92,Completed
745,265,2025-05-31,Direct,East,20.85,0.0,8.63,29.48,29.48,Completed
746,265,2025-10-25,Paid Ads,East,2308.83,0.0,0.0,2308.83,2308.83,Completed
747,265,2025-10-30,Organic Search,East,565.03,84.75,0.0,480.28,480.28,Completed
748,265,2025-12-20,Social Media,East,1311.15,0.0,0.0,1311.15,1311.15,Completed
749,266,2023-09-29,Paid Ads,South,1636.46,0.0,0.0,1636.46,1636.46,Completed
750,266,2024-01-11,Organic Search,South,184.31,18.43,0.0,165.88,165.88,Completed
751,266,2024-07-25,Social Media,South,1842.25,184.23,0.0,1658.02,1658.02,Completed
752,266,2024-09-30,Social Media,South,210.67,0.0,0.0,210.67,210.67,Completed
753,266,2025-01-22,Organic Search,South,135.13,6.76,0.0,128.37,128.37,Completed
754,266,2025-04-11,Social Media,South,1499.59,299.92,0.0,1199.67,1199.67,Completed
755,267,2025-12-09,Email,North,33.52,0.0,5.63,39.15,39.15,Completed
756,268,2023-10-10,Direct,North,258.44,0.0,0.0,258.44,258.44,Completed
757,268,2023-10-17,Paid Ads,North,1704.06,0.0,0.0,1704.06,1704.06,Completed
758,268,2023-12-12,Email,North,634.57,31.73,0.0,602.84,602.84,Completed
759,268,2023-12-21,Email,North,1298.97,129.9,0.0,1169.07,1169.07,Completed
760,268,2024-12-02,Organic Search,North,217.89,0.0,0.0,217.89,217.89,Completed
761,268,2025-04-27,Direct,North,279.17,0.0,0.0,279.17,279.17,Completed
762,268,2025-06-15,Social Media,North,933.27,0.0,0.0,933.27,933.27,Completed
763,268,2025-12-01,Referral,North,41.89,4.19,7.69,45.39,45.39,Completed
764,269,2023-04-17,Paid Ads,South,1023.22,102.32,0.0,920.9,920.9,Completed
765,269,2023-05-28,Social Media,South,86.1,12.92,0.0,73.18,73.18,Completed
766,269,2023-06-05,Social Media,South,418.29,0.0,0.0,418.29,418.29,Completed
767,269,2023-11-19,Social Media,South,972.76,0.0,0.0,972.76,972.76,Completed
768,269,2023-12-13,Paid Ads,South,257.7,0.0,0.0,257.7,257.7,Completed
769,269,2024-02-11,Direct,South,1418.81,70.94,0.0,1347.87,1347.87,Completed
770,269,2024-05-04,Organic Search,South,570.25,0.0,0.0,570.25,570.25,Completed
771,271,2024-06-29,Organic Search,West,1228.97,0.0,0.0,1228.97,1228.97,Completed
772,271,2024-09-21,Social Media,West,24.78,0.0,8.83,33.61,33.61,Completed
773,271,2024-12-09,Referral,West,499.26,24.96,0.0,474.3,474.3,Completed
774,271,2024-12-28,Email,West,227.25,0.0,0.0,227.25,227.25,Completed
775,271,2025-08-10,Social Media,West,727.28,36.36,0.0,690.92,690.92,Completed
776,272,2023-09-02,Organic Search,West,1103.44,165.52,0.0,937.92,937.92,Completed
777,272,2024-05-08,Direct,West,117.08,0.0,0.0,117.08,117.08,Completed
778,272,2024-05-11,Organic Search,West,232.43,23.24,0.0,209.19,209.19,Completed
779,272,2024-06-06,Paid Ads,West,49.2,0.0,7.38,56.58,56.58,Completed
780,272,2024-06-22,Email,West,31.66,0.0,4.54,36.2,36.2,Completed
781,272,2024-08-04,Email,West,223.61,0.0,0.0,0.0,223.61,Returned
782,272,2024-08-13,Organic Search,West,69.09,3.45,6.48,72.12,72.12,Completed
783,272,2024-12-17,Organic Search,West,605.64,0.0,0.0,605.64,605.64,Completed
784,272,2024-12-31,Paid Ads,West,992.33,49.62,0.0,0.0,942.71,Returned
785,272,2025-10-18,Social Media,West,367.98,18.4,0.0,349.58,349.58,Completed
786,273,2025-11-01,Social Media,North,1060.67,53.03,0.0,1007.64,1007.64,Completed
787,274,2023-12-28,Direct,North,57.64,5.76,6.99,58.87,58.87,Completed
788,274,2024-04-09,Social Media,North,409.03,0.0,0.0,409.03,409.03,Completed
789,274,2024-04-21,Social Media,North,106.68,0.0,0.0,106.68,106.68,Completed
790,275,2024-03-09,Email,North,44.98,0.0,4.61,49.59,49.59,Completed
791,275,2024-04-28,Social Media,North,162.68,0.0,0.0,162.68,162.68,Completed
792,275,2024-10-05,Paid Ads,North,119.72,0.0,0.0,119.72,119.72,Completed
793,275,2024-12-03,Email,North,1738.59,86.93,0.0,1651.66,1651.66,Completed
794,275,2025-09-28,Email,North,300.81,60.16,0.0,240.65,240.65,Completed
795,275,2025-11-20,Paid Ads,North,381.25,19.06,0.0,362.19,362.19,Completed
796,276,2024-11-12,Paid Ads,North,16.98,1.7,8.58,23.86,23.86,Completed
797,276,2025-05-14,Paid Ads,North,123.06,12.31,0.0,110.75,110.75,Completed
798,277,2025-08-19,Organic Search,South,1146.82,0.0,0.0,1146.82,1146.82,Completed
799,278,2023-05-25,Social Media,Central,799.81,0.0,0.0,799.81,799.81,Completed
800,278,2023-07-21,Email,Central,920.12,0.0,0.0,920.12,920.12,Completed
801,278,2024-09-24,Social Media,Central,21.1,0.0,7.57,28.67,28.67,Completed
802,278,2025-03-27,Paid Ads,Central,1594.03,0.0,0.0,0.0,1594.03,Returned
803,278,2025-10-17,Direct,Central,1446.94,0.0,0.0,1446.94,1446.94,Completed
804,279,2024-01-10,Email,West,699.74,0.0,0.0,699.74,699.74,Completed
805,279,2024-10-20,Paid Ads,West,755.73,151.15,0.0,604.58,604.58,Completed
806,280,2023-07-15,Paid Ads,North,80.15,0.0,0.0,80.15,80.15,Completed
807,280,2024-06-06,Organic Search,North,18.97,1.9,8.67,25.74,25.74,Completed
808,280,2025-06-01,Email,North,3279.76,163.99,0.0,3115.77,3115.77,Completed
809,281,2024-12-02,Paid Ads,East,1427.86,71.39,0.0,1356.47,1356.47,Completed
810,281,2024-12-27,Organic Search,East,372.07,0.0,0.0,372.07,372.07,Completed
811,281,2025-03-31,Email,East,271.01,13.55,0.0,257.46,257.46,Completed
812,281,2025-06-23,Organic Search,East,107.51,0.0,0.0,107.51,107.51,Completed
813,281,2025-12-17,Organic Search,East,1224.15,0.0,0.0,1224.15,1224.15,Completed
814,282,2024-03-15,Paid Ads,North,384.26,0.0,0.0,384.26,384.26,Completed
815,282,2024-09-14,Paid Ads,North,746.41,0.0,0.0,746.41,746.41,Completed
816,282,2024-11-06,Email,North,57.71,0.0,5.18,62.89,62.89,Completed
817,282,2024-11-23,Social Media,North,482.2,0.0,0.0,482.2,482.2,Completed
818,282,2025-07-12,Social Media,North,24.59,0.0,8.04,32.63,32.63,Completed
819,282,2025-07-15,Referral,North,934.82,0.0,0.0,934.82,934.82,Completed
820,282,2025-09-02,Paid Ads,North,576.68,0.0,0.0,576.68,576.68,Completed
821,283,2024-08-25,Organic Search,North,649.92,0.0,0.0,649.92,649.92,Completed
822,283,2024-10-20,Paid Ads,North,519.11,51.91,0.0,467.2,467.2,Completed
823,283,2024-10-27,Email,North,873.31,0.0,0.0,873.31,873.31,Completed
824,283,2025-11-15,Social Media,North,28.36,0.0,5.28,33.64,33.64,Completed
825,284,2024-03-12,Direct,Central,143.69,7.18,0.0,136.51,136.51,Completed
826,285,2024-07-13,Organic Search,North,689.3,0.0,0.0,689.3,689.3,Completed
827,285,2024-09-19,Direct,North,57.94,2.9,5.07,60.11,60.11,Completed
828,285,2025-08-15,Paid Ads,North,701.16,35.06,0.0,666.1,666.1,Completed
829,286,2024-10-11,Paid Ads,North,118.65,5.93,0.0,112.72,112.72,Completed
830,286,2024-11-13,Email,North,267.3,0.0,0.0,267.3,267.3,Completed
831,287,2025-11-07,Paid Ads,East,1178.33,58.92,0.0,0.0,1119.41,Returned
832,288,2024-12-07,Direct,North,422.79,0.0,0.0,422.79,422.79,Completed
833,288,2025-03-18,Email,North,57.81,0.0,4.91,62.72,62.72,Completed
834,288,2025-06-24,Organic Search,North,244.54,0.0,0.0,244.54,244.54,Completed
835,288,2025-07-24,Direct,North,21.85,0.0,4.55,26.4,26.4,Completed
836,288,2025-07-27,Paid Ads,North,87.19,0.0,0.0,87.19,87.19,Completed
837,288,2025-07-29,Social Media,North,70.87,10.63,4.68,64.92,64.92,Completed
838,288,2025-12-26,Social Media,North,110.75,16.61,0.0,94.14,94.14,Completed
839,289,2025-09-28,Email,West,184.84,0.0,0.0,184.84,184.84,Completed
840,290,2024-12-17,Social Media,Central,1044.76,0.0,0.0,1044.76,1044.76,Completed
841,290,2024-12-18,Organic Search,Central,748.99,149.8,0.0,599.19,599.19,Completed
842,290,2025-02-28,Paid Ads,Central,842.05,0.0,0.0,842.05,842.05,Completed
843,290,2025-05-21,Organic Search,Central,290.79,0.0,0.0,290.79,290.79,Completed
844,291,2025-08-13,Email,South,298.57,0.0,0.0,298.57,298.57,Completed
845,292,2025-04-05,Social Media,West,407.3,20.37,0.0,386.93,386.93,Completed
846,293,2024-09-30,Paid Ads,Central,83.36,0.0,0.0,83.36,83.36,Completed
847,293,2024-11-27,Social Media,Central,2547.16,0.0,0.0,0.0,2547.16,Returned
848,297,2024-10-14,Direct,North,370.6,0.0,0.0,370.6,370.6,Completed
849,299,2023-04-06,Social Media,North,14.57,0.0,7.63,22.2,22.2,Completed
850,299,2024-03-04,Organic Search,North,393.02,0.0,0.0,393.02,393.02,Completed
851,299,2024-03-05,Social Media,North,99.02,0.0,0.0,99.02,99.02,Completed
852,299,2025-01-22,Organic Search,North,243.13,12.16,0.0,230.97,230.97,Completed
853,299,2025-05-29,Direct,North,2173.09,217.31,0.0,1955.78,1955.78,Completed
854,299,2025-10-06,Paid Ads,North,888.86,0.0,0.0,0.0,888.86,Returned
855,300,2023-06-24,Email,South,351.77,70.35,0.0,281.42,281.42,Completed
856,300,2023-11-12,Email,South,1444.11,144.41,0.0,1299.7,1299.7,Completed
857,300,2024-03-08,Email,South,1201.7,0.0,0.0,1201.7,1201.7,Completed
858,300,2024-04-21,Social Media,South,91.86,0.0,0.0,91.86,91.86,Completed
859,300,2024-10-24,Social Media,South,107.58,0.0,0.0,107.58,107.58,Completed
860,300,2025-01-23,Paid Ads,South,39.59,1.98,6.97,0.0,44.58,Returned
861,300,2025-09-19,Organic Search,South,643.1,0.0,0.0,643.1,643.1,Completed
862,302,2025-08-24,Organic Search,West,985.54,147.83,0.0,837.71,837.71,Completed
863,303,2024-08-02,Organic Search,North,169.32,16.93,0.0,152.39,152.39,Completed
864,303,2024-09-02,Email,North,318.63,63.73,0.0,254.9,254.9,Completed
865,304,2025-03-21,Direct,South,39.03,0.0,7.74,46.77,46.77,Completed
866,305,2024-08-11,Email,South,251.46,37.72,0.0,213.74,213.74,Completed
867,305,2024-09-06,Referral,South,30.48,0.0,5.42,35.9,35.9,Completed
868,305,2024-09-14,Direct,South,719.21,0.0,0.0,719.21,719.21,Completed
869,305,2024-09-30,Paid Ads,South,210.46,0.0,0.0,210.46,210.46,Completed
870,305,2024-10-28,Organic Search,South,11.78,0.0,6.45,18.23,18.23,Completed
871,305,2025-04-12,Social Media,South,949.69,0.0,0.0,949.69,949.69,Completed
872,305,2025-08-20,Paid Ads,South,501.36,25.07,0.0,476.29,476.29,Completed
873,305,2025-09-29,Email,South,85.5,0.0,0.0,85.5,85.5,Completed
874,305,2025-10-10,Paid Ads,South,321.3,32.13,0.0,289.17,289.17,Completed
875,305,2025-10-14,Organic Search,South,836.25,0.0,0.0,836.25,836.25,Completed
876,305,2025-10-26,Paid Ads,South,77.13,0.0,0.0,77.13,77.13,Completed
877,305,2025-12-24,Social Media,South,1431.52,71.58,0.0,1359.94,1359.94,Completed
878,306,2024-03-27,Organic Search,Central,126.16,0.0,0.0,126.16,126.16,Completed
879,308,2024-05-08,Social Media,East,383.2,0.0,0.0,383.2,383.2,Completed
880,308,2024-06-24,Organic Search,East,404.31,0.0,0.0,404.31,404.31,Completed
881,308,2025-03-24,Organic Search,East,530.33,79.55,0.0,0.0,450.78,Returned
882,308,2025-03-26,Social Media,East,1081.98,0.0,0.0,1081.98,1081.98,Completed
883,308,2025-08-17,Social Media,East,80.59,0.0,0.0,80.59,80.59,Completed
884,308,2025-10-13,Direct,East,226.44,11.32,0.0,215.12,215.12,Completed
885,308,2025-11-27,Organic Search,East,305.19,0.0,0.0,305.19,305.19,Completed
886,308,2025-12-15,Social Media,East,239.7,0.0,0.0,239.7,239.7,Completed
887,309,2025-07-14,Direct,South,1567.65,235.15,0.0,1332.5,1332.5,Completed
888,310,2025-05-31,Social Media,East,455.04,22.75,0.0,432.29,432.29,Completed
889,310,2025-07-09,Organic Search,East,4.0,0.2,4.23,8.03,8.03,Completed
890,311,2024-09-12,Paid Ads,East,102.66,10.27,0.0,92.39,92.39,Completed
891,311,2024-10-21,Email,East,446.5,0.0,0.0,446.5,446.5,Completed
892,312,2024-06-09,Organic Search,South,4303.71,0.0,0.0,4303.71,4303.71,Completed
893,312,2025-04-12,Social Media,South,672.44,33.62,0.0,638.82,638.82,Completed
894,312,2025-05-21,Email,South,241.26,24.13,0.0,217.13,217.13,Completed
895,314,2023-12-12,Organic Search,East,71.85,0.0,8.32,80.17,80.17,Completed
896,314,2024-02-07,Organic Search,East,280.89,0.0,0.0,280.89,280.89,Completed
897,314,2024-04-12,Email,East,99.14,4.96,0.0,94.18,94.18,Completed
898,314,2024-08-11,Organic Search,East,18.18,0.0,7.96,26.14,26.14,Completed
899,314,2024-10-29,Direct,East,91.56,0.0,0.0,91.56,91.56,Completed
900,314,2024-12-18,Organic Search,East,184.15,0.0,0.0,184.15,184.15,Completed
901,314,2025-06-11,Direct,East,146.23,0.0,0.0,146.23,146.23,Completed
902,315,2024-04-22,Social Media,West,1278.04,127.8,0.0,1150.24,1150.24,Completed
903,315,2024-11-21,Social Media,West,172.51,8.63,0.0,163.88,163.88,Completed
904,315,2025-03-19,Paid Ads,West,508.31,0.0,0.0,508.31,508.31,Completed
905,315,2025-06-13,Referral,West,328.96,0.0,0.0,328.96,328.96,Completed
906,315,2025-08-03,Paid Ads,West,61.77,3.09,5.09,63.77,63.77,Completed
907,315,2025-11-11,Direct,West,411.58,0.0,0.0,411.58,411.58,Completed
908,316,2025-10-11,Organic Search,South,81.34,0.0,0.0,81.34,81.34,Completed
909,317,2025-10-18,Organic Search,Central,101.7,10.17,0.0,91.53,91.53,Completed
910,317,2025-12-12,Direct,Central,664.68,66.47,0.0,598.21,598.21,Completed
911,318,2025-04-20,Paid Ads,South,795.91,79.59,0.0,716.32,716.32,Completed
912,320,2023-05-17,Direct,North,436.77,0.0,0.0,436.77,436.77,Completed
913,320,2024-04-20,Social Media,North,2173.87,0.0,0.0,2173.87,2173.87,Completed
914,320,2024-07-31,Email,North,1457.46,0.0,0.0,1457.46,1457.46,Completed
915,321,2023-12-22,Email,East,420.44,21.02,0.0,399.42,399.42,Completed
916,321,2023-12-29,Referral,East,430.53,0.0,0.0,430.53,430.53,Completed
917,321,2024-03-18,Organic Search,East,73.65,0.0,4.74,78.39,78.39,Completed
918,321,2025-01-02,Paid Ads,East,59.57,8.94,8.11,58.74,58.74,Completed
919,321,2025-02-07,Paid Ads,East,822.39,0.0,0.0,822.39,822.39,Completed
920,321,2025-08-04,Email,East,927.67,92.77,0.0,834.9,834.9,Completed
921,321,2025-08-06,Direct,East,1113.45,0.0,0.0,1113.45,1113.45,Completed
922,321,2025-08-07,Direct,East,232.14,0.0,0.0,232.14,232.14,Completed
923,321,2025-08-31,Paid Ads,East,229.79,0.0,0.0,229.79,229.79,Completed
924,321,2025-10-15,Social Media,East,112.23,22.45,0.0,89.78,89.78,Completed
925,321,2025-11-10,Paid Ads,East,729.81,36.49,0.0,693.32,693.32,Completed
926,322,2025-03-27,Organic Search,Central,147.97,0.0,0.0,147.97,147.97,Completed
927,322,2025-06-13,Paid Ads,Central,65.6,0.0,5.97,71.57,71.57,Completed
928,323,2024-02-21,Paid Ads,South,204.11,0.0,0.0,204.11,204.11,Completed
929,325,2025-06-18,Paid Ads,West,27.41,0.0,8.93,36.34,36.34,Completed
930,327,2024-09-21,Social Media,West,205.2,0.0,0.0,205.2,205.2,Completed
931,327,2025-04-14,Paid Ads,West,65.03,0.0,6.26,71.29,71.29,Completed
932,327,2025-05-26,Organic Search,West,100.4,0.0,0.0,100.4,100.4,Completed
933,327,2025-09-22,Paid Ads,West,617.4,0.0,0.0,617.4,617.4,Completed
934,328,2025-05-04,Organic Search,North,287.61,0.0,0.0,287.61,287.61,Completed
935,328,2025-08-28,Email,North,140.65,0.0,0.0,140.65,140.65,Completed
936,329,2025-07-22,Social Media,North,199.65,0.0,0.0,199.65,199.65,Completed
937,331,2024-07-13,Paid Ads,Central,1544.12,0.0,0.0,1544.12,1544.12,Completed
938,331,2024-12-14,Paid Ads,Central,536.36,0.0,0.0,536.36,536.36,Completed
939,332,2025-04-30,Organic Search,South,430.4,0.0,0.0,0.0,430.4,Returned
940,332,2025-06-07,Organic Search,South,53.98,0.0,7.86,61.84,61.84,Completed
941,332,2025-06-17,Paid Ads,South,103.9,0.0,0.0,103.9,103.9,Completed
942,333,2024-09-12,Direct,North,238.25,0.0,0.0,238.25,238.25,Completed
943,333,2024-10-01,Organic Search,North,1271.45,0.0,0.0,1271.45,1271.45,Completed
944,333,2025-05-05,Organic Search,North,173.64,17.36,0.0,156.28,156.28,Completed
945,333,2025-08-25,Social Media,North,487.02,24.35,0.0,462.67,462.67,Completed
946,333,2025-11-07,Social Media,North,105.01,0.0,0.0,105.01,105.01,Completed
947,333,2025-11-23,Organic Search,North,513.41,0.0,0.0,513.41,513.41,Completed
948,334,2024-04-29,Social Media,West,454.32,0.0,0.0,454.32,454.32,Completed
949,334,2024-12-22,Direct,West,47.36,2.37,4.92,49.91,49.91,Completed
950,334,2025-01-05,Email,West,452.47,67.87,0.0,384.6,384.6,Completed
951,335,2024-10-04,Paid Ads,North,143.75,28.75,0.0,115.0,115.0,Completed
952,335,2025-12-23,Social Media,North,323.06,16.15,0.0,306.91,306.91,Completed
953,336,2024-06-07,Referral,Central,745.12,37.26,0.0,707.86,707.86,Completed
954,336,2024-09-03,Paid Ads,Central,739.86,0.0,0.0,739.86,739.86,Completed
955,336,2024-09-19,Paid Ads,Central,535.81,107.16,0.0,428.65,428.65,Completed
956,336,2025-04-01,Social Media,Central,223.05,44.61,0.0,178.44,178.44,Completed
957,336,2025-04-22,Paid Ads,Central,801.48,0.0,0.0,801.48,801.48,Completed
958,336,2025-05-01,Paid Ads,Central,667.2,0.0,0.0,667.2,667.2,Completed
959,336,2025-05-17,Organic Search,Central,232.3,0.0,0.0,232.3,232.3,Completed
960,336,2025-10-01,Paid Ads,Central,16.16,0.0,6.44,22.6,22.6,Completed
961,336,2025-11-03,Paid Ads,Central,821.59,0.0,0.0,821.59,821.59,Completed
962,336,2025-11-20,Organic Search,Central,318.51,31.85,0.0,286.66,286.66,Completed
963,337,2023-11-23,Direct,East,460.63,23.03,0.0,437.6,437.6,Completed
964,337,2025-04-13,Email,East,263.37,13.17,0.0,250.2,250.2,Completed
965,337,2025-05-26,Organic Search,East,608.75,0.0,0.0,608.75,608.75,Completed
966,337,2025-08-12,Paid Ads,East,824.71,0.0,0.0,824.71,824.71,Completed
967,338,2025-09-25,Social Media,West,25.99,2.6,8.37,31.76,31.76,Completed
968,338,2025-10-09,Email,West,34.65,0.0,5.6,0.0,40.25,Returned
969,339,2025-04-07,Organic Search,South,284.13,0.0,0.0,284.13,284.13,Completed
970,340,2024-12-15,Referral,South,521.81,0.0,0.0,521.81,521.81,Completed
971,341,2023-12-31,Paid Ads,Central,379.14,0.0,0.0,379.14,379.14,Completed
972,341,2024-03-26,Paid Ads,Central,827.92,0.0,0.0,827.92,827.92,Completed
973,341,2024-05-03,Paid Ads,Central,403.68,60.55,0.0,343.13,343.13,Completed
974,341,2024-11-30,Paid Ads,Central,15.84,0.0,5.12,20.96,20.96,Completed
975,342,2024-01-02,Social Media,North,882.34,132.35,0.0,749.99,749.99,Completed
976,342,2024-04-04,Social Media,North,137.88,0.0,0.0,137.88,137.88,Completed
977,342,2024-05-19,Paid Ads,North,131.79,0.0,0.0,131.79,131.79,Completed
978,343,2025-03-17,Organic Search,North,209.46,0.0,0.0,209.46,209.46,Completed
979,343,2025-04-21,Referral,North,178.08,8.9,0.0,169.18,169.18,Completed
980,343,2025-12-23,Paid Ads,North,653.42,0.0,0.0,653.42,653.42,Completed
981,344,2023-09-18,Social Media,East,1088.97,0.0,0.0,1088.97,1088.97,Completed
982,344,2024-07-04,Paid Ads,East,98.33,0.0,0.0,98.33,98.33,Completed
983,344,2025-01-29,Email,East,18.27,0.0,6.17,24.44,24.44,Completed
984,344,2025-05-22,Organic Search,East,1836.59,0.0,0.0,1836.59,1836.59,Completed
985,346,2024-05-01,Paid Ads,East,118.16,0.0,0.0,118.16,118.16,Completed
986,346,2024-11-14,Email,East,1712.35,0.0,0.0,1712.35,1712.35,Completed
987,346,2025-12-13,Organic Search,East,1145.4,171.81,0.0,973.59,973.59,Completed
988,347,2024-06-17,Social Media,North,586.31,0.0,0.0,586.31,586.31,Completed
989,347,2024-10-23,Organic Search,North,195.56,9.78,0.0,185.78,185.78,Completed
990,348,2025-07-19,Direct,Central,1316.76,0.0,0.0,1316.76,1316.76,Completed
991,349,2024-01-03,Social Media,South,218.07,0.0,0.0,218.07,218.07,Completed
992,349,2024-02-01,Organic Search,South,180.63,36.13,0.0,144.5,144.5,Completed
993,350,2024-10-26,Social Media,West,171.83,8.59,0.0,163.24,163.24,Completed
994,351,2023-05-20,Direct,North,50.89,7.63,7.18,50.44,50.44,Completed
995,351,2023-11-27,Social Media,North,272.2,27.22,0.0,244.98,244.98,Completed
996,351,2023-12-16,Social Media,North,75.09,0.0,0.0,75.09,75.09,Completed
997,351,2024-07-09,Organic Search,North,408.24,0.0,0.0,408.24,408.24,Completed
998,351,2024-09-08,Email,North,149.35,0.0,0.0,149.35,149.35,Completed
999,351,2024-09-12,Paid Ads,North,1273.4,0.0,0.0,1273.4,1273.4,Completed
1000,351,2024-09-18,Social Media,North,1023.28,51.16,0.0,972.12,972.12,Completed
1001,351,2024-11-07,Organic Search,North,128.93,19.34,0.0,0.0,109.59,Returned
1002,351,2024-12-27,Organic Search,North,606.01,0.0,0.0,606.01,606.01,Completed
1003,351,2024-12-31,Direct,North,404.31,0.0,0.0,404.31,404.31,Completed
1004,351,2025-04-24,Social Media,North,1082.9,216.58,0.0,866.32,866.32,Completed
1005,351,2025-05-01,Social Media,North,80.86,0.0,0.0,80.86,80.86,Completed
1006,351,2025-07-17,Paid Ads,North,132.92,19.94,0.0,112.98,112.98,Completed
1007,351,2025-08-11,Referral,North,76.98,0.0,0.0,76.98,76.98,Completed
1008,351,2025-08-13,Social Media,North,874.11,87.41,0.0,786.7,786.7,Completed
1009,351,2025-10-09,Paid Ads,North,65.21,0.0,7.04,72.25,72.25,Completed
1010,352,2025-09-12,Referral,South,357.76,17.89,0.0,0.0,339.87,Returned
1011,353,2025-08-02,Social Media,South,20.12,1.01,4.97,24.08,24.08,Completed
1012,354,2023-04-01,Paid Ads,North,104.58,0.0,0.0,104.58,104.58,Completed
1013,354,2023-09-04,Referral,North,383.0,57.45,0.0,325.55,325.55,Completed
1014,354,2023-09-27,Organic Search,North,64.21,6.42,6.09,63.88,63.88,Completed
1015,354,2024-03-24,Email,North,732.21,0.0,0.0,732.21,732.21,Completed
1016,354,2024-07-02,Email,North,9.84,0.49,5.03,14.38,14.38,Completed
1017,354,2024-08-06,Paid Ads,North,357.23,0.0,0.0,357.23,357.23,Completed
1018,354,2024-11-27,Paid Ads,North,2547.65,509.53,0.0,2038.12,2038.12,Completed
1019,354,2024-12-27,Email,North,118.2,0.0,0.0,118.2,118.2,Completed
1020,354,2025-03-30,Email,North,59.92,11.98,7.82,55.76,55.76,Completed
1021,355,2025-04-26,Email,Central,102.85,0.0,0.0,102.85,102.85,Completed
1022,356,2023-12-15,Direct,South,1487.04,0.0,0.0,1487.04,1487.04,Completed
1023,356,2024-09-20,Social Media,South,117.55,5.88,0.0,111.67,111.67,Completed
1024,356,2024-11-10,Organic Search,South,294.98,0.0,0.0,294.98,294.98,Completed
1025,356,2024-12-08,Organic Search,South,368.74,0.0,0.0,368.74,368.74,Completed
1026,356,2025-05-06,Paid Ads,South,104.68,0.0,0.0,104.68,104.68,Completed
1027,356,2025-11-06,Paid Ads,South,118.12,0.0,0.0,118.12,118.12,Completed
1028,357,2025-07-28,Social Media,North,73.71,7.37,5.25,0.0,71.59,Returned
1029,358,2025-03-23,Paid Ads,South,492.14,0.0,0.0,492.14,492.14,Completed
1030,358,2025-07-11,Paid Ads,South,455.52,45.55,0.0,409.97,409.97,Completed
1031,358,2025-10-03,Organic Search,South,457.48,0.0,0.0,457.48,457.48,Completed
1032,359,2024-02-06,Paid Ads,South,274.03,41.1,0.0,232.93,232.93,Completed
1033,359,2024-04-24,Organic Search,South,8.2,1.23,6.54,0.0,13.51,Returned
1034,359,2024-11-08,Social Media,South,862.16,0.0,0.0,862.16,862.16,Completed
1035,360,2023-07-11,Email,West,333.95,0.0,0.0,333.95,333.95,Completed
1036,360,2024-02-18,Social Media,West,240.54,0.0,0.0,240.54,240.54,Completed
1037,360,2024-06-05,Paid Ads,West,376.54,18.83,0.0,357.71,357.71,Completed
1038,360,2024-08-21,Organic Search,West,688.94,0.0,0.0,688.94,688.94,Completed
1039,360,2024-10-05,Paid Ads,West,513.94,0.0,0.0,0.0,513.94,Returned
1040,362,2025-08-01,Direct,South,227.73,0.0,0.0,227.73,227.73,Completed
1041,363,2024-02-12,Organic Search,North,276.78,0.0,0.0,276.78,276.78,Completed
1042,363,2024-05-07,Email,North,113.1,11.31,0.0,101.79,101.79,Completed
1043,363,2024-05-13,Organic Search,North,398.3,39.83,0.0,358.47,358.47,Completed
1044,363,2024-12-12,Email,North,1117.41,0.0,0.0,1117.41,1117.41,Completed
1045,363,2025-04-05,Email,North,1095.79,54.79,0.0,1041.0,1041.0,Completed
1046,363,2025-07-12,Email,North,1178.44,0.0,0.0,1178.44,1178.44,Completed
1047,365,2025-09-23,Email,West,162.42,0.0,0.0,162.42,162.42,Completed
1048,367,2023-05-08,Paid Ads,West,1221.52,244.3,0.0,977.22,977.22,Completed
1049,367,2024-11-12,Referral,West,700.92,105.14,0.0,595.78,595.78,Completed
1050,367,2025-06-21,Email,West,46.62,0.0,5.07,51.69,51.69,Completed
1051,369,2025-03-17,Social Media,East,321.09,16.05,0.0,305.04,305.04,Completed
1052,369,2025-06-08,Email,East,513.43,0.0,0.0,513.43,513.43,Completed
1053,369,2025-07-29,Direct,East,133.41,0.0,0.0,0.0,133.41,Returned
1054,369,2025-08-08,Organic Search,East,1697.67,169.77,0.0,1527.9,1527.9,Completed
1055,369,2025-12-02,Organic Search,East,191.55,0.0,0.0,191.55,191.55,Completed
1056,369,2025-12-28,Organic Search,East,2574.7,0.0,0.0,2574.7,2574.7,Completed
1057,370,2025-04-08,Organic Search,North,836.83,0.0,0.0,836.83,836.83,Completed
1058,370,2025-09-24,Paid Ads,North,277.55,0.0,0.0,277.55,277.55,Completed
1059,371,2025-12-01,Paid Ads,South,238.1,0.0,0.0,238.1,238.1,Completed
1060,372,2023-06-19,Organic Search,West,315.1,15.76,0.0,299.34,299.34,Completed
1061,372,2024-01-18,Email,West,53.79,5.38,6.09,54.5,54.5,Completed
1062,372,2024-04-04,Organic Search,West,89.47,0.0,0.0,89.47,89.47,Completed
1063,372,2024-05-13,Organic Search,West,162.82,0.0,0.0,162.82,162.82,Completed
1064,372,2024-07-30,Email,West,241.82,12.09,0.0,229.73,229.73,Completed
1065,372,2024-10-25,Paid Ads,West,161.77,32.35,0.0,129.42,129.42,Completed
1066,372,2024-12-30,Paid Ads,West,146.12,0.0,0.0,146.12,146.12,Completed
1067,372,2025-07-04,Organic Search,West,145.48,0.0,0.0,145.48,145.48,Completed
1068,372,2025-08-01,Organic Search,West,85.28,0.0,0.0,85.28,85.28,Completed
1069,372,2025-08-16,Email,West,1121.1,168.16,0.0,952.94,952.94,Completed
1070,372,2025-10-14,Paid Ads,West,174.65,0.0,0.0,174.65,174.65,Completed
1071,372,2025-11-14,Social Media,West,45.79,6.87,4.46,43.38,43.38,Completed
1072,373,2025-04-13,Referral,Central,2457.67,0.0,0.0,2457.67,2457.67,Completed
1073,374,2025-02-22,Organic Search,West,379.94,56.99,0.0,322.95,322.95,Completed
1074,374,2025-02-28,Paid Ads,West,82.97,16.59,0.0,66.38,66.38,Completed
1075,375,2025-12-17,Social Media,North,323.78,64.76,0.0,259.02,259.02,Completed
1076,376,2024-06-04,Paid Ads,North,39.69,0.0,4.36,44.05,44.05,Completed
1077,376,2024-09-14,Email,North,153.66,23.05,0.0,130.61,130.61,Completed
1078,376,2024-11-29,Social Media,North,948.34,47.42,0.0,900.92,900.92,Completed
1079,376,2025-04-06,Paid Ads,North,55.41,0.0,6.7,62.11,62.11,Completed
1080,376,2025-07-31,Email,North,111.21,5.56,0.0,105.65,105.65,Completed
1081,377,2024-12-21,Social Media,South,432.86,21.64,0.0,411.22,411.22,Completed
1082,377,2025-09-27,Email,South,97.08,0.0,0.0,97.08,97.08,Completed
1083,377,2025-11-15,Organic Search,South,191.28,0.0,0.0,191.28,191.28,Completed
1084,378,2024-12-14,Referral,South,25.64,0.0,4.85,30.49,30.49,Completed
1085,380,2023-10-31,Organic Search,West,1197.22,59.86,0.0,1137.36,1137.36,Completed
1086,380,2024-02-02,Organic Search,West,44.03,0.0,8.17,52.2,52.2,Completed
1087,380,2024-07-08,Organic Search,West,270.93,54.19,0.0,216.74,216.74,Completed
1088,380,2025-11-29,Organic Search,West,115.58,0.0,0.0,115.58,115.58,Completed
1089,381,2025-02-02,Paid Ads,West,427.0,0.0,0.0,427.0,427.0,Completed
1090,381,2025-02-26,Email,West,367.94,73.59,0.0,294.35,294.35,Completed
1091,382,2025-10-07,Email,West,948.94,0.0,0.0,948.94,948.94,Completed
1092,383,2024-04-09,Paid Ads,South,205.7,0.0,0.0,205.7,205.7,Completed
1093,383,2024-05-20,Social Media,South,60.4,0.0,6.2,66.6,66.6,Completed
1094,383,2024-07-03,Organic Search,South,868.93,43.45,0.0,825.48,825.48,Completed
1095,383,2024-07-19,Organic Search,South,191.1,0.0,0.0,191.1,191.1,Completed
1096,383,2024-10-25,Social Media,South,1599.9,0.0,0.0,1599.9,1599.9,Completed
1097,383,2025-01-18,Email,South,188.26,0.0,0.0,188.26,188.26,Completed
1098,383,2025-06-09,Social Media,South,295.12,0.0,0.0,295.12,295.12,Completed
1099,383,2025-10-31,Paid Ads,South,419.1,0.0,0.0,419.1,419.1,Completed
1100,384,2025-02-23,Organic Search,North,211.58,0.0,0.0,211.58,211.58,Completed
1101,386,2023-09-23,Organic Search,South,77.04,0.0,0.0,77.04,77.04,Completed
1102,386,2024-01-30,Organic Search,South,1718.48,0.0,0.0,1718.48,1718.48,Completed
1103,386,2024-02-29,Organic Search,South,233.15,23.32,0.0,209.83,209.83,Completed
1104,387,2024-07-06,Paid Ads,East,484.39,0.0,0.0,484.39,484.39,Completed
1105,387,2025-03-22,Social Media,East,753.94,0.0,0.0,753.94,753.94,Completed
1106,387,2025-07-16,Referral,East,1145.68,229.14,0.0,916.54,916.54,Completed
1107,387,2025-09-23,Paid Ads,East,102.96,0.0,0.0,102.96,102.96,Completed
1108,388,2025-03-11,Social Media,West,2248.45,449.69,0.0,1798.76,1798.76,Completed
1109,389,2023-12-06,Email,North,33.32,1.67,8.37,40.02,40.02,Completed
1110,389,2024-06-17,Referral,North,110.7,11.07,0.0,99.63,99.63,Completed
1111,389,2024-09-23,Organic Search,North,1202.35,60.12,0.0,1142.23,1142.23,Completed
1112,390,2024-03-24,Direct,Central,170.67,0.0,0.0,170.67,170.67,Completed
1113,390,2024-08-03,Email,Central,844.53,0.0,0.0,844.53,844.53,Completed
1114,391,2023-07-19,Organic Search,South,564.72,28.24,0.0,536.48,536.48,Completed
1115,391,2023-08-19,Social Media,South,788.34,39.42,0.0,748.92,748.92,Completed
1116,391,2023-09-25,Social Media,South,27.99,0.0,6.1,34.09,34.09,Completed
1117,391,2024-01-18,Direct,South,1182.69,177.4,0.0,1005.29,1005.29,Completed
1118,393,2025-09-22,Social Media,Central,145.0,0.0,0.0,145.0,145.0,Completed
1119,394,2023-12-29,Social Media,South,40.79,0.0,7.39,48.18,48.18,Completed
1120,394,2024-01-23,Social Media,South,503.95,75.59,0.0,428.36,428.36,Completed
1121,394,2024-05-16,Paid Ads,South,246.07,0.0,0.0,246.07,246.07,Completed
1122,395,2024-07-28,Paid Ads,South,1288.37,128.84,0.0,1159.53,1159.53,Completed
1123,395,2025-02-02,Organic Search,South,86.27,4.31,0.0,0.0,81.96,Returned
1124,395,2025-04-12,Referral,South,206.02,0.0,0.0,206.02,206.02,Completed
1125,396,2025-05-25,Paid Ads,Central,157.28,7.86,0.0,149.42,149.42,Completed
1126,396,2025-05-28,Organic Search,Central,78.58,0.0,0.0,78.58,78.58,Completed
1127,396,2025-07-02,Social Media,Central,154.65,0.0,0.0,154.65,154.65,Completed
1128,396,2025-07-29,Paid Ads,Central,609.92,0.0,0.0,609.92,609.92,Completed
1129,396,2025-09-12,Referral,Central,467.98,0.0,0.0,467.98,467.98,Completed
1130,396,2025-12-26,Social Media,Central,517.96,25.9,0.0,492.06,492.06,Completed
1131,397,2024-09-14,Email,Central,600.0,0.0,0.0,600.0,600.0,Completed
1132,397,2025-03-08,Paid Ads,Central,482.11,0.0,0.0,0.0,482.11,Returned
1133,397,2025-08-08,Email,Central,512.25,51.22,0.0,461.03,461.03,Completed
1134,398,2025-06-03,Email,South,115.53,0.0,0.0,115.53,115.53,Completed
1135,399,2024-05-27,Referral,North,26.56,0.0,4.52,31.08,31.08,Completed
1136,399,2024-08-28,Social Media,North,49.48,2.47,7.76,0.0,54.77,Returned
1137,399,2024-09-13,Email,North,289.88,0.0,0.0,289.88,289.88,Completed
1138,399,2024-10-04,Direct,North,1145.67,0.0,0.0,1145.67,1145.67,Completed
1139,399,2024-12-04,Direct,North,32.37,3.24,4.07,33.2,33.2,Completed
1140,399,2024-12-11,Direct,North,221.01,22.1,0.0,198.91,198.91,Completed
1141,399,2025-02-25,Organic Search,North,130.8,13.08,0.0,117.72,117.72,Completed
1142,399,2025-03-31,Social Media,North,153.38,7.67,0.0,145.71,145.71,Completed
1143,399,2025-05-02,Email,North,52.21,0.0,8.07,60.28,60.28,Completed
1144,400,2024-01-26,Social Media,East,518.25,0.0,0.0,518.25,518.25,Completed
1145,401,2023-12-06,Paid Ads,West,35.52,0.0,8.31,43.83,43.83,Completed
1146,402,2025-05-29,Paid Ads,North,132.56,0.0,0.0,132.56,132.56,Completed
1147,402,2025-06-03,Email,North,938.76,0.0,0.0,938.76,938.76,Completed
1148,403,2025-02-10,Organic Search,West,424.63,0.0,0.0,424.63,424.63,Completed
1149,403,2025-10-22,Organic Search,West,318.73,63.75,0.0,254.98,254.98,Completed
1150,404,2025-03-23,Organic Search,East,122.51,0.0,0.0,122.51,122.51,Completed
1151,404,2025-07-14,Social Media,East,116.35,0.0,0.0,116.35,116.35,Completed
1152,404,2025-09-05,Direct,East,21.41,2.14,5.66,24.93,24.93,Completed
1153,404,2025-11-19,Organic Search,East,109.48,0.0,0.0,109.48,109.48,Completed
1154,406,2025-03-01,Paid Ads,East,2450.53,490.11,0.0,1960.42,1960.42,Completed
1155,406,2025-05-01,Direct,East,113.34,11.33,0.0,102.01,102.01,Completed
1156,406,2025-10-14,Direct,East,746.46,0.0,0.0,746.46,746.46,Completed
1157,408,2024-08-09,Paid Ads,East,27.48,2.75,8.23,32.96,32.96,Completed
1158,409,2025-08-14,Organic Search,Central,723.84,0.0,0.0,0.0,723.84,Returned
1159,410,2024-08-19,Email,Central,243.34,12.17,0.0,231.17,231.17,Completed
1160,410,2024-10-30,Social Media,Central,25.38,1.27,4.66,28.77,28.77,Completed
1161,410,2025-02-07,Social Media,Central,262.0,13.1,0.0,248.9,248.9,Completed
1162,410,2025-02-24,Organic Search,Central,156.24,0.0,0.0,156.24,156.24,Completed
1163,410,2025-04-17,Direct,Central,127.34,0.0,0.0,127.34,127.34,Completed
1164,411,2024-08-05,Social Media,South,29.47,1.47,8.48,36.48,36.48,Completed
1165,411,2024-12-04,Social Media,South,724.48,0.0,0.0,724.48,724.48,Completed
1166,411,2025-01-02,Organic Search,South,125.85,0.0,0.0,125.85,125.85,Completed
1167,411,2025-10-07,Organic Search,South,32.09,6.42,7.98,33.65,33.65,Completed
1168,411,2025-11-21,Paid Ads,South,990.62,99.06,0.0,891.56,891.56,Completed
1169,412,2024-03-16,Email,South,111.5,0.0,0.0,111.5,111.5,Completed
1170,412,2025-11-08,Paid Ads,South,392.54,19.63,0.0,372.91,372.91,Completed
1171,413,2024-08-16,Paid Ads,West,721.47,0.0,0.0,721.47,721.47,Completed
1172,413,2024-08-18,Email,West,579.54,28.98,0.0,550.56,550.56,Completed
1173,413,2025-06-29,Email,West,21.6,2.16,7.35,26.79,26.79,Completed
1174,413,2025-09-03,Paid Ads,West,30.73,0.0,7.87,38.6,38.6,Completed
1175,413,2025-10-26,Paid Ads,West,28.37,2.84,5.71,31.24,31.24,Completed
1176,413,2025-11-18,Social Media,West,187.29,9.36,0.0,177.93,177.93,Completed
1177,416,2025-09-10,Organic Search,North,137.2,0.0,0.0,137.2,137.2,Completed
1178,418,2023-09-28,Organic Search,East,44.78,2.24,7.55,50.09,50.09,Completed
1179,418,2024-01-10,Email,East,21.74,1.09,4.89,25.54,25.54,Completed
1180,418,2024-05-18,Email,East,420.4,42.04,0.0,378.36,378.36,Completed
1181,418,2025-12-15,Paid Ads,East,189.98,0.0,0.0,189.98,189.98,Completed
1182,419,2025-01-15,Paid Ads,North,240.31,48.06,0.0,192.25,192.25,Completed
1183,419,2025-05-21,Direct,North,871.3,174.26,0.0,0.0,697.04,Returned
1184,420,2024-08-09,Paid Ads,South,277.3,55.46,0.0,0.0,221.84,Returned
1185,420,2024-11-13,Direct,South,55.88,8.38,5.05,52.55,52.55,Completed
1186,420,2025-03-10,Email,South,77.98,0.0,0.0,77.98,77.98,Completed
1187,420,2025-05-25,Referral,South,138.44,0.0,0.0,138.44,138.44,Completed
1188,420,2025-06-18,Social Media,South,18.32,3.66,8.01,22.67,22.67,Completed
1189,421,2025-08-31,Email,West,34.86,0.0,8.8,43.66,43.66,Completed
1190,421,2025-09-03,Social Media,West,499.58,24.98,0.0,474.6,474.6,Completed
1191,422,2024-10-18,Email,East,453.74,22.69,0.0,431.05,431.05,Completed
1192,422,2025-02-09,Referral,East,455.57,0.0,0.0,455.57,455.57,Completed
1193,422,2025-04-27,Social Media,East,90.53,0.0,0.0,90.53,90.53,Completed
1194,422,2025-06-03,Paid Ads,East,296.88,44.53,0.0,252.35,252.35,Completed
1195,422,2025-06-18,Direct,East,70.64,0.0,7.61,78.25,78.25,Completed
1196,423,2024-01-10,Referral,South,769.42,38.47,0.0,730.95,730.95,Completed
1197,423,2024-02-07,Paid Ads,South,63.04,0.0,6.04,69.08,69.08,Completed
1198,423,2024-06-20,Social Media,South,551.83,0.0,0.0,551.83,551.83,Completed
1199,423,2024-09-12,Organic Search,South,460.65,0.0,0.0,460.65,460.65,Completed
1200,423,2024-09-29,Organic Search,South,23.43,0.0,7.6,31.03,31.03,Completed
1201,423,2024-10-02,Social Media,South,546.73,0.0,0.0,546.73,546.73,Completed
1202,425,2024-08-04,Email,West,867.5,0.0,0.0,867.5,867.5,Completed
1203,426,2023-07-16,Paid Ads,South,422.39,0.0,0.0,0.0,422.39,Returned
1204,426,2023-08-26,Organic Search,South,104.99,0.0,0.0,104.99,104.99,Completed
1205,426,2023-10-09,Organic Search,South,15.15,2.27,7.11,19.99,19.99,Completed
1206,426,2024-04-14,Direct,South,49.64,0.0,4.67,54.31,54.31,Completed
1207,426,2024-05-16,Social Media,South,15.64,0.0,6.92,22.56,22.56,Completed
1208,426,2024-09-10,Direct,South,242.6,24.26,0.0,218.34,218.34,Completed
1209,426,2024-11-07,Organic Search,South,385.85,0.0,0.0,385.85,385.85,Completed
1210,426,2025-01-29,Organic Search,South,89.26,0.0,0.0,89.26,89.26,Completed
1211,426,2025-04-25,Organic Search,South,79.73,0.0,0.0,0.0,79.73,Returned
1212,426,2025-05-13,Referral,South,141.24,7.06,0.0,134.18,134.18,Completed
1213,426,2025-06-05,Email,South,88.28,8.83,0.0,79.45,79.45,Completed
1214,426,2025-07-24,Organic Search,South,187.8,28.17,0.0,0.0,159.63,Returned
1215,426,2025-07-25,Email,South,1525.15,0.0,0.0,1525.15,1525.15,Completed
1216,426,2025-10-05,Paid Ads,South,158.73,15.87,0.0,142.86,142.86,Completed
1217,426,2025-11-07,Organic Search,South,12.75,1.28,5.99,17.46,17.46,Completed
1218,427,2024-11-11,Email,East,1940.43,0.0,0.0,1940.43,1940.43,Completed
1219,427,2024-11-30,Paid Ads,East,535.0,80.25,0.0,454.75,454.75,Completed
1220,427,2025-06-15,Referral,East,45.72,6.86,5.26,44.12,44.12,Completed
1221,427,2025-07-26,Organic Search,East,1286.94,64.35,0.0,1222.59,1222.59,Completed
1222,427,2025-09-23,Paid Ads,East,441.71,0.0,0.0,441.71,441.71,Completed
1223,428,2024-03-13,Paid Ads,West,204.85,0.0,0.0,204.85,204.85,Completed
1224,428,2024-04-01,Email,West,238.16,0.0,0.0,238.16,238.16,Completed
1225,428,2024-05-13,Organic Search,West,687.27,0.0,0.0,687.27,687.27,Completed
1226,428,2024-08-16,Social Media,West,960.26,0.0,0.0,960.26,960.26,Completed
1227,428,2024-10-30,Email,West,20.78,4.16,8.79,25.41,25.41,Completed
1228,428,2025-01-21,Direct,West,29.1,0.0,5.29,34.39,34.39,Completed
1229,428,2025-03-31,Email,West,972.53,0.0,0.0,972.53,972.53,Completed
1230,428,2025-06-19,Organic Search,West,1635.2,0.0,0.0,1635.2,1635.2,Completed
1231,428,2025-07-20,Direct,West,385.95,0.0,0.0,385.95,385.95,Completed
1232,428,2025-12-13,Social Media,West,30.87,0.0,8.26,39.13,39.13,Completed
1233,429,2024-01-02,Direct,West,301.37,45.21,0.0,256.16,256.16,Completed
1234,429,2025-07-29,Organic Search,West,533.08,106.62,0.0,426.46,426.46,Completed
1235,431,2024-02-25,Paid Ads,Central,1020.64,0.0,0.0,1020.64,1020.64,Completed
1236,432,2024-02-09,Paid Ads,Central,76.54,0.0,0.0,76.54,76.54,Completed
1237,432,2024-03-08,Email,Central,792.51,0.0,0.0,792.51,792.51,Completed
1238,432,2024-03-10,Social Media,Central,981.14,98.11,0.0,883.03,883.03,Completed
1239,432,2024-04-16,Direct,Central,544.13,81.62,0.0,462.51,462.51,Completed
1240,432,2025-06-16,Email,Central,402.6,0.0,0.0,402.6,402.6,Completed
1241,433,2023-07-26,Organic Search,West,234.5,0.0,0.0,234.5,234.5,Completed
1242,433,2023-07-27,Paid Ads,West,468.98,0.0,0.0,468.98,468.98,Completed
1243,433,2023-07-29,Paid Ads,West,868.72,0.0,0.0,0.0,868.72,Returned
1244,433,2023-08-18,Direct,West,20.69,1.03,8.53,28.19,28.19,Completed
1245,433,2023-10-28,Email,West,16.9,2.53,7.93,22.3,22.3,Completed
1246,433,2023-11-05,Email,West,44.04,0.0,7.26,0.0,51.3,Returned
1247,433,2024-02-24,Paid Ads,West,1286.17,0.0,0.0,0.0,1286.17,Returned
1248,433,2024-04-26,Organic Search,West,1077.08,0.0,0.0,1077.08,1077.08,Completed
1249,433,2024-06-20,Organic Search,West,616.38,0.0,0.0,616.38,616.38,Completed
1250,434,2024-03-14,Organic Search,Central,162.07,24.31,0.0,137.76,137.76,Completed
1251,434,2024-06-30,Social Media,Central,177.91,0.0,0.0,177.91,177.91,Completed
1252,434,2024-09-30,Paid Ads,Central,609.95,61.0,0.0,548.95,548.95,Completed
1253,434,2025-01-19,Paid Ads,Central,680.73,136.15,0.0,544.58,544.58,Completed
1254,434,2025-03-13,Organic Search,Central,135.97,0.0,0.0,135.97,135.97,Completed
1255,434,2025-04-13,Organic Search,Central,95.58,9.56,0.0,86.02,86.02,Completed
1256,434,2025-07-31,Organic Search,Central,56.26,0.0,4.69,60.95,60.95,Completed
1257,434,2025-11-17,Direct,Central,18.69,1.87,7.81,24.63,24.63,Completed
1258,435,2024-10-25,Email,North,534.01,26.7,0.0,507.31,507.31,Completed
1259,436,2025-03-18,Organic Search,West,295.86,44.38,0.0,251.48,251.48,Completed
1260,437,2025-07-29,Organic Search,Central,287.98,0.0,0.0,287.98,287.98,Completed
1261,437,2025-10-27,Social Media,Central,173.03,0.0,0.0,173.03,173.03,Completed
1262,438,2025-08-04,Direct,West,253.62,0.0,0.0,253.62,253.62,Completed
1263,439,2025-01-30,Organic Search,South,521.16,0.0,0.0,521.16,521.16,Completed
1264,439,2025-05-12,Social Media,South,66.9,0.0,6.68,73.58,73.58,Completed
1265,440,2024-11-08,Social Media,Central,359.01,0.0,0.0,359.01,359.01,Completed
1266,440,2025-06-03,Email,Central,95.4,4.77,0.0,90.63,90.63,Completed
1267,440,2025-07-11,Social Media,Central,798.98,119.85,0.0,679.13,679.13,Completed
1268,440,2025-11-30,Paid Ads,Central,73.2,0.0,8.03,81.23,81.23,Completed
1269,441,2024-01-07,Paid Ads,West,258.65,0.0,0.0,258.65,258.65,Completed
1270,441,2025-04-03,Social Media,West,158.47,0.0,0.0,158.47,158.47,Completed
1271,441,2025-04-16,Direct,West,581.43,0.0,0.0,581.43,581.43,Completed
1272,443,2025-08-10,Organic Search,East,165.41,24.81,0.0,140.6,140.6,Completed
1273,443,2025-09-26,Paid Ads,East,1735.11,86.76,0.0,1648.35,1648.35,Completed
1274,443,2025-11-16,Social Media,East,802.92,0.0,0.0,802.92,802.92,Completed
1275,444,2025-07-25,Referral,South,330.76,0.0,0.0,330.76,330.76,Completed
1276,444,2025-08-15,Social Media,South,310.43,15.52,0.0,294.91,294.91,Completed
1277,445,2023-10-22,Email,East,288.63,14.43,0.0,274.2,274.2,Completed
1278,445,2024-02-21,Email,East,90.59,0.0,0.0,90.59,90.59,Completed
1279,445,2024-05-22,Organic Search,East,232.44,0.0,0.0,232.44,232.44,Completed
1280,445,2024-09-06,Organic Search,East,442.29,0.0,0.0,442.29,442.29,Completed
1281,445,2024-10-05,Direct,East,124.45,0.0,0.0,124.45,124.45,Completed
1282,445,2024-11-03,Organic Search,East,61.94,0.0,8.57,70.51,70.51,Completed
1283,445,2024-11-19,Social Media,East,1939.08,0.0,0.0,1939.08,1939.08,Completed
1284,445,2025-02-16,Email,East,926.34,46.32,0.0,880.02,880.02,Completed
1285,445,2025-09-15,Organic Search,East,159.21,0.0,0.0,159.21,159.21,Completed
1286,446,2023-08-22,Organic Search,East,146.86,14.69,0.0,132.17,132.17,Completed
1287,446,2023-08-27,Email,East,2568.73,0.0,0.0,2568.73,2568.73,Completed
1288,446,2023-11-17,Paid Ads,East,708.21,70.82,0.0,637.39,637.39,Completed
1289,446,2023-12-03,Paid Ads,East,574.05,0.0,0.0,574.05,574.05,Completed
1290,446,2024-02-23,Organic Search,East,1770.23,0.0,0.0,1770.23,1770.23,Completed
1291,446,2024-04-16,Paid Ads,East,89.2,13.38,0.0,75.82,75.82,Completed
1292,446,2024-04-22,Paid Ads,East,621.11,31.06,0.0,590.05,590.05,Completed
1293,446,2024-06-09,Email,East,458.56,0.0,0.0,458.56,458.56,Completed
1294,446,2024-07-22,Direct,East,35.97,7.19,6.9,35.68,35.68,Completed
1295,446,2024-08-06,Direct,East,74.45,0.0,7.64,0.0,82.09,Returned
1296,446,2025-01-27,Organic Search,East,607.63,0.0,0.0,607.63,607.63,Completed
1297,446,2025-02-27,Direct,East,56.55,0.0,6.65,63.2,63.2,Completed
1298,446,2025-06-23,Paid Ads,East,33.67,3.37,5.39,35.69,35.69,Completed
1299,446,2025-09-15,Organic Search,East,109.9,5.5,0.0,104.4,104.4,Completed
1300,446,2025-11-10,Social Media,East,169.08,0.0,0.0,169.08,169.08,Completed
1301,447,2024-04-27,Social Media,South,364.94,0.0,0.0,364.94,364.94,Completed
1302,447,2024-07-08,Email,South,553.59,27.68,0.0,525.91,525.91,Completed
1303,447,2024-09-26,Email,South,166.11,0.0,0.0,166.11,166.11,Completed
1304,447,2024-10-14,Email,South,14.88,1.49,5.25,18.64,18.64,Completed
1305,448,2023-10-30,Paid Ads,South,678.22,67.82,0.0,610.4,610.4,Completed
1306,448,2023-11-21,Organic Search,South,757.44,0.0,0.0,757.44,757.44,Completed
1307,448,2024-03-10,Paid Ads,South,121.99,0.0,0.0,121.99,121.99,Completed
1308,448,2024-04-03,Social Media,South,102.38,0.0,0.0,0.0,102.38,Returned
1309,448,2024-04-26,Email,South,108.36,5.42,0.0,102.94,102.94,Completed
1310,448,2024-05-14,Email,South,329.2,0.0,0.0,329.2,329.2,Completed
1311,448,2024-06-16,Paid Ads,South,145.54,0.0,0.0,145.54,145.54,Completed
1312,448,2024-07-08,Direct,South,15.55,0.0,8.94,24.49,24.49,Completed
1313,448,2024-09-18,Social Media,South,80.24,0.0,0.0,80.24,80.24,Completed
1314,448,2024-10-06,Direct,South,1386.49,69.32,0.0,1317.17,1317.17,Completed
1315,448,2024-11-17,Paid Ads,South,513.44,0.0,0.0,513.44,513.44,Completed
1316,448,2024-12-02,Organic Search,South,270.6,13.53,0.0,257.07,257.07,Completed
1317,448,2025-02-04,Organic Search,South,68.18,13.64,4.73,59.27,59.27,Completed
1318,448,2025-02-12,Direct,South,64.72,3.24,6.92,68.4,68.4,Completed
1319,448,2025-02-16,Organic Search,South,524.45,0.0,0.0,524.45,524.45,Completed
1320,448,2025-05-22,Email,South,30.58,1.53,8.08,37.13,37.13,Completed
1321,448,2025-06-12,Referral,South,192.31,0.0,0.0,192.31,192.31,Completed
1322,449,2024-12-08,Paid Ads,North,184.4,0.0,0.0,184.4,184.4,Completed
1323,449,2024-12-31,Paid Ads,North,300.17,0.0,0.0,300.17,300.17,Completed
1324,449,2025-01-17,Organic Search,North,843.32,0.0,0.0,0.0,843.32,Returned
1325,449,2025-01-28,Organic Search,North,118.46,0.0,0.0,118.46,118.46,Completed
1326,449,2025-03-16,Paid Ads,North,39.99,0.0,4.07,44.06,44.06,Completed
1327,449,2025-05-20,Social Media,North,869.34,0.0,0.0,869.34,869.34,Completed
1328,449,2025-05-28,Direct,North,63.25,0.0,7.42,70.67,70.67,Completed
1329,449,2025-06-18,Paid Ads,North,289.66,28.97,0.0,260.69,260.69,Completed
1330,449,2025-09-11,Organic Search,North,127.35,12.74,0.0,114.61,114.61,Completed
1331,449,2025-09-27,Paid Ads,North,637.98,127.6,0.0,510.38,510.38,Completed
1332,449,2025-12-16,Social Media,North,527.37,0.0,0.0,527.37,527.37,Completed
1333,450,2025-06-22,Email,West,115.9,17.39,0.0,0.0,98.51,Returned
1334,450,2025-11-03,Organic Search,West,291.45,0.0,0.0,0.0,291.45,Returned
1335,451,2025-11-28,Referral,West,262.62,26.26,0.0,236.36,236.36,Completed
1336,451,2025-12-08,Organic Search,West,109.58,5.48,0.0,104.1,104.1,Completed
1337,451,2025-12-12,Direct,West,783.56,0.0,0.0,783.56,783.56,Completed
1338,453,2025-05-05,Paid Ads,North,44.26,0.0,6.8,51.06,51.06,Completed
1339,453,2025-07-03,Paid Ads,North,1259.66,0.0,0.0,1259.66,1259.66,Completed
1340,453,2025-12-21,Email,North,60.75,6.08,6.61,61.28,61.28,Completed
1341,454,2024-07-09,Organic Search,East,616.01,0.0,0.0,616.01,616.01,Completed
1342,454,2024-08-13,Paid Ads,East,248.22,37.23,0.0,210.99,210.99,Completed
1343,454,2024-10-24,Email,East,838.88,41.94,0.0,796.94,796.94,Completed
1344,454,2025-01-03,Organic Search,East,436.55,0.0,0.0,436.55,436.55,Completed
1345,454,2025-01-26,Direct,East,1167.22,233.44,0.0,933.78,933.78,Completed
1346,454,2025-02-24,Paid Ads,East,23.61,1.18,6.25,28.68,28.68,Completed
1347,454,2025-03-18,Organic Search,East,496.4,0.0,0.0,496.4,496.4,Completed
1348,454,2025-05-01,Referral,East,266.67,0.0,0.0,266.67,266.67,Completed
1349,454,2025-07-12,Organic Search,East,81.12,0.0,0.0,81.12,81.12,Completed
1350,454,2025-07-26,Organic Search,East,41.45,8.29,8.46,41.62,41.62,Completed
1351,454,2025-11-24,Organic Search,East,237.33,23.73,0.0,213.6,213.6,Completed
1352,454,2025-12-05,Paid Ads,East,104.4,0.0,0.0,0.0,104.4,Returned
1353,455,2024-11-18,Direct,West,51.51,0.0,4.72,56.23,56.23,Completed
1354,455,2025-01-25,Direct,West,86.61,8.66,0.0,77.95,77.95,Completed
1355,456,2024-11-08,Organic Search,South,549.41,0.0,0.0,549.41,549.41,Completed
1356,457,2024-08-03,Social Media,West,212.6,0.0,0.0,212.6,212.6,Completed
1357,457,2025-03-27,Referral,West,540.81,0.0,0.0,540.81,540.81,Completed
1358,457,2025-05-02,Paid Ads,West,1480.33,0.0,0.0,1480.33,1480.33,Completed
1359,457,2025-06-04,Direct,West,1207.74,0.0,0.0,0.0,1207.74,Returned
1360,458,2025-03-01,Organic Search,East,24.84,0.0,4.93,29.77,29.77,Completed
1361,458,2025-04-01,Social Media,East,131.7,26.34,0.0,0.0,105.36,Returned
1362,458,2025-05-06,Direct,East,753.81,0.0,0.0,753.81,753.81,Completed
1363,458,2025-05-18,Paid Ads,East,194.47,9.72,0.0,184.75,184.75,Completed
1364,458,2025-08-05,Social Media,East,58.43,0.0,6.24,64.67,64.67,Completed
1365,459,2025-06-07,Email,North,319.28,15.96,0.0,303.32,303.32,Completed
1366,461,2025-04-04,Email,North,2592.6,0.0,0.0,2592.6,2592.6,Completed
1367,462,2024-03-01,Organic Search,South,77.74,0.0,0.0,77.74,77.74,Completed
1368,462,2024-04-08,Direct,South,1136.57,0.0,0.0,1136.57,1136.57,Completed
1369,462,2024-05-08,Direct,South,102.14,0.0,0.0,102.14,102.14,Completed
1370,462,2024-07-28,Social Media,South,663.39,99.51,0.0,563.88,563.88,Completed
1371,462,2024-11-12,Organic Search,South,153.92,0.0,0.0,153.92,153.92,Completed
1372,463,2025-02-06,Organic Search,East,160.21,16.02,0.0,144.19,144.19,Completed
1373,463,2025-06-02,Email,East,380.56,0.0,0.0,380.56,380.56,Completed
1374,463,2025-11-17,Organic Search,East,358.95,17.95,0.0,341.0,341.0,Completed
1375,464,2025-08-25,Social Media,South,50.55,0.0,6.19,56.74,56.74,Completed
1376,467,2025-09-04,Paid Ads,South,620.55,0.0,0.0,620.55,620.55,Completed
1377,468,2024-08-19,Paid Ads,South,777.92,0.0,0.0,777.92,777.92,Completed
1378,468,2024-11-11,Social Media,South,1982.6,0.0,0.0,1982.6,1982.6,Completed
1379,468,2024-12-24,Referral,South,552.67,27.63,0.0,525.04,525.04,Completed
1380,468,2025-03-20,Email,South,912.84,91.28,0.0,821.56,821.56,Completed
1381,468,2025-08-06,Direct,South,231.72,34.76,0.0,196.96,196.96,Completed
1382,468,2025-09-01,Paid Ads,South,82.22,12.33,0.0,69.89,69.89,Completed
1383,469,2024-09-06,Direct,West,56.66,0.0,8.84,65.5,65.5,Completed
1384,470,2024-07-22,Email,South,2311.77,0.0,0.0,2311.77,2311.77,Completed
1385,470,2024-11-17,Paid Ads,South,804.73,40.24,0.0,764.49,764.49,Completed
1386,470,2025-02-03,Direct,South,2598.24,0.0,0.0,2598.24,2598.24,Completed
1387,470,2025-03-20,Social Media,South,1834.21,0.0,0.0,1834.21,1834.21,Completed
1388,471,2023-12-09,Social Media,East,100.28,0.0,0.0,100.28,100.28,Completed
1389,471,2024-04-21,Email,East,237.71,0.0,0.0,0.0,237.71,Returned
1390,471,2024-12-01,Paid Ads,East,67.73,10.16,7.82,65.39,65.39,Completed
1391,471,2025-07-17,Social Media,East,40.27,0.0,7.39,47.66,47.66,Completed
1392,471,2025-08-17,Referral,East,58.6,8.79,8.9,58.71,58.71,Completed
1393,471,2025-08-20,Organic Search,East,143.58,0.0,0.0,143.58,143.58,Completed
1394,472,2024-11-17,Direct,West,958.0,143.7,0.0,814.3,814.3,Completed
1395,472,2025-02-28,Email,West,26.42,5.28,8.81,29.95,29.95,Completed
1396,472,2025-05-01,Paid Ads,West,136.14,6.81,0.0,129.33,129.33,Completed
1397,472,2025-05-09,Paid Ads,West,472.79,0.0,0.0,472.79,472.79,Completed
1398,472,2025-05-27,Social Media,West,207.53,20.75,0.0,186.78,186.78,Completed
1399,472,2025-06-10,Email,West,297.16,44.57,0.0,252.59,252.59,Completed
1400,472,2025-09-30,Social Media,West,67.44,0.0,4.16,71.6,71.6,Completed
1401,472,2025-12-24,Organic Search,West,57.01,0.0,7.78,0.0,64.79,Returned
1402,473,2023-07-11,Direct,North,1714.35,0.0,0.0,1714.35,1714.35,Completed
1403,473,2023-12-12,Referral,North,955.52,143.33,0.0,812.19,812.19,Completed
1404,473,2023-12-20,Social Media,North,480.55,72.08,0.0,408.47,408.47,Completed
1405,473,2024-05-12,Paid Ads,North,115.87,11.59,0.0,104.28,104.28,Completed
1406,473,2024-05-13,Organic Search,North,55.33,0.0,5.05,60.38,60.38,Completed
1407,473,2024-06-25,Paid Ads,North,95.77,0.0,0.0,0.0,95.77,Returned
1408,473,2024-07-23,Paid Ads,North,45.37,4.54,6.52,47.35,47.35,Completed
1409,473,2024-11-10,Email,North,451.23,45.12,0.0,406.11,406.11,Completed
1410,474,2024-07-14,Referral,East,8.81,0.88,4.19,12.12,12.12,Completed
1411,476,2023-11-11,Paid Ads,South,508.95,0.0,0.0,508.95,508.95,Completed
1412,476,2023-11-20,Organic Search,South,86.58,0.0,0.0,0.0,86.58,Returned
1413,476,2023-12-14,Social Media,South,79.15,0.0,0.0,79.15,79.15,Completed
1414,476,2024-01-31,Referral,South,82.86,12.43,0.0,70.43,70.43,Completed
1415,476,2024-03-15,Organic Search,South,386.86,0.0,0.0,386.86,386.86,Completed
1416,476,2024-04-14,Direct,South,128.93,6.45,0.0,122.48,122.48,Completed
1417,476,2024-04-23,Paid Ads,South,239.11,0.0,0.0,239.11,239.11,Completed
1418,476,2024-05-28,Email,South,1051.32,157.7,0.0,893.62,893.62,Completed
1419,476,2024-08-28,Social Media,South,144.47,21.67,0.0,122.8,122.8,Completed
1420,476,2025-02-01,Organic Search,South,1290.14,0.0,0.0,1290.14,1290.14,Completed
1421,476,2025-06-03,Direct,South,79.61,0.0,0.0,79.61,79.61,Completed
1422,476,2025-06-04,Paid Ads,South,270.0,40.5,0.0,229.5,229.5,Completed
1423,476,2025-07-27,Paid Ads,South,166.9,0.0,0.0,166.9,166.9,Completed
1424,476,2025-08-27,Social Media,South,46.65,0.0,4.38,51.03,51.03,Completed
1425,477,2023-10-15,Social Media,North,399.68,59.95,0.0,339.73,339.73,Completed
1426,477,2023-12-06,Paid Ads,North,380.58,19.03,0.0,361.55,361.55,Completed
1427,477,2023-12-12,Social Media,North,8.93,0.89,6.1,14.14,14.14,Completed
1428,477,2024-02-14,Organic Search,North,211.94,0.0,0.0,211.94,211.94,Completed
1429,477,2024-03-23,Social Media,North,168.68,0.0,0.0,168.68,168.68,Completed
1430,477,2024-03-26,Paid Ads,North,25.71,2.57,6.84,29.98,29.98,Completed
1431,477,2024-05-06,Direct,North,16.05,2.41,7.98,0.0,21.62,Returned
1432,477,2024-06-08,Paid Ads,North,721.33,0.0,0.0,721.33,721.33,Completed
1433,477,2024-07-19,Paid Ads,North,975.35,0.0,0.0,975.35,975.35,Completed
1434,477,2025-05-18,Direct,North,160.29,0.0,0.0,160.29,160.29,Completed
1435,478,2023-10-24,Organic Search,North,228.66,22.87,0.0,205.79,205.79,Completed
1436,478,2023-11-14,Organic Search,North,42.07,6.31,6.43,42.19,42.19,Completed
1437,478,2024-02-16,Paid Ads,North,127.04,0.0,0.0,127.04,127.04,Completed
1438,478,2024-11-23,Paid Ads,North,201.26,40.25,0.0,161.01,161.01,Completed
1439,478,2025-05-19,Paid Ads,North,77.86,7.79,0.0,70.07,70.07,Completed
1440,479,2024-04-29,Paid Ads,South,66.94,3.35,6.6,0.0,70.19,Returned
1441,479,2024-07-12,Organic Search,South,205.12,41.02,0.0,164.1,164.1,Completed
1442,479,2024-08-16,Social Media,South,354.38,0.0,0.0,354.38,354.38,Completed
1443,479,2024-10-11,Organic Search,South,859.51,0.0,0.0,859.51,859.51,Completed
1444,479,2024-12-10,Direct,South,1108.46,0.0,0.0,0.0,1108.46,Returned
1445,479,2024-12-24,Paid Ads,South,344.27,0.0,0.0,344.27,344.27,Completed
1446,479,2025-01-25,Organic Search,South,281.88,56.38,0.0,225.5,225.5,Completed
1447,479,2025-02-12,Social Media,South,384.72,19.24,0.0,365.48,365.48,Completed
1448,479,2025-06-13,Organic Search,South,190.23,0.0,0.0,190.23,190.23,Completed
1449,479,2025-06-15,Social Media,South,65.67,0.0,8.95,74.62,74.62,Completed
1450,481,2023-08-30,Referral,North,2694.52,0.0,0.0,2694.52,2694.52,Completed
1451,481,2023-11-09,Referral,North,63.49,6.35,5.79,62.93,62.93,Completed
1452,481,2024-03-06,Organic Search,North,173.95,0.0,0.0,173.95,173.95,Completed
1453,481,2024-08-19,Email,North,39.4,1.97,4.38,41.81,41.81,Completed
1454,481,2024-09-01,Direct,North,504.51,0.0,0.0,504.51,504.51,Completed
1455,481,2024-12-21,Paid Ads,North,650.33,97.55,0.0,552.78,552.78,Completed
1456,481,2025-01-04,Paid Ads,North,568.75,56.88,0.0,511.87,511.87,Completed
1457,481,2025-03-12,Paid Ads,North,456.17,45.62,0.0,410.55,410.55,Completed
1458,481,2025-06-05,Social Media,North,436.41,0.0,0.0,436.41,436.41,Completed
1459,481,2025-06-25,Social Media,North,33.16,0.0,8.49,41.65,41.65,Completed
1460,481,2025-08-02,Organic Search,North,513.6,0.0,0.0,513.6,513.6,Completed
1461,481,2025-08-06,Organic Search,North,251.61,0.0,0.0,251.61,251.61,Completed
1462,481,2025-08-18,Social Media,North,149.63,14.96,0.0,134.67,134.67,Completed
1463,481,2025-11-14,Organic Search,North,164.88,0.0,0.0,164.88,164.88,Completed
1464,481,2025-12-06,Paid Ads,North,1401.85,0.0,0.0,1401.85,1401.85,Completed
1465,481,2025-12-17,Direct,North,15.87,0.0,7.06,22.93,22.93,Completed
1466,481,2025-12-25,Paid Ads,North,201.52,0.0,0.0,201.52,201.52,Completed
1467,482,2024-07-28,Social Media,East,104.48,10.45,0.0,94.03,94.03,Completed
1468,482,2024-11-04,Paid Ads,East,572.24,57.22,0.0,515.02,515.02,Completed
1469,483,2024-06-30,Social Media,West,463.28,0.0,0.0,463.28,463.28,Completed
1470,483,2024-11-05,Direct,West,209.99,0.0,0.0,209.99,209.99,Completed
1471,483,2024-11-23,Email,West,760.17,38.01,0.0,722.16,722.16,Completed
1472,483,2025-06-02,Email,West,275.31,0.0,0.0,275.31,275.31,Completed
1473,483,2025-08-07,Organic Search,West,813.51,40.68,0.0,772.83,772.83,Completed
1474,483,2025-08-30,Email,West,61.89,3.09,8.84,67.64,67.64,Completed
1475,483,2025-09-09,Email,West,935.1,0.0,0.0,935.1,935.1,Completed
1476,483,2025-09-14,Paid Ads,West,67.39,6.74,4.73,65.38,65.38,Completed
1477,483,2025-11-22,Organic Search,West,496.93,0.0,0.0,496.93,496.93,Completed
1478,484,2025-05-05,Email,Central,23.11,0.0,6.77,29.88,29.88,Completed
1479,484,2025-05-13,Social Media,Central,246.23,0.0,0.0,246.23,246.23,Completed
1480,485,2025-11-27,Social Media,South,978.58,0.0,0.0,978.58,978.58,Completed
1481,486,2024-08-13,Organic Search,East,550.9,0.0,0.0,550.9,550.9,Completed
1482,487,2023-09-09,Email,West,63.48,6.35,7.93,65.06,65.06,Completed
1483,487,2023-10-11,Direct,West,218.85,0.0,0.0,218.85,218.85,Completed
1484,487,2024-02-16,Paid Ads,West,444.87,0.0,0.0,0.0,444.87,Returned
1485,487,2024-06-20,Social Media,West,309.7,0.0,0.0,309.7,309.7,Completed
1486,487,2024-08-24,Paid Ads,West,29.36,0.0,6.82,36.18,36.18,Completed
1487,487,2025-05-31,Organic Search,West,171.96,17.2,0.0,154.76,154.76,Completed
1488,487,2025-07-09,Paid Ads,West,24.34,0.0,5.23,29.57,29.57,Completed
1489,488,2025-03-10,Social Media,West,102.25,0.0,0.0,102.25,102.25,Completed
1490,489,2023-09-24,Direct,South,167.62,0.0,0.0,167.62,167.62,Completed
1491,491,2024-12-03,Organic Search,West,118.52,0.0,0.0,118.52,118.52,Completed
1492,491,2024-12-07,Social Media,West,324.19,0.0,0.0,324.19,324.19,Completed
1493,491,2024-12-09,Social Media,West,381.35,0.0,0.0,381.35,381.35,Completed
1494,491,2025-06-01,Organic Search,West,571.89,0.0,0.0,571.89,571.89,Completed
1495,491,2025-06-11,Referral,West,479.12,0.0,0.0,479.12,479.12,Completed
1496,492,2024-12-01,Email,West,43.91,0.0,7.53,51.44,51.44,Completed
1497,492,2025-01-31,Paid Ads,West,5.19,0.0,5.78,10.97,10.97,Completed
1498,492,2025-08-12,Social Media,West,126.45,0.0,0.0,126.45,126.45,Completed
1499,492,2025-08-30,Direct,West,498.61,0.0,0.0,498.61,498.61,Completed
1500,493,2024-05-14,Paid Ads,East,149.46,22.42,0.0,127.04,127.04,Completed
1501,493,2024-12-28,Email,East,1005.23,50.26,0.0,954.97,954.97,Completed
1502,493,2025-05-31,Organic Search,East,288.52,0.0,0.0,288.52,288.52,Completed
1503,494,2024-03-07,Direct,South,286.64,0.0,0.0,286.64,286.64,Completed
1504,494,2024-06-07,Paid Ads,South,201.46,0.0,0.0,201.46,201.46,Completed
1505,494,2024-10-30,Email,South,523.78,0.0,0.0,523.78,523.78,Completed
1506,494,2025-06-27,Organic Search,South,126.73,0.0,0.0,126.73,126.73,Completed
1507,494,2025-09-17,Organic Search,South,383.11,76.62,0.0,306.49,306.49,Completed
1508,494,2025-12-11,Organic Search,South,244.51,0.0,0.0,0.0,244.51,Returned
1509,495,2025-10-09,Paid Ads,North,761.93,0.0,0.0,761.93,761.93,Completed
1510,498,2023-07-13,Paid Ads,East,862.02,0.0,0.0,862.02,862.02,Completed
1511,498,2025-06-16,Social Media,East,104.57,15.69,0.0,88.88,88.88,Completed
1512,498,2025-10-23,Social Media,East,141.42,0.0,0.0,141.42,141.42,Completed
1513,499,2024-12-18,Organic Search,North,2544.41,0.0,0.0,2544.41,2544.41,Completed
1514,500,2025-02-17,Email,North,1521.09,228.16,0.0,1292.93,1292.93,Completed
1515,500,2025-05-16,Social Media,North,394.23,0.0,0.0,394.23,394.23,Completed
1516,500,2025-06-11,Social Media,North,135.37,13.54,0.0,121.83,121.83,Completed
1517,500,2025-08-20,Social Media,North,141.24,0.0,0.0,141.24,141.24,Completed
1518,500,2025-09-30,Paid Ads,North,15.86,0.0,6.81,22.67,22.67,Completed
1519,500,2025-12-29,Organic Search,North,97.9,0.0,0.0,97.9,97.9,Completed
1520,501,2025-11-03,Email,East,96.52,9.65,0.0,86.87,86.87,Completed
1521,502,2023-07-18,Organic Search,East,212.08,21.21,0.0,190.87,190.87,Completed
1522,502,2023-10-29,Email,East,1546.69,0.0,0.0,1546.69,1546.69,Completed
1523,502,2023-12-14,Social Media,East,307.36,0.0,0.0,307.36,307.36,Completed
1524,502,2024-02-26,Organic Search,East,255.75,0.0,0.0,255.75,255.75,Completed
1525,502,2024-03-05,Direct,East,362.38,0.0,0.0,362.38,362.38,Completed
1526,502,2024-04-03,Paid Ads,East,162.93,0.0,0.0,162.93,162.93,Completed
1527,502,2024-07-28,Social Media,East,303.43,15.17,0.0,288.26,288.26,Completed
1528,502,2024-10-09,Referral,East,94.22,4.71,0.0,89.51,89.51,Completed
1529,502,2025-04-24,Email,East,661.89,99.28,0.0,562.61,562.61,Completed
1530,502,2025-05-03,Paid Ads,East,566.61,28.33,0.0,538.28,538.28,Completed
1531,502,2025-08-01,Social Media,East,209.64,0.0,0.0,209.64,209.64,Completed
1532,502,2025-10-19,Email,East,132.43,0.0,0.0,132.43,132.43,Completed
1533,503,2025-01-13,Social Media,North,39.03,3.9,5.99,41.12,41.12,Completed
1534,503,2025-02-08,Social Media,North,112.71,0.0,0.0,112.71,112.71,Completed
1535,503,2025-03-05,Direct,North,7.15,0.0,8.63,15.78,15.78,Completed
1536,503,2025-05-06,Referral,North,194.3,19.43,0.0,174.87,174.87,Completed
1537,503,2025-06-16,Paid Ads,North,28.6,2.86,7.58,33.32,33.32,Completed
1538,504,2025-04-07,Social Media,East,405.71,40.57,0.0,365.14,365.14,Completed
1539,505,2024-02-20,Paid Ads,East,122.71,6.14,0.0,116.57,116.57,Completed
1540,505,2025-01-24,Organic Search,East,41.64,2.08,5.08,44.64,44.64,Completed
1541,506,2023-09-25,Email,East,45.56,0.0,5.19,50.75,50.75,Completed
1542,506,2023-10-09,Paid Ads,East,1093.86,0.0,0.0,1093.86,1093.86,Completed
1543,506,2023-10-16,Paid Ads,East,77.71,11.66,0.0,66.05,66.05,Completed
1544,506,2024-11-19,Organic Search,East,809.45,0.0,0.0,809.45,809.45,Completed
1545,506,2025-06-12,Social Media,East,2185.68,0.0,0.0,2185.68,2185.68,Completed
1546,506,2025-11-21,Paid Ads,East,35.98,7.2,7.45,36.23,36.23,Completed
1547,507,2024-04-08,Paid Ads,South,298.9,0.0,0.0,298.9,298.9,Completed
1548,508,2025-11-26,Organic Search,North,43.02,0.0,8.11,51.13,51.13,Completed
1549,509,2024-04-21,Direct,North,147.39,0.0,0.0,147.39,147.39,Completed
1550,509,2024-12-27,Paid Ads,North,154.05,7.7,0.0,146.35,146.35,Completed
1551,509,2025-01-02,Social Media,North,114.0,0.0,0.0,114.0,114.0,Completed
1552,509,2025-02-10,Paid Ads,North,779.15,0.0,0.0,779.15,779.15,Completed
1553,510,2024-10-29,Paid Ads,South,486.46,0.0,0.0,486.46,486.46,Completed
1554,510,2025-05-01,Social Media,South,145.28,14.53,0.0,130.75,130.75,Completed
1555,511,2025-01-03,Paid Ads,Central,1137.68,0.0,0.0,1137.68,1137.68,Completed
1556,513,2025-04-26,Social Media,Central,857.03,0.0,0.0,857.03,857.03,Completed
1557,513,2025-06-11,Referral,Central,211.9,31.78,0.0,0.0,180.12,Returned
1558,515,2024-03-04,Social Media,East,97.94,0.0,0.0,97.94,97.94,Completed
1559,515,2024-04-02,Direct,East,714.71,0.0,0.0,714.71,714.71,Completed
1560,515,2024-05-06,Email,East,376.15,0.0,0.0,376.15,376.15,Completed
1561,515,2024-07-24,Organic Search,East,247.97,0.0,0.0,247.97,247.97,Completed
1562,515,2024-08-11,Paid Ads,East,29.69,0.0,4.23,33.92,33.92,Completed
1563,515,2024-10-22,Social Media,East,1904.29,380.86,0.0,1523.43,1523.43,Completed
1564,515,2024-12-31,Organic Search,East,506.37,0.0,0.0,506.37,506.37,Completed
1565,515,2025-01-04,Paid Ads,East,971.09,97.11,0.0,873.98,873.98,Completed
1566,515,2025-02-14,Organic Search,East,153.5,15.35,0.0,138.15,138.15,Completed
1567,515,2025-07-27,Email,East,34.63,6.93,8.36,36.06,36.06,Completed
1568,515,2025-08-11,Direct,East,46.58,0.0,4.63,51.21,51.21,Completed
1569,515,2025-09-16,Direct,East,417.78,0.0,0.0,417.78,417.78,Completed
1570,515,2025-10-10,Paid Ads,East,223.01,0.0,0.0,223.01,223.01,Completed
1571,515,2025-10-11,Direct,East,181.97,0.0,0.0,181.97,181.97,Completed
1572,516,2024-10-08,Social Media,West,1578.29,315.66,0.0,1262.63,1262.63,Completed
1573,516,2024-12-17,Direct,West,226.8,0.0,0.0,226.8,226.8,Completed
1574,516,2025-01-05,Organic Search,West,856.27,0.0,0.0,856.27,856.27,Completed
1575,516,2025-01-12,Email,West,203.94,10.2,0.0,193.74,193.74,Completed
1576,516,2025-08-07,Email,West,57.29,8.59,8.19,56.89,56.89,Completed
1577,516,2025-08-14,Paid Ads,West,64.47,0.0,6.93,71.4,71.4,Completed
1578,517,2024-11-06,Organic Search,Central,79.97,4.0,0.0,75.97,75.97,Completed
1579,517,2025-06-07,Direct,Central,267.46,0.0,0.0,267.46,267.46,Completed
1580,517,2025-06-28,Social Media,Central,36.76,0.0,4.68,41.44,41.44,Completed
1581,517,2025-07-11,Paid Ads,Central,24.85,0.0,6.06,30.91,30.91,Completed
1582,517,2025-08-02,Organic Search,Central,71.09,0.0,5.0,76.09,76.09,Completed
1583,517,2025-12-01,Organic Search,Central,278.94,0.0,0.0,278.94,278.94,Completed
1584,518,2024-07-12,Organic Search,North,1745.91,0.0,0.0,1745.91,1745.91,Completed
1585,518,2024-09-17,Paid Ads,North,431.42,0.0,0.0,431.42,431.42,Completed
1586,518,2025-01-20,Email,North,22.83,0.0,5.68,28.51,28.51,Completed
1587,518,2025-03-10,Paid Ads,North,315.21,15.76,0.0,299.45,299.45,Completed
1588,518,2025-05-30,Social Media,North,239.51,0.0,0.0,239.51,239.51,Completed
1589,518,2025-07-29,Social Media,North,180.21,18.02,0.0,162.19,162.19,Completed
1590,518,2025-08-25,Referral,North,23.3,3.5,4.42,24.22,24.22,Completed
1591,518,2025-11-29,Social Media,North,862.76,0.0,0.0,862.76,862.76,Completed
1592,519,2025-08-28,Paid Ads,Central,120.4,6.02,0.0,114.38,114.38,Completed
1593,520,2023-11-23,Email,Central,511.55,25.58,0.0,485.97,485.97,Completed
1594,520,2024-03-21,Social Media,Central,981.29,0.0,0.0,981.29,981.29,Completed
1595,520,2024-04-08,Paid Ads,Central,575.88,0.0,0.0,575.88,575.88,Completed
1596,520,2024-04-14,Paid Ads,Central,493.22,73.98,0.0,419.24,419.24,Completed
1597,520,2024-04-29,Organic Search,Central,363.3,18.17,0.0,345.13,345.13,Completed
1598,520,2024-06-28,Organic Search,Central,21.57,0.0,7.76,29.33,29.33,Completed
1599,520,2024-08-07,Paid Ads,Central,476.76,0.0,0.0,476.76,476.76,Completed
1600,520,2024-10-21,Referral,Central,962.57,0.0,0.0,962.57,962.57,Completed
1601,520,2024-10-30,Referral,Central,32.31,0.0,4.71,37.02,37.02,Completed
1602,521,2023-08-12,Organic Search,Central,694.37,0.0,0.0,694.37,694.37,Completed
1603,521,2023-10-02,Paid Ads,Central,343.32,0.0,0.0,343.32,343.32,Completed
1604,521,2024-10-18,Paid Ads,Central,132.98,0.0,0.0,132.98,132.98,Completed
1605,521,2025-01-17,Email,Central,140.79,0.0,0.0,140.79,140.79,Completed
1606,522,2024-08-05,Organic Search,East,104.41,0.0,0.0,104.41,104.41,Completed
1607,522,2025-02-26,Paid Ads,East,1778.22,177.82,0.0,1600.4,1600.4,Completed
1608,522,2025-07-07,Organic Search,East,782.06,0.0,0.0,782.06,782.06,Completed
1609,522,2025-08-28,Paid Ads,East,59.28,8.89,6.0,56.39,56.39,Completed
1610,522,2025-12-03,Organic Search,East,69.37,0.0,4.96,74.33,74.33,Completed
1611,522,2025-12-08,Social Media,East,700.82,0.0,0.0,700.82,700.82,Completed
1612,523,2024-12-27,Organic Search,North,198.57,19.86,0.0,178.71,178.71,Completed
1613,523,2025-03-20,Direct,North,78.57,3.93,0.0,74.64,74.64,Completed
1614,524,2025-10-26,Email,West,304.02,30.4,0.0,273.62,273.62,Completed
1615,525,2024-11-01,Direct,South,896.45,44.82,0.0,851.63,851.63,Completed
1616,526,2023-08-06,Paid Ads,North,2715.64,135.78,0.0,2579.86,2579.86,Completed
1617,526,2023-12-19,Paid Ads,North,337.34,0.0,0.0,337.34,337.34,Completed
1618,526,2024-01-08,Organic Search,North,1949.17,97.46,0.0,1851.71,1851.71,Completed
1619,526,2024-04-08,Email,North,183.69,0.0,0.0,183.69,183.69,Completed
1620,527,2024-12-09,Organic Search,North,203.82,40.76,0.0,163.06,163.06,Completed
1621,527,2024-12-25,Paid Ads,North,1431.06,0.0,0.0,1431.06,1431.06,Completed
1622,527,2025-06-04,Organic Search,North,129.39,0.0,0.0,129.39,129.39,Completed
1623,527,2025-12-30,Direct,North,863.88,0.0,0.0,0.0,863.88,Returned
1624,528,2024-08-10,Organic Search,West,362.61,0.0,0.0,362.61,362.61,Completed
1625,529,2024-05-07,Direct,East,155.69,0.0,0.0,155.69,155.69,Completed
1626,530,2025-09-04,Email,North,381.58,0.0,0.0,381.58,381.58,Completed
1627,531,2025-02-26,Referral,Central,496.46,74.47,0.0,421.99,421.99,Completed
1628,532,2025-11-16,Organic Search,West,110.07,0.0,0.0,110.07,110.07,Completed
1629,533,2024-12-31,Email,East,685.31,0.0,0.0,685.31,685.31,Completed
1630,533,2025-03-29,Organic Search,East,939.19,0.0,0.0,939.19,939.19,Completed
1631,533,2025-09-19,Direct,East,191.1,0.0,0.0,191.1,191.1,Completed
1632,533,2025-11-03,Social Media,East,70.64,0.0,5.47,76.11,76.11,Completed
1633,534,2025-06-20,Direct,Central,302.99,0.0,0.0,302.99,302.99,Completed
1634,534,2025-11-11,Paid Ads,Central,787.81,78.78,0.0,709.03,709.03,Completed
1635,535,2024-01-10,Organic Search,South,185.25,9.26,0.0,175.99,175.99,Completed
1636,535,2024-03-29,Direct,South,299.28,0.0,0.0,299.28,299.28,Completed
1637,535,2024-06-25,Email,South,154.17,0.0,0.0,154.17,154.17,Completed
1638,535,2024-09-11,Email,South,283.43,0.0,0.0,283.43,283.43,Completed
1639,535,2024-11-22,Organic Search,South,308.27,0.0,0.0,308.27,308.27,Completed
1640,535,2025-11-19,Paid Ads,South,144.68,0.0,0.0,144.68,144.68,Completed
1641,535,2025-12-08,Direct,South,2749.96,0.0,0.0,2749.96,2749.96,Completed
1642,536,2024-06-28,Organic Search,South,245.27,0.0,0.0,245.27,245.27,Completed
1643,537,2023-07-11,Paid Ads,Central,82.21,8.22,0.0,73.99,73.99,Completed
1644,537,2023-08-22,Organic Search,Central,296.22,29.62,0.0,266.6,266.6,Completed
1645,537,2023-09-14,Organic Search,Central,544.88,0.0,0.0,544.88,544.88,Completed
1646,537,2023-11-02,Direct,Central,25.78,0.0,5.51,0.0,31.29,Returned
1647,537,2024-01-28,Paid Ads,Central,919.57,91.96,0.0,827.61,827.61,Completed
1648,537,2024-07-08,Email,Central,268.38,0.0,0.0,0.0,268.38,Returned
1649,537,2024-07-29,Email,Central,68.4,0.0,6.19,74.59,74.59,Completed
1650,537,2025-04-16,Paid Ads,Central,436.44,0.0,0.0,436.44,436.44,Completed
1651,537,2025-05-16,Referral,Central,1583.38,0.0,0.0,1583.38,1583.38,Completed
1652,538,2024-05-24,Organic Search,South,292.68,0.0,0.0,292.68,292.68,Completed
1653,538,2024-11-21,Direct,South,1557.88,0.0,0.0,1557.88,1557.88,Completed
1654,539,2023-11-02,Organic Search,South,74.13,14.83,8.0,67.3,67.3,Completed
1655,539,2024-09-26,Organic Search,South,22.78,4.56,8.1,26.32,26.32,Completed
1656,539,2025-02-07,Email,South,572.6,0.0,0.0,572.6,572.6,Completed
1657,540,2025-12-01,Social Media,South,1076.49,0.0,0.0,1076.49,1076.49,Completed
1658,541,2025-01-30,Social Media,North,1536.69,0.0,0.0,1536.69,1536.69,Completed
1659,542,2025-12-14,Referral,Central,446.51,22.33,0.0,424.18,424.18,Completed
1660,542,2025-12-19,Email,Central,76.5,7.65,0.0,68.85,68.85,Completed
1661,543,2025-03-10,Paid Ads,North,77.19,15.44,0.0,61.75,61.75,Completed
1662,544,2025-05-22,Organic Search,North,36.19,0.0,5.74,41.93,41.93,Completed
1663,544,2025-10-20,Organic Search,North,118.12,0.0,0.0,118.12,118.12,Completed
1664,547,2024-10-12,Paid Ads,West,2311.61,0.0,0.0,2311.61,2311.61,Completed
1665,548,2024-06-14,Paid Ads,South,369.79,0.0,0.0,369.79,369.79,Completed
1666,548,2025-04-23,Paid Ads,South,106.7,0.0,0.0,106.7,106.7,Completed
1667,549,2025-10-06,Email,South,110.88,11.09,0.0,99.79,99.79,Completed
1668,551,2024-06-29,Organic Search,South,1739.23,86.96,0.0,1652.27,1652.27,Completed
1669,551,2024-07-28,Social Media,South,444.52,0.0,0.0,444.52,444.52,Completed
1670,551,2024-09-03,Direct,South,38.77,3.88,6.35,41.24,41.24,Completed
1671,551,2025-01-22,Social Media,South,268.23,13.41,0.0,254.82,254.82,Completed
1672,552,2024-08-22,Direct,Central,214.25,32.14,0.0,182.11,182.11,Completed
1673,552,2024-11-18,Organic Search,Central,249.04,37.36,0.0,211.68,211.68,Completed
1674,552,2024-11-25,Email,Central,361.05,0.0,0.0,361.05,361.05,Completed
1675,552,2025-03-07,Paid Ads,Central,1077.39,53.87,0.0,1023.52,1023.52,Completed
1676,552,2025-03-21,Paid Ads,Central,293.82,0.0,0.0,293.82,293.82,Completed
1677,552,2025-06-19,Social Media,Central,693.67,34.68,0.0,658.99,658.99,Completed
1678,554,2023-11-02,Email,East,154.73,30.95,0.0,123.78,123.78,Completed
1679,554,2024-08-08,Organic Search,East,23.93,0.0,5.94,29.87,29.87,Completed
1680,554,2024-09-01,Organic Search,East,52.87,0.0,8.71,61.58,61.58,Completed
1681,554,2025-10-15,Paid Ads,East,1546.19,0.0,0.0,1546.19,1546.19,Completed
1682,555,2025-03-28,Email,South,309.03,30.9,0.0,278.13,278.13,Completed
1683,555,2025-06-07,Paid Ads,South,474.28,0.0,0.0,474.28,474.28,Completed
1684,556,2025-06-06,Referral,West,1123.79,56.19,0.0,1067.6,1067.6,Completed
1685,556,2025-06-21,Email,West,652.15,65.22,0.0,586.93,586.93,Completed
1686,556,2025-12-25,Paid Ads,West,338.5,0.0,0.0,338.5,338.5,Completed
1687,557,2025-11-20,Email,South,149.55,7.48,0.0,142.07,142.07,Completed
1688,557,2025-12-16,Email,South,563.49,0.0,0.0,563.49,563.49,Completed
1689,557,2025-12-28,Social Media,South,79.68,3.98,0.0,75.7,75.7,Completed
1690,559,2024-07-29,Email,North,25.44,0.0,7.77,0.0,33.21,Returned
1691,560,2023-11-17,Organic Search,Central,41.73,0.0,4.51,46.24,46.24,Completed
1692,560,2025-02-26,Email,Central,1674.02,83.7,0.0,0.0,1590.32,Returned
1693,560,2025-09-28,Organic Search,Central,791.21,39.56,0.0,751.65,751.65,Completed
1694,561,2025-05-17,Email,West,267.11,0.0,0.0,267.11,267.11,Completed
1695,561,2025-07-23,Direct,West,2373.46,0.0,0.0,2373.46,2373.46,Completed
1696,562,2024-08-26,Paid Ads,North,554.46,55.45,0.0,499.01,499.01,Completed
1697,562,2024-12-10,Referral,North,190.12,0.0,0.0,190.12,190.12,Completed
1698,562,2024-12-20,Social Media,North,130.38,0.0,0.0,130.38,130.38,Completed
1699,563,2024-09-01,Email,North,261.24,0.0,0.0,261.24,261.24,Completed
1700,564,2023-07-06,Organic Search,Central,575.42,57.54,0.0,517.88,517.88,Completed
1701,564,2023-11-08,Organic Search,Central,80.73,0.0,0.0,80.73,80.73,Completed
1702,564,2024-02-08,Email,Central,102.01,10.2,0.0,91.81,91.81,Completed
1703,565,2023-05-12,Paid Ads,North,42.02,0.0,5.54,47.56,47.56,Completed
1704,565,2023-08-07,Referral,North,279.24,0.0,0.0,279.24,279.24,Completed
1705,565,2023-09-06,Social Media,North,83.71,0.0,0.0,83.71,83.71,Completed
1706,565,2023-11-19,Direct,North,1143.68,0.0,0.0,1143.68,1143.68,Completed
1707,565,2023-12-17,Email,North,1208.93,0.0,0.0,1208.93,1208.93,Completed
1708,565,2024-02-26,Direct,North,332.31,0.0,0.0,332.31,332.31,Completed
1709,565,2024-12-09,Organic Search,North,35.38,0.0,8.39,43.77,43.77,Completed
1710,565,2025-01-19,Social Media,North,671.38,0.0,0.0,671.38,671.38,Completed
1711,565,2025-02-02,Paid Ads,North,517.06,0.0,0.0,517.06,517.06,Completed
1712,565,2025-05-07,Email,North,242.5,0.0,0.0,242.5,242.5,Completed
1713,565,2025-06-03,Direct,North,1475.13,73.76,0.0,1401.37,1401.37,Completed
1714,566,2025-07-17,Organic Search,Central,36.99,0.0,4.32,41.31,41.31,Completed
1715,567,2024-05-03,Paid Ads,East,171.21,0.0,0.0,171.21,171.21,Completed
1716,567,2024-07-06,Paid Ads,East,1196.44,0.0,0.0,1196.44,1196.44,Completed
1717,567,2024-09-16,Direct,East,102.69,0.0,0.0,102.69,102.69,Completed
1718,567,2024-10-10,Social Media,East,60.21,0.0,8.81,69.02,69.02,Completed
1719,567,2024-12-01,Paid Ads,East,548.64,109.73,0.0,438.91,438.91,Completed
1720,567,2025-04-09,Organic Search,East,435.02,21.75,0.0,413.27,413.27,Completed
1721,568,2024-08-22,Organic Search,North,660.49,132.1,0.0,528.39,528.39,Completed
1722,568,2024-10-12,Social Media,North,204.6,10.23,0.0,194.37,194.37,Completed
1723,568,2024-10-27,Social Media,North,339.42,0.0,0.0,339.42,339.42,Completed
1724,568,2025-10-29,Referral,North,56.93,0.0,5.65,62.58,62.58,Completed
1725,569,2025-06-25,Organic Search,East,459.89,22.99,0.0,436.9,436.9,Completed
1726,571,2024-02-20,Social Media,Central,231.52,0.0,0.0,231.52,231.52,Completed
1727,571,2025-01-18,Paid Ads,Central,570.12,28.51,0.0,541.61,541.61,Completed
1728,572,2024-05-07,Paid Ads,North,96.59,0.0,0.0,96.59,96.59,Completed
1729,572,2024-06-11,Direct,North,29.34,0.0,4.36,33.7,33.7,Completed
1730,572,2024-08-08,Social Media,North,1379.29,0.0,0.0,1379.29,1379.29,Completed
1731,572,2024-08-29,Email,North,215.79,21.58,0.0,194.21,194.21,Completed
1732,572,2024-09-22,Organic Search,North,93.8,14.07,0.0,79.73,79.73,Completed
1733,572,2024-11-20,Paid Ads,North,277.09,0.0,0.0,277.09,277.09,Completed
1734,572,2024-11-24,Email,North,414.87,20.74,0.0,394.13,394.13,Completed
1735,572,2024-11-24,Organic Search,North,31.18,0.0,8.78,39.96,39.96,Completed
1736,572,2025-01-20,Social Media,North,1118.05,223.61,0.0,894.44,894.44,Completed
1737,572,2025-04-20,Email,North,751.56,0.0,0.0,751.56,751.56,Completed
1738,572,2025-05-11,Email,North,194.51,29.18,0.0,165.33,165.33,Completed
1739,572,2025-05-22,Organic Search,North,990.0,0.0,0.0,990.0,990.0,Completed
1740,572,2025-05-29,Organic Search,North,71.36,0.0,8.82,80.18,80.18,Completed
1741,572,2025-09-03,Email,North,1046.53,0.0,0.0,1046.53,1046.53,Completed
1742,572,2025-10-08,Social Media,North,251.54,0.0,0.0,0.0,251.54,Returned
1743,572,2025-12-17,Paid Ads,North,38.56,0.0,6.29,44.85,44.85,Completed
1744,573,2024-03-20,Organic Search,Central,178.12,0.0,0.0,178.12,178.12,Completed
1745,573,2024-04-14,Organic Search,Central,351.6,0.0,0.0,351.6,351.6,Completed
1746,573,2024-10-31,Social Media,Central,48.96,9.79,6.84,46.01,46.01,Completed
1747,573,2025-10-07,Direct,Central,209.62,10.48,0.0,199.14,199.14,Completed
1748,573,2025-12-06,Paid Ads,Central,603.58,30.18,0.0,0.0,573.4,Returned
1749,573,2025-12-14,Organic Search,Central,105.02,0.0,0.0,105.02,105.02,Completed
1750,576,2024-05-10,Direct,South,105.29,5.26,0.0,100.03,100.03,Completed
1751,576,2024-08-12,Direct,South,406.08,81.22,0.0,324.86,324.86,Completed
1752,576,2024-10-19,Referral,South,60.77,6.08,5.65,60.34,60.34,Completed
1753,576,2025-02-12,Paid Ads,South,229.19,0.0,0.0,229.19,229.19,Completed
1754,576,2025-05-07,Organic Search,South,72.62,10.89,4.41,66.14,66.14,Completed
1755,577,2023-12-12,Email,West,622.89,31.14,0.0,591.75,591.75,Completed
1756,577,2025-12-05,Organic Search,West,600.43,0.0,0.0,600.43,600.43,Completed
1757,578,2024-05-15,Organic Search,South,1621.58,162.16,0.0,1459.42,1459.42,Completed
1758,578,2024-10-11,Organic Search,South,151.82,0.0,0.0,151.82,151.82,Completed
1759,579,2025-02-24,Paid Ads,East,1554.64,0.0,0.0,1554.64,1554.64,Completed
1760,579,2025-07-19,Direct,East,524.42,0.0,0.0,524.42,524.42,Completed
1761,579,2025-09-19,Referral,East,763.67,0.0,0.0,763.67,763.67,Completed
1762,580,2024-08-04,Social Media,South,346.52,0.0,0.0,346.52,346.52,Completed
1763,581,2025-03-06,Organic Search,West,158.72,0.0,0.0,158.72,158.72,Completed
1764,581,2025-11-02,Organic Search,West,493.46,0.0,0.0,493.46,493.46,Completed
1765,582,2023-10-03,Direct,Central,116.08,0.0,0.0,116.08,116.08,Completed
1766,582,2024-01-06,Referral,Central,117.78,0.0,0.0,117.78,117.78,Completed
1767,582,2024-10-23,Paid Ads,Central,159.42,0.0,0.0,159.42,159.42,Completed
1768,583,2025-10-20,Organic Search,West,844.29,0.0,0.0,844.29,844.29,Completed
1769,585,2025-07-18,Social Media,North,164.33,16.43,0.0,147.9,147.9,Completed
1770,585,2025-12-27,Direct,North,670.47,0.0,0.0,670.47,670.47,Completed
1771,586,2024-08-08,Paid Ads,Central,1839.97,0.0,0.0,1839.97,1839.97,Completed
1772,586,2024-08-27,Referral,Central,842.2,0.0,0.0,842.2,842.2,Completed
1773,586,2025-03-07,Social Media,Central,1408.64,0.0,0.0,1408.64,1408.64,Completed
1774,586,2025-03-09,Organic Search,Central,259.06,25.91,0.0,0.0,233.15,Returned
1775,586,2025-03-17,Organic Search,Central,44.82,0.0,6.83,51.65,51.65,Completed
1776,586,2025-06-30,Paid Ads,Central,459.41,0.0,0.0,459.41,459.41,Completed
1777,586,2025-08-08,Social Media,Central,438.97,0.0,0.0,0.0,438.97,Returned
1778,586,2025-11-17,Email,Central,554.77,0.0,0.0,0.0,554.77,Returned
1779,588,2025-07-30,Organic Search,West,173.77,8.69,0.0,165.08,165.08,Completed
1780,589,2024-09-01,Direct,East,813.08,121.96,0.0,691.12,691.12,Completed
1781,591,2023-06-25,Email,East,172.11,0.0,0.0,172.11,172.11,Completed
1782,591,2023-10-21,Social Media,East,986.41,0.0,0.0,986.41,986.41,Completed
1783,591,2025-02-19,Organic Search,East,73.38,0.0,4.8,78.18,78.18,Completed
1784,592,2023-08-11,Direct,East,20.61,0.0,6.67,27.28,27.28,Completed
1785,592,2023-09-02,Social Media,East,758.45,0.0,0.0,758.45,758.45,Completed
1786,592,2023-12-26,Organic Search,East,1609.52,80.48,0.0,1529.04,1529.04,Completed
1787,592,2024-01-11,Organic Search,East,150.02,15.0,0.0,135.02,135.02,Completed
1788,592,2024-03-22,Organic Search,East,43.8,0.0,5.12,48.92,48.92,Completed
1789,592,2024-03-28,Social Media,East,7.62,0.76,4.65,11.51,11.51,Completed
1790,592,2024-04-07,Organic Search,East,253.26,12.66,0.0,240.6,240.6,Completed
1791,592,2024-04-08,Paid Ads,East,86.73,0.0,0.0,86.73,86.73,Completed
1792,592,2024-10-21,Organic Search,East,519.93,51.99,0.0,467.94,467.94,Completed
1793,592,2025-01-30,Paid Ads,East,50.73,0.0,6.47,57.2,57.2,Completed
1794,592,2025-02-17,Organic Search,East,28.44,2.84,7.76,33.36,33.36,Completed
1795,592,2025-04-30,Direct,East,300.6,0.0,0.0,300.6,300.6,Completed
1796,592,2025-10-04,Social Media,East,233.48,11.67,0.0,221.81,221.81,Completed
1797,592,2025-10-09,Organic Search,East,158.62,15.86,0.0,142.76,142.76,Completed
1798,592,2025-10-17,Paid Ads,East,86.28,8.63,0.0,77.65,77.65,Completed
1799,593,2025-12-27,Social Media,North,233.48,0.0,0.0,233.48,233.48,Completed
1800,594,2024-05-25,Direct,North,478.69,0.0,0.0,478.69,478.69,Completed
1801,594,2024-06-10,Email,North,28.46,5.69,8.01,30.78,30.78,Completed
1802,594,2024-07-22,Paid Ads,North,87.86,13.18,0.0,74.68,74.68,Completed
1803,594,2024-09-24,Paid Ads,North,110.63,5.53,0.0,105.1,105.1,Completed
1804,594,2025-01-13,Paid Ads,North,37.59,1.88,6.04,41.75,41.75,Completed
1805,594,2025-03-08,Email,North,23.27,3.49,5.04,24.82,24.82,Completed
1806,594,2025-03-13,Email,North,45.14,0.0,8.53,53.67,53.67,Completed
1807,594,2025-04-14,Paid Ads,North,278.16,0.0,0.0,278.16,278.16,Completed
1808,594,2025-05-05,Organic Search,North,179.64,35.93,0.0,0.0,143.71,Returned
1809,594,2025-06-25,Direct,North,182.3,0.0,0.0,182.3,182.3,Completed
1810,594,2025-07-23,Paid Ads,North,197.99,9.9,0.0,188.09,188.09,Completed
1811,594,2025-12-12,Social Media,North,357.64,35.76,0.0,321.88,321.88,Completed
1812,595,2024-09-11,Organic Search,East,149.06,0.0,0.0,149.06,149.06,Completed
1813,595,2024-12-14,Email,East,224.55,0.0,0.0,224.55,224.55,Completed
1814,595,2025-03-09,Direct,East,347.14,0.0,0.0,347.14,347.14,Completed
1815,595,2025-05-17,Direct,East,285.99,0.0,0.0,285.99,285.99,Completed
1816,595,2025-05-26,Social Media,East,650.62,0.0,0.0,650.62,650.62,Completed
1817,595,2025-06-11,Social Media,East,344.71,17.24,0.0,327.47,327.47,Completed
1818,595,2025-08-12,Organic Search,East,1090.46,218.09,0.0,872.37,872.37,Completed
1819,595,2025-09-11,Social Media,East,2373.45,118.67,0.0,2254.78,2254.78,Completed
1820,595,2025-10-15,Paid Ads,East,153.16,0.0,0.0,153.16,153.16,Completed
1821,596,2025-02-21,Email,Central,304.28,0.0,0.0,0.0,304.28,Returned
1822,596,2025-02-25,Email,Central,197.81,0.0,0.0,197.81,197.81,Completed
1823,596,2025-03-04,Organic Search,Central,136.69,0.0,0.0,136.69,136.69,Completed
1824,596,2025-03-19,Direct,Central,682.81,0.0,0.0,0.0,682.81,Returned
1825,596,2025-06-15,Organic Search,Central,304.6,30.46,0.0,274.14,274.14,Completed
1826,596,2025-07-17,Paid Ads,Central,721.04,0.0,0.0,721.04,721.04,Completed
1827,597,2023-12-19,Paid Ads,East,2217.27,0.0,0.0,2217.27,2217.27,Completed
1828,598,2025-02-27,Direct,East,464.91,46.49,0.0,418.42,418.42,Completed
1829,599,2024-04-14,Paid Ads,North,44.54,0.0,5.72,50.26,50.26,Completed
1830,599,2024-07-13,Email,North,1093.09,218.62,0.0,874.47,874.47,Completed
1831,600,2024-07-01,Organic Search,North,478.4,0.0,0.0,478.4,478.4,Completed
1832,600,2024-07-19,Paid Ads,North,91.46,0.0,0.0,91.46,91.46,Completed
1833,600,2024-10-16,Organic Search,North,657.22,0.0,0.0,657.22,657.22,Completed
1834,600,2025-07-15,Email,North,228.24,0.0,0.0,228.24,228.24,Completed
1835,600,2025-10-01,Direct,North,15.98,0.0,8.69,24.67,24.67,Completed
1836,601,2024-05-13,Social Media,North,287.35,14.37,0.0,272.98,272.98,Completed
1837,602,2023-12-28,Social Media,West,705.58,0.0,0.0,705.58,705.58,Completed
1838,602,2024-02-05,Organic Search,West,118.7,5.94,0.0,0.0,112.76,Returned
1839,602,2024-03-25,Paid Ads,West,81.08,0.0,0.0,81.08,81.08,Completed
1840,603,2025-08-17,Paid Ads,Central,291.57,0.0,0.0,291.57,291.57,Completed
1841,603,2025-11-29,Direct,Central,26.54,0.0,5.42,31.96,31.96,Completed
1842,605,2023-07-03,Organic Search,Central,68.8,3.44,8.93,74.29,74.29,Completed
1843,605,2025-08-29,Organic Search,Central,824.46,41.22,0.0,783.24,783.24,Completed
1844,605,2025-10-22,Direct,Central,103.85,0.0,0.0,103.85,103.85,Completed
1845,606,2025-02-04,Social Media,West,41.42,0.0,6.15,47.57,47.57,Completed
1846,606,2025-10-05,Referral,West,38.79,0.0,6.85,45.64,45.64,Completed
1847,606,2025-12-20,Paid Ads,West,138.63,13.86,0.0,124.77,124.77,Completed
1848,607,2024-10-30,Paid Ads,South,139.63,0.0,0.0,139.63,139.63,Completed
1849,607,2025-02-28,Paid Ads,South,657.4,0.0,0.0,657.4,657.4,Completed
1850,608,2023-10-30,Social Media,South,132.9,0.0,0.0,132.9,132.9,Completed
1851,608,2024-02-19,Paid Ads,South,94.91,4.75,0.0,90.16,90.16,Completed
1852,608,2024-03-15,Organic Search,South,425.88,85.18,0.0,340.7,340.7,Completed
1853,608,2024-05-04,Organic Search,South,1113.2,0.0,0.0,1113.2,1113.2,Completed
1854,608,2024-08-28,Email,South,559.06,0.0,0.0,559.06,559.06,Completed
1855,609,2024-03-11,Email,West,664.83,0.0,0.0,664.83,664.83,Completed
1856,610,2024-03-04,Social Media,North,211.79,10.59,0.0,201.2,201.2,Completed
1857,610,2024-03-10,Organic Search,North,1385.19,138.52,0.0,1246.67,1246.67,Completed
1858,610,2024-07-22,Email,North,646.0,64.6,0.0,581.4,581.4,Completed
1859,610,2024-11-08,Organic Search,North,1187.81,59.39,0.0,1128.42,1128.42,Completed
1860,610,2024-12-17,Social Media,North,1422.9,0.0,0.0,1422.9,1422.9,Completed
1861,610,2025-09-28,Paid Ads,North,231.11,0.0,0.0,231.11,231.11,Completed
1862,613,2024-11-20,Email,South,4.44,0.0,8.51,12.95,12.95,Completed
1863,613,2025-03-07,Direct,South,175.72,0.0,0.0,175.72,175.72,Completed
1864,613,2025-06-15,Social Media,South,862.47,0.0,0.0,862.47,862.47,Completed
1865,614,2023-10-20,Email,South,75.12,11.27,0.0,63.85,63.85,Completed
1866,614,2024-01-27,Paid Ads,South,114.65,0.0,0.0,114.65,114.65,Completed
1867,614,2024-03-26,Social Media,South,914.14,0.0,0.0,914.14,914.14,Completed
1868,614,2024-05-05,Social Media,South,263.8,13.19,0.0,250.61,250.61,Completed
1869,614,2024-05-22,Paid Ads,South,96.95,0.0,0.0,0.0,96.95,Returned
1870,614,2024-07-13,Organic Search,South,432.98,86.6,0.0,346.38,346.38,Completed
1871,614,2024-07-17,Organic Search,South,405.37,0.0,0.0,405.37,405.37,Completed
1872,614,2024-09-16,Paid Ads,South,1732.95,0.0,0.0,0.0,1732.95,Returned
1873,614,2024-11-27,Direct,South,443.98,0.0,0.0,443.98,443.98,Completed
1874,615,2024-12-08,Referral,South,68.62,0.0,7.29,75.91,75.91,Completed
1875,616,2024-01-06,Social Media,East,357.85,35.79,0.0,322.06,322.06,Completed
1876,616,2024-02-01,Organic Search,East,155.39,0.0,0.0,155.39,155.39,Completed
1877,616,2024-05-13,Organic Search,East,1539.18,153.92,0.0,1385.26,1385.26,Completed
1878,616,2024-10-06,Social Media,East,111.14,0.0,0.0,111.14,111.14,Completed
1879,616,2024-10-13,Paid Ads,East,247.96,12.4,0.0,235.56,235.56,Completed
1880,616,2024-12-28,Organic Search,East,13.42,0.0,7.13,20.55,20.55,Completed
1881,616,2024-12-29,Email,East,67.54,3.38,7.76,71.92,71.92,Completed
1882,616,2025-01-26,Organic Search,East,1066.37,159.96,0.0,906.41,906.41,Completed
1883,616,2025-04-14,Social Media,East,58.14,5.81,7.75,60.08,60.08,Completed
1884,616,2025-12-21,Direct,East,1180.99,59.05,0.0,1121.94,1121.94,Completed
1885,617,2025-04-28,Direct,North,466.99,0.0,0.0,466.99,466.99,Completed
1886,619,2023-09-10,Social Media,North,808.83,0.0,0.0,808.83,808.83,Completed
1887,619,2024-03-21,Social Media,North,134.3,0.0,0.0,134.3,134.3,Completed
1888,619,2024-05-03,Social Media,North,348.01,0.0,0.0,348.01,348.01,Completed
1889,619,2024-09-20,Social Media,North,160.47,0.0,0.0,160.47,160.47,Completed
1890,619,2024-11-04,Paid Ads,North,30.2,3.02,6.36,33.54,33.54,Completed
1891,619,2024-11-18,Organic Search,North,128.29,0.0,0.0,128.29,128.29,Completed
1892,619,2025-02-10,Direct,North,1283.18,0.0,0.0,1283.18,1283.18,Completed
1893,619,2025-05-06,Social Media,North,38.57,0.0,6.67,45.24,45.24,Completed
1894,619,2025-06-07,Email,North,451.5,0.0,0.0,451.5,451.5,Completed
1895,619,2025-09-13,Social Media,North,239.9,23.99,0.0,215.91,215.91,Completed
1896,619,2025-12-02,Paid Ads,North,128.15,12.82,0.0,115.33,115.33,Completed
1897,620,2024-01-31,Organic Search,Central,101.28,15.19,0.0,86.09,86.09,Completed
1898,620,2024-07-12,Referral,Central,624.25,0.0,0.0,624.25,624.25,Completed
1899,620,2024-09-27,Organic Search,Central,240.3,12.02,0.0,228.28,228.28,Completed
1900,620,2024-12-09,Organic Search,Central,112.18,11.22,0.0,100.96,100.96,Completed
1901,620,2025-01-06,Paid Ads,Central,424.38,42.44,0.0,381.94,381.94,Completed
1902,620,2025-01-06,Direct,Central,31.1,0.0,5.86,36.96,36.96,Completed
1903,620,2025-01-25,Social Media,Central,82.09,8.21,0.0,73.88,73.88,Completed
1904,620,2025-05-24,Organic Search,Central,170.51,8.53,0.0,161.98,161.98,Completed
1905,620,2025-10-19,Paid Ads,Central,174.31,0.0,0.0,174.31,174.31,Completed
1906,621,2024-09-02,Organic Search,Central,80.08,4.0,0.0,76.08,76.08,Completed
1907,621,2024-12-14,Paid Ads,Central,389.14,58.37,0.0,330.77,330.77,Completed
1908,621,2025-11-11,Paid Ads,Central,1841.74,0.0,0.0,1841.74,1841.74,Completed
1909,622,2023-05-27,Organic Search,South,400.12,40.01,0.0,360.11,360.11,Completed
1910,622,2023-06-30,Email,South,349.01,0.0,0.0,349.01,349.01,Completed
1911,622,2024-03-31,Social Media,South,26.56,1.33,7.79,33.02,33.02,Completed
1912,624,2024-06-23,Direct,West,622.06,0.0,0.0,622.06,622.06,Completed
1913,624,2024-10-24,Paid Ads,West,115.46,11.55,0.0,103.91,103.91,Completed
1914,624,2024-11-26,Organic Search,West,830.24,0.0,0.0,830.24,830.24,Completed
1915,624,2024-11-28,Organic Search,West,35.37,0.0,4.47,39.84,39.84,Completed
1916,624,2024-12-10,Paid Ads,West,218.4,21.84,0.0,196.56,196.56,Completed
1917,624,2025-02-03,Direct,West,48.47,0.0,7.89,56.36,56.36,Completed
1918,624,2025-04-26,Direct,West,48.74,4.87,4.05,47.92,47.92,Completed
1919,624,2025-07-29,Paid Ads,West,43.6,0.0,7.59,51.19,51.19,Completed
1920,626,2023-04-27,Social Media,East,609.72,0.0,0.0,0.0,609.72,Returned
1921,626,2023-08-03,Paid Ads,East,471.31,47.13,0.0,424.18,424.18,Completed
1922,626,2023-09-19,Email,East,29.55,2.96,6.67,33.26,33.26,Completed
1923,626,2024-02-05,Organic Search,East,97.78,0.0,0.0,97.78,97.78,Completed
1924,626,2025-02-22,Email,East,114.26,11.43,0.0,102.83,102.83,Completed
1925,626,2025-06-18,Email,East,17.45,0.0,8.31,25.76,25.76,Completed
1926,627,2023-08-19,Paid Ads,East,1553.27,310.65,0.0,1242.62,1242.62,Completed
1927,627,2024-02-22,Paid Ads,East,184.86,0.0,0.0,184.86,184.86,Completed
1928,627,2024-07-31,Organic Search,East,63.45,6.35,5.95,63.05,63.05,Completed
1929,627,2024-08-08,Referral,East,254.02,12.7,0.0,241.32,241.32,Completed
1930,627,2024-10-16,Direct,East,184.02,0.0,0.0,184.02,184.02,Completed
1931,627,2025-06-10,Paid Ads,East,129.71,25.94,0.0,103.77,103.77,Completed
1932,627,2025-06-19,Direct,East,107.7,0.0,0.0,107.7,107.7,Completed
1933,628,2023-03-06,Direct,South,630.88,0.0,0.0,630.88,630.88,Completed
1934,628,2023-07-21,Paid Ads,South,2700.96,0.0,0.0,2700.96,2700.96,Completed
1935,628,2024-04-01,Organic Search,South,115.13,0.0,0.0,115.13,115.13,Completed
1936,628,2024-04-19,Social Media,South,428.97,42.9,0.0,386.07,386.07,Completed
1937,628,2024-11-28,Paid Ads,South,820.26,0.0,0.0,820.26,820.26,Completed
1938,628,2024-12-18,Organic Search,South,218.85,0.0,0.0,218.85,218.85,Completed
1939,628,2025-02-11,Social Media,South,93.12,0.0,0.0,93.12,93.12,Completed
1940,628,2025-03-07,Social Media,South,57.58,2.88,6.08,60.78,60.78,Completed
1941,628,2025-11-15,Direct,South,586.24,0.0,0.0,586.24,586.24,Completed
1942,629,2024-11-10,Direct,East,249.53,0.0,0.0,249.53,249.53,Completed
1943,630,2025-01-10,Email,Central,179.91,0.0,0.0,179.91,179.91,Completed
1944,631,2023-07-16,Direct,East,1425.7,0.0,0.0,1425.7,1425.7,Completed
1945,631,2023-12-11,Organic Search,East,622.74,0.0,0.0,622.74,622.74,Completed
1946,631,2023-12-20,Organic Search,East,733.23,0.0,0.0,733.23,733.23,Completed
1947,631,2024-06-06,Organic Search,East,1043.04,104.3,0.0,938.74,938.74,Completed
1948,631,2024-11-04,Organic Search,East,547.73,27.39,0.0,520.34,520.34,Completed
1949,631,2025-01-09,Paid Ads,East,499.54,74.93,0.0,424.61,424.61,Completed
1950,631,2025-02-22,Social Media,East,254.86,0.0,0.0,254.86,254.86,Completed
1951,632,2024-04-28,Paid Ads,South,182.98,0.0,0.0,182.98,182.98,Completed
1952,632,2025-02-04,Organic Search,South,421.43,0.0,0.0,421.43,421.43,Completed
1953,632,2025-04-24,Organic Search,South,1480.2,0.0,0.0,1480.2,1480.2,Completed
1954,632,2025-06-22,Social Media,South,219.64,21.96,0.0,197.68,197.68,Completed
1955,632,2025-07-20,Paid Ads,South,275.86,0.0,0.0,275.86,275.86,Completed
1956,633,2023-11-29,Organic Search,South,309.8,0.0,0.0,309.8,309.8,Completed
1957,633,2023-12-30,Email,South,76.06,0.0,0.0,76.06,76.06,Completed
1958,633,2024-08-10,Organic Search,South,13.41,2.68,4.53,15.26,15.26,Completed
1959,633,2025-11-22,Paid Ads,South,59.72,5.97,7.51,61.26,61.26,Completed
1960,634,2024-11-25,Paid Ads,West,113.84,11.38,0.0,102.46,102.46,Completed
1961,634,2025-03-16,Social Media,West,37.7,0.0,6.5,44.2,44.2,Completed
1962,635,2025-07-01,Email,North,414.51,0.0,0.0,414.51,414.51,Completed
1963,636,2024-11-08,Paid Ads,South,90.84,13.63,0.0,77.21,77.21,Completed
1964,636,2024-11-26,Email,South,1671.55,0.0,0.0,1671.55,1671.55,Completed
1965,636,2025-02-02,Email,South,178.27,0.0,0.0,178.27,178.27,Completed
1966,636,2025-07-29,Paid Ads,South,259.18,0.0,0.0,259.18,259.18,Completed
1967,636,2025-12-08,Email,South,496.01,0.0,0.0,496.01,496.01,Completed
1968,637,2025-07-21,Email,South,516.72,0.0,0.0,516.72,516.72,Completed
1969,637,2025-11-02,Email,South,756.25,37.81,0.0,718.44,718.44,Completed
1970,637,2025-12-01,Email,South,97.16,0.0,0.0,0.0,97.16,Returned
1971,637,2025-12-27,Organic Search,South,22.23,0.0,8.98,31.21,31.21,Completed
1972,638,2023-05-14,Social Media,South,1558.47,233.77,0.0,1324.7,1324.7,Completed
1973,638,2023-10-11,Organic Search,South,215.9,10.8,0.0,205.1,205.1,Completed
1974,638,2023-12-26,Paid Ads,South,304.74,0.0,0.0,304.74,304.74,Completed
1975,638,2024-08-27,Paid Ads,South,791.01,0.0,0.0,791.01,791.01,Completed
1976,638,2024-09-02,Direct,South,419.0,83.8,0.0,335.2,335.2,Completed
1977,638,2025-01-13,Social Media,South,484.28,0.0,0.0,484.28,484.28,Completed
1978,638,2025-02-18,Paid Ads,South,463.55,0.0,0.0,463.55,463.55,Completed
1979,638,2025-12-12,Organic Search,South,30.65,6.13,7.29,31.81,31.81,Completed
1980,639,2023-05-14,Paid Ads,West,48.68,0.0,4.18,52.86,52.86,Completed
1981,639,2023-06-29,Email,West,652.64,130.53,0.0,522.11,522.11,Completed
1982,639,2024-02-08,Paid Ads,West,33.23,1.66,7.07,38.64,38.64,Completed
1983,639,2024-03-08,Organic Search,West,104.94,0.0,0.0,0.0,104.94,Returned
1984,641,2025-12-06,Paid Ads,South,892.71,0.0,0.0,892.71,892.71,Completed
1985,642,2025-06-19,Organic Search,North,79.16,3.96,0.0,75.2,75.2,Completed
1986,643,2024-12-27,Paid Ads,East,424.77,21.24,0.0,403.53,403.53,Completed
1987,644,2023-10-04,Direct,West,465.14,23.26,0.0,441.88,441.88,Completed
1988,644,2024-02-06,Direct,West,764.45,76.45,0.0,688.0,688.0,Completed
1989,644,2024-03-15,Organic Search,West,352.49,17.62,0.0,334.87,334.87,Completed
1990,644,2024-04-12,Direct,West,406.87,0.0,0.0,406.87,406.87,Completed
1991,644,2024-07-08,Direct,West,898.28,44.91,0.0,853.37,853.37,Completed
1992,644,2025-05-22,Paid Ads,West,29.72,0.0,4.79,34.51,34.51,Completed
1993,648,2025-11-21,Social Media,East,68.18,3.41,7.81,72.58,72.58,Completed
1994,649,2023-11-13,Paid Ads,Central,838.4,0.0,0.0,838.4,838.4,Completed
1995,650,2023-12-23,Paid Ads,North,21.84,0.0,6.4,28.24,28.24,Completed
1996,652,2024-02-27,Organic Search,East,6.01,0.0,6.19,12.2,12.2,Completed
1997,652,2024-06-23,Organic Search,East,782.43,0.0,0.0,782.43,782.43,Completed
1998,652,2024-08-12,Organic Search,East,150.82,0.0,0.0,150.82,150.82,Completed
1999,652,2024-10-03,Organic Search,East,271.41,0.0,0.0,271.41,271.41,Completed
2000,652,2024-12-03,Paid Ads,East,165.16,0.0,0.0,165.16,165.16,Completed
2001,652,2024-12-12,Social Media,East,931.44,0.0,0.0,931.44,931.44,Completed
2002,652,2025-05-27,Email,East,66.88,3.34,5.35,68.89,68.89,Completed
2003,654,2023-05-28,Organic Search,East,245.76,49.15,0.0,196.61,196.61,Completed
2004,654,2023-08-09,Direct,East,117.71,5.89,0.0,0.0,111.82,Returned
2005,654,2024-03-14,Email,East,45.38,4.54,5.41,46.25,46.25,Completed
2006,656,2023-11-17,Organic Search,West,125.42,0.0,0.0,125.42,125.42,Completed
2007,656,2024-03-11,Organic Search,West,72.46,3.62,7.14,75.98,75.98,Completed
2008,656,2024-04-07,Paid Ads,West,83.36,8.34,0.0,75.02,75.02,Completed
2009,656,2024-04-17,Email,West,1976.24,0.0,0.0,1976.24,1976.24,Completed
2010,656,2024-06-03,Social Media,West,248.7,0.0,0.0,248.7,248.7,Completed
2011,656,2024-07-04,Organic Search,West,846.35,0.0,0.0,846.35,846.35,Completed
2012,656,2024-07-28,Paid Ads,West,52.0,0.0,5.38,57.38,57.38,Completed
2013,656,2024-11-13,Direct,West,185.92,0.0,0.0,185.92,185.92,Completed
2014,656,2025-02-22,Paid Ads,West,233.52,0.0,0.0,233.52,233.52,Completed
2015,656,2025-09-08,Email,West,242.55,0.0,0.0,242.55,242.55,Completed
2016,656,2025-12-18,Social Media,West,681.02,0.0,0.0,681.02,681.02,Completed
2017,657,2024-12-24,Paid Ads,North,97.68,4.88,0.0,92.8,92.8,Completed
2018,657,2025-04-03,Organic Search,North,97.72,0.0,0.0,97.72,97.72,Completed
2019,657,2025-04-18,Referral,North,1074.53,107.45,0.0,967.08,967.08,Completed
2020,657,2025-12-08,Direct,North,240.79,24.08,0.0,216.71,216.71,Completed
2021,658,2024-12-03,Social Media,South,496.84,0.0,0.0,496.84,496.84,Completed
2022,659,2023-03-24,Direct,West,351.54,0.0,0.0,351.54,351.54,Completed
2023,659,2023-08-04,Email,West,337.02,33.7,0.0,303.32,303.32,Completed
2024,659,2024-01-06,Paid Ads,West,297.82,0.0,0.0,297.82,297.82,Completed
2025,659,2024-01-24,Organic Search,West,245.85,0.0,0.0,245.85,245.85,Completed
2026,659,2024-04-13,Social Media,West,721.57,0.0,0.0,721.57,721.57,Completed
2027,659,2024-06-17,Paid Ads,West,790.11,0.0,0.0,790.11,790.11,Completed
2028,659,2025-04-21,Paid Ads,West,2054.13,0.0,0.0,2054.13,2054.13,Completed
2029,660,2024-09-18,Social Media,Central,106.68,16.0,0.0,90.68,90.68,Completed
2030,660,2024-10-16,Organic Search,Central,177.67,17.77,0.0,159.9,159.9,Completed
2031,661,2024-01-30,Email,North,27.36,0.0,7.06,34.42,34.42,Completed
2032,661,2025-02-28,Paid Ads,North,1803.15,0.0,0.0,1803.15,1803.15,Completed
2033,661,2025-04-13,Direct,North,107.01,16.05,0.0,90.96,90.96,Completed
2034,662,2023-09-24,Paid Ads,East,30.11,0.0,6.18,36.29,36.29,Completed
2035,662,2024-01-03,Direct,East,804.92,40.25,0.0,764.67,764.67,Completed
2036,662,2025-03-19,Social Media,East,1024.01,51.2,0.0,972.81,972.81,Completed
2037,663,2024-02-18,Paid Ads,North,373.82,0.0,0.0,373.82,373.82,Completed
2038,663,2024-06-18,Email,North,145.68,14.57,0.0,131.11,131.11,Completed
2039,664,2024-11-09,Direct,West,863.71,0.0,0.0,863.71,863.71,Completed
2040,664,2025-08-14,Organic Search,West,1744.77,174.48,0.0,1570.29,1570.29,Completed
2041,664,2025-11-30,Referral,West,46.15,4.62,4.17,45.7,45.7,Completed
2042,665,2024-07-10,Referral,South,368.32,0.0,0.0,368.32,368.32,Completed
2043,665,2024-10-09,Paid Ads,South,360.69,0.0,0.0,0.0,360.69,Returned
2044,665,2025-01-06,Email,South,623.17,62.32,0.0,560.85,560.85,Completed
2045,666,2024-01-15,Organic Search,East,132.12,0.0,0.0,132.12,132.12,Completed
2046,667,2024-10-29,Social Media,North,159.15,0.0,0.0,159.15,159.15,Completed
2047,667,2024-12-28,Paid Ads,North,330.11,0.0,0.0,330.11,330.11,Completed
2048,667,2024-12-29,Email,North,162.05,0.0,0.0,162.05,162.05,Completed
2049,667,2025-04-02,Email,North,550.35,27.52,0.0,522.83,522.83,Completed
2050,667,2025-08-27,Paid Ads,North,1030.13,0.0,0.0,1030.13,1030.13,Completed
2051,667,2025-10-29,Organic Search,North,208.95,10.45,0.0,198.5,198.5,Completed
2052,669,2023-07-11,Social Media,East,172.54,0.0,0.0,172.54,172.54,Completed
2053,669,2024-01-21,Paid Ads,East,23.04,2.3,6.52,27.26,27.26,Completed
2054,669,2024-04-29,Paid Ads,East,89.46,0.0,0.0,0.0,89.46,Returned
2055,669,2025-03-08,Referral,East,44.43,0.0,4.61,49.04,49.04,Completed
2056,670,2024-10-24,Social Media,North,161.6,0.0,0.0,161.6,161.6,Completed
2057,670,2025-01-23,Referral,North,117.95,11.8,0.0,106.15,106.15,Completed
2058,670,2025-02-22,Organic Search,North,681.5,68.15,0.0,613.35,613.35,Completed
2059,671,2025-11-10,Social Media,East,13.7,0.0,4.91,18.61,18.61,Completed
2060,672,2024-04-10,Organic Search,Central,928.86,0.0,0.0,928.86,928.86,Completed
2061,672,2025-08-22,Referral,Central,376.5,0.0,0.0,376.5,376.5,Completed
2062,672,2025-12-07,Organic Search,Central,34.62,3.46,6.73,37.89,37.89,Completed
2063,675,2023-10-08,Social Media,Central,465.22,46.52,0.0,418.7,418.7,Completed
2064,675,2024-07-21,Social Media,Central,490.93,0.0,0.0,490.93,490.93,Completed
2065,675,2024-08-03,Direct,Central,147.26,0.0,0.0,147.26,147.26,Completed
2066,675,2024-09-06,Organic Search,Central,1104.38,0.0,0.0,1104.38,1104.38,Completed
2067,675,2024-10-29,Email,Central,183.94,0.0,0.0,183.94,183.94,Completed
2068,675,2024-11-27,Direct,Central,418.14,0.0,0.0,418.14,418.14,Completed
2069,675,2025-04-08,Organic Search,Central,948.13,0.0,0.0,948.13,948.13,Completed
2070,675,2025-06-10,Email,Central,47.92,0.0,4.0,51.92,51.92,Completed
2071,676,2025-08-15,Social Media,North,903.02,90.3,0.0,812.72,812.72,Completed
2072,676,2025-08-16,Social Media,North,1155.69,0.0,0.0,1155.69,1155.69,Completed
2073,677,2024-06-06,Social Media,South,137.28,13.73,0.0,123.55,123.55,Completed
2074,677,2025-05-15,Paid Ads,South,974.7,0.0,0.0,974.7,974.7,Completed
2075,677,2025-09-21,Email,South,207.41,10.37,0.0,197.04,197.04,Completed
2076,678,2023-12-22,Email,East,51.88,0.0,8.1,59.98,59.98,Completed
2077,678,2024-05-11,Paid Ads,East,318.93,0.0,0.0,0.0,318.93,Returned
2078,678,2024-11-11,Organic Search,East,479.31,0.0,0.0,479.31,479.31,Completed
2079,679,2025-12-03,Email,South,441.59,0.0,0.0,441.59,441.59,Completed
2080,680,2025-09-07,Paid Ads,South,21.98,0.0,4.06,26.04,26.04,Completed
2081,681,2024-02-15,Email,North,119.15,5.96,0.0,113.19,113.19,Completed
2082,682,2025-07-03,Organic Search,East,263.97,0.0,0.0,263.97,263.97,Completed
2083,683,2023-12-12,Email,East,838.95,0.0,0.0,838.95,838.95,Completed
2084,683,2024-04-15,Email,East,193.34,0.0,0.0,193.34,193.34,Completed
2085,683,2024-07-25,Referral,East,437.59,43.76,0.0,393.83,393.83,Completed
2086,683,2024-09-09,Direct,East,2227.58,0.0,0.0,2227.58,2227.58,Completed
2087,683,2024-11-26,Paid Ads,East,813.87,40.69,0.0,773.18,773.18,Completed
2088,683,2025-01-17,Paid Ads,East,234.5,0.0,0.0,234.5,234.5,Completed
2089,683,2025-01-22,Email,East,2184.66,109.23,0.0,2075.43,2075.43,Completed
2090,684,2023-12-25,Organic Search,North,2295.3,459.06,0.0,1836.24,1836.24,Completed
2091,684,2024-04-27,Email,North,720.78,0.0,0.0,0.0,720.78,Returned
2092,684,2024-07-30,Social Media,North,452.68,0.0,0.0,452.68,452.68,Completed
2093,684,2025-01-28,Direct,North,43.54,2.18,7.48,48.84,48.84,Completed
2094,685,2025-07-21,Organic Search,South,223.22,0.0,0.0,223.22,223.22,Completed
2095,686,2024-12-28,Direct,Central,546.75,27.34,0.0,519.41,519.41,Completed
2096,689,2024-09-22,Paid Ads,North,83.21,8.32,0.0,74.89,74.89,Completed
2097,689,2024-11-13,Paid Ads,North,389.76,19.49,0.0,370.27,370.27,Completed
2098,689,2024-12-31,Referral,North,449.6,0.0,0.0,449.6,449.6,Completed
2099,689,2025-06-10,Organic Search,North,378.5,0.0,0.0,378.5,378.5,Completed
2100,690,2025-03-09,Paid Ads,Central,2043.22,0.0,0.0,2043.22,2043.22,Completed
2101,691,2024-05-20,Direct,West,17.51,3.5,8.6,22.61,22.61,Completed
2102,692,2025-01-23,Paid Ads,West,59.25,2.96,7.68,63.97,63.97,Completed
2103,693,2024-06-15,Organic Search,Central,178.82,8.94,0.0,169.88,169.88,Completed
2104,693,2024-09-21,Paid Ads,Central,229.67,22.97,0.0,206.7,206.7,Completed
2105,693,2025-05-27,Organic Search,Central,111.62,0.0,0.0,111.62,111.62,Completed
2106,693,2025-06-04,Email,Central,8.12,0.81,8.1,15.41,15.41,Completed
2107,694,2023-10-24,Social Media,East,231.82,0.0,0.0,231.82,231.82,Completed
2108,694,2024-01-04,Social Media,East,435.46,0.0,0.0,435.46,435.46,Completed
2109,694,2024-05-10,Organic Search,East,1118.02,0.0,0.0,1118.02,1118.02,Completed
2110,694,2024-08-22,Organic Search,East,225.36,22.54,0.0,0.0,202.82,Returned
2111,694,2025-06-09,Paid Ads,East,10.06,0.0,5.12,15.18,15.18,Completed
2112,694,2025-08-18,Paid Ads,East,214.8,0.0,0.0,214.8,214.8,Completed
2113,695,2025-09-17,Paid Ads,Central,3477.98,0.0,0.0,3477.98,3477.98,Completed
2114,695,2025-11-10,Organic Search,Central,256.67,12.83,0.0,243.84,243.84,Completed
2115,696,2023-03-16,Direct,West,38.08,3.81,4.63,38.9,38.9,Completed
2116,696,2023-04-20,Paid Ads,West,454.19,0.0,0.0,454.19,454.19,Completed
2117,696,2023-05-03,Paid Ads,West,83.61,4.18,0.0,79.43,79.43,Completed
2118,696,2023-06-04,Social Media,West,164.94,0.0,0.0,164.94,164.94,Completed
2119,696,2024-01-05,Referral,West,194.04,9.7,0.0,184.34,184.34,Completed
2120,696,2024-05-02,Email,West,1222.16,0.0,0.0,1222.16,1222.16,Completed
2121,696,2024-09-01,Email,West,287.91,0.0,0.0,287.91,287.91,Completed
2122,696,2024-09-14,Social Media,West,128.1,0.0,0.0,128.1,128.1,Completed
2123,696,2024-11-11,Direct,West,131.83,6.59,0.0,125.24,125.24,Completed
2124,696,2024-11-12,Paid Ads,West,29.93,0.0,4.41,34.34,34.34,Completed
2125,696,2024-11-15,Direct,West,416.79,20.84,0.0,395.95,395.95,Completed
2126,696,2025-04-08,Social Media,West,290.32,14.52,0.0,275.8,275.8,Completed
2127,696,2025-05-31,Paid Ads,West,52.5,0.0,5.55,58.05,58.05,Completed
2128,696,2025-06-24,Organic Search,West,499.11,49.91,0.0,449.2,449.2,Completed
2129,696,2025-08-12,Organic Search,West,54.7,0.0,5.73,60.43,60.43,Completed
2130,696,2025-10-25,Organic Search,West,326.64,0.0,0.0,326.64,326.64,Completed
2131,697,2025-12-22,Paid Ads,North,551.09,0.0,0.0,551.09,551.09,Completed
2132,698,2024-07-18,Email,East,133.42,0.0,0.0,133.42,133.42,Completed
2133,699,2024-09-14,Social Media,North,1411.47,0.0,0.0,1411.47,1411.47,Completed
2134,699,2025-03-16,Direct,North,366.9,18.34,0.0,348.56,348.56,Completed
2135,700,2024-09-13,Email,North,38.63,7.73,6.16,37.06,37.06,Completed
2136,700,2025-02-04,Paid Ads,North,175.12,8.76,0.0,166.36,166.36,Completed
2137,701,2024-09-02,Organic Search,West,60.96,3.05,8.35,66.26,66.26,Completed
2138,701,2024-12-24,Paid Ads,West,107.07,0.0,0.0,107.07,107.07,Completed
2139,701,2025-06-06,Paid Ads,West,340.27,17.01,0.0,323.26,323.26,Completed
2140,702,2025-05-08,Paid Ads,North,18.74,0.0,8.9,27.64,27.64,Completed
2141,703,2024-09-12,Direct,North,799.91,119.99,0.0,679.92,679.92,Completed
2142,703,2024-10-24,Social Media,North,834.85,0.0,0.0,834.85,834.85,Completed
2143,703,2025-05-30,Email,North,643.86,0.0,0.0,643.86,643.86,Completed
2144,704,2024-05-18,Paid Ads,North,23.49,0.0,5.79,29.28,29.28,Completed
2145,704,2025-10-09,Direct,North,898.69,0.0,0.0,898.69,898.69,Completed
2146,705,2023-12-31,Organic Search,Central,82.71,0.0,0.0,82.71,82.71,Completed
2147,705,2024-06-05,Organic Search,Central,499.21,0.0,0.0,499.21,499.21,Completed
2148,705,2024-10-05,Email,Central,28.1,0.0,8.43,36.53,36.53,Completed
2149,705,2025-03-11,Organic Search,Central,209.41,0.0,0.0,209.41,209.41,Completed
2150,706,2024-05-08,Paid Ads,West,24.44,0.0,4.64,29.08,29.08,Completed
2151,706,2024-11-10,Direct,West,344.42,0.0,0.0,344.42,344.42,Completed
2152,707,2023-09-08,Email,East,137.56,6.88,0.0,130.68,130.68,Completed
2153,707,2023-11-30,Referral,East,151.67,30.33,0.0,121.34,121.34,Completed
2154,707,2024-01-21,Paid Ads,East,152.4,0.0,0.0,152.4,152.4,Completed
2155,707,2024-04-15,Email,East,208.92,0.0,0.0,208.92,208.92,Completed
2156,707,2024-07-13,Email,East,34.7,3.47,6.15,37.38,37.38,Completed
2157,707,2024-08-28,Social Media,East,42.19,8.44,6.14,39.89,39.89,Completed
2158,708,2024-06-07,Direct,South,726.97,0.0,0.0,726.97,726.97,Completed
2159,708,2024-07-20,Organic Search,South,796.76,0.0,0.0,796.76,796.76,Completed
2160,708,2024-08-10,Paid Ads,South,97.66,0.0,0.0,97.66,97.66,Completed
2161,708,2024-08-22,Email,South,1915.38,191.54,0.0,1723.84,1723.84,Completed
2162,708,2024-09-25,Email,South,173.2,0.0,0.0,173.2,173.2,Completed
2163,708,2024-10-16,Social Media,South,1011.65,151.75,0.0,859.9,859.9,Completed
2164,708,2025-01-17,Social Media,South,759.46,0.0,0.0,759.46,759.46,Completed
2165,708,2025-07-19,Organic Search,South,106.5,0.0,0.0,106.5,106.5,Completed
2166,708,2025-11-27,Email,South,121.21,0.0,0.0,121.21,121.21,Completed
2167,711,2025-11-13,Paid Ads,North,678.33,0.0,0.0,678.33,678.33,Completed
2168,712,2025-09-05,Paid Ads,East,685.17,0.0,0.0,685.17,685.17,Completed
2169,713,2024-04-12,Organic Search,East,20.66,0.0,7.07,27.73,27.73,Completed
2170,713,2025-05-25,Social Media,East,49.8,0.0,7.19,56.99,56.99,Completed
2171,714,2025-08-24,Social Media,West,653.43,0.0,0.0,653.43,653.43,Completed
2172,715,2023-03-19,Direct,East,2395.05,479.01,0.0,1916.04,1916.04,Completed
2173,715,2023-08-11,Direct,East,209.93,0.0,0.0,209.93,209.93,Completed
2174,715,2023-10-04,Direct,East,316.82,15.84,0.0,300.98,300.98,Completed
2175,715,2024-01-16,Referral,East,1077.2,0.0,0.0,1077.2,1077.2,Completed
2176,715,2024-02-12,Social Media,East,1409.2,140.92,0.0,1268.28,1268.28,Completed
2177,715,2025-05-24,Paid Ads,East,498.79,74.82,0.0,423.97,423.97,Completed
2178,715,2025-07-02,Social Media,East,177.16,0.0,0.0,177.16,177.16,Completed
2179,717,2024-02-25,Paid Ads,East,238.48,0.0,0.0,238.48,238.48,Completed
2180,717,2024-02-29,Social Media,East,1827.01,91.35,0.0,1735.66,1735.66,Completed
2181,717,2025-01-17,Paid Ads,East,255.92,38.39,0.0,217.53,217.53,Completed
2182,717,2025-03-05,Social Media,East,135.71,0.0,0.0,135.71,135.71,Completed
2183,717,2025-03-22,Organic Search,East,483.5,0.0,0.0,483.5,483.5,Completed
2184,717,2025-03-23,Paid Ads,East,1886.44,94.32,0.0,1792.12,1792.12,Completed
2185,718,2024-09-08,Direct,South,341.01,0.0,0.0,341.01,341.01,Completed
2186,718,2024-11-28,Social Media,South,741.46,0.0,0.0,741.46,741.46,Completed
2187,718,2025-06-23,Email,South,590.06,88.51,0.0,501.55,501.55,Completed
2188,718,2025-09-02,Email,South,169.43,0.0,0.0,169.43,169.43,Completed
2189,719,2024-02-28,Email,East,370.98,37.1,0.0,333.88,333.88,Completed
2190,719,2024-03-11,Direct,East,79.96,8.0,0.0,71.96,71.96,Completed
2191,719,2024-07-19,Referral,East,79.47,0.0,0.0,79.47,79.47,Completed
2192,719,2025-01-08,Email,East,81.42,0.0,0.0,81.42,81.42,Completed
2193,719,2025-08-21,Paid Ads,East,41.32,0.0,4.59,45.91,45.91,Completed
2194,720,2024-07-05,Social Media,Central,623.43,0.0,0.0,623.43,623.43,Completed
2195,721,2024-09-26,Email,East,24.73,0.0,8.44,33.17,33.17,Completed
2196,721,2024-10-21,Paid Ads,East,8.07,0.0,5.76,13.83,13.83,Completed
2197,721,2024-10-25,Organic Search,East,959.04,143.86,0.0,815.18,815.18,Completed
2198,721,2024-10-25,Email,East,371.87,37.19,0.0,334.68,334.68,Completed
2199,721,2025-03-02,Social Media,East,770.8,0.0,0.0,770.8,770.8,Completed
2200,721,2025-07-01,Organic Search,East,361.83,0.0,0.0,361.83,361.83,Completed
2201,721,2025-10-19,Paid Ads,East,134.71,26.94,0.0,107.77,107.77,Completed
2202,722,2025-09-04,Social Media,North,717.23,107.58,0.0,609.65,609.65,Completed
2203,723,2024-06-18,Direct,South,184.76,0.0,0.0,184.76,184.76,Completed
2204,723,2025-02-17,Organic Search,South,476.06,47.61,0.0,428.45,428.45,Completed
2205,724,2025-07-25,Paid Ads,West,330.24,66.05,0.0,264.19,264.19,Completed
2206,724,2025-10-05,Referral,West,184.88,0.0,0.0,184.88,184.88,Completed
2207,725,2024-11-06,Organic Search,South,340.04,17.0,0.0,323.04,323.04,Completed
2208,726,2025-02-15,Paid Ads,North,973.1,0.0,0.0,973.1,973.1,Completed
2209,726,2025-12-17,Direct,North,1316.93,0.0,0.0,1316.93,1316.93,Completed
2210,727,2024-08-06,Email,North,176.55,8.83,0.0,167.72,167.72,Completed
2211,727,2025-01-19,Social Media,North,814.48,40.72,0.0,773.76,773.76,Completed
2212,727,2025-11-16,Social Media,North,668.52,0.0,0.0,668.52,668.52,Completed
2213,728,2025-02-11,Direct,North,1770.91,0.0,0.0,1770.91,1770.91,Completed
2214,728,2025-10-14,Social Media,North,1714.54,85.73,0.0,1628.81,1628.81,Completed
2215,728,2025-10-25,Direct,North,103.87,0.0,0.0,0.0,103.87,Returned
2216,729,2025-02-18,Paid Ads,North,319.3,0.0,0.0,319.3,319.3,Completed
2217,729,2025-03-07,Social Media,North,158.28,15.83,0.0,142.45,142.45,Completed
2218,729,2025-06-21,Email,North,415.06,0.0,0.0,415.06,415.06,Completed
2219,730,2023-09-26,Social Media,South,247.76,37.16,0.0,210.6,210.6,Completed
2220,730,2024-11-13,Email,South,3467.27,346.73,0.0,3120.54,3120.54,Completed
2221,730,2025-02-16,Email,South,33.2,0.0,6.31,39.51,39.51,Completed
2222,730,2025-02-23,Paid Ads,South,823.45,0.0,0.0,823.45,823.45,Completed
2223,730,2025-03-17,Email,South,200.06,0.0,0.0,200.06,200.06,Completed
2224,730,2025-09-19,Direct,South,37.86,0.0,4.74,42.6,42.6,Completed
2225,730,2025-11-03,Direct,South,195.26,0.0,0.0,195.26,195.26,Completed
2226,731,2025-01-01,Social Media,West,326.48,16.32,0.0,310.16,310.16,Completed
2227,731,2025-02-12,Paid Ads,West,14.32,0.0,4.52,18.84,18.84,Completed
2228,732,2023-11-26,Email,Central,287.08,28.71,0.0,258.37,258.37,Completed
2229,732,2024-01-25,Direct,Central,129.42,6.47,0.0,122.95,122.95,Completed
2230,732,2024-01-26,Paid Ads,Central,124.02,0.0,0.0,124.02,124.02,Completed
2231,732,2024-05-10,Direct,Central,80.55,8.06,0.0,72.49,72.49,Completed
2232,732,2024-05-27,Email,Central,212.7,0.0,0.0,212.7,212.7,Completed
2233,732,2024-07-18,Paid Ads,Central,699.49,0.0,0.0,699.49,699.49,Completed
2234,733,2025-02-03,Direct,Central,539.63,0.0,0.0,0.0,539.63,Returned
2235,734,2025-03-11,Paid Ads,East,266.26,39.94,0.0,226.32,226.32,Completed
2236,736,2023-08-24,Email,East,643.88,32.19,0.0,611.69,611.69,Completed
2237,736,2024-03-27,Email,East,233.94,23.39,0.0,210.55,210.55,Completed
2238,736,2024-10-15,Social Media,East,45.47,2.27,7.28,50.48,50.48,Completed
2239,737,2023-08-03,Organic Search,Central,214.56,10.73,0.0,203.83,203.83,Completed
2240,737,2024-01-14,Organic Search,Central,432.73,64.91,0.0,367.82,367.82,Completed
2241,737,2024-03-06,Social Media,Central,789.14,78.91,0.0,710.23,710.23,Completed
2242,737,2024-03-08,Organic Search,Central,1634.75,245.21,0.0,1389.54,1389.54,Completed
2243,737,2024-04-25,Referral,Central,608.99,91.35,0.0,517.64,517.64,Completed
2244,737,2024-08-23,Organic Search,Central,904.25,90.43,0.0,813.82,813.82,Completed
2245,737,2024-11-07,Social Media,Central,127.24,0.0,0.0,127.24,127.24,Completed
2246,737,2025-04-19,Email,Central,134.14,0.0,0.0,134.14,134.14,Completed
2247,737,2025-05-10,Referral,Central,615.32,0.0,0.0,0.0,615.32,Returned
2248,737,2025-07-12,Organic Search,Central,984.49,0.0,0.0,984.49,984.49,Completed
2249,737,2025-08-02,Social Media,Central,692.16,69.22,0.0,622.94,622.94,Completed
2250,737,2025-08-07,Direct,Central,1662.11,166.21,0.0,1495.9,1495.9,Completed
2251,737,2025-08-25,Email,Central,68.02,0.0,6.46,74.48,74.48,Completed
2252,737,2025-09-19,Social Media,Central,57.36,8.6,6.71,55.47,55.47,Completed
2253,737,2025-10-18,Organic Search,Central,263.44,13.17,0.0,250.27,250.27,Completed
2254,737,2025-10-26,Organic Search,Central,1662.3,83.12,0.0,1579.18,1579.18,Completed
2255,737,2025-12-04,Paid Ads,Central,414.85,41.49,0.0,373.36,373.36,Completed
2256,738,2024-04-12,Organic Search,South,21.83,1.09,7.26,28.0,28.0,Completed
2257,738,2024-07-24,Direct,South,76.86,7.69,0.0,69.17,69.17,Completed
2258,738,2024-11-26,Paid Ads,South,418.44,20.92,0.0,397.52,397.52,Completed
2259,739,2024-09-11,Referral,East,583.73,87.56,0.0,496.17,496.17,Completed
2260,739,2025-01-07,Direct,East,466.28,23.31,0.0,442.97,442.97,Completed
2261,739,2025-02-11,Direct,East,144.84,0.0,0.0,144.84,144.84,Completed
2262,740,2024-09-21,Social Media,North,414.37,0.0,0.0,414.37,414.37,Completed
2263,740,2025-03-22,Email,North,173.6,0.0,0.0,173.6,173.6,Completed
2264,740,2025-10-16,Organic Search,North,442.42,0.0,0.0,0.0,442.42,Returned
2265,741,2024-09-19,Paid Ads,Central,488.05,24.4,0.0,463.65,463.65,Completed
2266,742,2025-07-15,Paid Ads,South,31.1,1.56,6.11,0.0,35.65,Returned
2267,742,2025-08-07,Organic Search,South,73.14,0.0,4.16,77.3,77.3,Completed
2268,742,2025-09-05,Organic Search,South,162.93,0.0,0.0,162.93,162.93,Completed
2269,742,2025-10-30,Organic Search,South,214.62,21.46,0.0,193.16,193.16,Completed
2270,743,2025-01-10,Direct,North,120.48,0.0,0.0,120.48,120.48,Completed
2271,743,2025-05-12,Direct,North,551.06,27.55,0.0,523.51,523.51,Completed
2272,744,2025-01-03,Social Media,North,287.59,14.38,0.0,273.21,273.21,Completed
2273,744,2025-11-22,Social Media,North,24.73,0.0,7.62,32.35,32.35,Completed
2274,745,2025-08-12,Direct,North,91.91,0.0,0.0,91.91,91.91,Completed
2275,747,2024-08-15,Email,South,46.47,0.0,5.92,52.39,52.39,Completed
2276,747,2024-08-28,Social Media,South,499.32,0.0,0.0,499.32,499.32,Completed
2277,747,2024-08-31,Paid Ads,South,271.94,0.0,0.0,271.94,271.94,Completed
2278,747,2024-10-08,Social Media,South,360.42,0.0,0.0,360.42,360.42,Completed
2279,747,2025-01-23,Email,South,517.54,25.88,0.0,491.66,491.66,Completed
2280,747,2025-02-17,Email,South,605.58,60.56,0.0,545.02,545.02,Completed
2281,747,2025-02-19,Social Media,South,52.32,2.62,4.55,54.25,54.25,Completed
2282,747,2025-03-16,Direct,South,346.66,0.0,0.0,346.66,346.66,Completed
2283,747,2025-06-16,Direct,South,286.74,0.0,0.0,286.74,286.74,Completed
2284,747,2025-07-16,Social Media,South,99.06,0.0,0.0,99.06,99.06,Completed
2285,747,2025-12-20,Organic Search,South,60.1,0.0,5.34,65.44,65.44,Completed
2286,750,2024-08-25,Paid Ads,West,373.67,0.0,0.0,373.67,373.67,Completed
2287,750,2024-11-06,Email,West,1722.72,0.0,0.0,1722.72,1722.72,Completed
2288,750,2025-11-08,Organic Search,West,63.84,0.0,5.92,69.76,69.76,Completed
2289,751,2025-11-06,Email,North,440.26,22.01,0.0,418.25,418.25,Completed
2290,752,2024-04-23,Paid Ads,West,12.76,0.0,8.27,21.03,21.03,Completed
2291,752,2024-06-14,Social Media,West,578.2,57.82,0.0,0.0,520.38,Returned
2292,752,2024-07-07,Organic Search,West,119.27,0.0,0.0,119.27,119.27,Completed
2293,752,2025-01-17,Referral,West,334.25,0.0,0.0,334.25,334.25,Completed
2294,752,2025-02-17,Organic Search,West,511.58,0.0,0.0,511.58,511.58,Completed
2295,752,2025-04-10,Paid Ads,West,126.2,0.0,0.0,0.0,126.2,Returned
2296,752,2025-04-25,Organic Search,West,189.24,0.0,0.0,189.24,189.24,Completed
2297,752,2025-05-22,Paid Ads,West,138.35,0.0,0.0,138.35,138.35,Completed
2298,752,2025-07-12,Paid Ads,West,1500.5,0.0,0.0,1500.5,1500.5,Completed
2299,752,2025-09-19,Paid Ads,West,588.14,58.81,0.0,529.33,529.33,Completed
2300,752,2025-12-21,Paid Ads,West,110.57,11.06,0.0,99.51,99.51,Completed
2301,753,2024-11-05,Email,West,1155.6,57.78,0.0,1097.82,1097.82,Completed
2302,753,2024-12-06,Email,West,225.73,0.0,0.0,225.73,225.73,Completed
2303,753,2025-01-03,Direct,West,1060.6,0.0,0.0,1060.6,1060.6,Completed
2304,753,2025-01-08,Organic Search,West,138.95,6.95,0.0,132.0,132.0,Completed
2305,753,2025-01-15,Paid Ads,West,224.51,11.23,0.0,213.28,213.28,Completed
2306,753,2025-01-27,Direct,West,689.54,34.48,0.0,655.06,655.06,Completed
2307,753,2025-03-03,Email,West,914.42,0.0,0.0,914.42,914.42,Completed
2308,753,2025-04-16,Paid Ads,West,72.21,7.22,7.1,72.09,72.09,Completed
2309,755,2024-04-05,Paid Ads,North,389.73,38.97,0.0,350.76,350.76,Completed
2310,755,2024-04-05,Organic Search,North,1294.42,258.88,0.0,1035.54,1035.54,Completed
2311,755,2024-07-02,Organic Search,North,146.59,0.0,0.0,146.59,146.59,Completed
2312,755,2024-08-27,Email,North,1629.88,325.98,0.0,1303.9,1303.9,Completed
2313,755,2024-09-11,Direct,North,387.58,77.52,0.0,310.06,310.06,Completed
2314,755,2024-09-24,Email,North,622.59,93.39,0.0,529.2,529.2,Completed
2315,755,2024-10-02,Direct,North,592.49,29.62,0.0,562.87,562.87,Completed
2316,756,2024-07-07,Email,West,1914.3,382.86,0.0,1531.44,1531.44,Completed
2317,756,2024-07-28,Referral,West,76.88,0.0,0.0,76.88,76.88,Completed
2318,756,2024-11-26,Email,West,583.77,0.0,0.0,583.77,583.77,Completed
2319,756,2024-11-26,Social Media,West,61.02,0.0,4.3,65.32,65.32,Completed
2320,756,2025-05-02,Organic Search,West,926.65,139.0,0.0,787.65,787.65,Completed
2321,756,2025-07-05,Organic Search,West,895.78,0.0,0.0,895.78,895.78,Completed
2322,756,2025-07-23,Organic Search,West,349.21,0.0,0.0,349.21,349.21,Completed
2323,756,2025-09-09,Email,West,426.85,85.37,0.0,341.48,341.48,Completed
2324,757,2024-06-03,Organic Search,North,66.48,6.65,7.64,67.47,67.47,Completed
2325,757,2024-08-02,Direct,North,263.13,0.0,0.0,263.13,263.13,Completed
2326,757,2024-08-24,Social Media,North,684.76,0.0,0.0,684.76,684.76,Completed
2327,757,2025-02-18,Organic Search,North,75.7,3.78,0.0,71.92,71.92,Completed
2328,759,2024-06-29,Email,West,137.91,0.0,0.0,137.91,137.91,Completed
2329,759,2024-07-15,Referral,West,136.7,0.0,0.0,136.7,136.7,Completed
2330,759,2024-08-09,Email,West,1920.51,0.0,0.0,1920.51,1920.51,Completed
2331,759,2024-09-10,Email,West,170.16,0.0,0.0,170.16,170.16,Completed
2332,759,2025-07-12,Paid Ads,West,137.14,0.0,0.0,137.14,137.14,Completed
2333,760,2025-06-27,Direct,Central,333.98,0.0,0.0,333.98,333.98,Completed
2334,760,2025-07-26,Organic Search,Central,38.37,0.0,6.93,45.3,45.3,Completed
2335,761,2023-09-22,Paid Ads,North,534.46,80.17,0.0,454.29,454.29,Completed
2336,761,2024-04-27,Direct,North,112.65,11.26,0.0,101.39,101.39,Completed
2337,761,2024-05-21,Paid Ads,North,169.7,8.48,0.0,161.22,161.22,Completed
2338,761,2024-08-14,Referral,North,322.38,0.0,0.0,322.38,322.38,Completed
2339,761,2025-08-13,Social Media,North,150.36,7.52,0.0,142.84,142.84,Completed
2340,762,2024-09-16,Social Media,West,2032.24,101.61,0.0,1930.63,1930.63,Completed
2341,762,2025-06-23,Paid Ads,West,29.79,0.0,5.11,34.9,34.9,Completed
2342,763,2025-01-03,Paid Ads,South,905.88,0.0,0.0,905.88,905.88,Completed
2343,764,2024-11-03,Organic Search,North,2112.6,0.0,0.0,2112.6,2112.6,Completed
2344,764,2025-02-23,Social Media,North,224.73,22.47,0.0,202.26,202.26,Completed
2345,765,2024-12-28,Organic Search,South,378.05,0.0,0.0,0.0,378.05,Returned
2346,766,2024-03-19,Paid Ads,Central,377.1,37.71,0.0,339.39,339.39,Completed
2347,766,2024-04-13,Email,Central,103.58,0.0,0.0,103.58,103.58,Completed
2348,766,2024-06-08,Organic Search,Central,168.93,25.34,0.0,143.59,143.59,Completed
2349,766,2024-06-29,Paid Ads,Central,714.26,35.71,0.0,678.55,678.55,Completed
2350,766,2024-11-05,Paid Ads,Central,71.03,0.0,5.99,77.02,77.02,Completed
2351,766,2024-11-29,Organic Search,Central,126.28,0.0,0.0,126.28,126.28,Completed
2352,766,2025-04-26,Paid Ads,Central,421.56,0.0,0.0,421.56,421.56,Completed
2353,766,2025-04-27,Organic Search,Central,203.41,0.0,0.0,203.41,203.41,Completed
2354,766,2025-07-04,Organic Search,Central,87.9,0.0,0.0,87.9,87.9,Completed
2355,766,2025-08-06,Referral,Central,161.08,0.0,0.0,161.08,161.08,Completed
2356,766,2025-10-23,Social Media,Central,574.59,57.46,0.0,517.13,517.13,Completed
2357,766,2025-11-29,Paid Ads,Central,196.21,0.0,0.0,196.21,196.21,Completed
2358,767,2023-04-09,Paid Ads,Central,119.8,0.0,0.0,0.0,119.8,Returned
2359,768,2025-01-30,Organic Search,West,1150.8,0.0,0.0,1150.8,1150.8,Completed
2360,768,2025-03-05,Organic Search,West,698.3,69.83,0.0,628.47,628.47,Completed
2361,768,2025-06-16,Email,West,227.53,0.0,0.0,227.53,227.53,Completed
2362,768,2025-08-19,Paid Ads,West,53.69,8.05,5.79,51.43,51.43,Completed
2363,768,2025-08-19,Paid Ads,West,24.67,0.0,5.98,30.65,30.65,Completed
2364,768,2025-08-30,Email,West,142.13,0.0,0.0,142.13,142.13,Completed
2365,769,2025-01-20,Social Media,South,44.25,0.0,7.57,51.82,51.82,Completed
2366,769,2025-07-31,Direct,South,249.73,24.97,0.0,224.76,224.76,Completed
2367,769,2025-12-12,Direct,South,694.93,0.0,0.0,694.93,694.93,Completed
2368,770,2024-10-09,Paid Ads,North,781.03,0.0,0.0,781.03,781.03,Completed
2369,771,2025-01-01,Social Media,North,450.06,0.0,0.0,450.06,450.06,Completed
2370,772,2025-06-02,Direct,South,152.79,0.0,0.0,152.79,152.79,Completed
2371,772,2025-10-12,Paid Ads,South,119.74,17.96,0.0,101.78,101.78,Completed
2372,773,2024-08-07,Paid Ads,West,1029.65,154.45,0.0,875.2,875.2,Completed
2373,774,2025-01-14,Direct,East,357.26,17.86,0.0,339.4,339.4,Completed
2374,774,2025-09-06,Social Media,East,186.71,18.67,0.0,168.04,168.04,Completed
2375,775,2025-09-30,Organic Search,South,784.01,117.6,0.0,666.41,666.41,Completed
2376,776,2024-06-03,Paid Ads,North,251.01,37.65,0.0,213.36,213.36,Completed
2377,776,2024-10-30,Social Media,North,461.4,46.14,0.0,415.26,415.26,Completed
2378,776,2025-03-25,Email,North,5.08,0.0,4.4,9.48,9.48,Completed
2379,777,2025-04-02,Paid Ads,South,1196.27,0.0,0.0,1196.27,1196.27,Completed
2380,777,2025-04-26,Organic Search,South,215.33,0.0,0.0,215.33,215.33,Completed
2381,778,2024-08-23,Paid Ads,North,1905.96,95.3,0.0,1810.66,1810.66,Completed
2382,780,2025-06-28,Social Media,North,31.58,0.0,8.06,39.64,39.64,Completed
2383,780,2025-08-29,Paid Ads,North,121.94,0.0,0.0,121.94,121.94,Completed
2384,780,2025-12-05,Direct,North,54.73,0.0,4.84,59.57,59.57,Completed
2385,780,2025-12-28,Organic Search,North,159.53,0.0,0.0,159.53,159.53,Completed
2386,781,2023-07-14,Organic Search,South,92.12,0.0,0.0,92.12,92.12,Completed
2387,781,2023-09-30,Paid Ads,South,105.6,0.0,0.0,105.6,105.6,Completed
2388,781,2023-11-30,Paid Ads,South,273.61,54.72,0.0,218.89,218.89,Completed
2389,781,2024-05-02,Paid Ads,South,84.38,0.0,0.0,0.0,84.38,Returned
2390,781,2024-05-04,Organic Search,South,45.88,2.29,4.17,47.76,47.76,Completed
2391,781,2024-07-26,Social Media,South,13.4,1.34,7.19,19.25,19.25,Completed
2392,782,2025-12-28,Organic Search,East,1082.0,0.0,0.0,1082.0,1082.0,Completed
2393,783,2023-09-29,Direct,South,347.52,0.0,0.0,347.52,347.52,Completed
2394,783,2023-10-23,Organic Search,South,26.46,2.65,5.81,29.62,29.62,Completed
2395,783,2023-10-28,Social Media,South,470.81,0.0,0.0,470.81,470.81,Completed
2396,783,2024-06-11,Paid Ads,South,793.02,158.6,0.0,0.0,634.42,Returned
2397,783,2025-01-05,Referral,South,113.34,0.0,0.0,113.34,113.34,Completed
2398,783,2025-01-24,Paid Ads,South,684.84,34.24,0.0,650.6,650.6,Completed
2399,783,2025-04-23,Organic Search,South,483.96,0.0,0.0,483.96,483.96,Completed
2400,783,2025-11-26,Email,South,42.7,2.14,5.59,46.15,46.15,Completed
2401,784,2024-07-19,Paid Ads,South,649.85,64.98,0.0,584.87,584.87,Completed
2402,784,2024-09-21,Referral,South,372.2,0.0,0.0,372.2,372.2,Completed
2403,784,2025-01-13,Paid Ads,South,93.39,9.34,0.0,84.05,84.05,Completed
2404,784,2025-04-17,Email,South,9.54,1.43,8.09,16.2,16.2,Completed
2405,785,2023-11-28,Organic Search,North,235.11,0.0,0.0,235.11,235.11,Completed
2406,785,2024-04-09,Social Media,North,34.43,5.16,6.57,35.84,35.84,Completed
2407,785,2024-05-31,Organic Search,North,57.38,2.87,7.95,62.46,62.46,Completed
2408,786,2023-12-20,Direct,Central,1119.98,0.0,0.0,1119.98,1119.98,Completed
2409,786,2024-01-12,Organic Search,Central,276.64,13.83,0.0,262.81,262.81,Completed
2410,786,2024-07-23,Email,Central,581.36,29.07,0.0,0.0,552.29,Returned
2411,786,2024-09-24,Email,Central,89.71,0.0,0.0,89.71,89.71,Completed
2412,786,2024-09-27,Direct,Central,786.72,78.67,0.0,708.05,708.05,Completed
2413,787,2023-04-27,Organic Search,North,216.16,32.42,0.0,183.74,183.74,Completed
2414,787,2023-09-01,Organic Search,North,220.93,0.0,0.0,220.93,220.93,Completed
2415,787,2024-05-29,Email,North,785.59,0.0,0.0,785.59,785.59,Completed
2416,788,2024-04-07,Email,South,1164.17,0.0,0.0,1164.17,1164.17,Completed
2417,788,2024-07-20,Direct,South,96.6,0.0,0.0,96.6,96.6,Completed
2418,788,2024-12-10,Referral,South,410.33,0.0,0.0,410.33,410.33,Completed
2419,788,2025-01-05,Email,South,1237.24,0.0,0.0,1237.24,1237.24,Completed
2420,788,2025-01-26,Email,South,321.59,16.08,0.0,305.51,305.51,Completed
2421,788,2025-03-02,Organic Search,South,1352.3,0.0,0.0,1352.3,1352.3,Completed
2422,788,2025-03-05,Organic Search,South,15.44,0.0,6.19,21.63,21.63,Completed
2423,788,2025-04-27,Organic Search,South,48.14,0.0,5.11,53.25,53.25,Completed
2424,788,2025-11-01,Social Media,South,284.14,0.0,0.0,284.14,284.14,Completed
2425,789,2023-06-21,Direct,Central,205.78,20.58,0.0,185.2,185.2,Completed
2426,789,2023-06-24,Social Media,Central,83.02,8.3,0.0,74.72,74.72,Completed
2427,789,2023-09-27,Referral,Central,609.06,0.0,0.0,609.06,609.06,Completed
2428,789,2023-11-13,Paid Ads,Central,172.89,17.29,0.0,155.6,155.6,Completed
2429,789,2023-12-20,Organic Search,Central,29.72,0.0,8.83,38.55,38.55,Completed
2430,789,2024-02-17,Organic Search,Central,324.39,0.0,0.0,324.39,324.39,Completed
2431,789,2024-03-17,Organic Search,Central,557.24,0.0,0.0,0.0,557.24,Returned
2432,789,2024-05-29,Organic Search,Central,116.98,11.7,0.0,105.28,105.28,Completed
2433,790,2025-05-08,Organic Search,North,200.96,10.05,0.0,190.91,190.91,Completed
2434,790,2025-06-19,Organic Search,North,859.06,0.0,0.0,0.0,859.06,Returned
2435,790,2025-10-23,Paid Ads,North,294.85,44.23,0.0,250.62,250.62,Completed
2436,790,2025-12-08,Paid Ads,North,384.81,0.0,0.0,0.0,384.81,Returned
2437,791,2025-03-25,Social Media,East,90.36,0.0,0.0,90.36,90.36,Completed
2438,791,2025-04-09,Paid Ads,East,119.75,0.0,0.0,119.75,119.75,Completed
2439,791,2025-04-26,Social Media,East,124.03,6.2,0.0,117.83,117.83,Completed
2440,791,2025-05-21,Social Media,East,10.64,0.0,8.56,19.2,19.2,Completed
2441,791,2025-06-24,Referral,East,176.13,0.0,0.0,176.13,176.13,Completed
2442,792,2025-02-15,Social Media,East,47.09,2.35,8.58,53.32,53.32,Completed
2443,792,2025-06-10,Paid Ads,East,625.36,0.0,0.0,625.36,625.36,Completed
2444,793,2025-08-10,Paid Ads,South,271.42,0.0,0.0,271.42,271.42,Completed
2445,793,2025-09-04,Social Media,South,141.12,0.0,0.0,141.12,141.12,Completed
2446,793,2025-09-07,Paid Ads,South,2227.69,0.0,0.0,2227.69,2227.69,Completed
2447,793,2025-11-13,Email,South,114.45,5.72,0.0,108.73,108.73,Completed
2448,793,2025-11-28,Paid Ads,South,43.52,0.0,4.97,48.49,48.49,Completed
2449,794,2024-07-05,Organic Search,South,855.86,85.59,0.0,770.27,770.27,Completed
2450,795,2023-09-18,Paid Ads,West,1472.1,0.0,0.0,1472.1,1472.1,Completed
2451,795,2024-04-17,Organic Search,West,530.04,79.51,0.0,450.53,450.53,Completed
2452,796,2023-12-27,Paid Ads,South,1380.41,69.02,0.0,0.0,1311.39,Returned
2453,796,2024-08-02,Social Media,South,209.86,10.49,0.0,199.37,199.37,Completed
2454,796,2025-07-05,Email,South,188.4,18.84,0.0,169.56,169.56,Completed
2455,796,2025-08-02,Direct,South,780.18,0.0,0.0,780.18,780.18,Completed
2456,796,2025-08-26,Email,South,629.44,0.0,0.0,629.44,629.44,Completed
2457,796,2025-11-10,Paid Ads,South,432.11,0.0,0.0,432.11,432.11,Completed
2458,797,2023-09-24,Organic Search,East,117.3,0.0,0.0,117.3,117.3,Completed
2459,797,2024-02-17,Direct,East,257.39,0.0,0.0,257.39,257.39,Completed
2460,797,2024-04-18,Email,East,767.58,0.0,0.0,767.58,767.58,Completed
2461,797,2024-08-01,Paid Ads,East,109.89,5.49,0.0,104.4,104.4,Completed
2462,798,2025-08-07,Paid Ads,Central,152.59,22.89,0.0,129.7,129.7,Completed
2463,798,2025-11-05,Paid Ads,Central,240.55,0.0,0.0,240.55,240.55,Completed
2464,799,2023-05-27,Referral,Central,1403.49,0.0,0.0,0.0,1403.49,Returned
2465,799,2023-10-02,Paid Ads,Central,557.35,83.6,0.0,473.75,473.75,Completed
2466,799,2023-11-02,Email,Central,2344.38,0.0,0.0,2344.38,2344.38,Completed
2467,799,2024-01-30,Organic Search,Central,923.45,92.34,0.0,831.11,831.11,Completed
2468,799,2024-03-06,Paid Ads,Central,1465.4,0.0,0.0,1465.4,1465.4,Completed
2469,799,2024-03-17,Paid Ads,Central,882.77,0.0,0.0,882.77,882.77,Completed
2470,799,2024-04-09,Social Media,Central,69.97,3.5,7.17,73.64,73.64,Completed
2471,799,2024-06-25,Organic Search,Central,2427.27,0.0,0.0,2427.27,2427.27,Completed
2472,799,2024-07-02,Email,Central,92.61,0.0,0.0,92.61,92.61,Completed
2473,799,2024-07-25,Organic Search,Central,540.52,0.0,0.0,540.52,540.52,Completed
2474,800,2025-05-18,Organic Search,East,1254.72,0.0,0.0,1254.72,1254.72,Completed
2475,801,2023-03-04,Organic Search,West,60.84,0.0,6.27,67.11,67.11,Completed
2476,801,2023-05-08,Email,West,59.49,0.0,4.87,64.36,64.36,Completed
2477,801,2023-10-24,Organic Search,West,57.67,0.0,5.89,63.56,63.56,Completed
2478,801,2023-12-19,Paid Ads,West,741.47,0.0,0.0,741.47,741.47,Completed
2479,801,2024-06-19,Email,West,28.72,0.0,7.07,35.79,35.79,Completed
2480,801,2024-08-09,Social Media,West,652.8,97.92,0.0,554.88,554.88,Completed
2481,801,2024-11-24,Social Media,West,9.0,0.45,6.49,0.0,15.04,Returned
2482,801,2024-11-28,Referral,West,388.5,0.0,0.0,388.5,388.5,Completed
2483,801,2024-12-16,Email,West,1095.83,0.0,0.0,1095.83,1095.83,Completed
2484,802,2025-07-14,Direct,North,83.15,4.16,0.0,78.99,78.99,Completed
2485,802,2025-08-23,Organic Search,North,29.82,1.49,8.41,36.74,36.74,Completed
2486,803,2025-03-10,Organic Search,East,174.25,0.0,0.0,174.25,174.25,Completed
2487,804,2024-12-14,Paid Ads,South,918.13,91.81,0.0,826.32,826.32,Completed
2488,804,2024-12-25,Organic Search,South,671.28,0.0,0.0,671.28,671.28,Completed
2489,804,2025-05-19,Paid Ads,South,1236.69,123.67,0.0,1113.02,1113.02,Completed
2490,805,2025-03-02,Email,North,160.69,0.0,0.0,160.69,160.69,Completed
2491,805,2025-06-11,Organic Search,North,607.55,60.76,0.0,546.79,546.79,Completed
2492,807,2025-05-15,Direct,West,760.79,114.12,0.0,646.67,646.67,Completed
2493,807,2025-12-09,Direct,West,89.55,0.0,0.0,89.55,89.55,Completed
2494,808,2024-01-01,Organic Search,South,165.81,0.0,0.0,165.81,165.81,Completed
2495,808,2024-03-20,Organic Search,South,1678.8,0.0,0.0,1678.8,1678.8,Completed
2496,808,2024-11-24,Email,South,132.8,0.0,0.0,132.8,132.8,Completed
2497,808,2025-04-29,Paid Ads,South,261.25,0.0,0.0,261.25,261.25,Completed
2498,809,2024-06-08,Organic Search,North,66.03,0.0,4.25,70.28,70.28,Completed
2499,810,2024-05-21,Email,South,301.46,30.15,0.0,271.31,271.31,Completed
2500,811,2025-06-08,Direct,East,45.11,2.26,8.93,51.78,51.78,Completed
2501,811,2025-06-28,Direct,East,92.3,13.84,0.0,78.46,78.46,Completed
2502,811,2025-08-29,Social Media,East,157.21,0.0,0.0,157.21,157.21,Completed
2503,811,2025-09-03,Email,East,154.84,0.0,0.0,154.84,154.84,Completed
2504,811,2025-10-02,Social Media,East,96.26,9.63,0.0,86.63,86.63,Completed
2505,812,2024-10-02,Organic Search,East,39.95,4.0,6.12,42.07,42.07,Completed
2506,812,2025-10-12,Paid Ads,East,2132.86,213.29,0.0,1919.57,1919.57,Completed
2507,816,2024-03-29,Organic Search,North,325.08,32.51,0.0,292.57,292.57,Completed
2508,816,2024-04-14,Paid Ads,North,779.2,116.88,0.0,662.32,662.32,Completed
2509,816,2024-06-04,Direct,North,154.73,0.0,0.0,154.73,154.73,Completed
2510,816,2024-09-11,Organic Search,North,102.96,10.3,0.0,92.66,92.66,Completed
2511,816,2024-10-27,Email,North,524.66,104.93,0.0,419.73,419.73,Completed
2512,816,2025-01-22,Paid Ads,North,173.66,0.0,0.0,173.66,173.66,Completed
2513,816,2025-08-02,Organic Search,North,50.72,0.0,4.76,55.48,55.48,Completed
2514,817,2024-03-27,Social Media,Central,112.82,0.0,0.0,112.82,112.82,Completed
2515,817,2024-11-13,Organic Search,Central,173.12,0.0,0.0,173.12,173.12,Completed
2516,817,2024-11-15,Organic Search,Central,340.0,17.0,0.0,323.0,323.0,Completed
2517,817,2024-12-22,Organic Search,Central,170.25,8.51,0.0,161.74,161.74,Completed
2518,817,2025-02-24,Paid Ads,Central,12.88,0.0,6.08,18.96,18.96,Completed
2519,818,2024-05-17,Paid Ads,West,290.11,58.02,0.0,232.09,232.09,Completed
2520,818,2024-06-01,Paid Ads,West,1192.78,119.28,0.0,1073.5,1073.5,Completed
2521,818,2025-10-03,Paid Ads,West,450.81,22.54,0.0,428.27,428.27,Completed
2522,818,2025-10-09,Organic Search,West,122.88,18.43,0.0,104.45,104.45,Completed
2523,819,2024-06-14,Organic Search,East,203.71,0.0,0.0,203.71,203.71,Completed
2524,819,2024-10-25,Organic Search,East,125.4,0.0,0.0,125.4,125.4,Completed
2525,819,2025-03-09,Paid Ads,East,1095.46,0.0,0.0,1095.46,1095.46,Completed
2526,819,2025-05-01,Direct,East,517.17,0.0,0.0,517.17,517.17,Completed
2527,819,2025-12-03,Organic Search,East,70.25,0.0,4.47,74.72,74.72,Completed
2528,819,2025-12-06,Social Media,East,716.18,0.0,0.0,716.18,716.18,Completed
2529,820,2025-05-10,Social Media,South,200.97,0.0,0.0,200.97,200.97,Completed
2530,820,2025-12-28,Social Media,South,20.8,2.08,6.22,24.94,24.94,Completed
2531,821,2023-05-26,Referral,East,163.32,0.0,0.0,163.32,163.32,Completed
2532,821,2023-09-15,Organic Search,East,677.35,33.87,0.0,643.48,643.48,Completed
2533,821,2023-09-16,Referral,East,255.59,38.34,0.0,217.25,217.25,Completed
2534,821,2023-12-27,Organic Search,East,70.8,0.0,5.58,76.38,76.38,Completed
2535,821,2024-01-17,Direct,East,1178.02,0.0,0.0,1178.02,1178.02,Completed
2536,821,2024-06-08,Direct,East,100.41,0.0,0.0,100.41,100.41,Completed
2537,821,2024-11-08,Email,East,149.38,0.0,0.0,149.38,149.38,Completed
2538,821,2024-11-09,Paid Ads,East,460.36,0.0,0.0,460.36,460.36,Completed
2539,821,2025-02-26,Paid Ads,East,648.62,64.86,0.0,583.76,583.76,Completed
2540,821,2025-03-14,Paid Ads,East,481.24,24.06,0.0,457.18,457.18,Completed
2541,822,2024-08-31,Referral,South,68.64,0.0,6.95,75.59,75.59,Completed
2542,822,2024-09-06,Paid Ads,South,434.36,86.87,0.0,347.49,347.49,Completed
2543,822,2024-11-09,Paid Ads,South,13.44,0.67,7.02,19.79,19.79,Completed
2544,822,2025-01-01,Organic Search,South,997.06,0.0,0.0,997.06,997.06,Completed
2545,823,2025-07-10,Organic Search,East,78.25,0.0,0.0,78.25,78.25,Completed
2546,824,2025-01-22,Direct,North,207.77,0.0,0.0,207.77,207.77,Completed
2547,824,2025-04-17,Direct,North,549.12,27.46,0.0,521.66,521.66,Completed
2548,825,2023-07-24,Direct,West,2063.4,309.51,0.0,1753.89,1753.89,Completed
2549,825,2024-04-28,Paid Ads,West,96.02,0.0,0.0,96.02,96.02,Completed
2550,825,2025-06-15,Organic Search,West,875.56,0.0,0.0,875.56,875.56,Completed
2551,826,2024-05-17,Paid Ads,Central,1048.73,209.75,0.0,838.98,838.98,Completed
2552,826,2024-09-05,Social Media,Central,90.24,18.05,0.0,72.19,72.19,Completed
2553,826,2024-10-21,Organic Search,Central,376.7,0.0,0.0,376.7,376.7,Completed
2554,826,2025-04-06,Organic Search,Central,896.48,0.0,0.0,896.48,896.48,Completed
2555,826,2025-06-24,Direct,Central,281.4,28.14,0.0,253.26,253.26,Completed
2556,827,2024-09-13,Direct,Central,475.48,0.0,0.0,475.48,475.48,Completed
2557,827,2024-10-01,Email,Central,56.87,0.0,5.13,62.0,62.0,Completed
2558,827,2024-11-21,Email,Central,471.18,23.56,0.0,447.62,447.62,Completed
2559,827,2025-03-14,Paid Ads,Central,147.72,0.0,0.0,147.72,147.72,Completed
2560,827,2025-06-21,Organic Search,Central,755.92,0.0,0.0,755.92,755.92,Completed
2561,827,2025-09-10,Referral,Central,956.02,0.0,0.0,956.02,956.02,Completed
2562,827,2025-12-13,Paid Ads,Central,245.62,24.56,0.0,221.06,221.06,Completed
2563,828,2023-05-13,Direct,South,875.98,87.6,0.0,788.38,788.38,Completed
2564,828,2023-06-12,Paid Ads,South,376.68,0.0,0.0,376.68,376.68,Completed
2565,828,2023-07-04,Direct,South,15.88,0.0,7.31,23.19,23.19,Completed
2566,828,2023-09-18,Organic Search,South,204.03,10.2,0.0,193.83,193.83,Completed
2567,828,2023-11-18,Email,South,124.4,0.0,0.0,124.4,124.4,Completed
2568,828,2023-12-15,Organic Search,South,49.24,4.92,6.89,51.21,51.21,Completed
2569,828,2023-12-23,Organic Search,South,97.56,19.51,0.0,0.0,78.05,Returned
2570,828,2024-01-19,Organic Search,South,487.43,0.0,0.0,487.43,487.43,Completed
2571,828,2024-08-14,Organic Search,South,892.93,44.65,0.0,848.28,848.28,Completed
2572,828,2024-08-28,Organic Search,South,341.27,34.13,0.0,307.14,307.14,Completed
2573,829,2024-10-05,Email,Central,473.64,0.0,0.0,473.64,473.64,Completed
2574,832,2023-07-18,Paid Ads,North,680.74,68.07,0.0,612.67,612.67,Completed
2575,832,2023-09-28,Organic Search,North,103.1,0.0,0.0,103.1,103.1,Completed
2576,832,2024-08-07,Organic Search,North,206.95,0.0,0.0,0.0,206.95,Returned
2577,833,2025-08-18,Email,North,142.81,0.0,0.0,142.81,142.81,Completed
2578,833,2025-12-15,Referral,North,66.3,0.0,5.26,71.56,71.56,Completed
2579,834,2025-08-30,Direct,West,263.37,26.34,0.0,237.03,237.03,Completed
2580,835,2024-01-24,Email,West,60.21,3.01,8.18,65.38,65.38,Completed
2581,835,2024-07-16,Organic Search,West,200.18,0.0,0.0,0.0,200.18,Returned
2582,835,2024-07-21,Referral,West,99.63,0.0,0.0,99.63,99.63,Completed
2583,835,2025-04-05,Paid Ads,West,1281.61,256.32,0.0,1025.29,1025.29,Completed
2584,836,2023-03-29,Social Media,Central,64.24,6.42,6.14,63.96,63.96,Completed
2585,836,2024-01-24,Email,Central,1179.67,0.0,0.0,1179.67,1179.67,Completed
2586,836,2024-08-30,Social Media,Central,294.88,58.98,0.0,235.9,235.9,Completed
2587,837,2025-12-24,Email,East,339.04,0.0,0.0,339.04,339.04,Completed
2588,838,2023-11-07,Paid Ads,South,3036.97,151.85,0.0,2885.12,2885.12,Completed
2589,838,2024-04-29,Paid Ads,South,448.56,22.43,0.0,426.13,426.13,Completed
2590,838,2025-03-12,Direct,South,248.78,49.76,0.0,199.02,199.02,Completed
2591,838,2025-06-12,Direct,South,647.16,64.72,0.0,582.44,582.44,Completed
2592,838,2025-06-29,Social Media,South,655.82,0.0,0.0,655.82,655.82,Completed
2593,839,2025-05-14,Organic Search,East,1299.81,0.0,0.0,1299.81,1299.81,Completed
2594,840,2024-01-10,Paid Ads,South,611.29,30.56,0.0,580.73,580.73,Completed
2595,840,2024-06-15,Social Media,South,31.32,1.57,8.95,38.7,38.7,Completed
2596,840,2024-06-23,Social Media,South,562.36,0.0,0.0,0.0,562.36,Returned
2597,842,2024-12-07,Social Media,North,877.95,43.9,0.0,834.05,834.05,Completed
2598,842,2024-12-15,Email,North,76.24,0.0,0.0,76.24,76.24,Completed
2599,843,2024-01-19,Social Media,South,1079.41,53.97,0.0,1025.44,1025.44,Completed
2600,843,2024-02-06,Paid Ads,South,1097.03,0.0,0.0,1097.03,1097.03,Completed
2601,843,2024-03-23,Email,South,137.2,6.86,0.0,130.34,130.34,Completed
2602,843,2024-03-26,Paid Ads,South,1401.96,0.0,0.0,1401.96,1401.96,Completed
2603,843,2024-07-07,Email,South,2745.38,0.0,0.0,2745.38,2745.38,Completed
2604,843,2024-08-11,Email,South,1125.8,112.58,0.0,1013.22,1013.22,Completed
2605,843,2024-11-08,Paid Ads,South,1730.85,173.08,0.0,1557.77,1557.77,Completed
2606,843,2025-04-04,Organic Search,South,1033.15,0.0,0.0,1033.15,1033.15,Completed
2607,843,2025-05-11,Social Media,South,70.51,14.1,6.8,63.21,63.21,Completed
2608,843,2025-07-27,Paid Ads,South,175.75,8.79,0.0,166.96,166.96,Completed
2609,843,2025-09-16,Email,South,909.69,136.45,0.0,773.24,773.24,Completed
2610,843,2025-10-07,Organic Search,South,47.98,0.0,5.26,53.24,53.24,Completed
2611,844,2024-12-19,Paid Ads,North,1224.54,61.23,0.0,1163.31,1163.31,Completed
2612,844,2025-01-17,Social Media,North,1043.59,0.0,0.0,1043.59,1043.59,Completed
2613,845,2024-12-09,Referral,South,555.77,55.58,0.0,500.19,500.19,Completed
2614,845,2025-09-03,Social Media,South,205.02,41.0,0.0,164.02,164.02,Completed
2615,845,2025-12-07,Organic Search,South,2524.41,504.88,0.0,2019.53,2019.53,Completed
2616,846,2025-12-26,Social Media,South,222.0,22.2,0.0,199.8,199.8,Completed
2617,847,2024-09-25,Direct,East,22.45,0.0,7.2,29.65,29.65,Completed
2618,847,2024-12-10,Organic Search,East,107.37,0.0,0.0,107.37,107.37,Completed
2619,847,2025-03-03,Direct,East,1050.97,0.0,0.0,1050.97,1050.97,Completed
2620,847,2025-03-31,Paid Ads,East,315.81,15.79,0.0,300.02,300.02,Completed
2621,847,2025-09-04,Email,East,300.7,30.07,0.0,270.63,270.63,Completed
2622,847,2025-09-30,Direct,East,108.74,0.0,0.0,108.74,108.74,Completed
2623,847,2025-11-14,Referral,East,64.03,0.0,7.62,71.65,71.65,Completed
2624,849,2025-05-22,Social Media,Central,127.61,0.0,0.0,127.61,127.61,Completed
2625,850,2024-01-12,Social Media,North,844.75,0.0,0.0,844.75,844.75,Completed
2626,850,2024-04-03,Organic Search,North,475.2,0.0,0.0,475.2,475.2,Completed
2627,850,2024-04-18,Direct,North,290.19,29.02,0.0,261.17,261.17,Completed
2628,850,2024-06-23,Organic Search,North,28.92,0.0,7.9,0.0,36.82,Returned
2629,850,2025-05-30,Social Media,North,93.58,4.68,0.0,88.9,88.9,Completed
2630,850,2025-06-22,Direct,North,637.43,31.87,0.0,605.56,605.56,Completed
2631,851,2025-10-11,Social Media,North,33.79,0.0,4.39,38.18,38.18,Completed
2632,851,2025-10-13,Paid Ads,North,219.26,0.0,0.0,219.26,219.26,Completed
2633,851,2025-12-20,Paid Ads,North,492.36,49.24,0.0,443.12,443.12,Completed
2634,852,2024-06-08,Social Media,South,206.76,0.0,0.0,206.76,206.76,Completed
2635,853,2024-10-04,Organic Search,East,373.96,0.0,0.0,373.96,373.96,Completed
2636,853,2025-03-09,Direct,East,38.58,1.93,4.49,41.14,41.14,Completed
2637,853,2025-07-11,Paid Ads,East,57.52,0.0,8.09,65.61,65.61,Completed
2638,854,2025-02-22,Social Media,Central,332.26,0.0,0.0,332.26,332.26,Completed
2639,854,2025-04-27,Social Media,Central,163.98,0.0,0.0,163.98,163.98,Completed
2640,854,2025-07-06,Social Media,Central,647.62,97.14,0.0,550.48,550.48,Completed
2641,854,2025-09-09,Email,Central,400.41,40.04,0.0,360.37,360.37,Completed
2642,854,2025-09-15,Email,Central,1672.0,0.0,0.0,1672.0,1672.0,Completed
2643,855,2023-11-05,Referral,Central,136.91,0.0,0.0,136.91,136.91,Completed
2644,855,2024-02-14,Direct,Central,894.04,89.4,0.0,804.64,804.64,Completed
2645,856,2024-07-03,Direct,West,33.71,0.0,5.53,39.24,39.24,Completed
2646,857,2024-08-17,Social Media,Central,658.38,0.0,0.0,0.0,658.38,Returned
2647,857,2024-11-21,Referral,Central,1085.62,0.0,0.0,1085.62,1085.62,Completed
2648,857,2025-08-08,Organic Search,Central,56.86,5.69,4.06,55.23,55.23,Completed
2649,857,2025-11-30,Paid Ads,Central,120.3,12.03,0.0,108.27,108.27,Completed
2650,862,2025-09-13,Social Media,South,25.28,2.53,5.22,27.97,27.97,Completed
2651,863,2025-03-18,Referral,East,1588.92,158.89,0.0,1430.03,1430.03,Completed
2652,863,2025-03-28,Organic Search,East,66.8,3.34,5.64,69.1,69.1,Completed
2653,863,2025-04-13,Paid Ads,East,414.87,41.49,0.0,373.38,373.38,Completed
2654,864,2025-01-01,Organic Search,South,269.33,13.47,0.0,255.86,255.86,Completed
2655,864,2025-08-23,Direct,South,719.97,0.0,0.0,719.97,719.97,Completed
2656,865,2023-04-06,Organic Search,South,24.33,1.22,4.56,27.67,27.67,Completed
2657,865,2023-07-14,Organic Search,South,330.2,33.02,0.0,297.18,297.18,Completed
2658,865,2023-07-31,Paid Ads,South,574.27,0.0,0.0,574.27,574.27,Completed
2659,865,2024-04-08,Organic Search,South,490.64,49.06,0.0,441.58,441.58,Completed
2660,865,2024-06-02,Direct,South,38.78,0.0,5.31,44.09,44.09,Completed
2661,865,2024-06-21,Paid Ads,South,612.14,0.0,0.0,612.14,612.14,Completed
2662,865,2024-07-21,Paid Ads,South,148.22,0.0,0.0,148.22,148.22,Completed
2663,866,2024-09-13,Organic Search,South,1061.85,53.09,0.0,1008.76,1008.76,Completed
2664,866,2024-10-15,Paid Ads,South,771.56,0.0,0.0,771.56,771.56,Completed
2665,866,2025-01-01,Paid Ads,South,59.95,0.0,5.62,65.57,65.57,Completed
2666,866,2025-01-06,Paid Ads,South,1555.07,0.0,0.0,1555.07,1555.07,Completed
2667,866,2025-01-09,Direct,South,436.48,87.3,0.0,349.18,349.18,Completed
2668,866,2025-02-17,Paid Ads,South,66.04,9.91,6.56,62.69,62.69,Completed
2669,867,2023-12-31,Social Media,East,246.32,24.63,0.0,221.69,221.69,Completed
2670,868,2023-11-21,Paid Ads,Central,1266.4,0.0,0.0,1266.4,1266.4,Completed
2671,868,2024-06-09,Organic Search,Central,739.95,0.0,0.0,739.95,739.95,Completed
2672,868,2025-06-15,Paid Ads,Central,62.89,3.14,5.1,64.85,64.85,Completed
2673,870,2024-04-02,Organic Search,West,76.17,0.0,0.0,76.17,76.17,Completed
2674,870,2024-10-30,Social Media,West,1514.42,302.88,0.0,1211.54,1211.54,Completed
2675,872,2023-12-13,Email,South,1048.45,209.69,0.0,838.76,838.76,Completed
2676,872,2024-11-18,Paid Ads,South,562.25,28.11,0.0,534.14,534.14,Completed
2677,872,2025-01-15,Paid Ads,South,210.48,0.0,0.0,210.48,210.48,Completed
2678,872,2025-05-19,Organic Search,South,630.33,0.0,0.0,630.33,630.33,Completed
2679,872,2025-09-30,Paid Ads,South,268.57,0.0,0.0,268.57,268.57,Completed
2680,872,2025-11-03,Email,South,1773.98,266.1,0.0,1507.88,1507.88,Completed
2681,873,2024-11-15,Paid Ads,Central,664.95,0.0,0.0,664.95,664.95,Completed
2682,873,2025-04-03,Organic Search,Central,59.98,0.0,8.63,68.61,68.61,Completed
2683,873,2025-08-04,Paid Ads,Central,218.01,10.9,0.0,207.11,207.11,Completed
2684,874,2025-11-15,Email,East,228.41,0.0,0.0,228.41,228.41,Completed
2685,875,2023-08-24,Social Media,North,66.98,0.0,6.51,73.49,73.49,Completed
2686,875,2024-09-23,Referral,North,679.91,135.98,0.0,543.93,543.93,Completed
2687,875,2025-03-08,Paid Ads,North,323.56,0.0,0.0,323.56,323.56,Completed
2688,875,2025-03-25,Referral,North,1088.12,0.0,0.0,1088.12,1088.12,Completed
2689,875,2025-04-30,Paid Ads,North,192.36,0.0,0.0,192.36,192.36,Completed
2690,876,2025-07-25,Email,South,355.61,0.0,0.0,355.61,355.61,Completed
2691,879,2025-12-05,Email,West,1221.06,0.0,0.0,1221.06,1221.06,Completed
2692,880,2024-11-26,Organic Search,North,58.75,2.94,6.66,62.47,62.47,Completed
2693,880,2025-08-11,Organic Search,North,13.52,2.03,6.29,17.78,17.78,Completed
2694,881,2025-03-05,Organic Search,East,40.57,0.0,7.82,48.39,48.39,Completed
2695,881,2025-03-19,Organic Search,East,1058.04,0.0,0.0,1058.04,1058.04,Completed
2696,881,2025-03-30,Social Media,East,34.55,0.0,6.9,41.45,41.45,Completed
2697,883,2024-03-19,Direct,East,350.23,17.51,0.0,332.72,332.72,Completed
2698,883,2024-06-13,Email,East,1891.18,378.24,0.0,0.0,1512.94,Returned
2699,883,2024-07-23,Email,East,318.88,0.0,0.0,318.88,318.88,Completed
2700,883,2024-11-16,Social Media,East,98.5,19.7,0.0,78.8,78.8,Completed
2701,883,2025-06-21,Organic Search,East,141.49,0.0,0.0,141.49,141.49,Completed
2702,884,2025-11-17,Paid Ads,West,411.45,0.0,0.0,411.45,411.45,Completed
2703,885,2023-07-05,Direct,North,89.51,0.0,0.0,89.51,89.51,Completed
2704,885,2023-07-31,Organic Search,North,719.87,107.98,0.0,611.89,611.89,Completed
2705,885,2023-08-18,Paid Ads,North,24.89,0.0,8.05,0.0,32.94,Returned
2706,885,2023-08-24,Social Media,North,187.96,0.0,0.0,187.96,187.96,Completed
2707,885,2023-12-13,Email,North,441.82,0.0,0.0,0.0,441.82,Returned
2708,885,2024-04-16,Paid Ads,North,1890.27,0.0,0.0,1890.27,1890.27,Completed
2709,885,2024-05-27,Direct,North,439.83,65.97,0.0,373.86,373.86,Completed
2710,885,2024-09-24,Paid Ads,North,190.88,28.63,0.0,0.0,162.25,Returned
2711,885,2024-10-15,Social Media,North,132.46,13.25,0.0,119.21,119.21,Completed
2712,885,2025-01-09,Paid Ads,North,247.55,12.38,0.0,235.17,235.17,Completed
2713,885,2025-05-28,Paid Ads,North,750.65,112.6,0.0,638.05,638.05,Completed
2714,886,2024-09-10,Paid Ads,South,959.94,0.0,0.0,959.94,959.94,Completed
2715,886,2025-12-22,Direct,South,182.4,36.48,0.0,145.92,145.92,Completed
2716,887,2025-04-18,Organic Search,North,697.68,0.0,0.0,697.68,697.68,Completed
2717,888,2025-11-25,Organic Search,East,122.65,0.0,0.0,122.65,122.65,Completed
2718,889,2024-01-26,Social Media,South,17.5,2.62,7.23,22.11,22.11,Completed
2719,889,2024-02-12,Paid Ads,South,295.33,0.0,0.0,295.33,295.33,Completed
2720,889,2024-06-20,Referral,South,638.31,0.0,0.0,638.31,638.31,Completed
2721,892,2024-07-10,Email,Central,781.92,0.0,0.0,0.0,781.92,Returned
2722,893,2023-11-02,Direct,West,48.58,0.0,8.14,56.72,56.72,Completed
2723,893,2024-12-09,Email,West,341.29,51.19,0.0,290.1,290.1,Completed
2724,894,2023-12-25,Referral,West,499.5,24.98,0.0,474.52,474.52,Completed
2725,894,2024-02-03,Paid Ads,West,1121.82,0.0,0.0,1121.82,1121.82,Completed
2726,894,2024-02-09,Paid Ads,West,75.09,3.75,0.0,71.34,71.34,Completed
2727,894,2024-02-17,Email,West,549.84,27.49,0.0,522.35,522.35,Completed
2728,894,2024-03-04,Organic Search,West,86.64,0.0,0.0,86.64,86.64,Completed
2729,894,2024-06-07,Organic Search,West,1665.36,166.54,0.0,1498.82,1498.82,Completed
2730,894,2024-09-08,Paid Ads,West,158.88,0.0,0.0,158.88,158.88,Completed
2731,894,2024-10-02,Paid Ads,West,497.88,24.89,0.0,472.99,472.99,Completed
2732,894,2024-10-18,Paid Ads,West,695.12,0.0,0.0,695.12,695.12,Completed
2733,894,2024-10-21,Organic Search,West,744.98,74.5,0.0,670.48,670.48,Completed
2734,894,2025-05-29,Organic Search,West,79.27,0.0,0.0,79.27,79.27,Completed
2735,894,2025-09-16,Paid Ads,West,163.46,0.0,0.0,163.46,163.46,Completed
2736,894,2025-10-24,Social Media,West,303.0,0.0,0.0,303.0,303.0,Completed
2737,895,2025-01-15,Paid Ads,Central,90.3,13.54,0.0,76.76,76.76,Completed
2738,895,2025-03-09,Social Media,Central,100.13,0.0,0.0,0.0,100.13,Returned
2739,897,2024-12-23,Organic Search,North,16.9,0.0,8.72,25.62,25.62,Completed
2740,897,2025-03-05,Social Media,North,135.01,13.5,0.0,121.51,121.51,Completed
2741,898,2024-06-23,Paid Ads,Central,514.36,77.15,0.0,437.21,437.21,Completed
2742,898,2024-07-10,Email,Central,113.12,0.0,0.0,113.12,113.12,Completed
2743,898,2024-11-07,Email,Central,636.8,127.36,0.0,509.44,509.44,Completed
2744,898,2025-01-03,Organic Search,Central,1072.68,0.0,0.0,1072.68,1072.68,Completed
2745,898,2025-02-14,Organic Search,Central,52.9,7.94,5.51,50.47,50.47,Completed
2746,898,2025-02-28,Email,Central,330.36,0.0,0.0,330.36,330.36,Completed
2747,898,2025-05-16,Social Media,Central,137.63,0.0,0.0,137.63,137.63,Completed
2748,898,2025-06-16,Paid Ads,Central,419.79,62.97,0.0,356.82,356.82,Completed
2749,898,2025-07-17,Email,Central,112.22,11.22,0.0,101.0,101.0,Completed
2750,898,2025-11-03,Organic Search,Central,697.12,69.71,0.0,627.41,627.41,Completed
2751,898,2025-11-03,Social Media,Central,769.03,0.0,0.0,769.03,769.03,Completed
2752,901,2023-06-02,Paid Ads,South,2315.46,0.0,0.0,2315.46,2315.46,Completed
2753,901,2023-12-15,Organic Search,South,295.03,29.5,0.0,265.53,265.53,Completed
2754,901,2024-02-07,Social Media,South,67.88,0.0,4.57,72.45,72.45,Completed
2755,901,2024-04-05,Social Media,South,26.58,3.99,4.78,27.37,27.37,Completed
2756,901,2024-08-14,Organic Search,South,439.8,43.98,0.0,395.82,395.82,Completed
2757,901,2024-09-04,Organic Search,South,123.71,0.0,0.0,123.71,123.71,Completed
2758,901,2024-12-25,Referral,South,261.41,0.0,0.0,261.41,261.41,Completed
2759,901,2025-02-04,Organic Search,South,100.94,0.0,0.0,100.94,100.94,Completed
2760,901,2025-12-09,Referral,South,43.52,4.35,4.17,0.0,43.34,Returned
2761,902,2025-03-30,Email,South,266.0,0.0,0.0,266.0,266.0,Completed
2762,902,2025-10-03,Paid Ads,South,113.12,0.0,0.0,113.12,113.12,Completed
2763,903,2024-01-24,Organic Search,East,57.36,0.0,6.48,63.84,63.84,Completed
2764,903,2024-01-24,Email,East,207.43,0.0,0.0,207.43,207.43,Completed
2765,903,2024-03-12,Social Media,East,439.78,43.98,0.0,395.8,395.8,Completed
2766,903,2025-06-13,Social Media,East,434.98,0.0,0.0,434.98,434.98,Completed
2767,903,2025-11-25,Social Media,East,177.26,8.86,0.0,168.4,168.4,Completed
2768,906,2023-12-13,Social Media,East,43.58,0.0,7.06,50.64,50.64,Completed
2769,906,2024-04-01,Social Media,East,326.05,32.61,0.0,293.44,293.44,Completed
2770,906,2024-05-30,Paid Ads,East,83.94,0.0,0.0,83.94,83.94,Completed
2771,906,2024-06-11,Direct,East,1062.88,0.0,0.0,1062.88,1062.88,Completed
2772,906,2025-02-15,Social Media,East,386.76,38.68,0.0,348.08,348.08,Completed
2773,906,2025-02-27,Paid Ads,East,330.5,33.05,0.0,297.45,297.45,Completed
2774,906,2025-03-16,Email,East,384.28,0.0,0.0,384.28,384.28,Completed
2775,906,2025-05-29,Social Media,East,803.27,80.33,0.0,722.94,722.94,Completed
2776,906,2025-09-01,Paid Ads,East,25.66,0.0,7.87,33.53,33.53,Completed
2777,906,2025-09-22,Organic Search,East,3239.25,647.85,0.0,2591.4,2591.4,Completed
2778,906,2025-09-27,Referral,East,914.25,45.71,0.0,868.54,868.54,Completed
2779,906,2025-12-22,Organic Search,East,406.18,0.0,0.0,406.18,406.18,Completed
2780,908,2024-06-13,Referral,North,278.02,0.0,0.0,278.02,278.02,Completed
2781,908,2024-11-26,Paid Ads,North,1582.68,79.13,0.0,1503.55,1503.55,Completed
2782,908,2025-08-19,Direct,North,172.27,0.0,0.0,172.27,172.27,Completed
2783,910,2025-10-14,Organic Search,East,10.51,0.0,7.03,17.54,17.54,Completed
2784,911,2024-11-09,Direct,East,936.43,46.82,0.0,889.61,889.61,Completed
2785,911,2025-06-05,Referral,East,18.98,3.8,5.12,20.3,20.3,Completed
2786,911,2025-08-17,Organic Search,East,192.04,19.2,0.0,172.84,172.84,Completed
2787,912,2024-12-24,Direct,West,1671.09,167.11,0.0,0.0,1503.98,Returned
2788,912,2025-02-19,Email,West,367.81,0.0,0.0,367.81,367.81,Completed
2789,912,2025-04-12,Paid Ads,West,36.12,5.42,4.7,35.4,35.4,Completed
2790,912,2025-05-08,Direct,West,224.11,0.0,0.0,224.11,224.11,Completed
2791,913,2023-09-12,Social Media,West,171.5,0.0,0.0,171.5,171.5,Completed
2792,913,2024-01-04,Organic Search,West,158.9,0.0,0.0,158.9,158.9,Completed
2793,913,2024-03-25,Organic Search,West,639.09,0.0,0.0,639.09,639.09,Completed
2794,913,2024-05-23,Organic Search,West,913.44,0.0,0.0,913.44,913.44,Completed
2795,913,2024-06-06,Paid Ads,West,1540.78,0.0,0.0,1540.78,1540.78,Completed
2796,913,2024-08-10,Paid Ads,West,668.31,0.0,0.0,668.31,668.31,Completed
2797,913,2024-08-13,Organic Search,West,204.19,20.42,0.0,183.77,183.77,Completed
2798,913,2024-09-10,Paid Ads,West,404.67,40.47,0.0,364.2,364.2,Completed
2799,914,2024-08-14,Paid Ads,East,1636.98,0.0,0.0,0.0,1636.98,Returned
2800,914,2024-09-24,Paid Ads,East,96.27,14.44,0.0,81.83,81.83,Completed
2801,914,2025-09-14,Organic Search,East,69.24,0.0,7.88,77.12,77.12,Completed
2802,915,2024-05-30,Email,North,406.02,0.0,0.0,406.02,406.02,Completed
2803,915,2024-06-07,Paid Ads,North,54.98,8.25,5.31,52.04,52.04,Completed
2804,915,2024-07-23,Referral,North,477.82,0.0,0.0,477.82,477.82,Completed
2805,915,2025-02-12,Direct,North,228.34,0.0,0.0,0.0,228.34,Returned
2806,915,2025-02-26,Paid Ads,North,2009.84,0.0,0.0,2009.84,2009.84,Completed
2807,915,2025-05-30,Paid Ads,North,47.71,4.77,4.85,47.79,47.79,Completed
2808,915,2025-07-10,Email,North,116.08,11.61,0.0,104.47,104.47,Completed
2809,915,2025-07-29,Email,North,716.02,143.2,0.0,572.82,572.82,Completed
2810,915,2025-08-14,Social Media,North,17.19,0.86,7.95,24.28,24.28,Completed
2811,915,2025-09-22,Email,North,807.73,0.0,0.0,807.73,807.73,Completed
2812,916,2023-08-23,Organic Search,North,557.4,55.74,0.0,501.66,501.66,Completed
2813,916,2024-01-17,Referral,North,474.09,0.0,0.0,474.09,474.09,Completed
2814,916,2024-01-28,Organic Search,North,71.03,10.65,6.37,66.75,66.75,Completed
2815,916,2024-09-10,Social Media,North,399.04,19.95,0.0,379.09,379.09,Completed
2816,916,2025-03-13,Direct,North,70.59,0.0,5.02,75.61,75.61,Completed
2817,916,2025-07-14,Email,North,20.2,0.0,6.36,26.56,26.56,Completed
2818,916,2025-12-30,Organic Search,North,842.73,42.14,0.0,800.59,800.59,Completed
2819,917,2025-05-10,Direct,South,757.22,75.72,0.0,681.5,681.5,Completed
2820,918,2024-06-20,Email,West,58.95,0.0,4.91,63.86,63.86,Completed
2821,918,2025-03-12,Email,West,837.3,167.46,0.0,669.84,669.84,Completed
2822,918,2025-03-14,Direct,West,233.16,0.0,0.0,233.16,233.16,Completed
2823,918,2025-04-18,Social Media,West,79.62,0.0,0.0,0.0,79.62,Returned
2824,918,2025-04-29,Direct,West,373.22,0.0,0.0,373.22,373.22,Completed
2825,919,2023-07-26,Organic Search,West,50.76,2.54,6.51,54.73,54.73,Completed
2826,919,2023-10-04,Organic Search,West,1698.17,169.82,0.0,1528.35,1528.35,Completed
2827,919,2024-06-15,Organic Search,West,151.04,0.0,0.0,151.04,151.04,Completed
2828,920,2024-07-14,Paid Ads,South,33.0,0.0,6.32,39.32,39.32,Completed
2829,920,2024-09-06,Direct,South,56.23,8.43,4.12,51.92,51.92,Completed
2830,921,2024-07-02,Social Media,West,201.32,0.0,0.0,201.32,201.32,Completed
2831,923,2024-05-16,Paid Ads,East,69.09,10.36,8.55,67.28,67.28,Completed
2832,923,2025-07-27,Social Media,East,432.71,0.0,0.0,432.71,432.71,Completed
2833,923,2025-12-21,Direct,East,837.34,0.0,0.0,837.34,837.34,Completed
2834,924,2025-03-12,Email,South,211.18,0.0,0.0,0.0,211.18,Returned
2835,924,2025-08-01,Organic Search,South,1351.04,0.0,0.0,1351.04,1351.04,Completed
2836,925,2024-06-11,Direct,West,155.78,0.0,0.0,155.78,155.78,Completed
2837,925,2025-01-10,Referral,West,966.71,0.0,0.0,966.71,966.71,Completed
2838,926,2024-07-26,Organic Search,North,8.77,0.88,6.07,13.96,13.96,Completed
2839,927,2024-06-27,Social Media,Central,311.18,0.0,0.0,311.18,311.18,Completed
2840,928,2024-03-10,Paid Ads,North,125.4,0.0,0.0,0.0,125.4,Returned
2841,929,2023-10-15,Paid Ads,West,23.1,3.47,6.87,26.5,26.5,Completed
2842,930,2024-10-25,Direct,South,646.25,32.31,0.0,613.94,613.94,Completed
2843,930,2024-10-31,Social Media,South,111.37,0.0,0.0,111.37,111.37,Completed
2844,931,2023-05-05,Social Media,South,112.86,0.0,0.0,112.86,112.86,Completed
2845,931,2024-06-06,Email,South,60.93,6.09,8.2,63.04,63.04,Completed
2846,931,2025-07-31,Referral,South,30.64,1.53,8.54,37.65,37.65,Completed
2847,932,2025-04-27,Email,North,1230.44,61.52,0.0,1168.92,1168.92,Completed
2848,932,2025-05-12,Organic Search,North,70.5,0.0,7.3,77.8,77.8,Completed
2849,932,2025-05-21,Paid Ads,North,81.44,0.0,0.0,81.44,81.44,Completed
2850,933,2024-02-29,Email,West,890.91,44.55,0.0,846.36,846.36,Completed
2851,933,2024-11-15,Organic Search,West,154.62,0.0,0.0,154.62,154.62,Completed
2852,933,2024-11-20,Organic Search,West,260.71,39.11,0.0,221.6,221.6,Completed
2853,933,2025-09-13,Social Media,West,74.28,3.71,8.5,79.07,79.07,Completed
2854,934,2025-10-15,Organic Search,West,49.82,0.0,4.67,54.49,54.49,Completed
2855,934,2025-10-28,Organic Search,West,475.92,0.0,0.0,475.92,475.92,Completed
2856,935,2024-11-08,Paid Ads,Central,67.93,10.19,5.34,63.08,63.08,Completed
2857,936,2024-09-12,Paid Ads,North,674.4,67.44,0.0,606.96,606.96,Completed
2858,936,2024-09-30,Direct,North,2003.59,0.0,0.0,2003.59,2003.59,Completed
2859,936,2024-12-15,Paid Ads,North,46.66,0.0,5.32,51.98,51.98,Completed
2860,936,2024-12-24,Organic Search,North,160.74,0.0,0.0,0.0,160.74,Returned
2861,936,2025-03-28,Organic Search,North,830.42,0.0,0.0,830.42,830.42,Completed
2862,936,2025-05-28,Paid Ads,North,27.73,0.0,4.19,31.92,31.92,Completed
2863,937,2024-04-01,Paid Ads,North,146.2,21.93,0.0,0.0,124.27,Returned
2864,937,2024-08-28,Direct,North,742.85,0.0,0.0,742.85,742.85,Completed
2865,937,2024-09-23,Direct,North,143.46,14.35,0.0,129.11,129.11,Completed
2866,937,2024-10-22,Social Media,North,5.61,0.0,4.26,9.87,9.87,Completed
2867,937,2025-07-23,Social Media,North,686.98,0.0,0.0,686.98,686.98,Completed
2868,938,2025-03-19,Paid Ads,North,399.51,19.98,0.0,379.53,379.53,Completed
2869,938,2025-05-23,Organic Search,North,292.26,0.0,0.0,292.26,292.26,Completed
2870,938,2025-05-23,Organic Search,North,397.06,19.85,0.0,377.21,377.21,Completed
2871,938,2025-10-16,Email,North,66.66,3.33,7.98,71.31,71.31,Completed
2872,939,2024-04-23,Social Media,West,875.0,0.0,0.0,875.0,875.0,Completed
2873,939,2024-05-02,Organic Search,West,203.08,0.0,0.0,203.08,203.08,Completed
2874,940,2024-05-17,Email,North,35.34,0.0,5.67,41.01,41.01,Completed
2875,942,2025-02-18,Social Media,North,316.74,0.0,0.0,316.74,316.74,Completed
2876,943,2025-01-05,Paid Ads,East,143.36,0.0,0.0,143.36,143.36,Completed
2877,944,2024-04-15,Email,West,173.07,0.0,0.0,173.07,173.07,Completed
2878,944,2024-06-13,Paid Ads,West,118.31,17.75,0.0,100.56,100.56,Completed
2879,945,2025-04-05,Organic Search,South,287.46,0.0,0.0,287.46,287.46,Completed
2880,945,2025-04-23,Organic Search,South,47.26,0.0,8.33,55.59,55.59,Completed
2881,945,2025-04-24,Paid Ads,South,67.11,3.36,4.77,68.52,68.52,Completed
2882,945,2025-06-19,Email,South,95.46,0.0,0.0,95.46,95.46,Completed
2883,945,2025-09-21,Social Media,South,2011.96,301.79,0.0,1710.17,1710.17,Completed
2884,947,2025-08-19,Email,East,352.52,0.0,0.0,352.52,352.52,Completed
2885,947,2025-09-13,Paid Ads,East,68.3,3.42,7.54,72.42,72.42,Completed
2886,948,2024-09-10,Paid Ads,North,43.13,0.0,7.85,50.98,50.98,Completed
2887,948,2024-11-29,Social Media,North,76.56,7.66,0.0,68.9,68.9,Completed
2888,948,2024-12-05,Referral,North,1041.1,0.0,0.0,1041.1,1041.1,Completed
2889,948,2025-02-21,Organic Search,North,342.0,34.2,0.0,307.8,307.8,Completed
2890,949,2024-03-28,Referral,Central,134.03,6.7,0.0,127.33,127.33,Completed
2891,949,2024-08-29,Paid Ads,Central,50.52,0.0,4.3,54.82,54.82,Completed
2892,949,2024-10-19,Direct,Central,192.19,0.0,0.0,192.19,192.19,Completed
2893,949,2025-11-07,Paid Ads,Central,250.42,0.0,0.0,250.42,250.42,Completed
2894,949,2025-12-10,Organic Search,Central,220.78,22.08,0.0,198.7,198.7,Completed
2895,950,2025-11-24,Social Media,South,255.98,25.6,0.0,230.38,230.38,Completed
2896,951,2024-05-10,Email,North,84.19,0.0,0.0,84.19,84.19,Completed
2897,952,2024-04-14,Paid Ads,Central,61.59,0.0,6.84,68.43,68.43,Completed
2898,952,2024-10-08,Paid Ads,Central,6.87,0.0,7.0,13.87,13.87,Completed
2899,953,2023-11-26,Social Media,East,167.74,25.16,0.0,142.58,142.58,Completed
2900,953,2024-08-10,Paid Ads,East,226.03,0.0,0.0,0.0,226.03,Returned
2901,954,2025-10-14,Social Media,North,607.65,60.76,0.0,546.89,546.89,Completed
2902,955,2024-04-09,Paid Ads,South,175.33,0.0,0.0,175.33,175.33,Completed
2903,955,2024-06-06,Organic Search,South,1890.31,189.03,0.0,1701.28,1701.28,Completed
2904,955,2024-08-03,Paid Ads,South,13.01,0.65,7.55,19.91,19.91,Completed
2905,955,2024-09-10,Paid Ads,South,751.18,37.56,0.0,713.62,713.62,Completed
2906,955,2024-10-18,Paid Ads,South,290.64,0.0,0.0,290.64,290.64,Completed
2907,955,2024-10-31,Paid Ads,South,182.29,0.0,0.0,182.29,182.29,Completed
2908,955,2024-12-04,Paid Ads,South,140.27,21.04,0.0,119.23,119.23,Completed
2909,955,2025-02-14,Paid Ads,South,1170.91,0.0,0.0,1170.91,1170.91,Completed
2910,955,2025-08-13,Organic Search,South,180.51,0.0,0.0,180.51,180.51,Completed
2911,955,2025-08-14,Organic Search,South,277.93,0.0,0.0,277.93,277.93,Completed
2912,956,2023-08-31,Organic Search,North,379.48,0.0,0.0,379.48,379.48,Completed
2913,958,2025-03-26,Referral,East,688.26,0.0,0.0,688.26,688.26,Completed
2914,959,2024-03-27,Email,North,1073.44,0.0,0.0,1073.44,1073.44,Completed
2915,959,2024-06-09,Email,North,973.01,97.3,0.0,875.71,875.71,Completed
2916,959,2024-07-16,Referral,North,188.07,0.0,0.0,188.07,188.07,Completed
2917,960,2025-08-01,Social Media,North,43.3,0.0,5.25,48.55,48.55,Completed
2918,961,2023-12-11,Paid Ads,North,288.96,14.45,0.0,274.51,274.51,Completed
2919,961,2024-04-10,Direct,North,752.88,75.29,0.0,677.59,677.59,Completed
2920,961,2024-04-23,Direct,North,33.55,0.0,6.4,39.95,39.95,Completed
2921,962,2025-07-03,Paid Ads,South,862.51,0.0,0.0,862.51,862.51,Completed
2922,963,2024-02-16,Referral,North,1271.73,0.0,0.0,1271.73,1271.73,Completed
2923,963,2024-04-04,Paid Ads,North,138.77,0.0,0.0,138.77,138.77,Completed
2924,963,2024-07-18,Organic Search,North,58.44,0.0,6.61,65.05,65.05,Completed
2925,963,2025-02-11,Direct,North,112.39,0.0,0.0,112.39,112.39,Completed
2926,964,2024-04-30,Social Media,West,126.16,0.0,0.0,126.16,126.16,Completed
2927,964,2024-06-30,Paid Ads,West,1467.8,0.0,0.0,1467.8,1467.8,Completed
2928,964,2024-08-18,Paid Ads,West,312.58,0.0,0.0,312.58,312.58,Completed
2929,964,2024-08-22,Organic Search,West,275.66,0.0,0.0,275.66,275.66,Completed
2930,964,2024-08-24,Organic Search,West,41.12,0.0,7.35,48.47,48.47,Completed
2931,964,2024-08-30,Organic Search,West,872.36,87.24,0.0,785.12,785.12,Completed
2932,964,2025-03-06,Paid Ads,West,1230.49,184.57,0.0,1045.92,1045.92,Completed
2933,964,2025-03-12,Direct,West,253.59,0.0,0.0,253.59,253.59,Completed
2934,964,2025-07-06,Social Media,West,120.08,0.0,0.0,120.08,120.08,Completed
2935,964,2025-07-14,Direct,West,279.78,27.98,0.0,0.0,251.8,Returned
2936,965,2023-10-12,Email,South,556.45,27.82,0.0,528.63,528.63,Completed
2937,965,2024-01-31,Organic Search,South,225.28,0.0,0.0,225.28,225.28,Completed
2938,965,2024-05-22,Direct,South,649.09,97.36,0.0,551.73,551.73,Completed
2939,965,2025-01-29,Paid Ads,South,779.51,0.0,0.0,779.51,779.51,Completed
2940,965,2025-10-15,Direct,South,504.57,0.0,0.0,504.57,504.57,Completed
2941,966,2023-10-09,Organic Search,Central,363.16,18.16,0.0,345.0,345.0,Completed
2942,966,2024-03-28,Paid Ads,Central,148.26,14.83,0.0,133.43,133.43,Completed
2943,966,2024-05-09,Referral,Central,23.54,0.0,5.4,0.0,28.94,Returned
2944,966,2024-07-17,Direct,Central,247.56,49.51,0.0,198.05,198.05,Completed
2945,966,2024-09-01,Direct,Central,168.35,0.0,0.0,168.35,168.35,Completed
2946,966,2024-10-05,Organic Search,Central,73.73,0.0,4.13,77.86,77.86,Completed
2947,967,2023-10-28,Organic Search,North,84.79,0.0,0.0,84.79,84.79,Completed
2948,967,2024-08-08,Referral,North,282.98,0.0,0.0,282.98,282.98,Completed
2949,967,2024-09-04,Paid Ads,North,31.33,0.0,8.36,39.69,39.69,Completed
2950,968,2023-12-20,Paid Ads,West,45.25,0.0,4.72,49.97,49.97,Completed
2951,969,2024-10-28,Direct,North,496.64,24.83,0.0,471.81,471.81,Completed
2952,970,2025-11-06,Social Media,North,132.1,0.0,0.0,132.1,132.1,Completed
2953,971,2025-12-11,Social Media,North,106.9,0.0,0.0,106.9,106.9,Completed
2954,972,2025-11-23,Paid Ads,North,801.14,0.0,0.0,801.14,801.14,Completed
2955,973,2025-06-22,Paid Ads,East,292.88,43.93,0.0,248.95,248.95,Completed
2956,973,2025-09-08,Email,East,244.94,0.0,0.0,244.94,244.94,Completed
2957,974,2023-09-29,Direct,Central,162.69,24.4,0.0,0.0,138.29,Returned
2958,974,2023-10-24,Social Media,Central,819.26,40.96,0.0,778.3,778.3,Completed
2959,974,2024-04-02,Direct,Central,415.08,0.0,0.0,415.08,415.08,Completed
2960,974,2024-06-10,Organic Search,Central,81.13,12.17,0.0,68.96,68.96,Completed
2961,974,2025-02-18,Email,Central,92.3,0.0,0.0,92.3,92.3,Completed
2962,974,2025-12-17,Social Media,Central,582.5,87.38,0.0,495.12,495.12,Completed
2963,975,2025-05-08,Social Media,West,1226.19,122.62,0.0,1103.57,1103.57,Completed
2964,976,2025-01-27,Email,North,4.37,0.44,8.46,12.39,12.39,Completed
2965,976,2025-01-31,Direct,North,403.23,0.0,0.0,403.23,403.23,Completed
2966,976,2025-02-07,Social Media,North,559.67,27.98,0.0,531.69,531.69,Completed
2967,978,2024-07-07,Direct,South,1023.51,153.53,0.0,869.98,869.98,Completed
2968,978,2024-08-26,Paid Ads,South,36.7,0.0,8.61,45.31,45.31,Completed
2969,978,2024-12-12,Social Media,South,279.19,0.0,0.0,279.19,279.19,Completed
2970,978,2025-03-02,Paid Ads,South,65.82,0.0,5.23,71.05,71.05,Completed
2971,978,2025-04-20,Organic Search,South,2037.12,305.57,0.0,1731.55,1731.55,Completed
2972,980,2023-12-23,Paid Ads,North,7.65,0.0,8.41,16.06,16.06,Completed
2973,980,2025-03-09,Paid Ads,North,19.71,0.99,8.09,26.81,26.81,Completed
2974,980,2025-10-15,Direct,North,184.53,0.0,0.0,184.53,184.53,Completed
2975,981,2024-05-27,Paid Ads,West,284.9,0.0,0.0,284.9,284.9,Completed
2976,982,2023-11-20,Organic Search,South,52.78,0.0,5.46,58.24,58.24,Completed
2977,982,2024-03-24,Paid Ads,South,567.19,0.0,0.0,567.19,567.19,Completed
2978,982,2024-05-30,Organic Search,South,777.33,38.87,0.0,738.46,738.46,Completed
2979,982,2024-11-13,Social Media,South,490.99,0.0,0.0,490.99,490.99,Completed
2980,982,2025-01-02,Organic Search,South,104.0,0.0,0.0,104.0,104.0,Completed
2981,982,2025-04-24,Paid Ads,South,152.56,22.88,0.0,129.68,129.68,Completed
2982,983,2024-10-22,Paid Ads,East,245.26,0.0,0.0,245.26,245.26,Completed
2983,983,2025-02-12,Paid Ads,East,77.53,0.0,0.0,77.53,77.53,Completed
2984,983,2025-05-10,Referral,East,1366.75,0.0,0.0,1366.75,1366.75,Completed
2985,984,2024-12-27,Organic Search,West,571.46,85.72,0.0,485.74,485.74,Completed
2986,984,2025-04-18,Social Media,West,38.0,1.9,5.11,41.21,41.21,Completed
2987,984,2025-05-29,Email,West,28.49,0.0,5.09,33.58,33.58,Completed
2988,984,2025-12-06,Social Media,West,41.38,2.07,5.27,44.58,44.58,Completed
2989,984,2025-12-27,Email,West,211.9,0.0,0.0,211.9,211.9,Completed
2990,985,2023-10-28,Social Media,Central,81.84,0.0,0.0,81.84,81.84,Completed
2991,985,2023-12-18,Direct,Central,142.08,14.21,0.0,127.87,127.87,Completed
2992,985,2024-02-26,Referral,Central,142.32,0.0,0.0,142.32,142.32,Completed
2993,985,2024-07-14,Paid Ads,Central,423.7,0.0,0.0,423.7,423.7,Completed
2994,985,2024-09-16,Direct,Central,380.04,38.0,0.0,342.04,342.04,Completed
2995,985,2024-10-27,Paid Ads,Central,196.05,0.0,0.0,196.05,196.05,Completed
2996,985,2025-09-19,Email,Central,902.33,0.0,0.0,902.33,902.33,Completed
2997,985,2025-11-26,Email,Central,3289.16,328.92,0.0,2960.24,2960.24,Completed
2998,986,2024-07-07,Paid Ads,North,610.87,0.0,0.0,610.87,610.87,Completed
2999,986,2024-08-21,Organic Search,North,1436.56,0.0,0.0,1436.56,1436.56,Completed
3000,986,2024-09-15,Organic Search,North,44.44,0.0,8.8,53.24,53.24,Completed
3001,986,2025-02-11,Paid Ads,North,525.83,0.0,0.0,525.83,525.83,Completed
3002,986,2025-03-05,Organic Search,North,97.96,0.0,0.0,97.96,97.96,Completed
3003,986,2025-03-21,Organic Search,North,35.75,5.36,8.87,39.26,39.26,Completed
3004,987,2023-11-04,Organic Search,South,701.91,70.19,0.0,0.0,631.72,Returned
3005,987,2023-12-31,Social Media,South,995.43,99.54,0.0,895.89,895.89,Completed
3006,987,2024-09-17,Referral,South,676.29,0.0,0.0,676.29,676.29,Completed
3007,987,2025-05-27,Organic Search,South,856.66,0.0,0.0,856.66,856.66,Completed
3008,987,2025-06-20,Paid Ads,South,626.26,0.0,0.0,626.26,626.26,Completed
3009,988,2024-06-03,Paid Ads,South,288.96,57.79,0.0,231.17,231.17,Completed
3010,988,2025-02-19,Organic Search,South,163.28,8.16,0.0,155.12,155.12,Completed
3011,988,2025-06-06,Email,South,270.56,13.53,0.0,257.03,257.03,Completed
3012,989,2023-08-29,Social Media,Central,659.93,0.0,0.0,659.93,659.93,Completed
3013,991,2023-04-27,Organic Search,West,564.05,0.0,0.0,564.05,564.05,Completed
3014,991,2023-05-04,Email,West,385.7,0.0,0.0,0.0,385.7,Returned
3015,991,2024-01-07,Direct,West,1287.2,64.36,0.0,1222.84,1222.84,Completed
3016,991,2024-01-27,Email,West,982.47,0.0,0.0,0.0,982.47,Returned
3017,991,2024-02-12,Paid Ads,West,76.1,0.0,0.0,76.1,76.1,Completed
3018,991,2024-04-27,Paid Ads,West,621.2,0.0,0.0,621.2,621.2,Completed
3019,992,2024-12-19,Social Media,East,887.0,0.0,0.0,887.0,887.0,Completed
3020,993,2024-07-05,Organic Search,North,325.66,32.57,0.0,293.09,293.09,Completed
3021,993,2024-09-30,Organic Search,North,36.96,0.0,6.45,43.41,43.41,Completed
3022,993,2024-10-17,Organic Search,North,2297.16,0.0,0.0,2297.16,2297.16,Completed
3023,993,2025-01-17,Direct,North,149.47,0.0,0.0,149.47,149.47,Completed
3024,993,2025-03-12,Referral,North,312.11,0.0,0.0,312.11,312.11,Completed
3025,993,2025-04-22,Referral,North,1680.52,84.03,0.0,1596.49,1596.49,Completed
3026,993,2025-06-21,Referral,North,944.34,94.43,0.0,849.91,849.91,Completed
3027,993,2025-07-23,Organic Search,North,357.16,0.0,0.0,357.16,357.16,Completed
3028,993,2025-08-11,Paid Ads,North,207.51,0.0,0.0,207.51,207.51,Completed
3029,993,2025-11-29,Email,North,2059.61,102.98,0.0,1956.63,1956.63,Completed
3030,993,2025-12-27,Paid Ads,North,105.1,5.26,0.0,0.0,99.84,Returned
3031,994,2024-03-26,Social Media,West,696.32,104.45,0.0,591.87,591.87,Completed
3032,994,2024-04-23,Organic Search,West,100.6,10.06,0.0,90.54,90.54,Completed
3033,994,2024-12-07,Paid Ads,West,39.51,0.0,6.64,46.15,46.15,Completed
3034,995,2024-09-11,Social Media,Central,536.02,0.0,0.0,536.02,536.02,Completed
3035,996,2025-06-09,Direct,North,1163.14,58.16,0.0,1104.98,1104.98,Completed
3036,996,2025-09-08,Paid Ads,North,666.59,66.66,0.0,599.93,599.93,Completed
3037,997,2023-12-18,Direct,North,45.45,0.0,5.36,50.81,50.81,Completed
3038,997,2024-09-03,Social Media,North,146.19,0.0,0.0,146.19,146.19,Completed
3039,997,2024-11-04,Email,North,12.53,0.0,7.95,20.48,20.48,Completed
3040,997,2024-12-20,Social Media,North,189.78,0.0,0.0,189.78,189.78,Completed
3041,998,2023-12-13,Email,North,593.78,0.0,0.0,593.78,593.78,Completed
3042,998,2023-12-20,Email,North,1527.73,0.0,0.0,1527.73,1527.73,Completed
3043,998,2024-09-09,Social Media,North,38.39,0.0,8.17,46.56,46.56,Completed
3044,998,2025-05-30,Paid Ads,North,456.94,22.85,0.0,434.09,434.09,Completed
3045,998,2025-06-17,Organic Search,North,7.51,0.0,6.86,14.37,14.37,Completed
3046,999,2024-07-01,Direct,East,2964.54,444.68,0.0,2519.86,2519.86,Completed
3047,999,2024-09-05,Organic Search,East,939.4,187.88,0.0,0.0,751.52,Returned
3048,999,2024-11-04,Organic Search,East,178.09,0.0,0.0,178.09,178.09,Completed
3049,999,2024-11-28,Direct,East,69.55,10.43,7.48,66.6,66.6,Completed
3050,999,2025-04-18,Organic Search,East,35.37,0.0,6.48,41.85,41.85,Completed
3051,999,2025-04-24,Social Media,East,2211.91,0.0,0.0,2211.91,2211.91,Completed
3052,999,2025-05-02,Organic Search,East,269.48,0.0,0.0,269.48,269.48,Completed
3053,999,2025-05-21,Paid Ads,East,120.66,0.0,0.0,120.66,120.66,Completed
3054,999,2025-08-05,Direct,East,279.98,0.0,0.0,279.98,279.98,Completed
3055,1000,2025-02-14,Direct,South,92.02,4.6,0.0,87.42,87.42,Completed
3056,1001,2023-11-25,Paid Ads,Central,135.7,0.0,0.0,135.7,135.7,Completed
3057,1001,2024-09-22,Organic Search,Central,224.88,0.0,0.0,224.88,224.88,Completed
3058,1001,2024-12-19,Email,Central,823.93,0.0,0.0,823.93,823.93,Completed
3059,1001,2025-02-14,Organic Search,Central,768.61,38.43,0.0,730.18,730.18,Completed
3060,1001,2025-02-18,Email,Central,208.74,10.44,0.0,198.3,198.3,Completed
3061,1001,2025-05-04,Email,Central,1337.01,200.55,0.0,1136.46,1136.46,Completed
3062,1001,2025-10-29,Organic Search,Central,195.29,29.29,0.0,166.0,166.0,Completed
3063,1002,2024-03-02,Paid Ads,Central,536.1,53.61,0.0,482.49,482.49,Completed
3064,1002,2024-10-08,Direct,Central,319.8,31.98,0.0,287.82,287.82,Completed
3065,1003,2025-02-09,Paid Ads,West,283.1,0.0,0.0,283.1,283.1,Completed
3066,1003,2025-02-20,Social Media,West,1605.9,160.59,0.0,1445.31,1445.31,Completed
3067,1003,2025-04-13,Organic Search,West,90.66,0.0,0.0,90.66,90.66,Completed
3068,1003,2025-05-05,Organic Search,West,285.82,0.0,0.0,285.82,285.82,Completed
3069,1003,2025-10-06,Email,West,42.35,4.24,4.5,42.61,42.61,Completed
3070,1003,2025-10-28,Direct,West,547.4,0.0,0.0,547.4,547.4,Completed
3071,1004,2024-02-26,Paid Ads,South,65.25,6.52,5.34,64.07,64.07,Completed
3072,1004,2024-05-08,Social Media,South,81.3,0.0,0.0,81.3,81.3,Completed
3073,1004,2024-06-27,Social Media,South,979.35,48.97,0.0,930.38,930.38,Completed
3074,1004,2024-06-30,Organic Search,South,293.38,58.68,0.0,234.7,234.7,Completed
3075,1004,2024-08-28,Paid Ads,South,761.65,38.08,0.0,723.57,723.57,Completed
3076,1004,2024-11-13,Email,South,388.04,19.4,0.0,368.64,368.64,Completed
3077,1004,2025-03-29,Email,South,251.81,12.59,0.0,239.22,239.22,Completed
3078,1004,2025-04-02,Direct,South,453.28,0.0,0.0,453.28,453.28,Completed
3079,1004,2025-10-29,Direct,South,341.05,0.0,0.0,341.05,341.05,Completed
3080,1004,2025-11-10,Paid Ads,South,238.76,0.0,0.0,238.76,238.76,Completed
3081,1006,2024-10-13,Organic Search,Central,1163.73,58.19,0.0,1105.54,1105.54,Completed
3082,1006,2025-11-05,Organic Search,Central,54.08,0.0,6.5,60.58,60.58,Completed
3083,1007,2023-05-14,Organic Search,North,386.18,38.62,0.0,347.56,347.56,Completed
3084,1007,2023-06-22,Organic Search,North,32.4,3.24,8.48,37.64,37.64,Completed
3085,1007,2023-10-31,Paid Ads,North,33.06,0.0,6.81,39.87,39.87,Completed
3086,1007,2024-02-21,Email,North,27.96,0.0,4.76,32.72,32.72,Completed
3087,1007,2024-08-11,Paid Ads,North,426.61,0.0,0.0,426.61,426.61,Completed
3088,1007,2024-10-14,Direct,North,588.13,0.0,0.0,588.13,588.13,Completed
3089,1007,2024-10-30,Organic Search,North,38.44,0.0,5.98,0.0,44.42,Returned
3090,1007,2025-01-02,Email,North,217.59,0.0,0.0,217.59,217.59,Completed
3091,1007,2025-09-23,Direct,North,243.94,0.0,0.0,243.94,243.94,Completed
3092,1008,2024-12-13,Email,West,1706.92,0.0,0.0,0.0,1706.92,Returned
3093,1008,2025-02-20,Social Media,West,879.9,0.0,0.0,0.0,879.9,Returned
3094,1008,2025-05-14,Social Media,West,86.0,8.6,0.0,77.4,77.4,Completed
3095,1008,2025-11-04,Email,West,30.37,6.07,4.78,29.08,29.08,Completed
3096,1009,2024-11-10,Paid Ads,North,82.5,0.0,0.0,82.5,82.5,Completed
3097,1009,2025-12-25,Organic Search,North,17.49,2.62,7.42,0.0,22.29,Returned
3098,1010,2023-03-26,Email,East,336.68,16.83,0.0,319.85,319.85,Completed
3099,1010,2023-04-12,Organic Search,East,144.33,0.0,0.0,144.33,144.33,Completed
3100,1010,2023-05-18,Organic Search,East,82.14,16.43,0.0,65.71,65.71,Completed
3101,1010,2023-12-22,Organic Search,East,931.44,0.0,0.0,931.44,931.44,Completed
3102,1010,2024-01-28,Social Media,East,721.46,0.0,0.0,721.46,721.46,Completed
3103,1010,2024-05-26,Social Media,East,426.6,42.66,0.0,383.94,383.94,Completed
3104,1010,2024-08-29,Organic Search,East,168.64,0.0,0.0,168.64,168.64,Completed
3105,1011,2024-08-24,Social Media,South,54.48,0.0,5.55,60.03,60.03,Completed
3106,1011,2024-11-09,Social Media,South,1716.39,0.0,0.0,1716.39,1716.39,Completed
3107,1011,2025-02-17,Email,South,702.63,0.0,0.0,702.63,702.63,Completed
3108,1011,2025-07-11,Social Media,South,738.4,36.92,0.0,701.48,701.48,Completed
3109,1011,2025-07-30,Organic Search,South,50.24,2.51,6.31,54.04,54.04,Completed
3110,1011,2025-08-20,Email,South,209.51,0.0,0.0,209.51,209.51,Completed
3111,1011,2025-09-09,Referral,South,1169.07,0.0,0.0,1169.07,1169.07,Completed
3112,1012,2024-01-04,Organic Search,West,167.47,16.75,0.0,150.72,150.72,Completed
3113,1013,2025-09-29,Email,North,221.33,0.0,0.0,221.33,221.33,Completed
3114,1014,2024-05-12,Social Media,North,126.24,0.0,0.0,126.24,126.24,Completed
3115,1014,2025-04-19,Referral,North,2491.57,0.0,0.0,2491.57,2491.57,Completed
3116,1014,2025-11-23,Direct,North,43.36,0.0,6.53,49.89,49.89,Completed
3117,1015,2025-02-26,Email,South,944.11,0.0,0.0,944.11,944.11,Completed
3118,1016,2023-10-11,Email,North,504.62,0.0,0.0,504.62,504.62,Completed
3119,1016,2024-10-09,Direct,North,1458.0,72.9,0.0,1385.1,1385.1,Completed
3120,1016,2025-04-22,Organic Search,North,331.42,16.57,0.0,314.85,314.85,Completed
3121,1016,2025-06-29,Social Media,North,402.6,0.0,0.0,402.6,402.6,Completed
3122,1016,2025-07-06,Email,North,298.54,0.0,0.0,298.54,298.54,Completed
3123,1018,2024-04-07,Paid Ads,North,31.06,0.0,6.19,37.25,37.25,Completed
3124,1018,2024-04-07,Organic Search,North,502.82,0.0,0.0,502.82,502.82,Completed
3125,1019,2025-08-29,Social Media,North,132.99,6.65,0.0,126.34,126.34,Completed
3126,1020,2024-05-31,Paid Ads,East,170.32,8.52,0.0,161.8,161.8,Completed
3127,1020,2024-07-10,Direct,East,511.68,0.0,0.0,511.68,511.68,Completed
3128,1020,2025-12-09,Social Media,East,662.08,0.0,0.0,662.08,662.08,Completed
3129,1021,2024-02-29,Paid Ads,North,1153.27,0.0,0.0,1153.27,1153.27,Completed
3130,1023,2025-06-05,Email,West,867.96,86.8,0.0,781.16,781.16,Completed
3131,1024,2024-11-20,Direct,West,319.52,0.0,0.0,319.52,319.52,Completed
3132,1024,2025-07-21,Social Media,West,393.3,39.33,0.0,353.97,353.97,Completed
3133,1024,2025-12-16,Direct,West,171.78,17.18,0.0,154.6,154.6,Completed
3134,1026,2025-10-03,Organic Search,South,762.63,0.0,0.0,762.63,762.63,Completed
3135,1027,2024-12-07,Direct,South,103.49,0.0,0.0,103.49,103.49,Completed
3136,1027,2025-04-22,Social Media,South,14.9,0.0,8.64,23.54,23.54,Completed
3137,1028,2025-12-11,Paid Ads,North,1043.88,0.0,0.0,1043.88,1043.88,Completed
3138,1029,2023-07-21,Paid Ads,East,627.61,0.0,0.0,627.61,627.61,Completed
3139,1030,2023-12-15,Organic Search,East,1581.68,79.08,0.0,1502.6,1502.6,Completed
3140,1030,2024-09-24,Organic Search,East,172.94,8.65,0.0,164.29,164.29,Completed
3141,1032,2024-08-03,Direct,South,86.06,0.0,0.0,86.06,86.06,Completed
3142,1032,2024-08-07,Paid Ads,South,21.28,0.0,4.35,25.63,25.63,Completed
3143,1032,2024-11-10,Organic Search,South,177.75,0.0,0.0,177.75,177.75,Completed
3144,1033,2024-10-22,Organic Search,North,41.73,0.0,5.07,46.8,46.8,Completed
3145,1034,2024-11-30,Social Media,East,237.36,35.6,0.0,201.76,201.76,Completed
3146,1034,2024-12-18,Email,East,455.18,0.0,0.0,455.18,455.18,Completed
3147,1034,2025-04-15,Email,East,515.73,0.0,0.0,515.73,515.73,Completed
3148,1035,2024-12-08,Social Media,North,283.6,0.0,0.0,283.6,283.6,Completed
3149,1037,2025-03-30,Paid Ads,South,263.79,39.57,0.0,224.22,224.22,Completed
3150,1037,2025-06-04,Social Media,South,443.67,0.0,0.0,443.67,443.67,Completed
3151,1037,2025-07-05,Paid Ads,South,283.67,0.0,0.0,283.67,283.67,Completed
3152,1037,2025-09-02,Paid Ads,South,1470.64,0.0,0.0,1470.64,1470.64,Completed
3153,1038,2025-05-21,Direct,South,114.24,11.42,0.0,102.82,102.82,Completed
3154,1038,2025-06-10,Paid Ads,South,68.57,0.0,8.51,77.08,77.08,Completed
3155,1038,2025-10-15,Paid Ads,South,121.55,12.16,0.0,109.39,109.39,Completed
3156,1038,2025-11-16,Paid Ads,South,56.75,0.0,7.23,63.98,63.98,Completed
3157,1039,2023-08-21,Social Media,East,82.36,0.0,0.0,0.0,82.36,Returned
3158,1039,2024-09-26,Referral,East,158.67,0.0,0.0,158.67,158.67,Completed
3159,1039,2024-10-19,Direct,East,332.58,33.26,0.0,299.32,299.32,Completed
3160,1039,2025-06-08,Email,East,128.13,0.0,0.0,128.13,128.13,Completed
3161,1040,2024-02-28,Social Media,Central,411.34,0.0,0.0,411.34,411.34,Completed
3162,1040,2024-09-13,Paid Ads,Central,134.3,20.14,0.0,114.16,114.16,Completed
3163,1040,2024-10-22,Organic Search,Central,1211.66,0.0,0.0,1211.66,1211.66,Completed
3164,1040,2024-11-26,Paid Ads,Central,838.09,83.81,0.0,754.28,754.28,Completed
3165,1040,2025-01-02,Paid Ads,Central,546.57,27.33,0.0,519.24,519.24,Completed
3166,1040,2025-05-14,Social Media,Central,344.15,51.62,0.0,292.53,292.53,Completed
3167,1040,2025-07-07,Organic Search,Central,80.46,0.0,0.0,80.46,80.46,Completed
3168,1041,2024-05-18,Direct,West,143.53,14.35,0.0,129.18,129.18,Completed
3169,1041,2024-05-31,Social Media,West,16.09,2.41,8.64,22.32,22.32,Completed
3170,1041,2024-06-23,Paid Ads,West,24.42,0.0,5.36,29.78,29.78,Completed
3171,1041,2024-07-20,Paid Ads,West,681.45,0.0,0.0,681.45,681.45,Completed
3172,1041,2024-08-14,Paid Ads,West,10.67,0.0,6.76,17.43,17.43,Completed
3173,1041,2024-12-01,Paid Ads,West,758.83,37.94,0.0,720.89,720.89,Completed
3174,1041,2024-12-23,Paid Ads,West,1180.86,0.0,0.0,1180.86,1180.86,Completed
3175,1041,2025-04-28,Organic Search,West,136.79,0.0,0.0,136.79,136.79,Completed
3176,1041,2025-05-10,Direct,West,134.93,20.24,0.0,114.69,114.69,Completed
3177,1041,2025-06-28,Social Media,West,576.37,0.0,0.0,576.37,576.37,Completed
3178,1041,2025-09-25,Direct,West,210.98,0.0,0.0,210.98,210.98,Completed
3179,1041,2025-11-23,Organic Search,West,283.46,0.0,0.0,283.46,283.46,Completed
3180,1043,2023-11-21,Social Media,East,569.59,85.44,0.0,484.15,484.15,Completed
3181,1043,2024-05-22,Organic Search,East,82.81,8.28,0.0,74.53,74.53,Completed
3182,1044,2023-08-02,Paid Ads,North,1809.64,90.48,0.0,1719.16,1719.16,Completed
3183,1046,2023-09-02,Direct,East,2667.0,0.0,0.0,2667.0,2667.0,Completed
3184,1046,2024-01-02,Social Media,East,387.84,0.0,0.0,387.84,387.84,Completed
3185,1046,2024-02-16,Email,East,642.28,0.0,0.0,642.28,642.28,Completed
3186,1047,2025-10-11,Social Media,North,32.7,3.27,8.14,37.57,37.57,Completed
3187,1048,2023-09-25,Paid Ads,South,196.82,9.84,0.0,186.98,186.98,Completed
3188,1048,2025-02-27,Direct,South,333.96,0.0,0.0,333.96,333.96,Completed
3189,1048,2025-12-04,Paid Ads,South,1627.72,0.0,0.0,1627.72,1627.72,Completed
3190,1049,2024-01-29,Direct,South,44.56,2.23,7.62,49.95,49.95,Completed
3191,1049,2024-02-10,Paid Ads,South,459.5,0.0,0.0,459.5,459.5,Completed
3192,1049,2024-07-14,Paid Ads,South,209.22,10.46,0.0,198.76,198.76,Completed
3193,1049,2024-09-29,Referral,South,289.31,0.0,0.0,289.31,289.31,Completed
3194,1049,2024-12-07,Social Media,South,453.34,0.0,0.0,453.34,453.34,Completed
3195,1049,2025-05-18,Paid Ads,South,333.04,0.0,0.0,0.0,333.04,Returned
3196,1049,2025-09-23,Organic Search,South,468.35,0.0,0.0,468.35,468.35,Completed
3197,1049,2025-12-30,Social Media,South,508.2,0.0,0.0,508.2,508.2,Completed
3198,1051,2024-12-25,Direct,West,210.34,0.0,0.0,210.34,210.34,Completed
3199,1053,2023-07-15,Email,North,141.49,0.0,0.0,141.49,141.49,Completed
3200,1053,2023-08-28,Referral,North,627.16,0.0,0.0,627.16,627.16,Completed
3201,1053,2024-09-14,Paid Ads,North,2058.06,0.0,0.0,2058.06,2058.06,Completed
3202,1053,2025-08-17,Email,North,713.6,0.0,0.0,713.6,713.6,Completed
3203,1054,2024-04-04,Email,West,313.48,31.35,0.0,282.13,282.13,Completed
3204,1054,2024-04-28,Organic Search,West,1000.16,0.0,0.0,1000.16,1000.16,Completed
3205,1054,2024-05-28,Paid Ads,West,261.98,0.0,0.0,261.98,261.98,Completed
3206,1054,2024-11-14,Direct,West,261.22,26.12,0.0,235.1,235.1,Completed
3207,1054,2025-01-04,Email,West,118.34,0.0,0.0,118.34,118.34,Completed
3208,1054,2025-03-13,Organic Search,West,265.36,0.0,0.0,265.36,265.36,Completed
3209,1054,2025-04-20,Direct,West,88.23,4.41,0.0,83.82,83.82,Completed
3210,1055,2023-07-10,Direct,South,3729.01,0.0,0.0,3729.01,3729.01,Completed
3211,1055,2023-11-12,Paid Ads,South,166.79,0.0,0.0,166.79,166.79,Completed
3212,1055,2023-11-20,Paid Ads,South,173.38,0.0,0.0,173.38,173.38,Completed
3213,1055,2024-01-04,Social Media,South,484.55,48.46,0.0,436.09,436.09,Completed
3214,1055,2024-03-14,Email,South,1847.6,0.0,0.0,1847.6,1847.6,Completed
3215,1055,2024-07-26,Social Media,South,22.11,0.0,5.45,27.56,27.56,Completed
3216,1055,2024-09-08,Organic Search,South,124.48,0.0,0.0,124.48,124.48,Completed
3217,1055,2024-11-12,Organic Search,South,777.88,0.0,0.0,777.88,777.88,Completed
3218,1055,2025-04-29,Organic Search,South,875.06,87.51,0.0,787.55,787.55,Completed
3219,1055,2025-05-25,Organic Search,South,1188.14,0.0,0.0,1188.14,1188.14,Completed
3220,1055,2025-08-07,Direct,South,246.06,12.3,0.0,0.0,233.76,Returned
3221,1055,2025-12-11,Social Media,South,969.93,0.0,0.0,969.93,969.93,Completed
3222,1056,2024-08-23,Organic Search,East,282.13,0.0,0.0,282.13,282.13,Completed
3223,1056,2025-09-05,Organic Search,East,177.95,0.0,0.0,177.95,177.95,Completed
3224,1057,2025-05-01,Direct,East,202.46,20.25,0.0,182.21,182.21,Completed
3225,1057,2025-07-24,Direct,East,56.49,2.82,5.0,58.67,58.67,Completed
3226,1058,2025-08-04,Paid Ads,North,157.14,0.0,0.0,157.14,157.14,Completed
3227,1059,2024-02-24,Paid Ads,East,27.46,0.0,5.6,33.06,33.06,Completed
3228,1059,2024-08-14,Paid Ads,East,171.63,25.74,0.0,145.89,145.89,Completed
3229,1059,2025-02-09,Organic Search,East,48.21,0.0,4.63,52.84,52.84,Completed
3230,1059,2025-02-25,Social Media,East,596.89,0.0,0.0,596.89,596.89,Completed
3231,1059,2025-05-27,Referral,East,294.9,0.0,0.0,0.0,294.9,Returned
3232,1059,2025-09-04,Organic Search,East,186.26,9.31,0.0,176.95,176.95,Completed
3233,1060,2024-01-08,Organic Search,South,545.11,0.0,0.0,545.11,545.11,Completed
3234,1060,2024-06-26,Direct,South,408.57,0.0,0.0,408.57,408.57,Completed
3235,1060,2024-08-21,Email,South,288.13,0.0,0.0,288.13,288.13,Completed
3236,1060,2024-09-08,Direct,South,364.33,0.0,0.0,364.33,364.33,Completed
3237,1060,2024-12-09,Social Media,South,125.06,0.0,0.0,125.06,125.06,Completed
3238,1062,2023-06-22,Organic Search,Central,14.71,0.0,7.51,22.22,22.22,Completed
3239,1062,2023-07-14,Social Media,Central,30.67,0.0,5.72,36.39,36.39,Completed
3240,1062,2024-02-12,Email,Central,742.14,0.0,0.0,742.14,742.14,Completed
3241,1062,2024-06-07,Email,Central,1399.08,0.0,0.0,1399.08,1399.08,Completed
3242,1062,2024-07-14,Paid Ads,Central,155.26,0.0,0.0,155.26,155.26,Completed
3243,1062,2024-10-11,Paid Ads,Central,369.04,0.0,0.0,369.04,369.04,Completed
3244,1062,2024-12-02,Paid Ads,Central,403.84,0.0,0.0,403.84,403.84,Completed
3245,1063,2023-08-15,Email,East,96.42,0.0,0.0,96.42,96.42,Completed
3246,1063,2023-10-25,Social Media,East,199.21,0.0,0.0,199.21,199.21,Completed
3247,1063,2024-01-16,Paid Ads,East,149.16,0.0,0.0,149.16,149.16,Completed
3248,1065,2024-01-08,Social Media,Central,1645.14,0.0,0.0,1645.14,1645.14,Completed
3249,1065,2024-02-12,Referral,Central,935.9,46.79,0.0,889.11,889.11,Completed
3250,1065,2024-02-24,Email,Central,80.51,0.0,0.0,80.51,80.51,Completed
3251,1065,2024-12-07,Organic Search,Central,11.23,1.12,4.14,14.25,14.25,Completed
3252,1065,2025-03-19,Organic Search,Central,227.65,0.0,0.0,227.65,227.65,Completed
3253,1066,2024-04-05,Paid Ads,South,613.24,61.32,0.0,551.92,551.92,Completed
3254,1066,2024-04-13,Organic Search,South,25.38,2.54,4.85,27.69,27.69,Completed
3255,1066,2024-04-18,Social Media,South,68.7,3.44,5.64,70.9,70.9,Completed
3256,1066,2024-05-10,Email,South,1692.72,0.0,0.0,1692.72,1692.72,Completed
3257,1066,2024-07-12,Paid Ads,South,382.79,76.56,0.0,306.23,306.23,Completed
3258,1066,2024-08-13,Email,South,37.54,0.0,5.99,43.53,43.53,Completed
3259,1066,2024-12-08,Organic Search,South,62.74,6.27,6.19,62.66,62.66,Completed
3260,1066,2025-01-01,Organic Search,South,21.75,1.09,7.43,28.09,28.09,Completed
3261,1066,2025-01-11,Organic Search,South,225.38,0.0,0.0,225.38,225.38,Completed
3262,1067,2025-01-09,Social Media,North,15.28,0.0,4.67,19.95,19.95,Completed
3263,1067,2025-09-15,Organic Search,North,771.07,0.0,0.0,771.07,771.07,Completed
3264,1068,2025-03-23,Direct,Central,291.18,0.0,0.0,291.18,291.18,Completed
3265,1069,2024-01-29,Paid Ads,Central,349.55,0.0,0.0,349.55,349.55,Completed
3266,1070,2025-04-04,Social Media,North,26.59,5.32,6.19,27.46,27.46,Completed
3267,1071,2024-09-30,Direct,East,53.54,0.0,8.35,61.89,61.89,Completed
3268,1071,2024-10-17,Direct,East,125.47,0.0,0.0,125.47,125.47,Completed
3269,1071,2024-10-28,Organic Search,East,79.05,7.9,0.0,71.15,71.15,Completed
3270,1071,2025-03-15,Social Media,East,121.53,12.15,0.0,109.38,109.38,Completed
3271,1071,2025-07-29,Social Media,East,479.34,0.0,0.0,479.34,479.34,Completed
3272,1071,2025-10-16,Direct,East,898.92,0.0,0.0,898.92,898.92,Completed
3273,1072,2025-12-10,Direct,Central,22.03,0.0,8.75,30.78,30.78,Completed
3274,1073,2023-06-29,Direct,South,1246.86,0.0,0.0,1246.86,1246.86,Completed
3275,1073,2023-08-10,Direct,South,1474.99,0.0,0.0,1474.99,1474.99,Completed
3276,1073,2023-11-02,Social Media,South,83.7,4.19,0.0,79.51,79.51,Completed
3277,1073,2024-05-07,Social Media,South,212.21,0.0,0.0,212.21,212.21,Completed
3278,1073,2025-06-16,Organic Search,South,780.4,0.0,0.0,780.4,780.4,Completed
3279,1076,2023-11-09,Organic Search,West,9.96,0.0,4.76,14.72,14.72,Completed
3280,1076,2023-12-30,Direct,West,247.82,12.39,0.0,235.43,235.43,Completed
3281,1076,2024-03-13,Direct,West,791.83,79.18,0.0,712.65,712.65,Completed
3282,1076,2024-10-15,Paid Ads,West,76.78,0.0,0.0,76.78,76.78,Completed
3283,1076,2025-03-04,Paid Ads,West,19.77,0.99,6.21,24.99,24.99,Completed
3284,1076,2025-10-13,Direct,West,345.25,34.52,0.0,310.73,310.73,Completed
3285,1076,2025-10-16,Email,West,255.04,0.0,0.0,255.04,255.04,Completed
3286,1076,2025-11-29,Paid Ads,West,141.77,7.09,0.0,134.68,134.68,Completed
3287,1077,2024-04-11,Paid Ads,West,17.26,0.0,4.36,21.62,21.62,Completed
3288,1077,2025-05-17,Email,West,146.45,7.32,0.0,139.13,139.13,Completed
3289,1078,2023-06-08,Organic Search,South,435.38,0.0,0.0,435.38,435.38,Completed
3290,1078,2023-06-26,Social Media,South,676.38,0.0,0.0,0.0,676.38,Returned
3291,1078,2023-09-07,Paid Ads,South,863.51,0.0,0.0,863.51,863.51,Completed
3292,1078,2023-12-18,Social Media,South,66.62,6.66,4.2,64.16,64.16,Completed
3293,1078,2024-03-31,Paid Ads,South,143.1,7.16,0.0,135.94,135.94,Completed
3294,1078,2024-08-04,Referral,South,1262.18,0.0,0.0,1262.18,1262.18,Completed
3295,1078,2024-09-21,Organic Search,South,118.6,0.0,0.0,118.6,118.6,Completed
3296,1078,2024-10-27,Organic Search,South,487.76,24.39,0.0,463.37,463.37,Completed
3297,1078,2025-02-27,Email,South,469.24,70.39,0.0,398.85,398.85,Completed
3298,1078,2025-04-19,Referral,South,260.57,26.06,0.0,0.0,234.51,Returned
3299,1078,2025-09-07,Social Media,South,914.23,45.71,0.0,868.52,868.52,Completed
3300,1079,2023-12-12,Social Media,South,235.91,47.18,0.0,188.73,188.73,Completed
3301,1079,2024-04-02,Organic Search,South,970.26,0.0,0.0,970.26,970.26,Completed
3302,1079,2024-05-20,Paid Ads,South,48.29,4.83,4.8,48.26,48.26,Completed
3303,1079,2024-07-10,Organic Search,South,507.95,0.0,0.0,507.95,507.95,Completed
3304,1079,2024-07-12,Direct,South,382.98,0.0,0.0,382.98,382.98,Completed
3305,1079,2025-09-17,Paid Ads,South,1070.18,0.0,0.0,1070.18,1070.18,Completed
3306,1080,2025-08-05,Paid Ads,Central,289.14,28.91,0.0,260.23,260.23,Completed
3307,1080,2025-10-20,Email,Central,458.68,0.0,0.0,458.68,458.68,Completed
3308,1083,2023-06-29,Organic Search,East,122.4,6.12,0.0,116.28,116.28,Completed
3309,1083,2023-07-16,Organic Search,East,984.74,0.0,0.0,984.74,984.74,Completed
3310,1083,2023-10-04,Paid Ads,East,617.34,61.73,0.0,555.61,555.61,Completed
3311,1083,2024-07-08,Organic Search,East,232.09,0.0,0.0,232.09,232.09,Completed
3312,1083,2025-03-04,Social Media,East,468.88,23.44,0.0,445.44,445.44,Completed
3313,1084,2023-10-01,Email,South,23.18,3.48,6.46,26.16,26.16,Completed
3314,1084,2023-10-27,Organic Search,South,116.69,17.5,0.0,99.19,99.19,Completed
3315,1084,2024-04-04,Organic Search,South,142.86,28.57,0.0,114.29,114.29,Completed
3316,1084,2024-05-07,Organic Search,South,508.53,0.0,0.0,508.53,508.53,Completed
3317,1084,2024-08-06,Organic Search,South,361.93,0.0,0.0,361.93,361.93,Completed
3318,1085,2023-08-05,Paid Ads,West,149.78,0.0,0.0,149.78,149.78,Completed
3319,1085,2023-11-07,Social Media,West,14.65,0.73,4.97,18.89,18.89,Completed
3320,1085,2024-06-13,Organic Search,West,439.85,0.0,0.0,439.85,439.85,Completed
3321,1085,2024-07-24,Social Media,West,67.03,10.05,4.71,61.69,61.69,Completed
3322,1085,2024-08-24,Organic Search,West,359.25,71.85,0.0,287.4,287.4,Completed
3323,1085,2025-09-20,Social Media,West,749.12,74.91,0.0,674.21,674.21,Completed
3324,1085,2025-09-29,Social Media,West,272.2,0.0,0.0,272.2,272.2,Completed
3325,1085,2025-11-26,Paid Ads,West,175.97,8.8,0.0,167.17,167.17,Completed
3326,1085,2025-12-15,Organic Search,West,685.23,34.26,0.0,650.97,650.97,Completed
3327,1086,2024-12-27,Social Media,East,17.28,0.0,5.21,22.49,22.49,Completed
3328,1087,2024-09-17,Paid Ads,West,2097.11,209.71,0.0,1887.4,1887.4,Completed
3329,1087,2024-10-07,Organic Search,West,543.72,81.56,0.0,462.16,462.16,Completed
3330,1087,2024-10-29,Social Media,West,101.03,0.0,0.0,101.03,101.03,Completed
3331,1087,2024-12-24,Email,West,52.5,7.88,5.28,49.9,49.9,Completed
3332,1087,2025-06-26,Direct,West,193.28,9.66,0.0,183.62,183.62,Completed
3333,1087,2025-06-30,Organic Search,West,295.14,0.0,0.0,295.14,295.14,Completed
3334,1087,2025-07-04,Email,West,91.6,0.0,0.0,91.6,91.6,Completed
3335,1087,2025-07-09,Organic Search,West,843.48,84.35,0.0,759.13,759.13,Completed
3336,1088,2024-06-17,Email,South,107.75,0.0,0.0,107.75,107.75,Completed
3337,1088,2025-05-15,Organic Search,South,105.66,15.85,0.0,89.81,89.81,Completed
3338,1088,2025-10-27,Email,South,199.64,0.0,0.0,199.64,199.64,Completed
3339,1090,2024-05-21,Organic Search,North,38.15,5.72,4.54,36.97,36.97,Completed
3340,1091,2025-05-11,Social Media,East,1232.79,246.56,0.0,0.0,986.23,Returned
3341,1091,2025-09-16,Social Media,East,322.23,16.11,0.0,306.12,306.12,Completed
3342,1092,2025-04-10,Paid Ads,East,34.67,6.93,8.43,36.17,36.17,Completed
3343,1092,2025-07-18,Paid Ads,East,111.05,0.0,0.0,111.05,111.05,Completed
3344,1092,2025-08-15,Organic Search,East,34.82,0.0,8.14,42.96,42.96,Completed
3345,1092,2025-09-29,Email,East,167.94,0.0,0.0,167.94,167.94,Completed
3346,1092,2025-12-23,Direct,East,124.5,12.45,0.0,112.05,112.05,Completed
3347,1093,2024-02-21,Paid Ads,North,344.91,0.0,0.0,344.91,344.91,Completed
3348,1093,2024-03-13,Social Media,North,246.29,12.31,0.0,233.98,233.98,Completed
3349,1093,2025-02-09,Direct,North,169.12,0.0,0.0,169.12,169.12,Completed
3350,1093,2025-07-30,Organic Search,North,291.21,0.0,0.0,291.21,291.21,Completed
3351,1093,2025-09-08,Organic Search,North,85.67,4.28,0.0,81.39,81.39,Completed
3352,1093,2025-11-08,Paid Ads,North,75.82,0.0,0.0,75.82,75.82,Completed
3353,1094,2025-10-04,Paid Ads,East,2338.58,116.93,0.0,2221.65,2221.65,Completed
3354,1095,2023-12-08,Social Media,East,82.6,4.13,0.0,78.47,78.47,Completed
3355,1095,2024-04-12,Social Media,East,179.14,17.91,0.0,161.23,161.23,Completed
3356,1095,2024-04-27,Organic Search,East,394.8,39.48,0.0,355.32,355.32,Completed
3357,1095,2024-05-11,Organic Search,East,51.4,0.0,5.26,56.66,56.66,Completed
3358,1095,2024-09-20,Organic Search,East,152.03,0.0,0.0,152.03,152.03,Completed
3359,1095,2025-01-11,Social Media,East,2198.76,0.0,0.0,2198.76,2198.76,Completed
3360,1095,2025-01-21,Direct,East,261.63,0.0,0.0,261.63,261.63,Completed
3361,1095,2025-09-26,Social Media,East,18.74,0.0,4.7,23.44,23.44,Completed
3362,1096,2025-04-28,Email,West,230.41,0.0,0.0,230.41,230.41,Completed
3363,1097,2024-04-21,Paid Ads,North,358.09,17.9,0.0,340.19,340.19,Completed
3364,1097,2024-10-05,Organic Search,North,152.9,0.0,0.0,152.9,152.9,Completed
3365,1098,2025-12-12,Social Media,South,835.37,0.0,0.0,835.37,835.37,Completed
3366,1100,2024-08-30,Paid Ads,West,2248.69,0.0,0.0,2248.69,2248.69,Completed
3367,1100,2024-10-06,Direct,West,262.47,0.0,0.0,262.47,262.47,Completed
3368,1100,2025-02-05,Organic Search,West,553.98,0.0,0.0,553.98,553.98,Completed
3369,1100,2025-04-28,Organic Search,West,57.28,5.73,8.36,59.91,59.91,Completed
3370,1100,2025-08-18,Paid Ads,West,725.36,36.27,0.0,689.09,689.09,Completed
3371,1102,2024-09-02,Direct,Central,115.58,23.12,0.0,92.46,92.46,Completed
3372,1103,2025-10-07,Social Media,East,370.95,18.55,0.0,352.4,352.4,Completed
3373,1104,2024-10-26,Organic Search,East,1081.74,108.17,0.0,973.57,973.57,Completed
3374,1105,2024-11-16,Direct,West,53.28,0.0,5.94,59.22,59.22,Completed
3375,1106,2023-12-30,Paid Ads,East,2489.48,0.0,0.0,2489.48,2489.48,Completed
3376,1106,2025-08-10,Social Media,East,38.44,3.84,5.01,39.61,39.61,Completed
3377,1107,2024-02-08,Paid Ads,Central,1402.7,0.0,0.0,1402.7,1402.7,Completed
3378,1107,2024-02-15,Paid Ads,Central,244.12,0.0,0.0,244.12,244.12,Completed
3379,1107,2024-03-04,Organic Search,Central,270.46,0.0,0.0,270.46,270.46,Completed
3380,1107,2024-04-12,Organic Search,Central,347.13,0.0,0.0,347.13,347.13,Completed
3381,1107,2024-05-22,Paid Ads,Central,257.57,51.51,0.0,206.06,206.06,Completed
3382,1107,2024-08-19,Paid Ads,Central,155.59,0.0,0.0,155.59,155.59,Completed
3383,1107,2024-08-21,Email,Central,251.59,0.0,0.0,251.59,251.59,Completed
3384,1107,2024-11-11,Social Media,Central,91.8,0.0,0.0,91.8,91.8,Completed
3385,1107,2024-11-15,Social Media,Central,65.62,0.0,4.57,70.19,70.19,Completed
3386,1107,2024-12-19,Social Media,Central,101.51,0.0,0.0,101.51,101.51,Completed
3387,1107,2025-05-12,Paid Ads,Central,488.98,0.0,0.0,488.98,488.98,Completed
3388,1107,2025-05-27,Paid Ads,Central,223.14,11.16,0.0,211.98,211.98,Completed
3389,1107,2025-07-02,Referral,Central,342.82,34.28,0.0,308.54,308.54,Completed
3390,1107,2025-07-09,Organic Search,Central,593.31,59.33,0.0,533.98,533.98,Completed
3391,1107,2025-11-25,Organic Search,Central,676.4,0.0,0.0,676.4,676.4,Completed
3392,1108,2023-06-25,Paid Ads,West,17.57,2.64,7.56,22.49,22.49,Completed
3393,1108,2023-07-13,Paid Ads,West,951.61,47.58,0.0,904.03,904.03,Completed
3394,1108,2023-11-28,Paid Ads,West,398.0,59.7,0.0,338.3,338.3,Completed
3395,1108,2024-01-07,Paid Ads,West,995.92,0.0,0.0,995.92,995.92,Completed
3396,1109,2024-06-01,Email,North,512.78,0.0,0.0,512.78,512.78,Completed
3397,1109,2025-09-30,Email,North,35.38,0.0,8.4,43.78,43.78,Completed
3398,1110,2024-01-31,Paid Ads,East,1176.98,58.85,0.0,1118.13,1118.13,Completed
3399,1110,2024-02-20,Social Media,East,1491.75,149.18,0.0,1342.57,1342.57,Completed
3400,1110,2024-07-11,Social Media,East,705.25,70.53,0.0,634.72,634.72,Completed
3401,1111,2025-08-29,Direct,North,38.6,0.0,6.04,44.64,44.64,Completed
3402,1112,2025-07-03,Social Media,West,626.16,0.0,0.0,626.16,626.16,Completed
3403,1113,2025-01-31,Email,North,1124.32,0.0,0.0,1124.32,1124.32,Completed
3404,1114,2025-01-21,Email,North,57.97,5.8,8.29,60.46,60.46,Completed
3405,1114,2025-10-13,Organic Search,North,180.59,18.06,0.0,162.53,162.53,Completed
3406,1115,2024-06-04,Email,South,158.42,0.0,0.0,158.42,158.42,Completed
3407,1115,2025-02-12,Organic Search,South,24.48,0.0,5.55,30.03,30.03,Completed
3408,1116,2023-08-28,Social Media,West,555.46,0.0,0.0,555.46,555.46,Completed
3409,1117,2024-07-09,Organic Search,North,132.92,0.0,0.0,132.92,132.92,Completed
3410,1117,2024-08-10,Paid Ads,North,607.08,0.0,0.0,607.08,607.08,Completed
3411,1117,2025-04-10,Social Media,North,818.24,0.0,0.0,818.24,818.24,Completed
3412,1117,2025-06-09,Organic Search,North,207.73,0.0,0.0,207.73,207.73,Completed
3413,1117,2025-06-25,Email,North,102.65,0.0,0.0,102.65,102.65,Completed
3414,1117,2025-08-23,Organic Search,North,549.35,27.47,0.0,521.88,521.88,Completed
3415,1119,2023-10-23,Paid Ads,North,65.26,0.0,7.39,72.65,72.65,Completed
3416,1119,2024-02-10,Paid Ads,North,295.55,0.0,0.0,295.55,295.55,Completed
3417,1119,2025-01-27,Organic Search,North,11.55,0.0,6.89,18.44,18.44,Completed
3418,1119,2025-01-31,Paid Ads,North,903.02,0.0,0.0,903.02,903.02,Completed
3419,1119,2025-02-11,Social Media,North,74.4,0.0,6.74,0.0,81.14,Returned
3420,1119,2025-08-24,Organic Search,North,1897.18,284.58,0.0,1612.6,1612.6,Completed
3421,1119,2025-09-21,Referral,North,96.73,0.0,0.0,96.73,96.73,Completed
3422,1119,2025-10-10,Organic Search,North,469.43,46.94,0.0,422.49,422.49,Completed
3423,1120,2024-04-24,Organic Search,West,79.46,0.0,0.0,79.46,79.46,Completed
3424,1121,2025-10-20,Social Media,North,368.94,36.89,0.0,332.05,332.05,Completed
3425,1122,2024-11-14,Paid Ads,South,359.55,0.0,0.0,359.55,359.55,Completed
3426,1123,2025-11-11,Paid Ads,North,65.55,0.0,8.84,74.39,74.39,Completed
3427,1124,2025-03-05,Social Media,North,103.17,10.32,0.0,92.85,92.85,Completed
3428,1124,2025-03-09,Email,North,1039.31,0.0,0.0,1039.31,1039.31,Completed
3429,1124,2025-03-27,Paid Ads,North,305.58,0.0,0.0,305.58,305.58,Completed
3430,1124,2025-04-09,Paid Ads,North,118.09,0.0,0.0,118.09,118.09,Completed
3431,1124,2025-06-02,Email,North,162.86,8.14,0.0,154.72,154.72,Completed
3432,1125,2024-03-05,Social Media,West,149.77,29.95,0.0,119.82,119.82,Completed
3433,1125,2024-03-17,Organic Search,West,90.19,4.51,0.0,85.68,85.68,Completed
3434,1125,2024-03-30,Paid Ads,West,696.85,0.0,0.0,696.85,696.85,Completed
3435,1125,2024-07-03,Organic Search,West,41.98,6.3,4.2,39.88,39.88,Completed
3436,1125,2024-07-12,Organic Search,West,237.08,0.0,0.0,237.08,237.08,Completed
3437,1125,2025-09-23,Paid Ads,West,395.19,0.0,0.0,395.19,395.19,Completed
3438,1126,2024-05-13,Paid Ads,West,648.2,32.41,0.0,0.0,615.79,Returned
3439,1126,2024-06-04,Organic Search,West,370.48,37.05,0.0,333.43,333.43,Completed
3440,1126,2024-06-25,Email,West,582.46,0.0,0.0,582.46,582.46,Completed
3441,1126,2025-01-15,Organic Search,West,853.83,0.0,0.0,853.83,853.83,Completed
3442,1126,2025-06-24,Paid Ads,West,53.1,0.0,5.02,58.12,58.12,Completed
3443,1127,2024-12-14,Organic Search,South,56.35,0.0,7.59,0.0,63.94,Returned
3444,1127,2025-05-21,Direct,South,320.83,0.0,0.0,320.83,320.83,Completed
3445,1127,2025-06-12,Email,South,203.6,20.36,0.0,183.24,183.24,Completed
3446,1127,2025-08-23,Social Media,South,783.21,39.16,0.0,744.05,744.05,Completed
3447,1127,2025-10-02,Social Media,South,291.06,0.0,0.0,291.06,291.06,Completed
3448,1127,2025-10-23,Paid Ads,South,135.87,6.79,0.0,129.08,129.08,Completed
3449,1127,2025-10-27,Paid Ads,South,980.53,98.05,0.0,882.48,882.48,Completed
3450,1128,2025-03-11,Email,North,170.17,8.51,0.0,161.66,161.66,Completed
3451,1129,2025-01-09,Social Media,North,18.9,0.94,6.29,24.25,24.25,Completed
3452,1129,2025-07-24,Email,North,87.04,0.0,0.0,87.04,87.04,Completed
3453,1130,2025-06-27,Social Media,East,188.14,0.0,0.0,188.14,188.14,Completed
3454,1130,2025-09-07,Email,East,122.17,0.0,0.0,122.17,122.17,Completed
3455,1131,2024-04-10,Organic Search,North,481.79,0.0,0.0,481.79,481.79,Completed
3456,1131,2024-05-28,Social Media,North,809.58,0.0,0.0,809.58,809.58,Completed
3457,1131,2024-07-11,Organic Search,North,3115.77,0.0,0.0,3115.77,3115.77,Completed
3458,1131,2024-08-09,Email,North,17.35,0.87,8.77,25.25,25.25,Completed
3459,1131,2024-08-26,Direct,North,273.08,27.31,0.0,245.77,245.77,Completed
3460,1131,2024-12-26,Organic Search,North,102.22,0.0,0.0,102.22,102.22,Completed
3461,1131,2025-10-08,Direct,North,879.08,0.0,0.0,879.08,879.08,Completed
3462,1131,2025-10-15,Paid Ads,North,23.96,3.59,8.2,28.57,28.57,Completed
3463,1131,2025-12-24,Organic Search,North,895.66,134.35,0.0,0.0,761.31,Returned
3464,1132,2025-06-30,Social Media,North,33.27,0.0,6.53,39.8,39.8,Completed
3465,1133,2024-11-13,Referral,South,1422.99,213.45,0.0,1209.54,1209.54,Completed
3466,1133,2025-01-15,Social Media,South,379.73,56.96,0.0,322.77,322.77,Completed
3467,1133,2025-03-09,Social Media,South,1091.1,0.0,0.0,1091.1,1091.1,Completed
3468,1134,2024-03-30,Organic Search,Central,425.64,63.85,0.0,361.79,361.79,Completed
3469,1135,2024-09-25,Paid Ads,West,310.93,15.55,0.0,295.38,295.38,Completed
3470,1135,2025-01-23,Organic Search,West,101.07,0.0,0.0,0.0,101.07,Returned
3471,1135,2025-02-18,Email,West,1318.3,131.83,0.0,0.0,1186.47,Returned
3472,1136,2025-06-24,Paid Ads,East,333.35,66.67,0.0,266.68,266.68,Completed
3473,1137,2025-08-15,Paid Ads,North,113.45,0.0,0.0,113.45,113.45,Completed
3474,1137,2025-08-31,Direct,North,69.92,0.0,6.09,76.01,76.01,Completed
3475,1138,2023-03-22,Organic Search,West,273.07,13.65,0.0,259.42,259.42,Completed
3476,1138,2023-10-12,Social Media,West,310.66,31.07,0.0,279.59,279.59,Completed
3477,1138,2024-01-05,Organic Search,West,976.51,0.0,0.0,976.51,976.51,Completed
3478,1138,2024-01-25,Organic Search,West,990.54,0.0,0.0,990.54,990.54,Completed
3479,1138,2024-02-17,Paid Ads,West,1617.2,0.0,0.0,1617.2,1617.2,Completed
3480,1139,2024-03-25,Paid Ads,Central,25.34,1.27,6.23,30.3,30.3,Completed
3481,1139,2024-06-05,Organic Search,Central,127.41,12.74,0.0,114.67,114.67,Completed
3482,1139,2024-06-19,Social Media,Central,179.88,0.0,0.0,179.88,179.88,Completed
3483,1139,2025-10-01,Email,Central,181.46,0.0,0.0,181.46,181.46,Completed
3484,1140,2025-11-19,Social Media,East,309.28,46.39,0.0,262.89,262.89,Completed
3485,1142,2023-04-01,Direct,North,71.15,0.0,6.26,77.41,77.41,Completed
3486,1142,2023-08-13,Paid Ads,North,439.66,0.0,0.0,439.66,439.66,Completed
3487,1142,2023-11-28,Email,North,627.01,0.0,0.0,627.01,627.01,Completed
3488,1142,2024-03-11,Organic Search,North,530.74,106.15,0.0,424.59,424.59,Completed
3489,1142,2024-04-02,Organic Search,North,65.6,0.0,8.82,74.42,74.42,Completed
3490,1142,2024-04-06,Paid Ads,North,113.44,0.0,0.0,113.44,113.44,Completed
3491,1143,2024-03-30,Direct,South,145.31,7.27,0.0,138.04,138.04,Completed
3492,1143,2024-04-01,Email,South,439.19,0.0,0.0,439.19,439.19,Completed
3493,1143,2025-05-16,Email,South,417.99,0.0,0.0,417.99,417.99,Completed
3494,1143,2025-09-02,Social Media,South,275.58,0.0,0.0,275.58,275.58,Completed
3495,1143,2025-10-12,Social Media,South,62.84,0.0,5.0,67.84,67.84,Completed
3496,1144,2024-04-11,Social Media,East,102.73,5.14,0.0,97.59,97.59,Completed
3497,1145,2023-08-16,Social Media,South,307.93,0.0,0.0,307.93,307.93,Completed
3498,1145,2023-12-10,Email,South,566.18,0.0,0.0,566.18,566.18,Completed
3499,1145,2024-05-17,Paid Ads,South,91.77,0.0,0.0,91.77,91.77,Completed
3500,1145,2024-06-12,Referral,South,319.22,0.0,0.0,319.22,319.22,Completed
3501,1145,2024-06-21,Social Media,South,514.87,25.74,0.0,489.13,489.13,Completed
3502,1145,2024-10-13,Email,South,804.68,160.94,0.0,643.74,643.74,Completed
3503,1145,2025-03-09,Paid Ads,South,561.09,28.05,0.0,0.0,533.04,Returned
3504,1145,2025-04-17,Direct,South,204.1,20.41,0.0,183.69,183.69,Completed
3505,1145,2025-06-22,Referral,South,319.02,15.95,0.0,303.07,303.07,Completed
3506,1145,2025-06-28,Email,South,1085.81,162.87,0.0,922.94,922.94,Completed
3507,1145,2025-09-13,Direct,South,690.64,34.53,0.0,656.11,656.11,Completed
3508,1145,2025-11-12,Paid Ads,South,58.36,2.92,5.95,61.39,61.39,Completed
3509,1147,2024-08-12,Email,East,45.07,0.0,6.38,51.45,51.45,Completed
3510,1147,2025-09-09,Email,East,103.82,0.0,0.0,103.82,103.82,Completed
3511,1148,2023-05-25,Social Media,South,295.38,0.0,0.0,295.38,295.38,Completed
3512,1148,2023-07-03,Organic Search,South,339.38,0.0,0.0,339.38,339.38,Completed
3513,1148,2023-10-27,Social Media,South,147.86,0.0,0.0,147.86,147.86,Completed
3514,1148,2023-11-07,Direct,South,49.3,2.46,7.55,54.39,54.39,Completed
3515,1148,2024-01-19,Paid Ads,South,392.85,0.0,0.0,0.0,392.85,Returned
3516,1148,2024-03-02,Paid Ads,South,476.24,0.0,0.0,476.24,476.24,Completed
3517,1148,2024-08-09,Paid Ads,South,243.15,0.0,0.0,243.15,243.15,Completed
3518,1148,2024-12-22,Referral,South,96.27,4.81,0.0,91.46,91.46,Completed
3519,1148,2025-02-12,Email,South,111.52,16.73,0.0,94.79,94.79,Completed
3520,1148,2025-09-16,Referral,South,95.18,0.0,0.0,95.18,95.18,Completed
3521,1149,2023-06-23,Direct,West,34.5,3.45,4.91,35.96,35.96,Completed
3522,1149,2025-08-04,Email,West,333.41,0.0,0.0,333.41,333.41,Completed
3523,1149,2025-10-16,Direct,West,2258.79,451.76,0.0,1807.03,1807.03,Completed
3524,1150,2024-03-02,Direct,West,959.61,0.0,0.0,959.61,959.61,Completed
3525,1152,2024-09-10,Referral,North,682.07,0.0,0.0,682.07,682.07,Completed
3526,1152,2025-02-04,Referral,North,245.37,12.27,0.0,233.1,233.1,Completed
3527,1152,2025-05-10,Organic Search,North,132.52,0.0,0.0,0.0,132.52,Returned
3528,1152,2025-06-01,Email,North,26.87,0.0,7.34,34.21,34.21,Completed
3529,1152,2025-08-22,Social Media,North,84.2,8.42,0.0,75.78,75.78,Completed
3530,1155,2024-12-15,Direct,East,33.69,1.68,4.08,36.09,36.09,Completed
3531,1155,2025-02-15,Social Media,East,931.39,0.0,0.0,931.39,931.39,Completed
3532,1155,2025-09-23,Social Media,East,344.54,0.0,0.0,344.54,344.54,Completed
3533,1155,2025-11-30,Direct,East,1519.74,0.0,0.0,1519.74,1519.74,Completed
3534,1155,2025-12-08,Direct,East,518.05,0.0,0.0,518.05,518.05,Completed
3535,1157,2025-11-04,Paid Ads,East,86.64,8.66,0.0,77.98,77.98,Completed
3536,1158,2023-05-19,Organic Search,Central,596.15,59.62,0.0,536.53,536.53,Completed
3537,1158,2023-06-14,Social Media,Central,565.93,28.3,0.0,537.63,537.63,Completed
3538,1158,2023-06-25,Paid Ads,Central,299.1,14.96,0.0,284.14,284.14,Completed
3539,1158,2023-09-02,Email,Central,636.7,95.5,0.0,541.2,541.2,Completed
3540,1158,2023-09-11,Direct,Central,870.49,0.0,0.0,870.49,870.49,Completed
3541,1158,2023-10-15,Paid Ads,Central,389.12,0.0,0.0,389.12,389.12,Completed
3542,1158,2024-03-04,Paid Ads,Central,1277.73,63.89,0.0,1213.84,1213.84,Completed
3543,1158,2024-09-03,Direct,Central,799.84,0.0,0.0,799.84,799.84,Completed
3544,1158,2024-09-26,Paid Ads,Central,13.11,1.97,5.92,17.06,17.06,Completed
3545,1158,2024-11-01,Email,Central,453.65,68.05,0.0,385.6,385.6,Completed
3546,1158,2024-12-31,Paid Ads,Central,366.73,18.34,0.0,348.39,348.39,Completed
3547,1158,2025-01-01,Organic Search,Central,57.11,0.0,7.92,65.03,65.03,Completed
3548,1158,2025-01-12,Paid Ads,Central,164.27,0.0,0.0,164.27,164.27,Completed
3549,1158,2025-01-26,Social Media,Central,43.24,0.0,8.2,51.44,51.44,Completed
3550,1158,2025-02-20,Referral,Central,190.54,0.0,0.0,190.54,190.54,Completed
3551,1158,2025-02-27,Referral,Central,291.65,0.0,0.0,291.65,291.65,Completed
3552,1158,2025-04-08,Direct,Central,2329.52,0.0,0.0,2329.52,2329.52,Completed
3553,1158,2025-05-09,Organic Search,Central,603.96,0.0,0.0,603.96,603.96,Completed
3554,1158,2025-10-12,Direct,Central,359.72,0.0,0.0,359.72,359.72,Completed
3555,1158,2025-10-27,Organic Search,Central,364.98,54.75,0.0,310.23,310.23,Completed
3556,1158,2025-12-16,Organic Search,Central,1630.77,0.0,0.0,1630.77,1630.77,Completed
3557,1159,2024-01-02,Paid Ads,South,354.91,35.49,0.0,319.42,319.42,Completed
3558,1160,2024-10-12,Direct,South,919.86,0.0,0.0,0.0,919.86,Returned
3559,1160,2024-10-20,Paid Ads,South,473.89,94.78,0.0,379.11,379.11,Completed
3560,1160,2025-04-14,Direct,South,823.15,0.0,0.0,823.15,823.15,Completed
3561,1161,2024-10-29,Organic Search,South,281.34,0.0,0.0,281.34,281.34,Completed
3562,1161,2025-07-06,Email,South,1063.32,0.0,0.0,1063.32,1063.32,Completed
3563,1161,2025-09-30,Social Media,South,65.01,0.0,6.08,71.09,71.09,Completed
3564,1162,2025-03-08,Email,North,484.2,48.42,0.0,435.78,435.78,Completed
3565,1162,2025-07-22,Social Media,North,369.38,0.0,0.0,369.38,369.38,Completed
3566,1162,2025-10-19,Direct,North,595.74,0.0,0.0,595.74,595.74,Completed
3567,1163,2024-02-21,Social Media,East,127.62,6.38,0.0,121.24,121.24,Completed
3568,1163,2025-10-14,Organic Search,East,102.71,10.27,0.0,92.44,92.44,Completed
3569,1163,2025-12-21,Organic Search,East,2615.32,0.0,0.0,2615.32,2615.32,Completed
3570,1164,2024-08-18,Referral,Central,205.49,41.1,0.0,164.39,164.39,Completed
3571,1164,2024-12-10,Paid Ads,Central,12.31,0.0,8.28,20.59,20.59,Completed
3572,1164,2025-03-30,Paid Ads,Central,1001.21,50.06,0.0,951.15,951.15,Completed
3573,1165,2024-02-08,Paid Ads,Central,332.63,33.26,0.0,299.37,299.37,Completed
3574,1165,2024-02-09,Social Media,Central,846.04,42.3,0.0,803.74,803.74,Completed
3575,1165,2024-03-24,Direct,Central,34.33,1.72,8.13,40.74,40.74,Completed
3576,1165,2024-08-10,Organic Search,Central,162.94,0.0,0.0,162.94,162.94,Completed
3577,1165,2024-10-10,Organic Search,Central,1273.56,127.36,0.0,1146.2,1146.2,Completed
3578,1165,2024-11-12,Organic Search,Central,248.77,0.0,0.0,248.77,248.77,Completed
3579,1165,2025-01-03,Organic Search,Central,586.39,0.0,0.0,586.39,586.39,Completed
3580,1165,2025-02-05,Email,Central,1048.72,0.0,0.0,1048.72,1048.72,Completed
3581,1165,2025-04-17,Email,Central,239.87,47.97,0.0,191.9,191.9,Completed
3582,1165,2025-05-01,Paid Ads,Central,137.63,27.53,0.0,110.1,110.1,Completed
3583,1165,2025-05-04,Email,Central,739.89,0.0,0.0,739.89,739.89,Completed
3584,1165,2025-06-06,Social Media,Central,302.76,15.14,0.0,287.62,287.62,Completed
3585,1165,2025-08-21,Social Media,Central,360.76,54.11,0.0,306.65,306.65,Completed
3586,1165,2025-10-30,Organic Search,Central,735.07,36.75,0.0,698.32,698.32,Completed
3587,1165,2025-11-08,Social Media,Central,999.41,99.94,0.0,899.47,899.47,Completed
3588,1165,2025-11-17,Organic Search,Central,561.75,84.26,0.0,477.49,477.49,Completed
3589,1165,2025-11-18,Paid Ads,Central,46.53,2.33,4.6,48.8,48.8,Completed
3590,1165,2025-11-25,Organic Search,Central,56.64,2.83,6.17,59.98,59.98,Completed
3591,1167,2023-10-13,Social Media,West,444.54,0.0,0.0,444.54,444.54,Completed
3592,1167,2023-10-23,Paid Ads,West,550.25,0.0,0.0,550.25,550.25,Completed
3593,1167,2023-11-23,Organic Search,West,818.86,0.0,0.0,818.86,818.86,Completed
3594,1167,2024-06-08,Paid Ads,West,58.09,0.0,5.04,63.13,63.13,Completed
3595,1167,2024-12-27,Paid Ads,West,155.89,7.79,0.0,148.1,148.1,Completed
3596,1167,2025-01-07,Social Media,West,130.03,13.0,0.0,117.03,117.03,Completed
3597,1168,2025-07-02,Social Media,South,676.8,0.0,0.0,676.8,676.8,Completed
3598,1169,2025-08-29,Social Media,North,662.75,33.14,0.0,629.61,629.61,Completed
3599,1170,2023-11-19,Paid Ads,East,183.21,9.16,0.0,174.05,174.05,Completed
3600,1170,2024-05-29,Email,East,241.42,12.07,0.0,229.35,229.35,Completed
3601,1170,2024-10-19,Social Media,East,1068.26,0.0,0.0,1068.26,1068.26,Completed
3602,1170,2024-11-23,Email,East,316.89,15.84,0.0,301.05,301.05,Completed
3603,1170,2025-01-07,Organic Search,East,926.33,138.95,0.0,787.38,787.38,Completed
3604,1170,2025-05-07,Social Media,East,39.25,0.0,4.01,43.26,43.26,Completed
3605,1170,2025-09-09,Social Media,East,173.62,8.68,0.0,164.94,164.94,Completed
3606,1171,2024-06-04,Referral,East,85.27,8.53,0.0,76.74,76.74,Completed
3607,1171,2024-12-30,Social Media,East,66.11,0.0,7.64,73.75,73.75,Completed
3608,1171,2025-03-01,Paid Ads,East,816.11,81.61,0.0,734.5,734.5,Completed
3609,1171,2025-08-29,Referral,East,695.18,0.0,0.0,695.18,695.18,Completed
3610,1171,2025-10-05,Organic Search,East,31.32,0.0,8.94,40.26,40.26,Completed
3611,1172,2024-05-16,Email,North,445.35,0.0,0.0,445.35,445.35,Completed
3612,1172,2024-05-21,Direct,North,132.48,0.0,0.0,132.48,132.48,Completed
3613,1172,2024-07-25,Direct,North,51.69,0.0,7.99,59.68,59.68,Completed
3614,1172,2024-10-12,Social Media,North,137.74,0.0,0.0,137.74,137.74,Completed
3615,1172,2024-12-03,Social Media,North,12.17,0.0,5.78,17.95,17.95,Completed
3616,1172,2025-04-10,Organic Search,North,2467.39,0.0,0.0,2467.39,2467.39,Completed
3617,1172,2025-08-03,Referral,North,111.08,0.0,0.0,111.08,111.08,Completed
3618,1173,2024-08-26,Direct,West,18.62,0.93,7.62,25.31,25.31,Completed
3619,1173,2024-09-28,Paid Ads,West,151.44,7.57,0.0,143.87,143.87,Completed
3620,1173,2024-11-02,Email,West,52.08,0.0,7.02,59.1,59.1,Completed
3621,1174,2024-09-22,Social Media,East,288.1,0.0,0.0,288.1,288.1,Completed
3622,1174,2024-10-13,Paid Ads,East,52.52,0.0,5.35,57.87,57.87,Completed
3623,1175,2025-08-01,Paid Ads,North,39.92,0.0,8.75,48.67,48.67,Completed
3624,1176,2023-12-12,Paid Ads,West,87.58,0.0,0.0,87.58,87.58,Completed
3625,1176,2024-10-03,Social Media,West,225.22,0.0,0.0,225.22,225.22,Completed
3626,1176,2025-03-17,Paid Ads,West,982.64,0.0,0.0,982.64,982.64,Completed
3627,1177,2024-01-13,Organic Search,North,424.5,0.0,0.0,424.5,424.5,Completed
3628,1177,2024-02-03,Organic Search,North,221.14,0.0,0.0,221.14,221.14,Completed
3629,1177,2024-10-05,Social Media,North,182.29,0.0,0.0,182.29,182.29,Completed
3630,1177,2025-12-15,Paid Ads,North,326.75,65.35,0.0,261.4,261.4,Completed
3631,1179,2025-09-13,Paid Ads,East,69.82,0.0,5.0,74.82,74.82,Completed
3632,1180,2024-11-23,Organic Search,South,1589.35,0.0,0.0,1589.35,1589.35,Completed
3633,1180,2024-11-24,Direct,South,257.17,0.0,0.0,257.17,257.17,Completed
3634,1180,2025-01-08,Direct,South,138.12,0.0,0.0,138.12,138.12,Completed
3635,1180,2025-01-31,Paid Ads,South,629.19,125.84,0.0,503.35,503.35,Completed
3636,1181,2025-01-08,Organic Search,South,775.76,0.0,0.0,775.76,775.76,Completed
3637,1181,2025-01-14,Direct,South,102.79,0.0,0.0,102.79,102.79,Completed
3638,1182,2025-07-19,Paid Ads,North,1243.71,0.0,0.0,1243.71,1243.71,Completed
3639,1183,2025-04-02,Paid Ads,West,75.29,11.29,0.0,64.0,64.0,Completed
3640,1183,2025-06-22,Social Media,West,190.0,19.0,0.0,171.0,171.0,Completed
3641,1183,2025-09-08,Social Media,West,284.19,0.0,0.0,284.19,284.19,Completed
3642,1184,2023-06-06,Organic Search,Central,356.12,0.0,0.0,356.12,356.12,Completed
3643,1186,2023-09-16,Direct,South,71.44,0.0,4.35,75.79,75.79,Completed
3644,1186,2024-07-30,Paid Ads,South,643.98,0.0,0.0,643.98,643.98,Completed
3645,1186,2024-09-04,Organic Search,South,87.17,4.36,0.0,82.81,82.81,Completed
3646,1186,2025-04-11,Organic Search,South,822.48,0.0,0.0,822.48,822.48,Completed
3647,1186,2025-04-24,Email,South,230.17,0.0,0.0,230.17,230.17,Completed
3648,1186,2025-06-04,Email,South,669.53,66.95,0.0,602.58,602.58,Completed
3649,1186,2025-12-20,Referral,South,566.39,0.0,0.0,566.39,566.39,Completed
3650,1187,2025-02-26,Direct,South,289.82,14.49,0.0,275.33,275.33,Completed
3651,1187,2025-11-09,Paid Ads,South,129.24,6.46,0.0,122.78,122.78,Completed
3652,1188,2024-12-19,Direct,North,239.87,0.0,0.0,239.87,239.87,Completed
3653,1188,2025-04-20,Social Media,North,185.18,0.0,0.0,0.0,185.18,Returned
3654,1188,2025-08-28,Social Media,North,571.84,0.0,0.0,571.84,571.84,Completed
3655,1189,2025-12-14,Paid Ads,South,151.82,0.0,0.0,151.82,151.82,Completed
3656,1190,2025-03-29,Organic Search,South,483.21,0.0,0.0,483.21,483.21,Completed
3657,1190,2025-04-28,Paid Ads,South,772.91,77.29,0.0,695.62,695.62,Completed
3658,1192,2024-11-19,Social Media,North,99.17,4.96,0.0,94.21,94.21,Completed
3659,1192,2024-12-28,Paid Ads,North,201.57,0.0,0.0,201.57,201.57,Completed
3660,1192,2025-01-27,Paid Ads,North,122.73,0.0,0.0,122.73,122.73,Completed
3661,1193,2024-10-05,Paid Ads,South,87.42,8.74,0.0,78.68,78.68,Completed
3662,1194,2023-08-21,Paid Ads,East,352.78,0.0,0.0,352.78,352.78,Completed
3663,1194,2023-09-23,Direct,East,548.82,0.0,0.0,548.82,548.82,Completed
3664,1194,2023-12-03,Paid Ads,East,20.35,0.0,7.12,27.47,27.47,Completed
3665,1194,2023-12-22,Social Media,East,43.07,8.61,6.45,40.91,40.91,Completed
3666,1194,2024-02-21,Social Media,East,395.48,19.77,0.0,375.71,375.71,Completed
3667,1194,2024-04-13,Email,East,694.3,0.0,0.0,694.3,694.3,Completed
3668,1194,2024-07-12,Email,East,94.84,9.48,0.0,85.36,85.36,Completed
3669,1194,2024-09-05,Referral,East,390.88,39.09,0.0,351.79,351.79,Completed
3670,1194,2025-02-28,Direct,East,475.68,47.57,0.0,428.11,428.11,Completed
3671,1194,2025-04-03,Organic Search,East,16.61,0.0,7.17,23.78,23.78,Completed
3672,1195,2023-09-07,Organic Search,West,228.82,22.88,0.0,205.94,205.94,Completed
3673,1195,2024-01-25,Email,West,476.76,71.51,0.0,405.25,405.25,Completed
3674,1196,2025-04-15,Organic Search,North,1488.3,0.0,0.0,1488.3,1488.3,Completed
3675,1197,2023-11-22,Direct,West,280.5,0.0,0.0,280.5,280.5,Completed
3676,1197,2023-12-26,Email,West,1119.06,111.91,0.0,1007.15,1007.15,Completed
3677,1197,2024-02-01,Organic Search,West,530.94,0.0,0.0,530.94,530.94,Completed
3678,1197,2024-02-11,Paid Ads,West,294.59,29.46,0.0,265.13,265.13,Completed
3679,1197,2024-06-30,Paid Ads,West,420.04,0.0,0.0,420.04,420.04,Completed
3680,1197,2024-12-04,Paid Ads,West,29.64,0.0,6.48,36.12,36.12,Completed
3681,1197,2025-06-18,Paid Ads,West,654.98,0.0,0.0,654.98,654.98,Completed
3682,1197,2025-07-29,Email,West,247.95,0.0,0.0,247.95,247.95,Completed
3683,1197,2025-11-02,Organic Search,West,622.52,0.0,0.0,622.52,622.52,Completed
3684,1198,2024-08-11,Organic Search,North,73.52,0.0,5.72,0.0,79.24,Returned
3685,1198,2024-09-09,Email,North,1338.94,133.89,0.0,0.0,1205.05,Returned
3686,1198,2024-10-10,Organic Search,North,855.38,0.0,0.0,855.38,855.38,Completed
3687,1198,2024-11-06,Email,North,63.6,0.0,6.61,70.21,70.21,Completed
3688,1199,2024-06-10,Email,North,14.58,0.0,6.76,21.34,21.34,Completed
3689,1199,2024-09-17,Social Media,North,198.72,0.0,0.0,198.72,198.72,Completed
3690,1199,2025-03-11,Direct,North,2670.71,0.0,0.0,2670.71,2670.71,Completed
3691,1199,2025-10-08,Referral,North,675.59,0.0,0.0,675.59,675.59,Completed
3692,1200,2025-04-22,Paid Ads,East,78.84,3.94,0.0,74.9,74.9,Completed
3693,1200,2025-08-07,Direct,East,140.83,14.08,0.0,126.75,126.75,Completed
3694,1201,2023-10-08,Direct,Central,189.22,0.0,0.0,189.22,189.22,Completed
3695,1201,2023-11-02,Email,Central,21.27,0.0,7.13,28.4,28.4,Completed
3696,1201,2023-11-12,Direct,Central,1076.81,0.0,0.0,1076.81,1076.81,Completed
3697,1201,2024-10-12,Paid Ads,Central,68.91,0.0,7.17,76.08,76.08,Completed
3698,1201,2025-01-06,Organic Search,Central,103.99,10.4,0.0,93.59,93.59,Completed
3699,1201,2025-01-07,Organic Search,Central,139.13,0.0,0.0,139.13,139.13,Completed
3700,1201,2025-12-23,Organic Search,Central,59.96,0.0,6.7,66.66,66.66,Completed
3701,1202,2023-12-12,Referral,Central,126.67,12.67,0.0,114.0,114.0,Completed
3702,1202,2024-10-02,Direct,Central,159.22,0.0,0.0,159.22,159.22,Completed
3703,1202,2024-11-28,Organic Search,Central,248.13,0.0,0.0,248.13,248.13,Completed
3704,1202,2025-02-23,Organic Search,Central,1497.8,0.0,0.0,1497.8,1497.8,Completed
3705,1203,2025-09-02,Direct,North,978.69,97.87,0.0,880.82,880.82,Completed
3706,1204,2023-11-15,Organic Search,Central,1197.4,59.87,0.0,1137.53,1137.53,Completed
3707,1204,2023-12-21,Email,Central,154.93,0.0,0.0,154.93,154.93,Completed
3708,1204,2024-05-28,Referral,Central,18.81,0.0,4.36,23.17,23.17,Completed
3709,1204,2024-12-14,Paid Ads,Central,580.78,0.0,0.0,580.78,580.78,Completed
3710,1205,2025-05-08,Direct,Central,840.72,42.04,0.0,798.68,798.68,Completed
3711,1205,2025-06-06,Paid Ads,Central,279.68,13.98,0.0,265.7,265.7,Completed
3712,1206,2025-12-16,Referral,West,161.97,16.2,0.0,145.77,145.77,Completed
3713,1207,2023-06-19,Direct,Central,322.4,0.0,0.0,322.4,322.4,Completed
3714,1207,2023-11-21,Email,Central,106.35,10.64,0.0,95.71,95.71,Completed
3715,1207,2024-01-06,Paid Ads,Central,76.35,3.82,0.0,72.53,72.53,Completed
3716,1207,2024-03-31,Email,Central,91.94,0.0,0.0,91.94,91.94,Completed
3717,1207,2024-07-31,Organic Search,Central,87.16,0.0,0.0,87.16,87.16,Completed
3718,1207,2025-09-13,Organic Search,Central,347.59,69.52,0.0,0.0,278.07,Returned
3719,1207,2025-09-28,Organic Search,Central,156.48,0.0,0.0,156.48,156.48,Completed
3720,1208,2025-05-22,Email,East,235.72,0.0,0.0,235.72,235.72,Completed
3721,1209,2023-07-27,Email,North,47.17,0.0,6.46,53.63,53.63,Completed
3722,1209,2023-09-03,Direct,North,84.52,4.23,0.0,80.29,80.29,Completed
3723,1209,2023-09-21,Email,North,914.33,45.72,0.0,868.61,868.61,Completed
3724,1209,2023-12-25,Paid Ads,North,880.65,44.03,0.0,836.62,836.62,Completed
3725,1209,2024-04-14,Email,North,57.71,0.0,4.91,62.62,62.62,Completed
3726,1209,2024-06-12,Organic Search,North,380.28,0.0,0.0,380.28,380.28,Completed
3727,1209,2024-12-19,Social Media,North,63.09,0.0,6.24,69.33,69.33,Completed
3728,1209,2025-04-23,Social Media,North,15.32,0.77,5.61,20.16,20.16,Completed
3729,1209,2025-05-15,Paid Ads,North,124.16,0.0,0.0,124.16,124.16,Completed
3730,1209,2025-06-02,Organic Search,North,426.16,0.0,0.0,426.16,426.16,Completed
3731,1209,2025-07-13,Paid Ads,North,104.84,5.24,0.0,99.6,99.6,Completed
3732,1209,2025-10-25,Direct,North,52.4,7.86,6.11,50.65,50.65,Completed
3733,1210,2025-08-15,Paid Ads,South,779.23,77.92,0.0,701.31,701.31,Completed
3734,1211,2024-04-27,Organic Search,South,127.01,19.05,0.0,107.96,107.96,Completed
3735,1213,2025-07-08,Email,East,842.97,0.0,0.0,842.97,842.97,Completed
3736,1215,2023-11-16,Organic Search,Central,214.51,0.0,0.0,214.51,214.51,Completed
3737,1215,2024-02-15,Email,Central,318.15,0.0,0.0,318.15,318.15,Completed
3738,1215,2024-06-10,Paid Ads,Central,709.53,0.0,0.0,709.53,709.53,Completed
3739,1215,2024-06-25,Social Media,Central,611.12,0.0,0.0,611.12,611.12,Completed
3740,1215,2024-07-05,Organic Search,Central,54.09,2.7,4.81,56.2,56.2,Completed
3741,1215,2025-02-13,Organic Search,Central,234.98,23.5,0.0,211.48,211.48,Completed
3742,1215,2025-05-05,Email,Central,47.01,9.4,5.21,42.82,42.82,Completed
3743,1215,2025-05-29,Direct,Central,101.38,10.14,0.0,91.24,91.24,Completed
3744,1216,2024-11-27,Email,East,513.3,0.0,0.0,513.3,513.3,Completed
3745,1216,2025-05-07,Paid Ads,East,1334.58,0.0,0.0,1334.58,1334.58,Completed
3746,1217,2024-10-28,Paid Ads,Central,208.56,0.0,0.0,208.56,208.56,Completed
3747,1217,2024-12-20,Paid Ads,Central,454.6,90.92,0.0,363.68,363.68,Completed
3748,1217,2025-08-28,Social Media,Central,245.11,24.51,0.0,220.6,220.6,Completed
3749,1218,2025-01-08,Paid Ads,South,139.28,13.93,0.0,125.35,125.35,Completed
3750,1218,2025-04-03,Social Media,South,2597.4,389.61,0.0,2207.79,2207.79,Completed
3751,1218,2025-04-28,Social Media,South,536.83,0.0,0.0,536.83,536.83,Completed
3752,1218,2025-06-15,Organic Search,South,100.1,0.0,0.0,100.1,100.1,Completed
3753,1218,2025-07-01,Organic Search,South,567.42,113.48,0.0,453.94,453.94,Completed
3754,1218,2025-07-02,Direct,South,86.55,4.33,0.0,82.22,82.22,Completed
3755,1218,2025-11-04,Email,South,15.9,0.0,5.49,21.39,21.39,Completed
3756,1218,2025-11-27,Social Media,South,56.79,0.0,8.54,65.33,65.33,Completed
3757,1220,2023-12-29,Paid Ads,North,681.08,68.11,0.0,612.97,612.97,Completed
3758,1220,2024-03-07,Social Media,North,1243.9,0.0,0.0,1243.9,1243.9,Completed
3759,1220,2024-03-11,Paid Ads,North,113.76,0.0,0.0,113.76,113.76,Completed
3760,1220,2024-10-07,Paid Ads,North,2077.52,207.75,0.0,1869.77,1869.77,Completed
3761,1220,2024-11-29,Social Media,North,463.62,0.0,0.0,463.62,463.62,Completed
3762,1220,2025-01-16,Email,North,161.46,0.0,0.0,161.46,161.46,Completed
3763,1221,2023-03-30,Social Media,South,200.68,0.0,0.0,200.68,200.68,Completed
3764,1221,2023-04-12,Organic Search,South,34.45,0.0,5.3,39.75,39.75,Completed
3765,1221,2023-04-21,Email,South,78.99,7.9,0.0,71.09,71.09,Completed
3766,1221,2023-07-14,Direct,South,186.79,0.0,0.0,186.79,186.79,Completed
3767,1221,2023-08-24,Organic Search,South,155.73,15.57,0.0,140.16,140.16,Completed
3768,1221,2023-10-17,Email,South,223.6,11.18,0.0,212.42,212.42,Completed
3769,1221,2023-10-21,Email,South,1360.94,0.0,0.0,1360.94,1360.94,Completed
3770,1221,2024-01-24,Social Media,South,26.47,0.0,4.66,31.13,31.13,Completed
3771,1221,2024-02-11,Social Media,South,129.27,6.46,0.0,122.81,122.81,Completed
3772,1221,2024-12-03,Social Media,South,502.79,0.0,0.0,502.79,502.79,Completed
3773,1221,2025-01-12,Direct,South,255.18,0.0,0.0,255.18,255.18,Completed
3774,1221,2025-01-30,Organic Search,South,274.9,0.0,0.0,274.9,274.9,Completed
3775,1221,2025-02-01,Direct,South,126.79,6.34,0.0,120.45,120.45,Completed
3776,1221,2025-02-03,Email,South,616.12,92.42,0.0,523.7,523.7,Completed
3777,1221,2025-02-04,Organic Search,South,515.33,0.0,0.0,515.33,515.33,Completed
3778,1221,2025-02-15,Paid Ads,South,1018.55,0.0,0.0,1018.55,1018.55,Completed
3779,1221,2025-05-06,Social Media,South,36.71,3.67,4.79,37.83,37.83,Completed
3780,1221,2025-08-23,Social Media,South,862.46,0.0,0.0,862.46,862.46,Completed
3781,1221,2025-10-02,Referral,South,989.85,0.0,0.0,989.85,989.85,Completed
3782,1221,2025-12-15,Referral,South,73.12,0.0,8.11,0.0,81.23,Returned
3783,1222,2024-12-31,Organic Search,East,124.23,6.21,0.0,118.02,118.02,Completed
3784,1222,2025-01-04,Social Media,East,729.62,0.0,0.0,729.62,729.62,Completed
3785,1222,2025-03-31,Organic Search,East,84.92,0.0,0.0,84.92,84.92,Completed
3786,1222,2025-04-18,Email,East,30.54,0.0,8.87,39.41,39.41,Completed
3787,1223,2025-08-12,Paid Ads,West,220.8,22.08,0.0,198.72,198.72,Completed
3788,1223,2025-08-19,Paid Ads,West,115.2,0.0,0.0,115.2,115.2,Completed
3789,1224,2024-08-30,Social Media,North,304.5,0.0,0.0,304.5,304.5,Completed
3790,1224,2025-01-01,Email,North,248.29,12.41,0.0,235.88,235.88,Completed
3791,1224,2025-02-10,Paid Ads,North,172.37,8.62,0.0,163.75,163.75,Completed
3792,1225,2024-12-20,Referral,East,184.61,0.0,0.0,184.61,184.61,Completed
3793,1225,2025-02-09,Paid Ads,East,177.06,17.71,0.0,159.35,159.35,Completed
3794,1225,2025-03-12,Organic Search,East,777.38,0.0,0.0,777.38,777.38,Completed
3795,1226,2024-11-20,Social Media,Central,128.49,6.42,0.0,122.07,122.07,Completed
3796,1227,2025-02-21,Paid Ads,East,197.96,0.0,0.0,197.96,197.96,Completed
3797,1229,2025-01-21,Paid Ads,West,174.64,0.0,0.0,174.64,174.64,Completed
3798,1229,2025-05-03,Direct,West,180.28,0.0,0.0,180.28,180.28,Completed
3799,1230,2025-08-03,Paid Ads,West,578.54,0.0,0.0,578.54,578.54,Completed
3800,1231,2024-09-10,Paid Ads,Central,490.77,0.0,0.0,490.77,490.77,Completed
3801,1231,2025-04-05,Email,Central,384.02,19.2,0.0,364.82,364.82,Completed
3802,1231,2025-11-30,Social Media,Central,135.31,0.0,0.0,135.31,135.31,Completed
3803,1231,2025-12-01,Email,Central,87.45,0.0,0.0,87.45,87.45,Completed
3804,1232,2024-10-11,Email,West,358.49,17.92,0.0,340.57,340.57,Completed
3805,1232,2024-10-13,Social Media,West,193.59,0.0,0.0,193.59,193.59,Completed
3806,1232,2025-03-02,Organic Search,West,899.5,44.98,0.0,854.52,854.52,Completed
3807,1232,2025-08-24,Social Media,West,65.58,0.0,8.46,74.04,74.04,Completed
3808,1233,2023-08-23,Direct,Central,849.11,0.0,0.0,849.11,849.11,Completed
3809,1233,2023-09-03,Paid Ads,Central,210.15,0.0,0.0,210.15,210.15,Completed
3810,1233,2023-09-06,Paid Ads,Central,188.2,0.0,0.0,188.2,188.2,Completed
3811,1233,2024-04-11,Organic Search,Central,2484.54,0.0,0.0,2484.54,2484.54,Completed
3812,1233,2024-04-18,Paid Ads,Central,224.89,0.0,0.0,224.89,224.89,Completed
3813,1233,2024-05-06,Paid Ads,Central,512.97,51.3,0.0,461.67,461.67,Completed
3814,1234,2025-04-20,Paid Ads,West,246.33,24.63,0.0,221.7,221.7,Completed
3815,1234,2025-09-19,Paid Ads,West,600.04,0.0,0.0,600.04,600.04,Completed
3816,1235,2025-06-06,Email,North,12.8,0.0,5.45,18.25,18.25,Completed
3817,1236,2025-10-08,Referral,East,1252.92,0.0,0.0,1252.92,1252.92,Completed
3818,1237,2025-01-11,Organic Search,Central,338.13,33.81,0.0,304.32,304.32,Completed
3819,1237,2025-03-27,Paid Ads,Central,365.56,0.0,0.0,365.56,365.56,Completed
3820,1237,2025-06-17,Organic Search,Central,401.99,0.0,0.0,0.0,401.99,Returned
3821,1238,2024-08-06,Paid Ads,Central,24.38,2.44,4.36,26.3,26.3,Completed
3822,1238,2024-10-31,Social Media,Central,1152.73,115.27,0.0,1037.46,1037.46,Completed
3823,1238,2024-11-07,Social Media,Central,579.29,57.93,0.0,521.36,521.36,Completed
3824,1238,2025-03-22,Organic Search,Central,135.66,13.57,0.0,122.09,122.09,Completed
3825,1238,2025-06-08,Email,Central,2030.04,101.5,0.0,1928.54,1928.54,Completed
3826,1239,2025-01-20,Paid Ads,Central,362.04,18.1,0.0,343.94,343.94,Completed
3827,1239,2025-02-12,Organic Search,Central,663.58,0.0,0.0,663.58,663.58,Completed
3828,1240,2023-04-05,Social Media,South,251.04,12.55,0.0,238.49,238.49,Completed
3829,1240,2023-05-14,Email,South,314.86,0.0,0.0,314.86,314.86,Completed
3830,1240,2023-06-06,Organic Search,South,792.58,118.89,0.0,673.69,673.69,Completed
3831,1240,2023-09-03,Direct,South,66.42,9.96,6.01,62.47,62.47,Completed
3832,1240,2024-04-29,Paid Ads,South,86.99,0.0,0.0,86.99,86.99,Completed
3833,1240,2024-09-20,Organic Search,South,3220.95,0.0,0.0,3220.95,3220.95,Completed
3834,1240,2024-10-25,Organic Search,South,981.17,147.18,0.0,833.99,833.99,Completed
3835,1240,2024-11-10,Social Media,South,300.27,0.0,0.0,300.27,300.27,Completed
3836,1240,2025-01-30,Direct,South,560.53,0.0,0.0,560.53,560.53,Completed
3837,1240,2025-02-18,Paid Ads,South,81.93,0.0,0.0,81.93,81.93,Completed
3838,1240,2025-04-18,Paid Ads,South,594.07,0.0,0.0,594.07,594.07,Completed
3839,1240,2025-06-19,Organic Search,South,2159.13,215.91,0.0,1943.22,1943.22,Completed
3840,1240,2025-10-09,Referral,South,268.73,0.0,0.0,268.73,268.73,Completed
3841,1241,2025-09-01,Social Media,North,666.99,0.0,0.0,666.99,666.99,Completed
3842,1241,2025-11-20,Social Media,North,2423.73,0.0,0.0,2423.73,2423.73,Completed
3843,1242,2024-05-11,Paid Ads,Central,2221.82,0.0,0.0,2221.82,2221.82,Completed
3844,1242,2025-05-30,Direct,Central,2365.01,0.0,0.0,2365.01,2365.01,Completed
3845,1242,2025-10-23,Paid Ads,Central,86.68,8.67,0.0,78.01,78.01,Completed
3846,1242,2025-12-01,Email,Central,835.37,0.0,0.0,835.37,835.37,Completed
3847,1243,2023-09-03,Paid Ads,South,320.5,16.03,0.0,304.47,304.47,Completed
3848,1243,2023-09-09,Email,South,57.02,0.0,8.38,0.0,65.4,Returned
3849,1243,2023-09-16,Organic Search,South,633.97,0.0,0.0,633.97,633.97,Completed
3850,1243,2024-01-01,Paid Ads,South,890.58,44.53,0.0,846.05,846.05,Completed
3851,1243,2024-02-20,Social Media,South,130.69,0.0,0.0,130.69,130.69,Completed
3852,1243,2024-04-03,Organic Search,South,39.93,7.99,8.76,40.7,40.7,Completed
3853,1243,2025-01-26,Paid Ads,South,2035.84,0.0,0.0,2035.84,2035.84,Completed
3854,1243,2025-01-31,Organic Search,South,2106.66,105.33,0.0,2001.33,2001.33,Completed
3855,1243,2025-03-13,Direct,South,581.25,58.12,0.0,523.13,523.13,Completed
3856,1243,2025-03-26,Email,South,112.25,0.0,0.0,112.25,112.25,Completed
3857,1243,2025-04-01,Organic Search,South,716.56,0.0,0.0,716.56,716.56,Completed
3858,1243,2025-07-18,Direct,South,49.0,7.35,5.72,47.37,47.37,Completed
3859,1243,2025-10-03,Social Media,South,501.4,0.0,0.0,501.4,501.4,Completed
3860,1243,2025-12-09,Referral,South,631.59,94.74,0.0,536.85,536.85,Completed
3861,1244,2025-07-28,Organic Search,South,2195.99,0.0,0.0,0.0,2195.99,Returned
3862,1245,2024-01-08,Organic Search,East,44.59,8.92,5.68,41.35,41.35,Completed
3863,1246,2025-01-28,Direct,West,130.92,0.0,0.0,130.92,130.92,Completed
3864,1246,2025-08-07,Paid Ads,West,868.83,86.88,0.0,781.95,781.95,Completed
3865,1246,2025-11-26,Social Media,West,2568.88,0.0,0.0,2568.88,2568.88,Completed
3866,1247,2024-09-07,Direct,West,69.08,6.91,6.32,68.49,68.49,Completed
3867,1247,2024-12-24,Organic Search,West,951.86,0.0,0.0,951.86,951.86,Completed
3868,1247,2025-01-30,Organic Search,West,82.51,0.0,0.0,82.51,82.51,Completed
3869,1247,2025-03-14,Direct,West,105.92,15.89,0.0,90.03,90.03,Completed
3870,1247,2025-10-27,Organic Search,West,870.91,87.09,0.0,783.82,783.82,Completed
3871,1248,2023-10-29,Social Media,North,37.7,1.89,6.18,41.99,41.99,Completed
3872,1248,2024-06-05,Social Media,North,303.84,30.38,0.0,273.46,273.46,Completed
3873,1248,2025-05-31,Email,North,223.46,0.0,0.0,223.46,223.46,Completed
3874,1248,2025-06-18,Direct,North,686.89,0.0,0.0,686.89,686.89,Completed
3875,1248,2025-11-06,Paid Ads,North,68.62,6.86,8.01,69.77,69.77,Completed
3876,1248,2025-11-29,Social Media,North,88.72,0.0,0.0,88.72,88.72,Completed
3877,1250,2024-11-22,Social Media,North,31.7,6.34,4.5,29.86,29.86,Completed
3878,1250,2025-02-04,Direct,North,1248.89,124.89,0.0,0.0,1124.0,Returned
3879,1250,2025-02-18,Paid Ads,North,735.71,0.0,0.0,735.71,735.71,Completed
3880,1250,2025-06-17,Social Media,North,166.86,8.34,0.0,158.52,158.52,Completed
3881,1250,2025-09-02,Paid Ads,North,1634.22,0.0,0.0,1634.22,1634.22,Completed
3882,1250,2025-09-03,Paid Ads,North,1054.43,105.44,0.0,948.99,948.99,Completed
3883,1250,2025-11-27,Organic Search,North,475.28,0.0,0.0,475.28,475.28,Completed
3884,1252,2025-03-30,Organic Search,South,196.71,0.0,0.0,196.71,196.71,Completed
3885,1252,2025-04-05,Social Media,South,628.86,94.33,0.0,534.53,534.53,Completed
3886,1252,2025-05-06,Paid Ads,South,87.02,4.35,0.0,82.67,82.67,Completed
3887,1252,2025-09-07,Paid Ads,South,244.01,0.0,0.0,244.01,244.01,Completed
3888,1253,2024-01-09,Organic Search,Central,446.38,0.0,0.0,446.38,446.38,Completed
3889,1253,2025-01-14,Email,Central,11.34,0.0,7.12,18.46,18.46,Completed
3890,1253,2025-08-24,Organic Search,Central,571.18,0.0,0.0,571.18,571.18,Completed
3891,1254,2024-12-19,Social Media,North,27.48,0.0,4.63,32.11,32.11,Completed
3892,1254,2025-09-20,Social Media,North,50.8,0.0,4.92,55.72,55.72,Completed
3893,1255,2023-06-13,Organic Search,North,535.98,0.0,0.0,535.98,535.98,Completed
3894,1255,2023-06-14,Organic Search,North,205.8,0.0,0.0,0.0,205.8,Returned
3895,1255,2023-07-04,Organic Search,North,217.98,0.0,0.0,217.98,217.98,Completed
3896,1255,2023-11-01,Paid Ads,North,103.07,5.15,0.0,97.92,97.92,Completed
3897,1255,2024-11-21,Paid Ads,North,1503.04,0.0,0.0,1503.04,1503.04,Completed
3898,1255,2025-01-11,Organic Search,North,11.83,0.59,5.52,16.76,16.76,Completed
3899,1255,2025-02-24,Direct,North,379.84,0.0,0.0,379.84,379.84,Completed
3900,1255,2025-09-23,Email,North,754.23,113.13,0.0,641.1,641.1,Completed
3901,1255,2025-10-01,Organic Search,North,544.46,0.0,0.0,544.46,544.46,Completed
3902,1255,2025-10-15,Paid Ads,North,86.85,0.0,0.0,86.85,86.85,Completed
3903,1256,2023-12-22,Email,East,482.08,0.0,0.0,482.08,482.08,Completed
3904,1256,2024-02-09,Social Media,East,546.79,82.02,0.0,464.77,464.77,Completed
3905,1256,2024-12-10,Social Media,East,78.67,0.0,0.0,78.67,78.67,Completed
3906,1257,2023-09-29,Email,North,216.92,32.54,0.0,184.38,184.38,Completed
3907,1257,2023-11-04,Social Media,North,110.63,0.0,0.0,110.63,110.63,Completed
3908,1257,2024-02-25,Email,North,20.83,0.0,6.49,27.32,27.32,Completed
3909,1257,2024-03-15,Organic Search,North,142.77,0.0,0.0,142.77,142.77,Completed
3910,1257,2024-05-15,Social Media,North,150.05,0.0,0.0,0.0,150.05,Returned
3911,1257,2024-10-24,Email,North,636.34,0.0,0.0,636.34,636.34,Completed
3912,1258,2024-07-04,Organic Search,Central,131.1,0.0,0.0,0.0,131.1,Returned
3913,1258,2024-10-26,Organic Search,Central,186.95,9.35,0.0,0.0,177.6,Returned
3914,1258,2025-04-16,Email,Central,1068.37,0.0,0.0,1068.37,1068.37,Completed
3915,1258,2025-08-28,Direct,Central,118.48,0.0,0.0,118.48,118.48,Completed
3916,1258,2025-10-03,Paid Ads,Central,337.83,33.78,0.0,304.05,304.05,Completed
3917,1258,2025-11-05,Paid Ads,Central,1334.88,200.23,0.0,1134.65,1134.65,Completed
3918,1258,2025-11-21,Organic Search,Central,284.28,0.0,0.0,284.28,284.28,Completed
3919,1258,2025-12-07,Social Media,Central,113.49,17.02,0.0,96.47,96.47,Completed
3920,1258,2025-12-24,Paid Ads,Central,1411.6,0.0,0.0,1411.6,1411.6,Completed
3921,1259,2023-12-02,Paid Ads,East,1387.07,138.71,0.0,1248.36,1248.36,Completed
3922,1259,2024-01-03,Paid Ads,East,1063.84,159.58,0.0,904.26,904.26,Completed
3923,1259,2024-01-07,Social Media,East,1797.37,0.0,0.0,1797.37,1797.37,Completed
3924,1259,2025-03-13,Email,East,86.71,0.0,0.0,86.71,86.71,Completed
3925,1259,2025-06-15,Paid Ads,East,1002.88,0.0,0.0,1002.88,1002.88,Completed
3926,1259,2025-07-13,Paid Ads,East,1460.0,0.0,0.0,1460.0,1460.0,Completed
3927,1259,2025-12-17,Paid Ads,East,83.16,0.0,0.0,83.16,83.16,Completed
3928,1260,2023-12-13,Social Media,North,1235.9,0.0,0.0,1235.9,1235.9,Completed
3929,1261,2024-06-20,Paid Ads,South,44.19,0.0,7.49,51.68,51.68,Completed
3930,1261,2024-08-22,Social Media,South,181.08,36.22,0.0,144.86,144.86,Completed
3931,1262,2024-06-25,Social Media,North,558.94,0.0,0.0,558.94,558.94,Completed
3932,1262,2025-03-18,Organic Search,North,39.53,0.0,6.81,46.34,46.34,Completed
3933,1263,2023-12-14,Paid Ads,East,94.47,0.0,0.0,94.47,94.47,Completed
3934,1263,2024-01-14,Paid Ads,East,1444.12,288.82,0.0,1155.3,1155.3,Completed
3935,1263,2024-02-26,Paid Ads,East,841.83,0.0,0.0,841.83,841.83,Completed
3936,1263,2024-03-29,Email,East,1376.34,137.63,0.0,0.0,1238.71,Returned
3937,1263,2024-05-04,Social Media,East,49.72,0.0,7.52,57.24,57.24,Completed
3938,1263,2024-05-16,Social Media,East,463.54,0.0,0.0,463.54,463.54,Completed
3939,1263,2024-05-23,Referral,East,233.88,0.0,0.0,233.88,233.88,Completed
3940,1263,2024-09-23,Direct,East,140.04,0.0,0.0,140.04,140.04,Completed
3941,1263,2024-11-10,Paid Ads,East,749.17,37.46,0.0,711.71,711.71,Completed
3942,1263,2024-11-18,Social Media,East,69.49,3.47,7.37,73.39,73.39,Completed
3943,1263,2024-12-20,Organic Search,East,42.72,6.41,8.52,44.83,44.83,Completed
3944,1263,2025-05-16,Email,East,526.89,52.69,0.0,474.2,474.2,Completed
3945,1263,2025-05-16,Paid Ads,East,585.14,29.26,0.0,555.88,555.88,Completed
3946,1263,2025-06-12,Paid Ads,East,85.44,4.27,0.0,81.17,81.17,Completed
3947,1263,2025-06-29,Paid Ads,East,147.61,7.38,0.0,140.23,140.23,Completed
3948,1263,2025-08-13,Organic Search,East,308.23,0.0,0.0,308.23,308.23,Completed
3949,1263,2025-09-24,Social Media,East,199.5,0.0,0.0,0.0,199.5,Returned
3950,1263,2025-10-21,Social Media,East,588.48,0.0,0.0,588.48,588.48,Completed
3951,1264,2025-04-20,Email,South,408.3,40.83,0.0,367.47,367.47,Completed
3952,1264,2025-05-17,Paid Ads,South,111.38,5.57,0.0,0.0,105.81,Returned
3953,1264,2025-07-27,Organic Search,South,1082.86,108.29,0.0,974.57,974.57,Completed
3954,1264,2025-09-11,Referral,South,137.78,0.0,0.0,137.78,137.78,Completed
3955,1264,2025-10-14,Social Media,South,588.93,0.0,0.0,588.93,588.93,Completed
3956,1264,2025-11-14,Social Media,South,51.64,0.0,8.51,60.15,60.15,Completed
3957,1265,2023-07-20,Organic Search,West,1049.34,52.47,0.0,996.87,996.87,Completed
3958,1265,2023-11-03,Social Media,West,159.41,0.0,0.0,159.41,159.41,Completed
3959,1265,2024-05-06,Social Media,West,276.13,0.0,0.0,276.13,276.13,Completed
3960,1267,2025-03-21,Email,South,97.74,0.0,0.0,97.74,97.74,Completed
3961,1267,2025-07-01,Organic Search,South,99.47,4.97,0.0,94.5,94.5,Completed
3962,1267,2025-12-05,Organic Search,South,150.87,0.0,0.0,150.87,150.87,Completed
3963,1268,2023-06-27,Social Media,East,368.71,36.87,0.0,331.84,331.84,Completed
3964,1268,2023-08-08,Paid Ads,East,1169.35,58.47,0.0,1110.88,1110.88,Completed
3965,1268,2023-10-29,Social Media,East,418.72,0.0,0.0,418.72,418.72,Completed
3966,1268,2023-11-02,Organic Search,East,473.87,0.0,0.0,473.87,473.87,Completed
3967,1268,2024-01-10,Paid Ads,East,164.1,0.0,0.0,164.1,164.1,Completed
3968,1268,2024-04-12,Direct,East,251.55,0.0,0.0,0.0,251.55,Returned
3969,1268,2024-07-15,Paid Ads,East,83.19,4.16,0.0,0.0,79.03,Returned
3970,1268,2024-08-29,Paid Ads,East,406.39,20.32,0.0,386.07,386.07,Completed
3971,1268,2025-04-05,Organic Search,East,419.19,20.96,0.0,398.23,398.23,Completed
3972,1269,2025-06-20,Organic Search,North,708.19,0.0,0.0,708.19,708.19,Completed
3973,1269,2025-07-27,Email,North,78.93,0.0,0.0,78.93,78.93,Completed
3974,1269,2025-09-10,Organic Search,North,435.63,21.78,0.0,413.85,413.85,Completed
3975,1270,2025-10-13,Email,West,216.45,21.64,0.0,194.81,194.81,Completed
3976,1271,2024-09-29,Paid Ads,West,816.41,0.0,0.0,816.41,816.41,Completed
3977,1271,2024-11-09,Social Media,West,880.82,44.04,0.0,836.78,836.78,Completed
3978,1271,2025-01-31,Organic Search,West,361.12,0.0,0.0,361.12,361.12,Completed
3979,1271,2025-09-30,Paid Ads,West,279.75,0.0,0.0,279.75,279.75,Completed
3980,1271,2025-12-12,Email,West,453.35,0.0,0.0,453.35,453.35,Completed
3981,1272,2025-03-23,Social Media,West,232.9,0.0,0.0,232.9,232.9,Completed
3982,1273,2024-05-12,Email,North,5.73,0.0,8.68,14.41,14.41,Completed
3983,1273,2024-07-03,Organic Search,North,2471.95,247.2,0.0,2224.75,2224.75,Completed
3984,1273,2024-10-04,Social Media,North,90.86,0.0,0.0,90.86,90.86,Completed
3985,1273,2024-11-27,Social Media,North,223.17,0.0,0.0,223.17,223.17,Completed
3986,1273,2025-03-28,Paid Ads,North,592.91,0.0,0.0,592.91,592.91,Completed
3987,1273,2025-07-23,Social Media,North,74.68,7.47,4.36,71.57,71.57,Completed
3988,1273,2025-07-28,Organic Search,North,175.89,35.18,0.0,140.71,140.71,Completed
3989,1273,2025-07-29,Organic Search,North,379.13,0.0,0.0,379.13,379.13,Completed
3990,1273,2025-08-05,Organic Search,North,1904.17,0.0,0.0,1904.17,1904.17,Completed
3991,1276,2024-01-24,Organic Search,West,160.78,0.0,0.0,160.78,160.78,Completed
3992,1276,2024-03-12,Direct,West,438.08,0.0,0.0,438.08,438.08,Completed
3993,1276,2024-10-03,Social Media,West,107.53,10.75,0.0,96.78,96.78,Completed
3994,1276,2024-10-11,Organic Search,West,82.0,0.0,0.0,82.0,82.0,Completed
3995,1276,2025-02-04,Email,West,174.87,0.0,0.0,174.87,174.87,Completed
3996,1276,2025-03-23,Organic Search,West,134.31,6.72,0.0,127.59,127.59,Completed
3997,1276,2025-04-18,Email,West,176.03,0.0,0.0,176.03,176.03,Completed
3998,1276,2025-06-05,Organic Search,West,175.73,0.0,0.0,175.73,175.73,Completed
3999,1276,2025-08-16,Email,West,479.18,0.0,0.0,479.18,479.18,Completed
4000,1276,2025-09-27,Direct,West,1710.39,0.0,0.0,1710.39,1710.39,Completed
4001,1276,2025-10-27,Social Media,West,49.15,0.0,5.46,54.61,54.61,Completed
4002,1277,2024-09-09,Email,West,587.23,0.0,0.0,587.23,587.23,Completed
4003,1277,2025-05-20,Organic Search,West,2733.76,410.06,0.0,2323.7,2323.7,Completed
4004,1277,2025-10-27,Organic Search,West,1674.32,0.0,0.0,1674.32,1674.32,Completed
4005,1278,2023-12-14,Paid Ads,Central,485.24,0.0,0.0,485.24,485.24,Completed
4006,1278,2024-10-11,Email,Central,382.33,19.12,0.0,363.21,363.21,Completed
4007,1278,2024-12-14,Organic Search,Central,112.68,11.27,0.0,101.41,101.41,Completed
4008,1278,2025-11-23,Email,Central,41.36,2.07,8.29,47.58,47.58,Completed
4009,1279,2025-02-05,Organic Search,South,147.96,0.0,0.0,147.96,147.96,Completed
4010,1279,2025-06-01,Paid Ads,South,138.86,0.0,0.0,138.86,138.86,Completed
4011,1279,2025-10-30,Paid Ads,South,974.66,146.2,0.0,0.0,828.46,Returned
4012,1280,2024-02-15,Paid Ads,North,2006.92,0.0,0.0,2006.92,2006.92,Completed
4013,1280,2024-09-09,Paid Ads,North,789.95,0.0,0.0,789.95,789.95,Completed
4014,1280,2024-11-17,Paid Ads,North,115.2,0.0,0.0,115.2,115.2,Completed
4015,1280,2025-01-28,Paid Ads,North,262.52,0.0,0.0,262.52,262.52,Completed
4016,1280,2025-10-17,Paid Ads,North,1964.26,392.85,0.0,1571.41,1571.41,Completed
4017,1280,2025-12-08,Organic Search,North,698.61,0.0,0.0,698.61,698.61,Completed
4018,1281,2023-05-01,Direct,South,747.46,0.0,0.0,747.46,747.46,Completed
4019,1281,2023-06-21,Social Media,South,738.03,147.61,0.0,590.42,590.42,Completed
4020,1281,2023-08-24,Paid Ads,South,522.63,0.0,0.0,522.63,522.63,Completed
4021,1281,2025-02-10,Organic Search,South,1234.28,185.14,0.0,1049.14,1049.14,Completed
4022,1282,2024-02-04,Email,East,122.03,0.0,0.0,122.03,122.03,Completed
4023,1283,2025-03-03,Email,South,66.42,3.32,4.54,67.64,67.64,Completed
4024,1283,2025-06-28,Email,South,435.36,0.0,0.0,435.36,435.36,Completed
4025,1283,2025-11-01,Organic Search,South,226.11,33.92,0.0,192.19,192.19,Completed
4026,1283,2025-11-02,Referral,South,35.31,0.0,5.96,41.27,41.27,Completed
4027,1283,2025-11-05,Organic Search,South,310.35,0.0,0.0,310.35,310.35,Completed
4028,1283,2025-12-16,Direct,South,146.82,7.34,0.0,139.48,139.48,Completed
4029,1285,2024-03-10,Paid Ads,North,555.18,0.0,0.0,555.18,555.18,Completed
4030,1285,2025-06-03,Social Media,North,899.05,134.86,0.0,764.19,764.19,Completed
4031,1285,2025-12-24,Paid Ads,North,116.1,5.8,0.0,110.3,110.3,Completed
4032,1286,2024-11-06,Social Media,South,150.3,0.0,0.0,150.3,150.3,Completed
4033,1286,2024-12-13,Direct,South,1245.11,0.0,0.0,1245.11,1245.11,Completed
4034,1287,2024-02-20,Social Media,Central,46.21,0.0,4.47,50.68,50.68,Completed
4035,1287,2024-02-23,Organic Search,Central,285.74,0.0,0.0,285.74,285.74,Completed
4036,1287,2024-03-05,Direct,Central,205.85,20.58,0.0,185.27,185.27,Completed
4037,1287,2024-04-18,Social Media,Central,264.09,26.41,0.0,237.68,237.68,Completed
4038,1287,2024-07-23,Social Media,Central,85.24,0.0,0.0,85.24,85.24,Completed
4039,1287,2024-12-09,Paid Ads,Central,471.79,0.0,0.0,471.79,471.79,Completed
4040,1287,2025-07-05,Paid Ads,Central,167.34,0.0,0.0,167.34,167.34,Completed
4041,1288,2025-05-13,Organic Search,South,92.84,0.0,0.0,92.84,92.84,Completed
4042,1291,2024-01-03,Email,East,399.19,39.92,0.0,359.27,359.27,Completed
4043,1291,2024-01-03,Organic Search,East,199.43,19.94,0.0,179.49,179.49,Completed
4044,1291,2024-05-03,Paid Ads,East,693.52,0.0,0.0,693.52,693.52,Completed
4045,1291,2024-06-05,Email,East,387.03,0.0,0.0,387.03,387.03,Completed
4046,1291,2024-09-02,Social Media,East,64.12,3.21,4.8,65.71,65.71,Completed
4047,1293,2024-10-06,Paid Ads,West,375.84,56.38,0.0,319.46,319.46,Completed
4048,1293,2024-11-16,Direct,West,44.01,6.6,5.47,42.88,42.88,Completed
4049,1293,2024-12-16,Email,West,349.44,0.0,0.0,349.44,349.44,Completed
4050,1293,2025-01-31,Paid Ads,West,371.99,0.0,0.0,0.0,371.99,Returned
4051,1293,2025-03-05,Social Media,West,505.16,75.77,0.0,429.39,429.39,Completed
4052,1293,2025-04-27,Direct,West,111.75,22.35,0.0,89.4,89.4,Completed
4053,1294,2024-04-28,Email,West,127.89,0.0,0.0,127.89,127.89,Completed
4054,1294,2024-08-09,Paid Ads,West,609.6,0.0,0.0,609.6,609.6,Completed
4055,1294,2024-10-22,Email,West,508.71,50.87,0.0,457.84,457.84,Completed
4056,1294,2024-12-27,Paid Ads,West,28.41,0.0,4.11,32.52,32.52,Completed
4057,1294,2025-06-26,Social Media,West,955.11,143.27,0.0,811.84,811.84,Completed
4058,1294,2025-07-17,Direct,West,1247.24,62.36,0.0,1184.88,1184.88,Completed
4059,1294,2025-10-19,Paid Ads,West,196.94,0.0,0.0,196.94,196.94,Completed
4060,1296,2025-12-28,Direct,West,420.4,84.08,0.0,336.32,336.32,Completed
4061,1297,2023-12-24,Organic Search,North,1104.18,0.0,0.0,1104.18,1104.18,Completed
4062,1297,2025-02-15,Organic Search,North,203.79,0.0,0.0,203.79,203.79,Completed
4063,1297,2025-11-15,Organic Search,North,290.74,0.0,0.0,290.74,290.74,Completed
4064,1297,2025-12-18,Organic Search,North,609.59,0.0,0.0,609.59,609.59,Completed
4065,1298,2025-02-08,Social Media,East,2165.95,216.6,0.0,1949.35,1949.35,Completed
4066,1299,2025-07-19,Paid Ads,East,174.64,0.0,0.0,174.64,174.64,Completed
4067,1300,2024-12-21,Organic Search,South,119.27,17.89,0.0,101.38,101.38,Completed
4068,1300,2025-03-21,Email,South,89.64,13.45,0.0,76.19,76.19,Completed
4069,1300,2025-05-09,Referral,South,377.1,0.0,0.0,377.1,377.1,Completed
4070,1300,2025-08-08,Organic Search,South,190.8,9.54,0.0,181.26,181.26,Completed
4071,1300,2025-08-24,Direct,South,354.56,35.46,0.0,319.1,319.1,Completed
4072,1300,2025-12-06,Email,South,60.34,0.0,8.13,68.47,68.47,Completed
4073,1302,2024-03-15,Social Media,South,18.89,1.89,6.98,23.98,23.98,Completed
4074,1302,2024-08-11,Paid Ads,South,426.2,85.24,0.0,340.96,340.96,Completed
4075,1302,2024-10-06,Email,South,26.8,0.0,4.06,30.86,30.86,Completed
4076,1302,2024-11-20,Organic Search,South,756.98,113.55,0.0,643.43,643.43,Completed
4077,1302,2024-11-23,Social Media,South,798.44,0.0,0.0,798.44,798.44,Completed
4078,1302,2025-02-14,Paid Ads,South,951.87,0.0,0.0,0.0,951.87,Returned
4079,1302,2025-02-19,Email,South,384.02,0.0,0.0,384.02,384.02,Completed
4080,1302,2025-05-07,Organic Search,South,99.55,0.0,0.0,99.55,99.55,Completed
4081,1302,2025-05-08,Social Media,South,96.82,4.84,0.0,91.98,91.98,Completed
4082,1302,2025-06-16,Organic Search,South,107.03,0.0,0.0,107.03,107.03,Completed
4083,1302,2025-07-29,Paid Ads,South,856.53,42.83,0.0,813.7,813.7,Completed
4084,1303,2023-05-17,Organic Search,Central,18.02,0.9,5.9,23.02,23.02,Completed
4085,1303,2023-10-31,Social Media,Central,80.24,0.0,0.0,80.24,80.24,Completed
4086,1303,2024-01-06,Social Media,Central,130.47,0.0,0.0,130.47,130.47,Completed
4087,1303,2024-08-01,Social Media,Central,138.36,0.0,0.0,138.36,138.36,Completed
4088,1303,2024-08-28,Direct,Central,100.36,0.0,0.0,100.36,100.36,Completed
4089,1303,2024-10-14,Social Media,Central,43.52,0.0,6.63,50.15,50.15,Completed
4090,1303,2025-05-05,Direct,Central,927.75,46.39,0.0,881.36,881.36,Completed
4091,1303,2025-06-15,Paid Ads,Central,22.2,2.22,5.15,25.13,25.13,Completed
4092,1303,2025-07-22,Organic Search,Central,1450.39,0.0,0.0,1450.39,1450.39,Completed
4093,1303,2025-08-23,Organic Search,Central,39.12,0.0,8.47,47.59,47.59,Completed
4094,1303,2025-10-08,Organic Search,Central,654.23,0.0,0.0,654.23,654.23,Completed
4095,1303,2025-10-22,Referral,Central,500.6,0.0,0.0,500.6,500.6,Completed
4096,1304,2025-10-24,Email,East,748.35,0.0,0.0,748.35,748.35,Completed
4097,1304,2025-10-25,Organic Search,East,1652.02,82.6,0.0,1569.42,1569.42,Completed
4098,1304,2025-11-14,Paid Ads,East,233.65,35.05,0.0,198.6,198.6,Completed
4099,1305,2023-08-14,Social Media,South,87.43,0.0,0.0,87.43,87.43,Completed
4100,1305,2023-10-23,Referral,South,19.08,0.0,5.01,24.09,24.09,Completed
4101,1305,2024-02-04,Direct,South,1655.84,82.79,0.0,0.0,1573.05,Returned
4102,1305,2025-08-09,Organic Search,South,148.61,0.0,0.0,148.61,148.61,Completed
4103,1306,2025-10-06,Organic Search,South,258.07,12.9,0.0,245.17,245.17,Completed
4104,1307,2024-01-12,Paid Ads,Central,114.94,0.0,0.0,114.94,114.94,Completed
4105,1307,2025-03-26,Paid Ads,Central,181.4,27.21,0.0,154.19,154.19,Completed
4106,1308,2024-11-21,Paid Ads,South,22.22,1.11,8.1,29.21,29.21,Completed
4107,1308,2025-02-10,Organic Search,South,314.39,15.72,0.0,298.67,298.67,Completed
4108,1308,2025-08-04,Direct,South,70.73,0.0,5.08,75.81,75.81,Completed
4109,1308,2025-11-28,Email,South,65.51,9.83,5.22,60.9,60.9,Completed
4110,1308,2025-12-23,Paid Ads,South,145.78,7.29,0.0,138.49,138.49,Completed
4111,1309,2024-02-17,Paid Ads,North,594.76,0.0,0.0,594.76,594.76,Completed
4112,1309,2024-09-05,Direct,North,205.52,0.0,0.0,205.52,205.52,Completed
4113,1309,2024-12-14,Referral,North,2522.96,0.0,0.0,2522.96,2522.96,Completed
4114,1309,2025-08-04,Organic Search,North,516.96,77.54,0.0,439.42,439.42,Completed
4115,1309,2025-08-20,Paid Ads,North,425.64,0.0,0.0,425.64,425.64,Completed
4116,1309,2025-09-27,Paid Ads,North,466.33,0.0,0.0,466.33,466.33,Completed
4117,1311,2025-06-29,Direct,West,74.64,0.0,5.22,79.86,79.86,Completed
4118,1311,2025-07-03,Direct,West,1071.63,214.33,0.0,857.3,857.3,Completed
4119,1311,2025-10-05,Social Media,West,203.43,10.17,0.0,193.26,193.26,Completed
4120,1312,2024-05-18,Social Media,North,69.2,0.0,7.74,76.94,76.94,Completed
4121,1312,2024-07-25,Paid Ads,North,342.46,17.12,0.0,325.34,325.34,Completed
4122,1312,2024-08-24,Referral,North,150.22,0.0,0.0,150.22,150.22,Completed
4123,1312,2024-10-21,Organic Search,North,2855.29,285.53,0.0,2569.76,2569.76,Completed
4124,1312,2025-01-23,Email,North,146.22,0.0,0.0,146.22,146.22,Completed
4125,1312,2025-05-28,Email,North,169.55,8.48,0.0,161.07,161.07,Completed
4126,1312,2025-08-18,Paid Ads,North,188.93,9.45,0.0,179.48,179.48,Completed
4127,1314,2024-12-15,Email,East,149.67,0.0,0.0,149.67,149.67,Completed
4128,1314,2025-02-09,Email,East,362.31,54.35,0.0,307.96,307.96,Completed
4129,1314,2025-10-07,Social Media,East,396.32,0.0,0.0,396.32,396.32,Completed
4130,1315,2025-04-28,Email,North,1838.67,183.87,0.0,1654.8,1654.8,Completed
4131,1315,2025-05-09,Paid Ads,North,280.03,0.0,0.0,280.03,280.03,Completed
4132,1315,2025-09-14,Direct,North,244.27,36.64,0.0,207.63,207.63,Completed
4133,1315,2025-09-20,Email,North,916.13,0.0,0.0,916.13,916.13,Completed
4134,1316,2023-09-27,Email,South,140.82,0.0,0.0,140.82,140.82,Completed
4135,1316,2024-04-30,Organic Search,South,178.65,17.87,0.0,160.78,160.78,Completed
4136,1316,2024-09-04,Email,South,22.74,3.41,5.81,25.14,25.14,Completed
4137,1316,2025-06-06,Paid Ads,South,238.72,23.87,0.0,214.85,214.85,Completed
4138,1316,2025-08-23,Organic Search,South,432.04,0.0,0.0,432.04,432.04,Completed
4139,1317,2024-09-30,Email,North,959.47,95.95,0.0,863.52,863.52,Completed
4140,1318,2024-11-09,Direct,North,431.89,21.59,0.0,410.3,410.3,Completed
4141,1318,2025-02-15,Organic Search,North,223.83,0.0,0.0,223.83,223.83,Completed
4142,1319,2024-06-13,Organic Search,South,213.18,42.64,0.0,170.54,170.54,Completed
4143,1319,2024-08-30,Email,South,561.61,0.0,0.0,561.61,561.61,Completed
4144,1319,2024-12-09,Social Media,South,1031.59,0.0,0.0,1031.59,1031.59,Completed
4145,1319,2025-01-07,Social Media,South,15.05,0.0,4.46,19.51,19.51,Completed
4146,1320,2024-04-17,Organic Search,South,253.13,0.0,0.0,253.13,253.13,Completed
4147,1320,2024-10-15,Paid Ads,South,29.44,0.0,8.75,38.19,38.19,Completed
4148,1320,2025-12-22,Paid Ads,South,92.04,0.0,0.0,92.04,92.04,Completed
4149,1321,2025-09-15,Organic Search,North,132.05,0.0,0.0,132.05,132.05,Completed
4150,1323,2024-10-06,Email,South,162.62,0.0,0.0,162.62,162.62,Completed
4151,1323,2025-03-18,Organic Search,South,369.0,55.35,0.0,313.65,313.65,Completed
4152,1324,2024-03-31,Organic Search,South,804.25,0.0,0.0,804.25,804.25,Completed
4153,1324,2025-04-02,Email,South,247.16,24.72,0.0,222.44,222.44,Completed
4154,1324,2025-09-25,Paid Ads,South,35.88,3.59,8.55,40.84,40.84,Completed
4155,1325,2023-07-12,Direct,South,43.13,2.16,6.18,47.15,47.15,Completed
4156,1325,2023-09-04,Organic Search,South,120.95,12.1,0.0,108.85,108.85,Completed
4157,1325,2023-09-24,Paid Ads,South,560.13,0.0,0.0,560.13,560.13,Completed
4158,1325,2023-10-06,Paid Ads,South,354.33,0.0,0.0,354.33,354.33,Completed
4159,1325,2023-10-26,Referral,South,106.4,0.0,0.0,106.4,106.4,Completed
4160,1325,2023-11-07,Paid Ads,South,101.07,0.0,0.0,101.07,101.07,Completed
4161,1325,2024-02-02,Direct,South,162.71,0.0,0.0,162.71,162.71,Completed
4162,1325,2024-05-10,Direct,South,620.52,93.08,0.0,527.44,527.44,Completed
4163,1325,2024-10-10,Paid Ads,South,841.46,0.0,0.0,841.46,841.46,Completed
4164,1326,2024-08-29,Referral,East,1049.72,52.49,0.0,997.23,997.23,Completed
4165,1326,2024-09-07,Paid Ads,East,64.11,3.21,8.51,69.41,69.41,Completed
4166,1326,2024-10-24,Social Media,East,531.35,0.0,0.0,531.35,531.35,Completed
4167,1326,2025-04-28,Direct,East,1106.12,0.0,0.0,1106.12,1106.12,Completed
4168,1328,2024-12-14,Email,Central,1069.49,53.47,0.0,1016.02,1016.02,Completed
4169,1328,2025-08-08,Social Media,Central,22.99,3.45,6.45,25.99,25.99,Completed
4170,1329,2023-10-03,Paid Ads,West,53.81,0.0,5.51,59.32,59.32,Completed
4171,1329,2023-12-23,Social Media,West,39.14,0.0,4.99,44.13,44.13,Completed
4172,1329,2024-01-03,Organic Search,West,58.95,0.0,5.82,64.77,64.77,Completed
4173,1329,2024-02-16,Paid Ads,West,266.76,0.0,0.0,266.76,266.76,Completed
4174,1329,2024-11-13,Paid Ads,West,1042.56,0.0,0.0,1042.56,1042.56,Completed
4175,1329,2025-03-14,Paid Ads,West,956.27,0.0,0.0,956.27,956.27,Completed
4176,1331,2025-11-10,Email,North,54.59,0.0,6.36,60.95,60.95,Completed
4177,1332,2025-07-19,Organic Search,Central,103.53,5.18,0.0,98.35,98.35,Completed
4178,1336,2023-09-26,Paid Ads,Central,252.47,12.62,0.0,239.85,239.85,Completed
4179,1336,2024-01-14,Social Media,Central,326.64,0.0,0.0,326.64,326.64,Completed
4180,1337,2025-01-11,Email,West,72.29,0.0,4.66,76.95,76.95,Completed
4181,1338,2025-04-17,Direct,North,145.59,0.0,0.0,145.59,145.59,Completed
4182,1338,2025-07-25,Email,North,114.57,0.0,0.0,114.57,114.57,Completed
4183,1338,2025-10-14,Direct,North,388.68,0.0,0.0,388.68,388.68,Completed
4184,1339,2024-08-26,Organic Search,Central,184.63,27.69,0.0,156.94,156.94,Completed
4185,1339,2024-09-03,Social Media,Central,230.84,0.0,0.0,230.84,230.84,Completed
4186,1339,2025-12-24,Referral,Central,730.75,73.08,0.0,0.0,657.67,Returned
4187,1341,2025-07-30,Email,East,961.06,48.05,0.0,913.01,913.01,Completed
4188,1342,2024-04-10,Paid Ads,Central,48.04,0.0,4.45,52.49,52.49,Completed
4189,1342,2024-06-24,Social Media,Central,437.37,0.0,0.0,437.37,437.37,Completed
4190,1342,2024-11-24,Direct,Central,167.07,0.0,0.0,167.07,167.07,Completed
4191,1343,2024-12-31,Direct,West,8.08,1.21,4.95,11.82,11.82,Completed
4192,1343,2025-02-09,Paid Ads,West,940.57,188.11,0.0,752.46,752.46,Completed
4193,1344,2025-06-22,Paid Ads,North,136.69,20.5,0.0,116.19,116.19,Completed
4194,1345,2024-04-18,Direct,North,293.85,29.39,0.0,264.46,264.46,Completed
4195,1345,2025-04-30,Referral,North,797.46,0.0,0.0,797.46,797.46,Completed
4196,1345,2025-08-01,Social Media,North,76.37,0.0,0.0,76.37,76.37,Completed
4197,1345,2025-09-06,Referral,North,54.2,10.84,5.4,48.76,48.76,Completed
4198,1346,2023-06-10,Social Media,West,161.28,8.06,0.0,153.22,153.22,Completed
4199,1346,2024-01-12,Social Media,West,130.16,0.0,0.0,130.16,130.16,Completed
4200,1346,2024-11-09,Social Media,West,119.22,0.0,0.0,119.22,119.22,Completed
4201,1346,2025-11-25,Paid Ads,West,924.82,0.0,0.0,924.82,924.82,Completed
4202,1347,2025-09-29,Direct,East,447.98,0.0,0.0,447.98,447.98,Completed
4203,1347,2025-10-01,Paid Ads,East,46.16,6.92,7.08,46.32,46.32,Completed
4204,1348,2025-08-27,Paid Ads,South,244.63,0.0,0.0,244.63,244.63,Completed
4205,1348,2025-11-14,Referral,South,1068.08,106.81,0.0,961.27,961.27,Completed
4206,1349,2024-09-20,Email,North,17.29,0.0,6.94,24.23,24.23,Completed
4207,1349,2025-01-19,Social Media,North,733.75,0.0,0.0,733.75,733.75,Completed
4208,1349,2025-05-10,Direct,North,1746.62,0.0,0.0,1746.62,1746.62,Completed
4209,1350,2024-01-08,Direct,North,156.7,15.67,0.0,141.03,141.03,Completed
4210,1350,2024-05-17,Email,North,16.64,0.0,8.2,24.84,24.84,Completed
4211,1350,2024-06-03,Social Media,North,80.18,12.03,0.0,68.15,68.15,Completed
4212,1350,2025-01-14,Email,North,435.86,0.0,0.0,0.0,435.86,Returned
4213,1350,2025-02-07,Social Media,North,394.2,0.0,0.0,394.2,394.2,Completed
4214,1350,2025-03-08,Paid Ads,North,193.58,0.0,0.0,193.58,193.58,Completed
4215,1350,2025-03-10,Paid Ads,North,339.87,0.0,0.0,339.87,339.87,Completed
4216,1350,2025-06-03,Email,North,60.34,3.02,5.45,62.77,62.77,Completed
4217,1350,2025-07-19,Referral,North,432.32,21.62,0.0,410.7,410.7,Completed
4218,1350,2025-10-23,Organic Search,North,292.7,0.0,0.0,292.7,292.7,Completed
4219,1351,2025-02-21,Social Media,West,171.44,0.0,0.0,171.44,171.44,Completed
4220,1351,2025-04-10,Email,West,161.12,0.0,0.0,161.12,161.12,Completed
4221,1352,2023-11-27,Email,Central,397.45,79.49,0.0,0.0,317.96,Returned
4222,1352,2025-03-04,Organic Search,Central,182.47,9.12,0.0,173.35,173.35,Completed
4223,1353,2023-09-11,Social Media,North,114.35,0.0,0.0,114.35,114.35,Completed
4224,1353,2023-11-05,Paid Ads,North,772.04,0.0,0.0,772.04,772.04,Completed
4225,1353,2023-12-09,Referral,North,41.43,0.0,5.11,46.54,46.54,Completed
4226,1353,2024-05-11,Social Media,North,156.21,7.81,0.0,148.4,148.4,Completed
4227,1353,2024-06-16,Organic Search,North,413.99,0.0,0.0,413.99,413.99,Completed
4228,1353,2024-08-01,Direct,North,132.18,13.22,0.0,118.96,118.96,Completed
4229,1353,2024-12-25,Social Media,North,62.18,0.0,7.1,69.28,69.28,Completed
4230,1355,2024-12-15,Paid Ads,South,72.11,3.61,7.75,76.25,76.25,Completed
4231,1356,2024-07-26,Paid Ads,Central,65.29,0.0,7.43,72.72,72.72,Completed
4232,1356,2024-09-22,Social Media,Central,61.18,0.0,4.67,65.85,65.85,Completed
4233,1356,2024-12-30,Organic Search,Central,132.65,13.26,0.0,119.39,119.39,Completed
4234,1356,2025-03-10,Direct,Central,472.35,0.0,0.0,472.35,472.35,Completed
4235,1356,2025-09-07,Organic Search,Central,112.89,0.0,0.0,112.89,112.89,Completed
4236,1357,2025-06-13,Organic Search,North,73.7,3.69,6.42,76.43,76.43,Completed
4237,1359,2024-01-29,Direct,North,41.34,6.2,8.18,43.32,43.32,Completed
4238,1359,2024-03-08,Social Media,North,25.3,1.27,5.22,29.25,29.25,Completed
4239,1359,2024-07-10,Direct,North,133.59,13.36,0.0,120.23,120.23,Completed
4240,1359,2024-09-10,Paid Ads,North,921.2,138.18,0.0,783.02,783.02,Completed
4241,1359,2024-10-09,Social Media,North,403.0,0.0,0.0,403.0,403.0,Completed
4242,1359,2025-05-22,Email,North,575.88,0.0,0.0,575.88,575.88,Completed
4243,1359,2025-06-15,Paid Ads,North,3169.48,158.47,0.0,3011.01,3011.01,Completed
4244,1360,2023-12-30,Email,Central,412.96,41.3,0.0,371.66,371.66,Completed
4245,1360,2024-04-15,Social Media,Central,1650.51,247.58,0.0,1402.93,1402.93,Completed
4246,1361,2025-01-06,Email,South,833.66,0.0,0.0,833.66,833.66,Completed
4247,1362,2023-09-27,Organic Search,East,1800.07,90.0,0.0,1710.07,1710.07,Completed
4248,1362,2024-06-18,Social Media,East,72.54,0.0,5.83,78.37,78.37,Completed
4249,1362,2024-10-06,Paid Ads,East,246.79,0.0,0.0,246.79,246.79,Completed
4250,1362,2025-01-13,Direct,East,202.93,0.0,0.0,202.93,202.93,Completed
4251,1362,2025-05-06,Social Media,East,490.5,0.0,0.0,490.5,490.5,Completed
4252,1363,2023-07-17,Organic Search,North,220.14,0.0,0.0,220.14,220.14,Completed
4253,1363,2023-09-28,Paid Ads,North,94.89,0.0,0.0,94.89,94.89,Completed
4254,1363,2024-01-05,Organic Search,North,443.58,0.0,0.0,443.58,443.58,Completed
4255,1363,2024-01-09,Referral,North,361.57,0.0,0.0,361.57,361.57,Completed
4256,1363,2024-01-30,Organic Search,North,93.28,4.66,0.0,88.62,88.62,Completed
4257,1363,2024-04-18,Social Media,North,1294.65,129.46,0.0,1165.19,1165.19,Completed
4258,1363,2024-08-10,Organic Search,North,587.48,29.37,0.0,558.11,558.11,Completed
4259,1363,2025-03-01,Organic Search,North,42.25,0.0,7.74,49.99,49.99,Completed
4260,1363,2025-03-04,Email,North,90.2,0.0,0.0,90.2,90.2,Completed
4261,1363,2025-07-21,Paid Ads,North,146.03,0.0,0.0,146.03,146.03,Completed
4262,1363,2025-09-14,Social Media,North,244.08,0.0,0.0,244.08,244.08,Completed
4263,1363,2025-11-07,Social Media,North,295.44,0.0,0.0,295.44,295.44,Completed
4264,1364,2023-03-24,Social Media,South,101.45,15.22,0.0,86.23,86.23,Completed
4265,1364,2023-04-09,Organic Search,South,182.21,0.0,0.0,182.21,182.21,Completed
4266,1364,2023-04-17,Organic Search,South,261.08,26.11,0.0,234.97,234.97,Completed
4267,1364,2023-09-27,Social Media,South,65.59,0.0,5.4,70.99,70.99,Completed
4268,1364,2024-02-02,Direct,South,1195.26,59.76,0.0,1135.5,1135.5,Completed
4269,1364,2024-08-22,Organic Search,South,111.22,0.0,0.0,111.22,111.22,Completed
4270,1364,2025-04-20,Referral,South,495.06,24.75,0.0,470.31,470.31,Completed
4271,1364,2025-08-05,Organic Search,South,1363.76,0.0,0.0,1363.76,1363.76,Completed
4272,1364,2025-08-26,Organic Search,South,594.68,29.73,0.0,564.95,564.95,Completed
4273,1364,2025-11-16,Paid Ads,South,55.41,8.31,5.02,52.12,52.12,Completed
4274,1364,2025-12-22,Email,South,254.75,25.48,0.0,229.27,229.27,Completed
4275,1365,2024-09-28,Social Media,South,547.47,82.12,0.0,465.35,465.35,Completed
4276,1366,2025-05-06,Referral,South,34.83,0.0,6.61,41.44,41.44,Completed
4277,1367,2025-04-29,Email,North,123.69,0.0,0.0,123.69,123.69,Completed
4278,1368,2024-10-16,Organic Search,West,51.9,0.0,8.07,59.97,59.97,Completed
4279,1370,2025-10-28,Social Media,North,724.8,0.0,0.0,724.8,724.8,Completed
4280,1370,2025-12-02,Social Media,North,99.24,9.92,0.0,89.32,89.32,Completed
4281,1371,2024-04-25,Social Media,Central,250.03,0.0,0.0,250.03,250.03,Completed
4282,1371,2024-08-01,Paid Ads,Central,577.71,0.0,0.0,577.71,577.71,Completed
4283,1371,2024-08-17,Organic Search,Central,164.94,8.25,0.0,156.69,156.69,Completed
4284,1371,2025-01-24,Organic Search,Central,326.99,0.0,0.0,326.99,326.99,Completed
4285,1371,2025-03-08,Email,Central,470.46,94.09,0.0,376.37,376.37,Completed
4286,1371,2025-05-16,Organic Search,Central,444.49,0.0,0.0,444.49,444.49,Completed
4287,1371,2025-06-17,Direct,Central,588.81,29.44,0.0,559.37,559.37,Completed
4288,1374,2025-07-11,Social Media,East,4949.39,0.0,0.0,4949.39,4949.39,Completed
4289,1374,2025-07-25,Social Media,East,106.74,0.0,0.0,106.74,106.74,Completed
4290,1374,2025-08-03,Direct,East,232.15,0.0,0.0,232.15,232.15,Completed
4291,1375,2024-02-25,Organic Search,Central,254.96,0.0,0.0,254.96,254.96,Completed
4292,1375,2024-04-26,Organic Search,Central,169.2,0.0,0.0,169.2,169.2,Completed
4293,1375,2024-06-03,Referral,Central,122.63,0.0,0.0,122.63,122.63,Completed
4294,1375,2024-09-21,Email,Central,1690.7,0.0,0.0,1690.7,1690.7,Completed
4295,1375,2024-10-11,Email,Central,177.72,0.0,0.0,177.72,177.72,Completed
4296,1375,2024-11-08,Referral,Central,227.05,0.0,0.0,227.05,227.05,Completed
4297,1375,2024-12-11,Organic Search,Central,30.03,3.0,4.76,0.0,31.79,Returned
4298,1375,2025-02-27,Social Media,Central,12.8,0.0,4.51,17.31,17.31,Completed
4299,1375,2025-04-11,Organic Search,Central,1148.84,0.0,0.0,1148.84,1148.84,Completed
4300,1375,2025-06-05,Social Media,Central,26.83,2.68,6.04,30.19,30.19,Completed
4301,1375,2025-06-27,Email,Central,257.64,0.0,0.0,257.64,257.64,Completed
4302,1375,2025-12-28,Organic Search,Central,143.96,0.0,0.0,143.96,143.96,Completed
4303,1376,2024-11-10,Social Media,Central,46.89,2.34,6.34,50.89,50.89,Completed
4304,1376,2024-12-05,Paid Ads,Central,242.32,12.12,0.0,230.2,230.2,Completed
4305,1376,2024-12-29,Organic Search,Central,357.0,0.0,0.0,357.0,357.0,Completed
4306,1376,2025-02-08,Paid Ads,Central,1620.08,162.01,0.0,1458.07,1458.07,Completed
4307,1376,2025-03-08,Social Media,Central,362.6,72.52,0.0,290.08,290.08,Completed
4308,1377,2024-12-24,Social Media,Central,80.64,4.03,0.0,76.61,76.61,Completed
4309,1378,2023-08-20,Email,South,310.32,31.03,0.0,279.29,279.29,Completed
4310,1378,2025-10-11,Direct,South,77.99,15.6,0.0,62.39,62.39,Completed
4311,1379,2024-09-06,Paid Ads,North,341.78,0.0,0.0,341.78,341.78,Completed
4312,1379,2024-10-20,Email,North,89.97,9.0,0.0,80.97,80.97,Completed
4313,1380,2024-03-05,Paid Ads,West,35.12,0.0,8.06,43.18,43.18,Completed
4314,1381,2025-10-31,Email,West,40.2,0.0,4.51,44.71,44.71,Completed
4315,1382,2024-12-31,Organic Search,South,151.86,0.0,0.0,151.86,151.86,Completed
4316,1383,2025-04-07,Email,Central,205.75,0.0,0.0,205.75,205.75,Completed
4317,1383,2025-09-25,Social Media,Central,484.38,72.66,0.0,411.72,411.72,Completed
4318,1384,2024-06-06,Direct,South,252.21,12.61,0.0,239.6,239.6,Completed
4319,1384,2024-07-02,Direct,South,222.15,22.22,0.0,199.93,199.93,Completed
4320,1384,2024-11-21,Paid Ads,South,413.87,0.0,0.0,413.87,413.87,Completed
4321,1384,2025-01-27,Organic Search,South,422.18,0.0,0.0,422.18,422.18,Completed
4322,1384,2025-04-13,Social Media,South,1452.04,72.6,0.0,1379.44,1379.44,Completed
4323,1384,2025-05-18,Organic Search,South,331.91,16.6,0.0,315.31,315.31,Completed
4324,1384,2025-07-09,Paid Ads,South,6.85,0.0,4.19,11.04,11.04,Completed
4325,1384,2025-08-31,Paid Ads,South,996.42,99.64,0.0,896.78,896.78,Completed
4326,1384,2025-10-27,Email,South,112.26,11.23,0.0,101.03,101.03,Completed
4327,1384,2025-11-07,Social Media,South,101.98,20.4,0.0,81.58,81.58,Completed
4328,1385,2024-07-27,Email,North,18.64,0.0,7.73,26.37,26.37,Completed
4329,1385,2025-01-17,Direct,North,188.9,9.44,0.0,179.46,179.46,Completed
4330,1386,2023-11-23,Organic Search,North,200.58,0.0,0.0,200.58,200.58,Completed
4331,1386,2024-02-06,Referral,North,801.84,0.0,0.0,801.84,801.84,Completed
4332,1386,2024-05-23,Direct,North,253.72,0.0,0.0,253.72,253.72,Completed
4333,1386,2024-07-07,Paid Ads,North,986.82,0.0,0.0,986.82,986.82,Completed
4334,1386,2024-09-14,Email,North,896.19,44.81,0.0,851.38,851.38,Completed
4335,1386,2024-10-15,Paid Ads,North,77.47,0.0,0.0,77.47,77.47,Completed
4336,1386,2024-12-14,Organic Search,North,281.52,56.3,0.0,225.22,225.22,Completed
4337,1386,2025-02-02,Email,North,1229.63,122.96,0.0,1106.67,1106.67,Completed
4338,1386,2025-02-11,Email,North,32.24,0.0,4.92,37.16,37.16,Completed
4339,1386,2025-02-17,Organic Search,North,86.65,0.0,0.0,86.65,86.65,Completed
4340,1386,2025-02-23,Referral,North,384.05,0.0,0.0,0.0,384.05,Returned
4341,1386,2025-03-30,Organic Search,North,339.61,0.0,0.0,339.61,339.61,Completed
4342,1386,2025-04-03,Paid Ads,North,75.64,0.0,0.0,75.64,75.64,Completed
4343,1386,2025-10-02,Direct,North,258.9,0.0,0.0,258.9,258.9,Completed
4344,1386,2025-11-28,Paid Ads,North,789.38,39.47,0.0,749.91,749.91,Completed
4345,1387,2025-06-03,Paid Ads,Central,169.68,0.0,0.0,169.68,169.68,Completed
4346,1387,2025-07-12,Paid Ads,Central,32.46,3.25,7.92,37.13,37.13,Completed
4347,1387,2025-09-05,Paid Ads,Central,221.64,0.0,0.0,221.64,221.64,Completed
4348,1388,2024-08-11,Paid Ads,East,454.36,0.0,0.0,454.36,454.36,Completed
4349,1388,2024-12-14,Paid Ads,East,371.57,18.58,0.0,352.99,352.99,Completed
4350,1388,2025-07-11,Organic Search,East,57.38,0.0,8.7,66.08,66.08,Completed
4351,1389,2025-02-09,Paid Ads,Central,2500.74,0.0,0.0,2500.74,2500.74,Completed
4352,1390,2025-09-12,Paid Ads,North,1022.01,0.0,0.0,1022.01,1022.01,Completed
4353,1391,2024-11-03,Social Media,East,157.36,0.0,0.0,157.36,157.36,Completed
4354,1394,2024-06-07,Organic Search,Central,699.88,0.0,0.0,699.88,699.88,Completed
4355,1394,2024-09-21,Organic Search,Central,734.24,0.0,0.0,734.24,734.24,Completed
4356,1394,2024-11-10,Email,Central,1559.1,311.82,0.0,1247.28,1247.28,Completed
4357,1394,2025-01-30,Email,Central,304.2,30.42,0.0,273.78,273.78,Completed
4358,1394,2025-02-09,Organic Search,Central,84.48,8.45,0.0,0.0,76.03,Returned
4359,1394,2025-04-27,Paid Ads,Central,337.73,0.0,0.0,0.0,337.73,Returned
4360,1395,2025-01-02,Paid Ads,North,223.98,0.0,0.0,223.98,223.98,Completed
4361,1395,2025-03-18,Paid Ads,North,753.52,113.03,0.0,640.49,640.49,Completed
4362,1395,2025-03-24,Email,North,92.08,0.0,0.0,92.08,92.08,Completed
4363,1395,2025-05-11,Paid Ads,North,680.04,136.01,0.0,544.03,544.03,Completed
4364,1395,2025-06-17,Direct,North,885.74,0.0,0.0,885.74,885.74,Completed
4365,1395,2025-09-13,Organic Search,North,855.58,128.34,0.0,727.24,727.24,Completed
4366,1396,2024-08-31,Paid Ads,West,283.16,28.32,0.0,254.84,254.84,Completed
4367,1396,2024-10-16,Organic Search,West,858.13,42.91,0.0,815.22,815.22,Completed
4368,1396,2024-10-18,Paid Ads,West,103.19,5.16,0.0,98.03,98.03,Completed
4369,1396,2025-05-12,Paid Ads,West,289.82,43.47,0.0,246.35,246.35,Completed
4370,1396,2025-11-23,Referral,West,1324.19,264.84,0.0,1059.35,1059.35,Completed
4371,1398,2023-11-07,Paid Ads,West,23.49,0.0,5.13,28.62,28.62,Completed
4372,1401,2024-11-22,Email,South,92.38,0.0,0.0,92.38,92.38,Completed
4373,1401,2025-05-06,Email,South,114.72,0.0,0.0,114.72,114.72,Completed
4374,1401,2025-08-17,Paid Ads,South,35.28,0.0,6.89,42.17,42.17,Completed
4375,1401,2025-11-17,Referral,South,797.76,0.0,0.0,0.0,797.76,Returned
4376,1401,2025-12-29,Organic Search,South,619.2,0.0,0.0,619.2,619.2,Completed
4377,1402,2025-03-27,Paid Ads,South,698.92,0.0,0.0,698.92,698.92,Completed
4378,1402,2025-05-01,Organic Search,South,985.62,147.84,0.0,837.78,837.78,Completed
4379,1402,2025-08-28,Email,South,41.42,6.21,4.61,39.82,39.82,Completed
4380,1403,2023-12-31,Paid Ads,North,533.51,26.68,0.0,506.83,506.83,Completed
4381,1403,2024-02-07,Paid Ads,North,1114.17,0.0,0.0,1114.17,1114.17,Completed
4382,1403,2024-06-14,Paid Ads,North,44.92,0.0,8.96,53.88,53.88,Completed
4383,1403,2024-06-24,Organic Search,North,415.07,0.0,0.0,415.07,415.07,Completed
4384,1404,2024-02-26,Paid Ads,South,1786.82,0.0,0.0,1786.82,1786.82,Completed
4385,1404,2024-03-19,Paid Ads,South,1627.24,0.0,0.0,1627.24,1627.24,Completed
4386,1404,2024-10-04,Email,South,245.05,0.0,0.0,245.05,245.05,Completed
4387,1405,2023-08-28,Organic Search,West,1204.69,60.23,0.0,1144.46,1144.46,Completed
4388,1405,2023-11-25,Organic Search,West,502.82,0.0,0.0,502.82,502.82,Completed
4389,1405,2024-03-28,Direct,West,258.01,0.0,0.0,258.01,258.01,Completed
4390,1405,2024-06-02,Organic Search,West,123.17,6.16,0.0,117.01,117.01,Completed
4391,1405,2024-06-19,Paid Ads,West,56.9,0.0,4.34,0.0,61.24,Returned
4392,1405,2024-10-14,Organic Search,West,39.86,0.0,5.65,45.51,45.51,Completed
4393,1405,2024-12-22,Organic Search,West,433.11,0.0,0.0,433.11,433.11,Completed
4394,1405,2025-05-09,Paid Ads,West,1211.15,121.12,0.0,1090.03,1090.03,Completed
4395,1405,2025-07-08,Organic Search,West,38.67,0.0,8.29,46.96,46.96,Completed
4396,1405,2025-08-16,Organic Search,West,202.72,20.27,0.0,182.45,182.45,Completed
4397,1406,2025-04-14,Email,South,1399.16,69.96,0.0,1329.2,1329.2,Completed
4398,1408,2025-04-26,Email,South,160.74,0.0,0.0,160.74,160.74,Completed
4399,1408,2025-08-20,Social Media,South,423.92,84.78,0.0,339.14,339.14,Completed
4400,1409,2024-04-04,Email,North,60.24,0.0,6.56,66.8,66.8,Completed
4401,1409,2024-12-02,Email,North,640.04,32.0,0.0,608.04,608.04,Completed
4402,1409,2025-02-07,Direct,North,154.5,0.0,0.0,154.5,154.5,Completed
4403,1410,2024-10-04,Email,West,420.34,0.0,0.0,420.34,420.34,Completed
4404,1411,2024-11-24,Social Media,South,22.42,0.0,4.6,27.02,27.02,Completed
4405,1411,2025-04-21,Paid Ads,South,560.17,56.02,0.0,504.15,504.15,Completed
4406,1412,2024-03-04,Paid Ads,South,47.51,0.0,8.34,55.85,55.85,Completed
4407,1412,2024-03-20,Email,South,80.88,0.0,0.0,80.88,80.88,Completed
4408,1412,2024-05-14,Email,South,45.34,6.8,5.06,43.6,43.6,Completed
4409,1412,2024-05-21,Organic Search,South,2497.77,249.78,0.0,2247.99,2247.99,Completed
4410,1412,2024-07-26,Paid Ads,South,66.4,0.0,7.0,73.4,73.4,Completed
4411,1412,2024-09-29,Referral,South,488.81,0.0,0.0,488.81,488.81,Completed
4412,1412,2025-05-18,Email,South,77.28,0.0,0.0,0.0,77.28,Returned
4413,1412,2025-06-25,Organic Search,South,99.86,0.0,0.0,99.86,99.86,Completed
4414,1412,2025-07-07,Organic Search,South,701.18,0.0,0.0,701.18,701.18,Completed
4415,1412,2025-07-12,Direct,South,631.21,126.24,0.0,504.97,504.97,Completed
4416,1412,2025-10-24,Social Media,South,83.39,16.68,0.0,66.71,66.71,Completed
4417,1413,2024-11-12,Paid Ads,Central,868.37,0.0,0.0,868.37,868.37,Completed
4418,1413,2024-12-11,Paid Ads,Central,1624.11,81.21,0.0,1542.9,1542.9,Completed
4419,1413,2025-01-20,Social Media,Central,107.64,10.76,0.0,96.88,96.88,Completed
4420,1413,2025-06-07,Paid Ads,Central,27.67,1.38,4.96,31.25,31.25,Completed
4421,1413,2025-06-22,Email,Central,1470.13,0.0,0.0,1470.13,1470.13,Completed
4422,1413,2025-10-24,Email,Central,999.55,0.0,0.0,999.55,999.55,Completed
4423,1413,2025-11-17,Social Media,Central,39.93,0.0,8.07,48.0,48.0,Completed
4424,1414,2025-10-27,Email,West,1185.94,0.0,0.0,1185.94,1185.94,Completed
4425,1415,2023-08-19,Organic Search,East,438.85,0.0,0.0,438.85,438.85,Completed
4426,1415,2024-02-25,Organic Search,East,1298.77,64.94,0.0,1233.83,1233.83,Completed
4427,1415,2024-04-18,Organic Search,East,184.88,18.49,0.0,166.39,166.39,Completed
4428,1415,2024-04-18,Organic Search,East,61.96,9.29,8.21,60.88,60.88,Completed
4429,1415,2024-12-23,Paid Ads,East,66.18,6.62,4.35,63.91,63.91,Completed
4430,1415,2025-08-04,Email,East,1073.08,0.0,0.0,1073.08,1073.08,Completed
4431,1415,2025-09-05,Email,East,223.7,0.0,0.0,223.7,223.7,Completed
4432,1415,2025-10-24,Email,East,57.22,11.44,6.74,52.52,52.52,Completed
4433,1415,2025-12-20,Referral,East,1082.36,0.0,0.0,1082.36,1082.36,Completed
4434,1416,2025-02-10,Social Media,East,1109.26,0.0,0.0,1109.26,1109.26,Completed
4435,1416,2025-12-25,Email,East,986.4,197.28,0.0,789.12,789.12,Completed
4436,1418,2025-04-04,Direct,Central,492.7,0.0,0.0,492.7,492.7,Completed
4437,1418,2025-09-13,Organic Search,Central,374.49,0.0,0.0,374.49,374.49,Completed
4438,1418,2025-10-02,Email,Central,386.2,0.0,0.0,386.2,386.2,Completed
4439,1418,2025-11-21,Organic Search,Central,678.92,0.0,0.0,678.92,678.92,Completed
4440,1419,2024-12-10,Paid Ads,East,126.36,12.64,0.0,113.72,113.72,Completed
4441,1419,2025-01-08,Direct,East,280.52,0.0,0.0,280.52,280.52,Completed
4442,1419,2025-05-18,Direct,East,365.12,0.0,0.0,365.12,365.12,Completed
4443,1419,2025-11-07,Social Media,East,568.15,0.0,0.0,568.15,568.15,Completed
4444,1419,2025-12-27,Social Media,East,58.76,0.0,6.58,65.34,65.34,Completed
4445,1420,2023-09-01,Direct,North,305.99,0.0,0.0,305.99,305.99,Completed
4446,1420,2023-10-02,Social Media,North,133.44,0.0,0.0,133.44,133.44,Completed
4447,1420,2024-03-14,Email,North,1387.24,0.0,0.0,1387.24,1387.24,Completed
4448,1420,2024-03-24,Social Media,North,1019.43,0.0,0.0,1019.43,1019.43,Completed
4449,1420,2024-08-04,Direct,North,108.62,0.0,0.0,108.62,108.62,Completed
4450,1420,2025-03-19,Social Media,North,36.0,0.0,7.75,43.75,43.75,Completed
4451,1420,2025-09-16,Social Media,North,629.59,31.48,0.0,598.11,598.11,Completed
4452,1423,2024-04-06,Paid Ads,West,643.13,64.31,0.0,578.82,578.82,Completed
4453,1423,2024-05-02,Organic Search,West,401.35,0.0,0.0,401.35,401.35,Completed
4454,1423,2025-03-06,Direct,West,891.32,0.0,0.0,891.32,891.32,Completed
4455,1423,2025-11-11,Social Media,West,564.93,0.0,0.0,564.93,564.93,Completed
4456,1425,2024-11-09,Referral,East,790.14,0.0,0.0,790.14,790.14,Completed
4457,1425,2024-11-21,Social Media,East,62.42,3.12,5.58,0.0,64.88,Returned
4458,1425,2025-01-06,Direct,East,137.66,20.65,0.0,117.01,117.01,Completed
4459,1426,2024-09-25,Direct,West,266.75,0.0,0.0,266.75,266.75,Completed
4460,1426,2025-01-05,Social Media,West,93.85,9.38,0.0,84.47,84.47,Completed
4461,1426,2025-01-16,Email,West,548.78,0.0,0.0,548.78,548.78,Completed
4462,1426,2025-09-27,Email,West,134.44,0.0,0.0,134.44,134.44,Completed
4463,1428,2023-10-15,Organic Search,East,87.76,0.0,0.0,87.76,87.76,Completed
4464,1428,2024-03-07,Direct,East,1108.81,0.0,0.0,1108.81,1108.81,Completed
4465,1428,2024-04-17,Organic Search,East,961.09,0.0,0.0,961.09,961.09,Completed
4466,1428,2024-11-23,Organic Search,East,495.16,24.76,0.0,470.4,470.4,Completed
4467,1428,2025-02-16,Email,East,325.81,0.0,0.0,325.81,325.81,Completed
4468,1428,2025-02-20,Paid Ads,East,107.1,0.0,0.0,107.1,107.1,Completed
4469,1428,2025-03-06,Referral,East,19.52,0.98,4.51,23.05,23.05,Completed
4470,1428,2025-06-14,Paid Ads,East,266.59,39.99,0.0,226.6,226.6,Completed
4471,1428,2025-07-04,Paid Ads,East,121.64,18.25,0.0,103.39,103.39,Completed
4472,1428,2025-10-04,Paid Ads,East,924.23,0.0,0.0,924.23,924.23,Completed
4473,1428,2025-11-23,Paid Ads,East,679.24,0.0,0.0,679.24,679.24,Completed
4474,1429,2024-01-16,Social Media,Central,228.92,45.78,0.0,183.14,183.14,Completed
4475,1429,2024-01-20,Organic Search,Central,578.92,0.0,0.0,578.92,578.92,Completed
4476,1429,2024-05-24,Email,Central,365.26,18.26,0.0,347.0,347.0,Completed
4477,1429,2024-06-26,Social Media,Central,62.62,3.13,6.37,65.86,65.86,Completed
4478,1429,2024-07-01,Organic Search,Central,869.43,43.47,0.0,825.96,825.96,Completed
4479,1429,2024-08-08,Organic Search,Central,993.81,99.38,0.0,894.43,894.43,Completed
4480,1430,2023-11-08,Direct,West,972.55,0.0,0.0,972.55,972.55,Completed
4481,1430,2024-04-10,Direct,West,104.11,10.41,0.0,93.7,93.7,Completed
4482,1430,2024-05-12,Organic Search,West,116.54,5.83,0.0,110.71,110.71,Completed
4483,1430,2024-08-08,Direct,West,205.41,30.81,0.0,174.6,174.6,Completed
4484,1430,2024-12-17,Social Media,West,137.78,20.67,0.0,117.11,117.11,Completed
4485,1430,2024-12-23,Paid Ads,West,95.56,0.0,0.0,95.56,95.56,Completed
4486,1430,2025-04-20,Direct,West,47.83,4.78,8.75,51.8,51.8,Completed
4487,1431,2025-04-27,Organic Search,North,165.13,16.51,0.0,148.62,148.62,Completed
4488,1431,2025-07-22,Organic Search,North,66.82,0.0,7.67,74.49,74.49,Completed
4489,1431,2025-12-03,Paid Ads,North,327.51,0.0,0.0,327.51,327.51,Completed
4490,1432,2024-04-09,Organic Search,South,238.11,23.81,0.0,214.3,214.3,Completed
4491,1432,2024-11-27,Organic Search,South,2469.74,0.0,0.0,2469.74,2469.74,Completed
4492,1433,2024-06-04,Social Media,South,815.24,81.52,0.0,733.72,733.72,Completed
4493,1434,2024-06-26,Organic Search,East,150.02,15.0,0.0,135.02,135.02,Completed
4494,1434,2024-08-19,Email,East,19.54,0.0,6.49,26.03,26.03,Completed
4495,1434,2024-11-16,Paid Ads,East,1726.0,0.0,0.0,1726.0,1726.0,Completed
4496,1434,2024-12-20,Organic Search,East,78.35,0.0,0.0,78.35,78.35,Completed
4497,1434,2025-02-08,Social Media,East,300.05,0.0,0.0,300.05,300.05,Completed
4498,1434,2025-03-28,Organic Search,East,74.14,7.41,6.6,73.33,73.33,Completed
4499,1434,2025-09-17,Paid Ads,East,99.15,14.87,0.0,84.28,84.28,Completed
4500,1434,2025-11-26,Social Media,East,278.08,0.0,0.0,278.08,278.08,Completed
4501,1435,2024-04-06,Paid Ads,North,86.15,0.0,0.0,86.15,86.15,Completed
4502,1435,2025-12-12,Direct,North,475.55,0.0,0.0,475.55,475.55,Completed
4503,1436,2025-02-07,Email,West,571.11,0.0,0.0,571.11,571.11,Completed
4504,1437,2024-06-13,Paid Ads,North,1931.51,193.15,0.0,1738.36,1738.36,Completed
4505,1437,2024-09-29,Organic Search,North,84.48,4.22,0.0,80.26,80.26,Completed
4506,1437,2025-01-20,Paid Ads,North,246.53,24.65,0.0,221.88,221.88,Completed
4507,1437,2025-03-11,Organic Search,North,239.67,35.95,0.0,203.72,203.72,Completed
4508,1437,2025-09-19,Social Media,North,246.59,24.66,0.0,221.93,221.93,Completed
4509,1437,2025-12-16,Referral,North,939.49,0.0,0.0,939.49,939.49,Completed
4510,1438,2023-10-21,Referral,South,490.35,0.0,0.0,490.35,490.35,Completed
4511,1438,2025-06-08,Direct,South,234.55,23.46,0.0,0.0,211.09,Returned
4512,1439,2025-11-16,Organic Search,West,134.59,20.19,0.0,114.4,114.4,Completed
4513,1440,2024-07-19,Organic Search,West,780.19,0.0,0.0,780.19,780.19,Completed
4514,1441,2023-12-03,Email,North,205.48,20.55,0.0,184.93,184.93,Completed
4515,1441,2024-10-28,Paid Ads,North,30.06,0.0,7.77,37.83,37.83,Completed
4516,1442,2024-06-12,Paid Ads,West,167.95,8.4,0.0,159.55,159.55,Completed
4517,1442,2024-08-02,Direct,West,848.3,0.0,0.0,0.0,848.3,Returned
4518,1442,2024-09-21,Paid Ads,West,148.52,0.0,0.0,148.52,148.52,Completed
4519,1442,2024-10-15,Email,West,309.99,0.0,0.0,309.99,309.99,Completed
4520,1442,2024-11-14,Organic Search,West,1097.38,0.0,0.0,1097.38,1097.38,Completed
4521,1442,2025-03-05,Social Media,West,353.49,70.7,0.0,282.79,282.79,Completed
4522,1442,2025-08-29,Direct,West,376.32,0.0,0.0,376.32,376.32,Completed
4523,1442,2025-10-03,Social Media,West,137.76,13.78,0.0,123.98,123.98,Completed
4524,1442,2025-12-17,Email,West,93.44,0.0,0.0,93.44,93.44,Completed
4525,1444,2025-01-25,Direct,West,314.86,47.23,0.0,267.63,267.63,Completed
4526,1445,2025-02-16,Paid Ads,West,818.34,0.0,0.0,818.34,818.34,Completed
4527,1445,2025-10-27,Direct,West,927.46,0.0,0.0,927.46,927.46,Completed
4528,1445,2025-12-24,Social Media,West,615.41,123.08,0.0,492.33,492.33,Completed
4529,1446,2024-12-25,Organic Search,South,952.18,47.61,0.0,904.57,904.57,Completed
4530,1447,2025-05-03,Paid Ads,East,197.72,0.0,0.0,197.72,197.72,Completed
4531,1447,2025-07-23,Email,East,835.58,41.78,0.0,793.8,793.8,Completed
4532,1450,2024-10-21,Direct,North,139.76,0.0,0.0,139.76,139.76,Completed
4533,1450,2024-11-29,Paid Ads,North,512.19,0.0,0.0,512.19,512.19,Completed
4534,1450,2025-01-12,Email,North,154.55,15.46,0.0,139.09,139.09,Completed
4535,1452,2024-10-12,Organic Search,West,81.16,8.12,0.0,73.04,73.04,Completed
4536,1452,2025-04-20,Organic Search,West,778.68,0.0,0.0,778.68,778.68,Completed
4537,1453,2024-10-04,Organic Search,East,1761.12,176.11,0.0,1585.01,1585.01,Completed
4538,1453,2024-10-25,Direct,East,303.23,30.32,0.0,272.91,272.91,Completed
4539,1453,2024-11-17,Social Media,East,646.94,32.35,0.0,614.59,614.59,Completed
4540,1453,2024-11-20,Email,East,493.5,24.68,0.0,468.82,468.82,Completed
4541,1453,2024-12-10,Social Media,East,228.2,0.0,0.0,228.2,228.2,Completed
4542,1453,2025-04-12,Organic Search,East,27.22,0.0,5.15,32.37,32.37,Completed
4543,1453,2025-04-17,Referral,East,1372.28,0.0,0.0,1372.28,1372.28,Completed
4544,1453,2025-06-11,Paid Ads,East,2352.15,117.61,0.0,2234.54,2234.54,Completed
4545,1454,2025-05-15,Direct,North,243.42,24.34,0.0,219.08,219.08,Completed
4546,1455,2025-12-26,Organic Search,South,17.78,0.89,8.69,25.58,25.58,Completed
4547,1456,2024-06-02,Email,East,77.67,0.0,0.0,77.67,77.67,Completed
4548,1456,2024-11-13,Referral,East,40.23,4.02,6.32,42.53,42.53,Completed
4549,1457,2024-04-13,Paid Ads,East,338.21,0.0,0.0,338.21,338.21,Completed
4550,1457,2024-12-14,Organic Search,East,1037.58,0.0,0.0,0.0,1037.58,Returned
4551,1457,2025-02-04,Paid Ads,East,62.37,6.24,4.12,60.25,60.25,Completed
4552,1457,2025-08-22,Organic Search,East,459.99,0.0,0.0,459.99,459.99,Completed
4553,1457,2025-08-28,Paid Ads,East,61.56,0.0,8.2,0.0,69.76,Returned
4554,1457,2025-12-11,Paid Ads,East,55.99,0.0,4.64,60.63,60.63,Completed
4555,1458,2024-10-17,Organic Search,West,26.74,0.0,8.53,35.27,35.27,Completed
4556,1458,2024-12-06,Paid Ads,West,1727.14,259.07,0.0,0.0,1468.07,Returned
4557,1459,2025-08-29,Social Media,Central,105.45,10.55,0.0,94.9,94.9,Completed
4558,1460,2024-08-27,Direct,South,34.89,6.98,6.44,34.35,34.35,Completed
4559,1460,2024-09-01,Organic Search,South,852.99,42.65,0.0,810.34,810.34,Completed
4560,1460,2024-12-23,Organic Search,South,181.95,0.0,0.0,181.95,181.95,Completed
4561,1460,2025-03-29,Social Media,South,345.02,0.0,0.0,345.02,345.02,Completed
4562,1460,2025-04-20,Direct,South,194.16,0.0,0.0,194.16,194.16,Completed
4563,1460,2025-11-11,Organic Search,South,165.45,0.0,0.0,165.45,165.45,Completed
4564,1461,2023-10-11,Organic Search,North,284.94,14.25,0.0,0.0,270.69,Returned
4565,1461,2023-12-03,Direct,North,178.04,17.8,0.0,160.24,160.24,Completed
4566,1461,2024-08-25,Paid Ads,North,38.26,0.0,6.86,45.12,45.12,Completed
4567,1461,2024-11-08,Email,North,473.83,0.0,0.0,473.83,473.83,Completed
4568,1461,2025-06-21,Paid Ads,North,109.95,0.0,0.0,0.0,109.95,Returned
4569,1461,2025-11-26,Paid Ads,North,43.8,2.19,5.63,0.0,47.24,Returned
4570,1461,2025-11-27,Social Media,North,2506.85,125.34,0.0,2381.51,2381.51,Completed
4571,1462,2024-02-08,Organic Search,North,72.03,3.6,6.21,74.64,74.64,Completed
4572,1462,2024-03-11,Social Media,North,106.09,10.61,0.0,95.48,95.48,Completed
4573,1462,2024-09-17,Organic Search,North,274.34,13.72,0.0,260.62,260.62,Completed
4574,1462,2024-12-31,Paid Ads,North,94.27,4.71,0.0,89.56,89.56,Completed
4575,1462,2025-11-12,Paid Ads,North,859.81,128.97,0.0,730.84,730.84,Completed
4576,1463,2024-03-24,Paid Ads,East,136.72,0.0,0.0,136.72,136.72,Completed
4577,1463,2024-10-06,Paid Ads,East,84.69,12.7,0.0,71.99,71.99,Completed
4578,1463,2024-11-10,Direct,East,270.74,27.07,0.0,243.67,243.67,Completed
4579,1463,2024-12-29,Paid Ads,East,461.24,0.0,0.0,461.24,461.24,Completed
4580,1463,2025-02-17,Email,East,18.55,0.0,5.44,23.99,23.99,Completed
4581,1463,2025-07-21,Direct,East,34.86,0.0,8.36,43.22,43.22,Completed
4582,1464,2023-12-15,Referral,Central,648.84,0.0,0.0,648.84,648.84,Completed
4583,1464,2023-12-25,Organic Search,Central,415.64,20.78,0.0,394.86,394.86,Completed
4584,1464,2024-10-10,Paid Ads,Central,77.25,7.72,0.0,69.53,69.53,Completed
4585,1464,2025-01-16,Referral,Central,530.65,79.6,0.0,0.0,451.05,Returned
4586,1464,2025-12-09,Direct,Central,10.55,0.0,7.52,18.07,18.07,Completed
4587,1465,2024-03-12,Paid Ads,South,38.24,0.0,5.55,43.79,43.79,Completed
4588,1466,2025-04-17,Social Media,North,134.55,13.46,0.0,121.09,121.09,Completed
4589,1467,2024-07-28,Paid Ads,South,557.01,0.0,0.0,557.01,557.01,Completed
4590,1467,2024-08-08,Organic Search,South,37.76,1.89,5.45,41.32,41.32,Completed
4591,1467,2024-09-10,Paid Ads,South,159.75,0.0,0.0,159.75,159.75,Completed
4592,1467,2024-09-19,Paid Ads,South,393.08,39.31,0.0,353.77,353.77,Completed
4593,1467,2024-10-31,Social Media,South,110.99,0.0,0.0,110.99,110.99,Completed
4594,1467,2025-03-02,Direct,South,32.88,4.93,7.35,35.3,35.3,Completed
4595,1467,2025-05-02,Paid Ads,South,81.21,12.18,0.0,69.03,69.03,Completed
4596,1467,2025-05-05,Organic Search,South,86.32,0.0,0.0,86.32,86.32,Completed
4597,1467,2025-08-09,Organic Search,South,206.06,10.3,0.0,195.76,195.76,Completed
4598,1468,2024-07-07,Paid Ads,South,146.48,14.65,0.0,131.83,131.83,Completed
4599,1468,2024-11-28,Direct,South,454.37,45.44,0.0,408.93,408.93,Completed
4600,1468,2025-02-26,Paid Ads,South,329.74,0.0,0.0,329.74,329.74,Completed
4601,1468,2025-04-04,Organic Search,South,985.61,197.12,0.0,788.49,788.49,Completed
4602,1468,2025-09-29,Organic Search,South,182.11,18.21,0.0,163.9,163.9,Completed
4603,1468,2025-12-21,Paid Ads,South,13.84,0.0,6.63,20.47,20.47,Completed
4604,1470,2023-06-29,Organic Search,West,642.05,0.0,0.0,642.05,642.05,Completed
4605,1470,2025-01-03,Organic Search,West,749.23,0.0,0.0,749.23,749.23,Completed
4606,1470,2025-07-02,Email,West,24.86,0.0,7.33,32.19,32.19,Completed
4607,1470,2025-09-12,Referral,West,1300.27,0.0,0.0,1300.27,1300.27,Completed
4608,1471,2024-09-14,Referral,South,569.2,0.0,0.0,569.2,569.2,Completed
4609,1471,2024-10-12,Referral,South,113.44,0.0,0.0,113.44,113.44,Completed
4610,1471,2024-10-23,Organic Search,South,99.55,4.98,0.0,94.57,94.57,Completed
4611,1471,2024-12-20,Paid Ads,South,202.85,10.14,0.0,192.71,192.71,Completed
4612,1471,2025-08-05,Organic Search,South,508.73,76.31,0.0,432.42,432.42,Completed
4613,1471,2025-12-19,Organic Search,South,759.16,75.92,0.0,683.24,683.24,Completed
4614,1472,2023-12-08,Organic Search,East,861.35,0.0,0.0,861.35,861.35,Completed
4615,1472,2024-03-22,Email,East,486.36,48.64,0.0,437.72,437.72,Completed
4616,1472,2024-05-14,Paid Ads,East,107.53,0.0,0.0,107.53,107.53,Completed
4617,1472,2024-05-29,Paid Ads,East,1453.62,0.0,0.0,1453.62,1453.62,Completed
4618,1472,2024-09-02,Organic Search,East,24.62,3.69,4.83,25.76,25.76,Completed
4619,1472,2024-09-14,Email,East,108.39,10.84,0.0,97.55,97.55,Completed
4620,1473,2023-11-30,Paid Ads,East,306.16,0.0,0.0,306.16,306.16,Completed
4621,1473,2024-01-06,Organic Search,East,229.2,0.0,0.0,229.2,229.2,Completed
4622,1473,2024-09-23,Email,East,35.36,5.3,4.89,34.95,34.95,Completed
4623,1473,2024-12-06,Organic Search,East,796.94,0.0,0.0,796.94,796.94,Completed
4624,1475,2025-06-11,Social Media,South,136.36,13.64,0.0,122.72,122.72,Completed
4625,1475,2025-08-12,Social Media,South,611.32,0.0,0.0,611.32,611.32,Completed
4626,1476,2025-11-04,Organic Search,North,533.01,0.0,0.0,533.01,533.01,Completed
4627,1476,2025-12-15,Organic Search,North,32.69,4.9,4.63,32.42,32.42,Completed
4628,1477,2023-07-28,Organic Search,West,711.52,0.0,0.0,711.52,711.52,Completed
4629,1477,2025-01-09,Organic Search,West,636.21,0.0,0.0,636.21,636.21,Completed
4630,1478,2023-10-23,Paid Ads,East,134.69,0.0,0.0,134.69,134.69,Completed
4631,1478,2023-11-06,Referral,East,119.74,0.0,0.0,119.74,119.74,Completed
4632,1478,2024-04-25,Paid Ads,East,1309.62,196.44,0.0,1113.18,1113.18,Completed
4633,1478,2024-08-30,Paid Ads,East,1159.7,0.0,0.0,1159.7,1159.7,Completed
4634,1478,2024-12-31,Social Media,East,67.39,6.74,7.71,68.36,68.36,Completed
4635,1478,2025-02-02,Paid Ads,East,1334.69,266.94,0.0,1067.75,1067.75,Completed
4636,1478,2025-04-05,Organic Search,East,110.6,16.59,0.0,94.01,94.01,Completed
4637,1479,2025-10-27,Social Media,West,242.48,0.0,0.0,242.48,242.48,Completed
4638,1480,2024-04-18,Paid Ads,North,1366.85,0.0,0.0,1366.85,1366.85,Completed
4639,1480,2024-06-15,Email,North,179.2,0.0,0.0,179.2,179.2,Completed
4640,1481,2024-03-19,Direct,North,1028.82,102.88,0.0,925.94,925.94,Completed
4641,1481,2024-12-18,Email,North,656.14,0.0,0.0,656.14,656.14,Completed
4642,1482,2025-07-28,Social Media,East,313.75,47.06,0.0,266.69,266.69,Completed
4643,1483,2024-07-26,Paid Ads,East,407.74,20.39,0.0,0.0,387.35,Returned
4644,1483,2024-08-15,Organic Search,East,106.71,0.0,0.0,106.71,106.71,Completed
4645,1483,2024-11-10,Email,East,1350.85,67.54,0.0,1283.31,1283.31,Completed
4646,1483,2025-01-22,Social Media,East,198.75,19.88,0.0,178.87,178.87,Completed
4647,1483,2025-05-08,Organic Search,East,358.47,0.0,0.0,358.47,358.47,Completed
4648,1484,2023-09-24,Organic Search,North,82.26,0.0,0.0,82.26,82.26,Completed
4649,1484,2024-06-02,Organic Search,North,525.68,0.0,0.0,525.68,525.68,Completed
4650,1484,2024-07-17,Email,North,29.32,2.93,8.43,34.82,34.82,Completed
4651,1484,2024-10-25,Paid Ads,North,60.54,0.0,7.07,67.61,67.61,Completed
4652,1484,2025-07-22,Paid Ads,North,840.3,84.03,0.0,756.27,756.27,Completed
4653,1485,2024-07-17,Paid Ads,West,622.71,0.0,0.0,622.71,622.71,Completed
4654,1485,2024-07-25,Email,West,172.14,17.21,0.0,154.93,154.93,Completed
4655,1485,2024-09-15,Referral,West,2424.08,363.61,0.0,2060.47,2060.47,Completed
4656,1488,2025-04-07,Email,North,145.22,0.0,0.0,145.22,145.22,Completed
4657,1489,2024-02-08,Paid Ads,South,320.07,0.0,0.0,320.07,320.07,Completed
4658,1490,2024-09-26,Direct,Central,836.17,0.0,0.0,836.17,836.17,Completed
4659,1490,2024-12-09,Paid Ads,Central,36.81,0.0,7.18,43.99,43.99,Completed
4660,1491,2025-08-26,Social Media,South,736.23,0.0,0.0,0.0,736.23,Returned
4661,1493,2025-07-12,Social Media,East,2121.57,0.0,0.0,2121.57,2121.57,Completed
4662,1495,2025-08-13,Direct,West,25.18,0.0,7.25,32.43,32.43,Completed
4663,1496,2024-03-14,Social Media,Central,1072.48,53.62,0.0,1018.86,1018.86,Completed
4664,1496,2024-08-22,Referral,Central,131.36,0.0,0.0,131.36,131.36,Completed
4665,1496,2024-10-09,Email,Central,1452.02,217.8,0.0,1234.22,1234.22,Completed
4666,1496,2024-10-31,Email,Central,9.57,1.91,7.02,14.68,14.68,Completed
4667,1496,2025-04-13,Paid Ads,Central,882.84,0.0,0.0,882.84,882.84,Completed
4668,1496,2025-07-07,Paid Ads,Central,450.6,0.0,0.0,450.6,450.6,Completed
4669,1497,2025-03-08,Social Media,East,51.1,0.0,5.33,56.43,56.43,Completed
4670,1498,2024-07-30,Paid Ads,East,468.76,70.31,0.0,0.0,398.45,Returned
4671,1498,2024-12-19,Paid Ads,East,359.12,0.0,0.0,359.12,359.12,Completed
4672,1498,2025-10-22,Paid Ads,East,508.08,0.0,0.0,508.08,508.08,Completed
4673,1499,2023-10-09,Organic Search,South,1000.32,50.02,0.0,950.3,950.3,Completed
4674,1499,2023-12-01,Organic Search,South,257.43,0.0,0.0,257.43,257.43,Completed
4675,1499,2024-09-09,Social Media,South,312.94,0.0,0.0,312.94,312.94,Completed
4676,1499,2025-02-03,Email,South,1827.46,0.0,0.0,1827.46,1827.46,Completed
4677,1499,2025-06-25,Organic Search,South,1303.82,0.0,0.0,1303.82,1303.82,Completed
4678,1499,2025-07-19,Direct,South,271.35,0.0,0.0,271.35,271.35,Completed
4679,1499,2025-10-24,Paid Ads,South,368.18,36.82,0.0,331.36,331.36,Completed
4680,1500,2024-11-12,Paid Ads,East,2171.94,0.0,0.0,2171.94,2171.94,Completed
4681,1500,2025-03-03,Direct,East,455.16,0.0,0.0,455.16,455.16,Completed
4682,1500,2025-04-20,Email,East,35.2,0.0,6.86,42.06,42.06,Completed
4683,1500,2025-08-28,Social Media,East,1216.34,0.0,0.0,1216.34,1216.34,Completed
4684,1501,2024-04-21,Social Media,South,93.8,0.0,0.0,93.8,93.8,Completed
4685,1501,2024-12-28,Social Media,South,853.54,0.0,0.0,853.54,853.54,Completed
4686,1501,2025-02-21,Social Media,South,37.19,7.44,5.42,35.17,35.17,Completed
4687,1503,2025-09-15,Email,Central,588.38,58.84,0.0,529.54,529.54,Completed
4688,1505,2023-09-19,Email,North,101.8,0.0,0.0,101.8,101.8,Completed
4689,1505,2023-09-25,Email,North,270.26,40.54,0.0,229.72,229.72,Completed
4690,1505,2023-11-06,Social Media,North,283.11,14.16,0.0,268.95,268.95,Completed
4691,1505,2023-12-22,Social Media,North,113.64,0.0,0.0,113.64,113.64,Completed
4692,1505,2024-02-19,Organic Search,North,775.96,0.0,0.0,775.96,775.96,Completed
4693,1505,2024-03-02,Organic Search,North,548.5,54.85,0.0,493.65,493.65,Completed
4694,1505,2024-10-31,Social Media,North,962.3,0.0,0.0,962.3,962.3,Completed
4695,1505,2024-11-07,Organic Search,North,373.74,37.37,0.0,336.37,336.37,Completed
4696,1505,2025-01-19,Referral,North,176.97,8.85,0.0,168.12,168.12,Completed
4697,1505,2025-09-09,Organic Search,North,62.09,0.0,4.03,66.12,66.12,Completed
4698,1505,2025-12-03,Paid Ads,North,130.88,0.0,0.0,130.88,130.88,Completed
4699,1506,2024-10-04,Organic Search,East,207.17,0.0,0.0,207.17,207.17,Completed
4700,1507,2025-11-04,Email,West,126.83,0.0,0.0,126.83,126.83,Completed
4701,1507,2025-12-12,Direct,West,383.7,19.18,0.0,364.52,364.52,Completed
4702,1508,2024-03-14,Paid Ads,Central,55.81,8.37,8.85,56.29,56.29,Completed
4703,1508,2025-10-11,Organic Search,Central,704.01,105.6,0.0,598.41,598.41,Completed
4704,1509,2024-02-07,Paid Ads,West,663.16,0.0,0.0,663.16,663.16,Completed
4705,1509,2024-02-28,Social Media,West,61.81,0.0,7.52,69.33,69.33,Completed
4706,1509,2024-11-24,Direct,West,194.66,9.73,0.0,184.93,184.93,Completed
4707,1509,2025-03-30,Paid Ads,West,547.89,27.39,0.0,520.5,520.5,Completed
4708,1509,2025-05-13,Email,West,79.79,7.98,0.0,71.81,71.81,Completed
4709,1509,2025-05-24,Social Media,West,48.15,2.41,7.73,53.47,53.47,Completed
4710,1510,2024-04-28,Paid Ads,North,311.2,0.0,0.0,311.2,311.2,Completed
4711,1510,2024-09-24,Email,North,691.67,0.0,0.0,691.67,691.67,Completed
4712,1510,2025-01-21,Social Media,North,440.63,66.09,0.0,374.54,374.54,Completed
4713,1510,2025-05-05,Organic Search,North,328.13,32.81,0.0,295.32,295.32,Completed
4714,1510,2025-07-16,Social Media,North,179.14,26.87,0.0,152.27,152.27,Completed
4715,1510,2025-07-30,Social Media,North,858.14,0.0,0.0,858.14,858.14,Completed
4716,1511,2024-02-10,Social Media,East,431.42,43.14,0.0,388.28,388.28,Completed
4717,1512,2023-10-21,Paid Ads,East,172.89,0.0,0.0,172.89,172.89,Completed
4718,1512,2023-11-21,Referral,East,1004.98,0.0,0.0,1004.98,1004.98,Completed
4719,1512,2024-08-18,Referral,East,1756.22,87.81,0.0,1668.41,1668.41,Completed
4720,1512,2024-10-27,Email,East,683.92,0.0,0.0,683.92,683.92,Completed
4721,1512,2024-12-20,Organic Search,East,273.98,0.0,0.0,273.98,273.98,Completed
4722,1513,2024-03-09,Organic Search,South,306.24,0.0,0.0,306.24,306.24,Completed
4723,1513,2024-04-08,Organic Search,South,1714.18,0.0,0.0,1714.18,1714.18,Completed
4724,1513,2024-05-27,Paid Ads,South,19.41,0.0,5.91,25.32,25.32,Completed
4725,1513,2024-07-07,Organic Search,South,85.39,17.08,0.0,68.31,68.31,Completed
4726,1513,2024-08-14,Email,South,23.4,0.0,6.89,30.29,30.29,Completed
4727,1513,2024-08-21,Paid Ads,South,1271.72,0.0,0.0,1271.72,1271.72,Completed
4728,1513,2024-10-06,Social Media,South,29.46,1.47,8.79,36.78,36.78,Completed
4729,1513,2024-12-24,Email,South,54.97,2.75,6.23,58.45,58.45,Completed
4730,1513,2025-03-30,Email,South,130.83,19.62,0.0,111.21,111.21,Completed
4731,1513,2025-06-15,Direct,South,168.95,0.0,0.0,168.95,168.95,Completed
4732,1513,2025-08-27,Email,South,1068.09,0.0,0.0,1068.09,1068.09,Completed
4733,1513,2025-09-06,Social Media,South,941.3,0.0,0.0,941.3,941.3,Completed
4734,1513,2025-12-14,Organic Search,South,337.94,0.0,0.0,337.94,337.94,Completed
4735,1514,2024-08-20,Social Media,East,188.19,0.0,0.0,188.19,188.19,Completed
4736,1515,2023-08-10,Paid Ads,East,672.59,67.26,0.0,605.33,605.33,Completed
4737,1515,2024-03-14,Email,East,264.79,0.0,0.0,264.79,264.79,Completed
4738,1515,2024-04-20,Referral,East,17.01,1.7,4.27,19.58,19.58,Completed
4739,1516,2024-08-23,Organic Search,West,690.97,34.55,0.0,656.42,656.42,Completed
4740,1516,2024-09-04,Email,West,123.39,6.17,0.0,117.22,117.22,Completed
4741,1516,2024-12-31,Email,West,163.96,0.0,0.0,163.96,163.96,Completed
4742,1516,2025-04-12,Paid Ads,West,918.79,0.0,0.0,918.79,918.79,Completed
4743,1516,2025-06-01,Email,West,291.6,14.58,0.0,277.02,277.02,Completed
4744,1517,2023-10-13,Organic Search,Central,834.19,0.0,0.0,834.19,834.19,Completed
4745,1517,2024-01-25,Paid Ads,Central,425.98,0.0,0.0,425.98,425.98,Completed
4746,1517,2024-07-08,Social Media,Central,77.4,0.0,0.0,77.4,77.4,Completed
4747,1517,2024-07-10,Email,Central,873.11,0.0,0.0,873.11,873.11,Completed
4748,1517,2024-07-17,Organic Search,Central,912.47,45.62,0.0,866.85,866.85,Completed
4749,1517,2024-09-06,Direct,Central,796.83,0.0,0.0,796.83,796.83,Completed
4750,1517,2024-10-27,Social Media,Central,59.8,0.0,7.74,67.54,67.54,Completed
4751,1517,2024-12-30,Social Media,Central,127.84,12.78,0.0,115.06,115.06,Completed
4752,1517,2025-04-23,Social Media,Central,873.55,174.71,0.0,698.84,698.84,Completed
4753,1517,2025-05-03,Paid Ads,Central,75.79,0.0,0.0,0.0,75.79,Returned
4754,1517,2025-05-29,Organic Search,Central,294.35,0.0,0.0,294.35,294.35,Completed
4755,1517,2025-10-02,Organic Search,Central,214.9,0.0,0.0,214.9,214.9,Completed
4756,1517,2025-11-04,Direct,Central,282.32,42.35,0.0,239.97,239.97,Completed
4757,1517,2025-11-17,Email,Central,245.31,0.0,0.0,245.31,245.31,Completed
4758,1517,2025-11-29,Paid Ads,Central,1702.1,0.0,0.0,1702.1,1702.1,Completed
4759,1518,2024-05-24,Paid Ads,West,604.9,0.0,0.0,604.9,604.9,Completed
4760,1518,2024-08-04,Organic Search,West,685.67,0.0,0.0,685.67,685.67,Completed
4761,1518,2025-09-16,Social Media,West,14.89,0.0,6.0,20.89,20.89,Completed
4762,1519,2023-03-16,Email,East,927.6,185.52,0.0,742.08,742.08,Completed
4763,1519,2023-05-14,Organic Search,East,2345.03,0.0,0.0,2345.03,2345.03,Completed
4764,1519,2023-05-20,Email,East,439.15,0.0,0.0,439.15,439.15,Completed
4765,1519,2024-01-13,Paid Ads,East,166.99,25.05,0.0,141.94,141.94,Completed
4766,1519,2024-07-09,Paid Ads,East,1269.64,126.96,0.0,1142.68,1142.68,Completed
4767,1519,2025-01-18,Organic Search,East,58.11,11.62,8.73,55.22,55.22,Completed
4768,1519,2025-04-01,Email,East,953.08,0.0,0.0,953.08,953.08,Completed
4769,1519,2025-05-30,Email,East,705.82,0.0,0.0,705.82,705.82,Completed
4770,1521,2023-11-05,Organic Search,North,607.34,60.73,0.0,546.61,546.61,Completed
4771,1521,2023-12-17,Direct,North,651.22,0.0,0.0,651.22,651.22,Completed
4772,1522,2025-04-16,Social Media,North,278.72,0.0,0.0,278.72,278.72,Completed
4773,1522,2025-05-23,Organic Search,North,65.23,0.0,8.51,0.0,73.74,Returned
4774,1522,2025-12-28,Organic Search,North,467.44,0.0,0.0,467.44,467.44,Completed
4775,1523,2025-04-21,Email,East,222.74,0.0,0.0,222.74,222.74,Completed
4776,1523,2025-07-12,Organic Search,East,863.93,86.39,0.0,777.54,777.54,Completed
4777,1524,2023-07-04,Referral,North,233.22,0.0,0.0,233.22,233.22,Completed
4778,1524,2023-08-18,Referral,North,207.33,20.73,0.0,186.6,186.6,Completed
4779,1524,2023-10-20,Referral,North,50.67,0.0,4.91,55.58,55.58,Completed
4780,1524,2024-04-13,Paid Ads,North,856.3,0.0,0.0,856.3,856.3,Completed
4781,1524,2024-07-07,Organic Search,North,451.65,0.0,0.0,451.65,451.65,Completed
4782,1524,2025-04-08,Paid Ads,North,490.26,0.0,0.0,490.26,490.26,Completed
4783,1524,2025-07-31,Social Media,North,1666.22,333.24,0.0,1332.98,1332.98,Completed
4784,1524,2025-11-22,Email,North,420.3,42.03,0.0,378.27,378.27,Completed
4785,1524,2025-12-19,Social Media,North,36.0,0.0,7.13,43.13,43.13,Completed
4786,1525,2025-01-03,Social Media,North,1140.81,57.04,0.0,1083.77,1083.77,Completed
4787,1525,2025-01-04,Organic Search,North,97.41,4.87,0.0,92.54,92.54,Completed
4788,1525,2025-01-10,Paid Ads,North,26.54,0.0,4.49,31.03,31.03,Completed
4789,1525,2025-02-04,Organic Search,North,175.15,0.0,0.0,175.15,175.15,Completed
4790,1525,2025-03-07,Paid Ads,North,113.88,0.0,0.0,113.88,113.88,Completed
4791,1525,2025-03-28,Paid Ads,North,153.59,15.36,0.0,138.23,138.23,Completed
4792,1526,2025-03-17,Direct,West,24.08,0.0,6.65,30.73,30.73,Completed
4793,1528,2025-07-14,Direct,Central,726.98,36.35,0.0,690.63,690.63,Completed
4794,1529,2025-04-11,Social Media,East,122.75,0.0,0.0,122.75,122.75,Completed
4795,1530,2024-06-08,Paid Ads,West,2686.19,134.31,0.0,2551.88,2551.88,Completed
4796,1530,2024-07-31,Email,West,509.78,0.0,0.0,0.0,509.78,Returned
4797,1530,2024-08-21,Paid Ads,West,275.54,55.11,0.0,220.43,220.43,Completed
4798,1532,2024-03-26,Paid Ads,North,64.98,0.0,5.28,70.26,70.26,Completed
4799,1532,2024-09-05,Email,North,525.18,0.0,0.0,0.0,525.18,Returned
4800,1532,2024-09-23,Direct,North,244.92,0.0,0.0,244.92,244.92,Completed
4801,1532,2025-02-05,Direct,North,1715.9,0.0,0.0,1715.9,1715.9,Completed
4802,1532,2025-05-01,Organic Search,North,2418.03,0.0,0.0,2418.03,2418.03,Completed
4803,1533,2025-02-26,Organic Search,North,113.88,0.0,0.0,113.88,113.88,Completed
4804,1534,2024-01-07,Direct,East,272.2,13.61,0.0,258.59,258.59,Completed
4805,1534,2024-07-08,Paid Ads,East,161.92,0.0,0.0,161.92,161.92,Completed
4806,1534,2025-05-31,Social Media,East,801.29,160.26,0.0,641.03,641.03,Completed
4807,1534,2025-11-20,Organic Search,East,52.88,0.0,7.71,60.59,60.59,Completed
4808,1536,2024-01-12,Email,East,353.97,53.1,0.0,300.87,300.87,Completed
4809,1536,2024-01-12,Paid Ads,East,1691.49,0.0,0.0,1691.49,1691.49,Completed
4810,1541,2024-10-13,Social Media,South,434.77,0.0,0.0,434.77,434.77,Completed
4811,1541,2025-09-29,Organic Search,South,1283.82,0.0,0.0,1283.82,1283.82,Completed
4812,1541,2025-12-14,Paid Ads,South,130.16,0.0,0.0,130.16,130.16,Completed
4813,1542,2025-05-10,Organic Search,Central,833.12,124.97,0.0,708.15,708.15,Completed
4814,1544,2023-03-15,Organic Search,Central,254.01,0.0,0.0,0.0,254.01,Returned
4815,1544,2024-06-06,Social Media,Central,81.69,0.0,0.0,81.69,81.69,Completed
4816,1544,2024-10-12,Social Media,Central,542.29,108.46,0.0,433.83,433.83,Completed
4817,1544,2025-06-20,Email,Central,188.44,0.0,0.0,188.44,188.44,Completed
4818,1544,2025-12-06,Paid Ads,Central,32.11,0.0,4.61,36.72,36.72,Completed
4819,1545,2023-10-17,Social Media,East,1877.47,0.0,0.0,1877.47,1877.47,Completed
4820,1545,2024-01-10,Social Media,East,718.84,71.88,0.0,646.96,646.96,Completed
4821,1545,2024-04-20,Paid Ads,East,38.41,0.0,8.7,47.11,47.11,Completed
4822,1545,2024-06-22,Direct,East,217.6,32.64,0.0,184.96,184.96,Completed
4823,1545,2024-09-02,Referral,East,46.92,0.0,8.46,55.38,55.38,Completed
4824,1545,2024-09-07,Organic Search,East,285.54,57.11,0.0,228.43,228.43,Completed
4825,1545,2025-02-22,Email,East,85.03,4.25,0.0,80.78,80.78,Completed
4826,1545,2025-02-26,Organic Search,East,34.95,6.99,5.49,33.45,33.45,Completed
4827,1545,2025-04-02,Referral,East,555.69,27.78,0.0,527.91,527.91,Completed
4828,1545,2025-07-20,Email,East,126.61,0.0,0.0,126.61,126.61,Completed
4829,1546,2025-10-12,Social Media,Central,272.73,0.0,0.0,272.73,272.73,Completed
4830,1547,2023-11-25,Organic Search,South,2007.78,100.39,0.0,1907.39,1907.39,Completed
4831,1547,2024-02-23,Direct,South,1624.74,243.71,0.0,1381.03,1381.03,Completed
4832,1547,2024-03-22,Direct,South,87.76,4.39,0.0,83.37,83.37,Completed
4833,1547,2024-07-19,Referral,South,143.52,0.0,0.0,143.52,143.52,Completed
4834,1547,2024-08-25,Paid Ads,South,228.04,0.0,0.0,228.04,228.04,Completed
4835,1547,2024-10-13,Direct,South,79.85,0.0,0.0,79.85,79.85,Completed
4836,1547,2025-04-23,Paid Ads,South,430.74,64.61,0.0,366.13,366.13,Completed
4837,1547,2025-09-28,Social Media,South,784.42,78.44,0.0,705.98,705.98,Completed
4838,1548,2023-12-06,Paid Ads,North,49.89,0.0,7.62,57.51,57.51,Completed
4839,1548,2025-02-06,Paid Ads,North,59.03,0.0,8.39,67.42,67.42,Completed
4840,1548,2025-03-14,Direct,North,800.37,0.0,0.0,800.37,800.37,Completed
4841,1548,2025-06-09,Organic Search,North,317.07,0.0,0.0,317.07,317.07,Completed
4842,1549,2025-01-13,Paid Ads,North,1738.73,0.0,0.0,1738.73,1738.73,Completed
4843,1550,2025-10-06,Social Media,East,159.18,0.0,0.0,159.18,159.18,Completed
4844,1551,2023-12-21,Paid Ads,East,30.91,0.0,8.56,39.47,39.47,Completed
4845,1551,2024-01-18,Social Media,East,428.93,21.45,0.0,407.48,407.48,Completed
4846,1551,2024-03-04,Paid Ads,East,75.39,3.77,0.0,71.62,71.62,Completed
4847,1551,2024-08-31,Organic Search,East,1964.67,0.0,0.0,1964.67,1964.67,Completed
4848,1551,2024-11-17,Organic Search,East,574.16,57.42,0.0,516.74,516.74,Completed
4849,1551,2024-12-10,Paid Ads,East,995.79,0.0,0.0,995.79,995.79,Completed
4850,1551,2025-02-22,Organic Search,East,1112.58,0.0,0.0,1112.58,1112.58,Completed
4851,1551,2025-06-19,Paid Ads,East,54.94,0.0,5.58,60.52,60.52,Completed
4852,1552,2024-12-25,Referral,East,178.1,26.72,0.0,151.38,151.38,Completed
4853,1552,2025-02-25,Paid Ads,East,333.85,50.08,0.0,283.77,283.77,Completed
4854,1552,2025-06-22,Organic Search,East,314.21,0.0,0.0,314.21,314.21,Completed
4855,1553,2025-12-27,Direct,Central,2831.94,141.6,0.0,2690.34,2690.34,Completed
4856,1554,2024-01-18,Organic Search,South,480.78,0.0,0.0,480.78,480.78,Completed
4857,1554,2024-03-26,Social Media,South,93.32,0.0,0.0,93.32,93.32,Completed
4858,1554,2024-05-13,Social Media,South,35.91,0.0,5.55,41.46,41.46,Completed
4859,1554,2024-08-10,Paid Ads,South,275.98,0.0,0.0,275.98,275.98,Completed
4860,1554,2024-09-27,Organic Search,South,657.91,0.0,0.0,657.91,657.91,Completed
4861,1554,2025-01-12,Email,South,767.57,0.0,0.0,767.57,767.57,Completed
4862,1554,2025-01-24,Email,South,29.49,2.95,4.14,30.68,30.68,Completed
4863,1554,2025-01-30,Organic Search,South,388.21,0.0,0.0,388.21,388.21,Completed
4864,1554,2025-02-17,Organic Search,South,8.84,0.88,6.44,14.4,14.4,Completed
4865,1554,2025-07-14,Social Media,South,223.65,11.18,0.0,212.47,212.47,Completed
4866,1554,2025-07-30,Organic Search,South,956.71,0.0,0.0,956.71,956.71,Completed
4867,1554,2025-10-15,Social Media,South,421.0,42.1,0.0,378.9,378.9,Completed
4868,1555,2024-07-18,Email,South,447.64,89.53,0.0,358.11,358.11,Completed
4869,1555,2024-12-11,Social Media,South,804.62,80.46,0.0,724.16,724.16,Completed
4870,1555,2025-03-19,Direct,South,101.72,0.0,0.0,101.72,101.72,Completed
4871,1555,2025-04-28,Organic Search,South,308.56,30.86,0.0,277.7,277.7,Completed
4872,1555,2025-07-17,Paid Ads,South,194.19,9.71,0.0,184.48,184.48,Completed
4873,1555,2025-12-30,Direct,South,305.91,30.59,0.0,275.32,275.32,Completed
4874,1557,2024-04-05,Paid Ads,Central,20.57,0.0,8.44,29.01,29.01,Completed
4875,1558,2025-01-23,Organic Search,East,875.15,0.0,0.0,875.15,875.15,Completed
4876,1559,2024-06-03,Organic Search,East,641.33,32.07,0.0,609.26,609.26,Completed
4877,1559,2025-08-31,Social Media,East,911.61,0.0,0.0,911.61,911.61,Completed
4878,1559,2025-09-17,Paid Ads,East,98.77,14.82,0.0,83.95,83.95,Completed
4879,1561,2025-02-13,Organic Search,Central,127.59,0.0,0.0,127.59,127.59,Completed
4880,1563,2024-10-18,Email,East,170.81,17.08,0.0,153.73,153.73,Completed
4881,1563,2024-10-25,Direct,East,44.1,2.2,8.33,50.23,50.23,Completed
4882,1563,2025-01-13,Paid Ads,East,157.34,0.0,0.0,157.34,157.34,Completed
4883,1563,2025-02-15,Organic Search,East,522.29,26.11,0.0,0.0,496.18,Returned
4884,1563,2025-05-07,Paid Ads,East,50.54,0.0,7.88,58.42,58.42,Completed
4885,1563,2025-09-04,Organic Search,East,795.38,159.08,0.0,636.3,636.3,Completed
4886,1563,2025-09-19,Organic Search,East,126.87,12.69,0.0,114.18,114.18,Completed
4887,1563,2025-09-27,Email,East,1916.36,287.45,0.0,1628.91,1628.91,Completed
4888,1565,2025-07-12,Email,North,72.49,0.0,8.74,81.23,81.23,Completed
4889,1565,2025-08-29,Organic Search,North,368.16,18.41,0.0,349.75,349.75,Completed
4890,1566,2025-08-19,Social Media,Central,119.84,0.0,0.0,119.84,119.84,Completed
4891,1567,2024-10-14,Organic Search,West,233.49,0.0,0.0,233.49,233.49,Completed
4892,1567,2024-10-24,Social Media,West,172.55,0.0,0.0,0.0,172.55,Returned
4893,1567,2024-12-03,Email,West,869.06,0.0,0.0,869.06,869.06,Completed
4894,1567,2025-01-17,Organic Search,West,266.83,0.0,0.0,266.83,266.83,Completed
4895,1568,2023-06-18,Direct,Central,663.02,99.45,0.0,0.0,563.57,Returned
4896,1568,2024-04-29,Social Media,Central,195.6,39.12,0.0,156.48,156.48,Completed
4897,1569,2025-11-06,Paid Ads,North,162.88,0.0,0.0,162.88,162.88,Completed
4898,1570,2024-10-07,Referral,South,15.18,2.28,7.46,20.36,20.36,Completed
4899,1571,2024-01-02,Paid Ads,Central,1129.86,0.0,0.0,1129.86,1129.86,Completed
4900,1571,2024-08-22,Social Media,Central,1772.33,177.23,0.0,1595.1,1595.1,Completed
4901,1571,2024-10-10,Paid Ads,Central,1252.02,62.6,0.0,1189.42,1189.42,Completed
4902,1571,2024-11-19,Direct,Central,9.77,0.49,5.66,14.94,14.94,Completed
4903,1571,2025-02-13,Social Media,Central,1165.62,58.28,0.0,1107.34,1107.34,Completed
4904,1571,2025-08-17,Referral,Central,269.7,0.0,0.0,269.7,269.7,Completed
4905,1571,2025-11-12,Organic Search,Central,295.48,14.77,0.0,280.71,280.71,Completed
4906,1572,2024-12-03,Organic Search,North,740.77,0.0,0.0,740.77,740.77,Completed
4907,1574,2025-03-13,Social Media,East,1037.28,0.0,0.0,1037.28,1037.28,Completed
4908,1575,2024-09-10,Social Media,South,134.37,6.72,0.0,127.65,127.65,Completed
4909,1575,2024-10-14,Paid Ads,South,87.13,8.71,0.0,78.42,78.42,Completed
4910,1575,2025-01-20,Paid Ads,South,511.44,0.0,0.0,511.44,511.44,Completed
4911,1575,2025-04-05,Organic Search,South,143.07,0.0,0.0,143.07,143.07,Completed
4912,1575,2025-04-29,Organic Search,South,589.33,0.0,0.0,589.33,589.33,Completed
4913,1575,2025-11-10,Social Media,South,152.9,22.94,0.0,129.96,129.96,Completed
4914,1576,2023-02-25,Paid Ads,East,42.81,0.0,6.58,49.39,49.39,Completed
4915,1576,2023-09-13,Organic Search,East,144.94,0.0,0.0,144.94,144.94,Completed
4916,1576,2024-01-05,Email,East,531.66,53.17,0.0,478.49,478.49,Completed
4917,1576,2024-02-23,Email,East,108.09,0.0,0.0,108.09,108.09,Completed
4918,1576,2024-04-14,Direct,East,305.26,15.26,0.0,290.0,290.0,Completed
4919,1576,2024-06-22,Email,East,66.07,0.0,4.31,0.0,70.38,Returned
4920,1576,2024-11-14,Social Media,East,983.81,147.57,0.0,0.0,836.24,Returned
4921,1576,2025-01-10,Paid Ads,East,495.69,0.0,0.0,495.69,495.69,Completed
4922,1576,2025-03-20,Organic Search,East,302.08,0.0,0.0,302.08,302.08,Completed
4923,1576,2025-10-25,Paid Ads,East,351.64,0.0,0.0,351.64,351.64,Completed
4924,1577,2023-08-27,Email,West,282.6,0.0,0.0,282.6,282.6,Completed
4925,1578,2025-02-09,Organic Search,North,430.37,86.07,0.0,344.3,344.3,Completed
4926,1579,2024-01-16,Paid Ads,East,41.0,0.0,5.19,46.19,46.19,Completed
4927,1579,2025-04-09,Organic Search,East,804.34,160.87,0.0,643.47,643.47,Completed
4928,1581,2024-05-03,Organic Search,East,773.67,154.73,0.0,618.94,618.94,Completed
4929,1581,2024-06-18,Organic Search,East,17.48,2.62,4.12,18.98,18.98,Completed
4930,1581,2024-06-19,Email,East,67.87,0.0,5.03,72.9,72.9,Completed
4931,1581,2024-06-28,Paid Ads,East,407.66,0.0,0.0,407.66,407.66,Completed
4932,1581,2024-09-23,Paid Ads,East,187.05,28.06,0.0,158.99,158.99,Completed
4933,1581,2024-09-25,Email,East,132.02,0.0,0.0,132.02,132.02,Completed
4934,1581,2024-10-30,Social Media,East,673.04,0.0,0.0,673.04,673.04,Completed
4935,1581,2024-11-10,Email,East,260.18,26.02,0.0,234.16,234.16,Completed
4936,1581,2025-01-13,Email,East,71.7,3.59,6.98,75.09,75.09,Completed
4937,1581,2025-01-20,Paid Ads,East,294.94,44.24,0.0,250.7,250.7,Completed
4938,1581,2025-02-09,Social Media,East,12.78,0.0,8.65,21.43,21.43,Completed
4939,1583,2024-11-02,Social Media,North,259.04,12.95,0.0,246.09,246.09,Completed
4940,1584,2024-07-21,Social Media,West,37.11,1.86,5.86,41.11,41.11,Completed
4941,1584,2024-11-15,Paid Ads,West,17.45,0.87,8.44,25.02,25.02,Completed
4942,1585,2025-02-21,Paid Ads,West,787.79,0.0,0.0,787.79,787.79,Completed
4943,1586,2025-06-21,Email,North,2656.3,0.0,0.0,2656.3,2656.3,Completed
4944,1586,2025-11-10,Organic Search,North,716.74,0.0,0.0,0.0,716.74,Returned
4945,1587,2024-07-11,Social Media,South,104.5,0.0,0.0,104.5,104.5,Completed
4946,1587,2024-11-22,Referral,South,385.5,0.0,0.0,385.5,385.5,Completed
4947,1587,2024-12-26,Email,South,125.16,0.0,0.0,125.16,125.16,Completed
4948,1587,2025-07-15,Organic Search,South,174.35,17.43,0.0,156.92,156.92,Completed
4949,1587,2025-09-16,Email,South,375.22,0.0,0.0,375.22,375.22,Completed
4950,1588,2023-07-18,Organic Search,North,126.57,6.33,0.0,120.24,120.24,Completed
4951,1588,2023-12-14,Paid Ads,North,57.31,8.6,4.27,52.98,52.98,Completed
4952,1588,2023-12-28,Organic Search,North,357.04,0.0,0.0,357.04,357.04,Completed
4953,1588,2024-12-11,Paid Ads,North,971.05,97.1,0.0,873.95,873.95,Completed
4954,1589,2023-10-30,Paid Ads,North,605.66,0.0,0.0,605.66,605.66,Completed
4955,1589,2023-12-21,Email,North,152.39,0.0,0.0,152.39,152.39,Completed
4956,1589,2025-08-17,Organic Search,North,253.98,0.0,0.0,253.98,253.98,Completed
4957,1590,2023-09-27,Referral,West,1565.21,0.0,0.0,1565.21,1565.21,Completed
4958,1590,2023-11-02,Organic Search,West,300.39,0.0,0.0,300.39,300.39,Completed
4959,1590,2024-05-18,Direct,West,161.47,8.07,0.0,0.0,153.4,Returned
4960,1590,2024-06-07,Paid Ads,West,50.98,0.0,6.8,57.78,57.78,Completed
4961,1590,2024-12-30,Email,West,549.57,27.48,0.0,522.09,522.09,Completed
4962,1590,2025-05-03,Social Media,West,122.41,12.24,0.0,110.17,110.17,Completed
4963,1590,2025-05-05,Paid Ads,West,131.26,6.56,0.0,124.7,124.7,Completed
4964,1591,2023-10-31,Email,East,612.27,0.0,0.0,612.27,612.27,Completed
4965,1591,2023-12-19,Paid Ads,East,48.18,0.0,5.64,53.82,53.82,Completed
4966,1591,2024-06-28,Direct,East,1050.49,0.0,0.0,1050.49,1050.49,Completed
4967,1591,2024-07-13,Social Media,East,52.75,5.28,7.97,55.44,55.44,Completed
4968,1591,2024-08-31,Organic Search,East,94.12,9.41,0.0,84.71,84.71,Completed
4969,1591,2024-10-17,Paid Ads,East,300.09,45.01,0.0,255.08,255.08,Completed
4970,1591,2024-12-18,Direct,East,223.31,0.0,0.0,223.31,223.31,Completed
4971,1591,2025-03-08,Social Media,East,2529.36,126.47,0.0,2402.89,2402.89,Completed
4972,1591,2025-05-24,Social Media,East,114.74,0.0,0.0,114.74,114.74,Completed
4973,1591,2025-06-12,Email,East,356.84,0.0,0.0,356.84,356.84,Completed
4974,1592,2024-12-04,Organic Search,North,1251.67,0.0,0.0,1251.67,1251.67,Completed
4975,1594,2023-12-10,Email,West,396.99,0.0,0.0,396.99,396.99,Completed
4976,1594,2024-07-15,Email,West,159.4,0.0,0.0,159.4,159.4,Completed
4977,1594,2024-08-30,Social Media,West,57.47,0.0,4.5,61.97,61.97,Completed
4978,1594,2025-08-12,Paid Ads,West,1293.49,64.67,0.0,1228.82,1228.82,Completed
4979,1595,2024-06-06,Social Media,West,683.86,0.0,0.0,683.86,683.86,Completed
4980,1596,2024-01-16,Referral,West,5.01,0.0,8.11,13.12,13.12,Completed
4981,1596,2024-01-18,Social Media,West,290.26,29.03,0.0,261.23,261.23,Completed
4982,1596,2024-01-28,Email,West,75.22,0.0,0.0,75.22,75.22,Completed
4983,1596,2024-06-22,Social Media,West,2621.1,0.0,0.0,2621.1,2621.1,Completed
4984,1596,2024-06-29,Paid Ads,West,219.2,0.0,0.0,219.2,219.2,Completed
4985,1596,2024-09-24,Email,West,132.01,0.0,0.0,132.01,132.01,Completed
4986,1596,2024-11-13,Social Media,West,251.91,50.38,0.0,201.53,201.53,Completed
4987,1597,2025-10-17,Email,East,633.96,31.7,0.0,602.26,602.26,Completed
4988,1597,2025-12-09,Organic Search,East,1711.8,0.0,0.0,1711.8,1711.8,Completed
4989,1598,2025-04-23,Referral,North,33.96,0.0,6.71,40.67,40.67,Completed
4990,1598,2025-08-26,Organic Search,North,44.09,0.0,6.33,50.42,50.42,Completed
4991,1598,2025-09-22,Paid Ads,North,616.8,0.0,0.0,616.8,616.8,Completed
4992,1598,2025-10-06,Email,North,260.46,0.0,0.0,260.46,260.46,Completed
4993,1600,2025-09-27,Organic Search,East,398.33,39.83,0.0,358.5,358.5,Completed
4994,1600,2025-10-28,Paid Ads,East,389.0,0.0,0.0,389.0,389.0,Completed
4995,1601,2025-03-04,Paid Ads,West,34.98,0.0,7.74,42.72,42.72,Completed
4996,1601,2025-11-15,Organic Search,West,797.96,0.0,0.0,797.96,797.96,Completed
4997,1602,2024-02-17,Direct,North,26.8,0.0,8.79,35.59,35.59,Completed
4998,1602,2024-02-19,Paid Ads,North,684.98,0.0,0.0,684.98,684.98,Completed
4999,1602,2024-03-02,Organic Search,North,56.17,0.0,5.25,61.42,61.42,Completed
5000,1602,2024-03-31,Social Media,North,662.1,66.21,0.0,595.89,595.89,Completed
5001,1602,2024-05-20,Organic Search,North,196.5,19.65,0.0,176.85,176.85,Completed
5002,1604,2023-11-11,Direct,Central,130.31,6.52,0.0,123.79,123.79,Completed
5003,1604,2025-05-28,Email,Central,965.62,96.56,0.0,0.0,869.06,Returned
5004,1604,2025-06-30,Social Media,Central,26.01,2.6,6.22,29.63,29.63,Completed
5005,1604,2025-09-27,Email,Central,97.43,0.0,0.0,97.43,97.43,Completed
5006,1604,2025-10-07,Organic Search,Central,122.53,24.51,0.0,98.02,98.02,Completed
5007,1604,2025-11-08,Email,Central,285.98,14.3,0.0,271.68,271.68,Completed
5008,1605,2025-01-10,Organic Search,South,28.97,1.45,4.98,32.5,32.5,Completed
5009,1606,2024-09-01,Paid Ads,Central,746.1,111.92,0.0,634.18,634.18,Completed
5010,1606,2025-05-01,Paid Ads,Central,204.72,0.0,0.0,0.0,204.72,Returned
5011,1606,2025-10-21,Social Media,Central,33.77,6.75,5.7,32.72,32.72,Completed
5012,1606,2025-11-21,Social Media,Central,1143.23,171.48,0.0,971.75,971.75,Completed
5013,1608,2024-09-12,Paid Ads,West,1435.01,0.0,0.0,0.0,1435.01,Returned
5014,1609,2024-12-18,Paid Ads,South,262.46,0.0,0.0,262.46,262.46,Completed
5015,1610,2025-02-13,Email,West,566.99,0.0,0.0,566.99,566.99,Completed
5016,1610,2025-04-19,Paid Ads,West,675.88,101.38,0.0,574.5,574.5,Completed
5017,1610,2025-09-01,Paid Ads,West,42.5,0.0,8.33,50.83,50.83,Completed
5018,1611,2024-06-26,Direct,North,355.84,0.0,0.0,355.84,355.84,Completed
5019,1611,2024-12-08,Email,North,199.02,9.95,0.0,189.07,189.07,Completed
5020,1611,2024-12-16,Organic Search,North,101.47,0.0,0.0,101.47,101.47,Completed
5021,1611,2025-01-09,Social Media,North,137.91,0.0,0.0,137.91,137.91,Completed
5022,1611,2025-02-28,Organic Search,North,325.28,32.53,0.0,292.75,292.75,Completed
5023,1611,2025-03-24,Organic Search,North,604.3,60.43,0.0,543.87,543.87,Completed
5024,1611,2025-07-11,Email,North,690.79,34.54,0.0,656.25,656.25,Completed
5025,1611,2025-08-15,Paid Ads,North,336.35,0.0,0.0,336.35,336.35,Completed
5026,1611,2025-11-19,Referral,North,19.71,0.0,7.6,27.31,27.31,Completed
5027,1613,2024-08-24,Organic Search,North,94.77,0.0,0.0,94.77,94.77,Completed
5028,1613,2024-10-19,Email,North,1549.52,309.9,0.0,1239.62,1239.62,Completed
5029,1613,2025-06-19,Paid Ads,North,1478.37,147.84,0.0,1330.53,1330.53,Completed
5030,1613,2025-06-24,Organic Search,North,170.79,17.08,0.0,153.71,153.71,Completed
5031,1613,2025-09-26,Direct,North,40.51,6.08,6.27,40.7,40.7,Completed
5032,1613,2025-10-12,Email,North,35.4,0.0,4.87,40.27,40.27,Completed
5033,1613,2025-11-14,Organic Search,North,435.71,0.0,0.0,435.71,435.71,Completed
5034,1614,2024-08-31,Direct,South,854.32,42.72,0.0,811.6,811.6,Completed
5035,1615,2025-05-22,Referral,West,1005.16,0.0,0.0,1005.16,1005.16,Completed
5036,1616,2024-09-05,Organic Search,Central,509.38,0.0,0.0,509.38,509.38,Completed
5037,1616,2025-01-21,Direct,Central,426.44,63.97,0.0,362.47,362.47,Completed
5038,1616,2025-01-31,Paid Ads,Central,259.08,0.0,0.0,259.08,259.08,Completed
5039,1617,2024-09-03,Social Media,North,1328.88,0.0,0.0,1328.88,1328.88,Completed
5040,1617,2024-09-26,Organic Search,North,373.68,0.0,0.0,373.68,373.68,Completed
5041,1617,2024-10-28,Email,North,119.63,0.0,0.0,119.63,119.63,Completed
5042,1617,2024-11-05,Social Media,North,497.42,0.0,0.0,497.42,497.42,Completed
5043,1617,2025-03-04,Paid Ads,North,723.04,0.0,0.0,723.04,723.04,Completed
5044,1617,2025-10-05,Direct,North,1403.71,0.0,0.0,1403.71,1403.71,Completed
5045,1618,2023-09-21,Organic Search,North,87.46,0.0,0.0,0.0,87.46,Returned
5046,1618,2024-01-31,Email,North,45.3,6.79,6.63,45.14,45.14,Completed
5047,1618,2024-06-10,Email,North,1166.19,116.62,0.0,1049.57,1049.57,Completed
5048,1618,2024-07-13,Organic Search,North,808.59,161.72,0.0,646.87,646.87,Completed
5049,1618,2024-10-13,Direct,North,989.13,0.0,0.0,989.13,989.13,Completed
5050,1618,2025-11-17,Organic Search,North,44.3,2.22,6.42,48.5,48.5,Completed
5051,1618,2025-11-20,Email,North,420.12,0.0,0.0,420.12,420.12,Completed
5052,1619,2023-12-08,Paid Ads,East,22.35,0.0,6.98,29.33,29.33,Completed
5053,1619,2024-01-28,Organic Search,East,511.8,0.0,0.0,511.8,511.8,Completed
5054,1620,2025-02-25,Social Media,Central,231.7,0.0,0.0,231.7,231.7,Completed
5055,1621,2024-04-24,Direct,East,237.72,0.0,0.0,237.72,237.72,Completed
5056,1622,2024-08-27,Organic Search,East,14.74,2.21,5.1,17.63,17.63,Completed
5057,1622,2025-12-03,Email,East,160.23,0.0,0.0,160.23,160.23,Completed
5058,1623,2023-07-13,Organic Search,East,51.36,0.0,5.28,56.64,56.64,Completed
5059,1623,2023-09-02,Referral,East,492.61,98.52,0.0,394.09,394.09,Completed
5060,1623,2023-09-08,Social Media,East,1475.15,295.03,0.0,1180.12,1180.12,Completed
5061,1623,2023-10-19,Organic Search,East,105.17,5.26,0.0,99.91,99.91,Completed
5062,1623,2024-02-16,Organic Search,East,255.3,0.0,0.0,255.3,255.3,Completed
5063,1623,2024-06-07,Referral,East,747.61,0.0,0.0,747.61,747.61,Completed
5064,1623,2024-06-29,Email,East,16.35,0.82,5.98,21.51,21.51,Completed
5065,1623,2024-07-01,Email,East,1709.06,0.0,0.0,1709.06,1709.06,Completed
5066,1623,2024-07-21,Social Media,East,191.12,19.11,0.0,172.01,172.01,Completed
5067,1623,2025-01-24,Paid Ads,East,239.35,47.87,0.0,191.48,191.48,Completed
5068,1625,2025-02-12,Referral,South,284.27,0.0,0.0,284.27,284.27,Completed
5069,1626,2024-11-21,Social Media,Central,188.53,0.0,0.0,188.53,188.53,Completed
5070,1626,2025-07-06,Organic Search,Central,710.71,0.0,0.0,710.71,710.71,Completed
5071,1627,2024-08-24,Organic Search,North,314.91,0.0,0.0,314.91,314.91,Completed
5072,1627,2024-11-07,Direct,North,36.2,0.0,8.32,44.52,44.52,Completed
5073,1627,2024-12-10,Organic Search,North,344.48,51.67,0.0,292.81,292.81,Completed
5074,1627,2025-04-19,Organic Search,North,164.28,24.64,0.0,139.64,139.64,Completed
5075,1627,2025-10-12,Referral,North,1069.58,53.48,0.0,1016.1,1016.1,Completed
5076,1627,2025-10-15,Email,North,147.58,14.76,0.0,132.82,132.82,Completed
5077,1627,2025-10-19,Direct,North,203.44,10.17,0.0,193.27,193.27,Completed
5078,1627,2025-12-02,Direct,North,13.25,0.0,6.9,20.15,20.15,Completed
5079,1628,2023-08-10,Organic Search,Central,876.92,87.69,0.0,789.23,789.23,Completed
5080,1628,2023-11-05,Organic Search,Central,33.85,0.0,6.87,40.72,40.72,Completed
5081,1628,2023-11-25,Email,Central,194.37,0.0,0.0,194.37,194.37,Completed
5082,1628,2024-02-21,Paid Ads,Central,416.64,20.83,0.0,395.81,395.81,Completed
5083,1629,2023-05-20,Paid Ads,Central,87.2,8.72,0.0,78.48,78.48,Completed
5084,1629,2023-06-15,Email,Central,1355.72,0.0,0.0,1355.72,1355.72,Completed
5085,1629,2023-08-22,Referral,Central,427.5,0.0,0.0,427.5,427.5,Completed
5086,1629,2023-09-09,Organic Search,Central,152.96,0.0,0.0,152.96,152.96,Completed
5087,1629,2024-10-09,Referral,Central,37.85,0.0,4.42,42.27,42.27,Completed
5088,1629,2025-02-11,Email,Central,674.31,0.0,0.0,674.31,674.31,Completed
5089,1629,2025-04-15,Direct,Central,200.28,0.0,0.0,200.28,200.28,Completed
5090,1629,2025-07-09,Social Media,Central,61.24,3.06,5.42,63.6,63.6,Completed
5091,1629,2025-07-19,Social Media,Central,692.73,0.0,0.0,692.73,692.73,Completed
5092,1629,2025-08-28,Email,Central,1145.5,0.0,0.0,1145.5,1145.5,Completed
5093,1630,2023-12-30,Social Media,West,343.65,0.0,0.0,343.65,343.65,Completed
5094,1630,2024-08-16,Email,West,242.27,0.0,0.0,242.27,242.27,Completed
5095,1630,2025-06-07,Social Media,West,151.36,7.57,0.0,143.79,143.79,Completed
5096,1631,2025-10-18,Organic Search,West,1746.93,174.69,0.0,1572.24,1572.24,Completed
5097,1632,2024-10-23,Paid Ads,South,54.83,0.0,6.4,61.23,61.23,Completed
5098,1632,2025-06-14,Direct,South,436.97,21.85,0.0,415.12,415.12,Completed
5099,1632,2025-12-02,Direct,South,92.32,0.0,0.0,92.32,92.32,Completed
5100,1633,2024-10-05,Email,West,9.57,0.0,4.54,0.0,14.11,Returned
5101,1634,2024-01-24,Email,South,173.05,0.0,0.0,173.05,173.05,Completed
5102,1634,2024-03-12,Direct,South,135.8,0.0,0.0,135.8,135.8,Completed
5103,1634,2024-05-28,Email,South,7.84,0.0,5.95,13.79,13.79,Completed
5104,1634,2024-12-11,Paid Ads,South,5.61,0.56,8.25,13.3,13.3,Completed
5105,1634,2025-03-18,Email,South,41.05,2.05,5.21,44.21,44.21,Completed
5106,1634,2025-05-01,Email,South,163.97,0.0,0.0,163.97,163.97,Completed
5107,1634,2025-06-29,Email,South,350.93,35.09,0.0,315.84,315.84,Completed
5108,1634,2025-07-01,Direct,South,726.66,0.0,0.0,726.66,726.66,Completed
5109,1634,2025-10-01,Direct,South,399.88,0.0,0.0,0.0,399.88,Returned
5110,1634,2025-12-15,Paid Ads,South,680.82,34.04,0.0,646.78,646.78,Completed
5111,1634,2025-12-22,Social Media,South,1030.91,0.0,0.0,1030.91,1030.91,Completed
5112,1634,2025-12-24,Direct,South,383.9,0.0,0.0,383.9,383.9,Completed
5113,1635,2024-07-16,Organic Search,South,242.05,0.0,0.0,242.05,242.05,Completed
5114,1635,2025-01-10,Email,South,506.2,25.31,0.0,480.89,480.89,Completed
5115,1635,2025-07-22,Organic Search,South,275.58,0.0,0.0,275.58,275.58,Completed
5116,1636,2025-12-26,Paid Ads,North,491.84,0.0,0.0,491.84,491.84,Completed
5117,1637,2024-05-24,Email,East,87.74,4.39,0.0,83.35,83.35,Completed
5118,1637,2025-09-24,Organic Search,East,167.4,8.37,0.0,159.03,159.03,Completed
5119,1637,2025-10-08,Paid Ads,East,239.02,0.0,0.0,239.02,239.02,Completed
5120,1637,2025-10-18,Social Media,East,35.65,5.35,7.77,38.07,38.07,Completed
5121,1637,2025-11-16,Social Media,East,33.77,0.0,6.29,40.06,40.06,Completed
5122,1639,2025-05-28,Direct,Central,393.24,0.0,0.0,393.24,393.24,Completed
5123,1640,2024-04-19,Organic Search,South,146.12,0.0,0.0,146.12,146.12,Completed
5124,1640,2024-07-14,Social Media,South,1520.29,0.0,0.0,1520.29,1520.29,Completed
5125,1640,2024-07-25,Organic Search,South,242.63,0.0,0.0,242.63,242.63,Completed
5126,1640,2024-08-18,Direct,South,638.07,0.0,0.0,638.07,638.07,Completed
5127,1640,2024-10-12,Organic Search,South,163.22,0.0,0.0,163.22,163.22,Completed
5128,1640,2025-03-15,Social Media,South,45.1,0.0,5.25,50.35,50.35,Completed
5129,1640,2025-11-12,Paid Ads,South,90.24,0.0,0.0,90.24,90.24,Completed
5130,1641,2023-04-01,Email,North,803.28,0.0,0.0,803.28,803.28,Completed
5131,1641,2024-04-14,Organic Search,North,492.42,24.62,0.0,467.8,467.8,Completed
5132,1641,2025-06-10,Social Media,North,1112.42,0.0,0.0,0.0,1112.42,Returned
5133,1642,2024-11-25,Direct,West,276.51,0.0,0.0,276.51,276.51,Completed
5134,1642,2025-02-06,Direct,West,50.86,0.0,5.15,56.01,56.01,Completed
5135,1644,2025-07-01,Organic Search,South,219.76,0.0,0.0,219.76,219.76,Completed
5136,1644,2025-07-24,Email,South,104.39,0.0,0.0,104.39,104.39,Completed
5137,1645,2025-05-09,Paid Ads,East,839.45,0.0,0.0,839.45,839.45,Completed
5138,1646,2025-07-12,Paid Ads,Central,129.48,0.0,0.0,129.48,129.48,Completed
5139,1647,2024-09-20,Social Media,West,57.67,0.0,4.77,62.44,62.44,Completed
5140,1647,2025-07-17,Email,West,118.28,0.0,0.0,118.28,118.28,Completed
5141,1648,2024-03-09,Organic Search,East,209.46,0.0,0.0,209.46,209.46,Completed
5142,1648,2024-04-11,Social Media,East,44.27,0.0,6.23,50.5,50.5,Completed
5143,1648,2024-05-25,Social Media,East,393.71,0.0,0.0,393.71,393.71,Completed
5144,1648,2024-09-09,Organic Search,East,69.71,10.46,4.39,63.64,63.64,Completed
5145,1648,2024-10-15,Organic Search,East,950.18,0.0,0.0,0.0,950.18,Returned
5146,1648,2024-12-07,Direct,East,37.56,0.0,4.01,41.57,41.57,Completed
5147,1648,2024-12-11,Paid Ads,East,319.49,0.0,0.0,319.49,319.49,Completed
5148,1648,2025-01-03,Email,East,378.0,0.0,0.0,378.0,378.0,Completed
5149,1648,2025-03-25,Social Media,East,240.72,24.07,0.0,216.65,216.65,Completed
5150,1648,2025-04-03,Social Media,East,1362.27,68.11,0.0,1294.16,1294.16,Completed
5151,1648,2025-04-11,Social Media,East,55.83,0.0,6.52,62.35,62.35,Completed
5152,1648,2025-04-13,Social Media,East,691.22,0.0,0.0,691.22,691.22,Completed
5153,1648,2025-05-06,Organic Search,East,96.45,0.0,0.0,96.45,96.45,Completed
5154,1648,2025-10-30,Direct,East,36.56,0.0,6.38,42.94,42.94,Completed
5155,1648,2025-12-04,Social Media,East,2478.21,0.0,0.0,2478.21,2478.21,Completed
5156,1648,2025-12-24,Organic Search,East,566.96,0.0,0.0,566.96,566.96,Completed
5157,1649,2025-03-14,Organic Search,South,348.46,17.42,0.0,0.0,331.04,Returned
5158,1650,2024-08-27,Paid Ads,Central,1363.22,0.0,0.0,1363.22,1363.22,Completed
5159,1651,2025-07-29,Paid Ads,North,278.28,27.83,0.0,250.45,250.45,Completed
5160,1651,2025-10-07,Email,North,808.68,0.0,0.0,808.68,808.68,Completed
5161,1651,2025-10-10,Social Media,North,248.34,0.0,0.0,248.34,248.34,Completed
5162,1652,2024-07-01,Email,South,81.97,0.0,0.0,81.97,81.97,Completed
5163,1652,2024-07-08,Email,South,443.38,22.17,0.0,421.21,421.21,Completed
5164,1652,2024-08-20,Organic Search,South,493.33,24.67,0.0,468.66,468.66,Completed
5165,1652,2024-10-07,Paid Ads,South,271.52,13.58,0.0,257.94,257.94,Completed
5166,1652,2025-05-16,Direct,South,17.67,0.0,6.4,24.07,24.07,Completed
5167,1652,2025-05-30,Referral,South,235.23,0.0,0.0,235.23,235.23,Completed
5168,1652,2025-07-24,Paid Ads,South,285.62,0.0,0.0,285.62,285.62,Completed
5169,1652,2025-09-30,Organic Search,South,1679.26,0.0,0.0,1679.26,1679.26,Completed
5170,1653,2024-12-07,Referral,North,904.57,0.0,0.0,904.57,904.57,Completed
5171,1654,2024-03-15,Paid Ads,North,896.61,89.66,0.0,806.95,806.95,Completed
5172,1655,2025-03-19,Organic Search,North,194.47,0.0,0.0,194.47,194.47,Completed
5173,1656,2023-04-18,Direct,North,57.25,11.45,4.86,50.66,50.66,Completed
5174,1656,2023-06-09,Referral,North,871.04,0.0,0.0,871.04,871.04,Completed
5175,1656,2023-11-14,Paid Ads,North,24.3,0.0,6.77,31.07,31.07,Completed
5176,1656,2024-03-20,Direct,North,237.32,11.87,0.0,225.45,225.45,Completed
5177,1656,2024-08-12,Direct,North,93.28,4.66,0.0,88.62,88.62,Completed
5178,1657,2025-07-18,Referral,South,51.18,2.56,8.23,56.85,56.85,Completed
5179,1657,2025-11-20,Email,South,202.62,0.0,0.0,202.62,202.62,Completed
5180,1657,2025-12-13,Referral,South,32.84,0.0,6.51,39.35,39.35,Completed
5181,1658,2025-10-18,Email,South,960.48,96.05,0.0,864.43,864.43,Completed
5182,1658,2025-11-01,Paid Ads,South,992.16,49.61,0.0,942.55,942.55,Completed
5183,1659,2025-11-25,Paid Ads,North,565.13,0.0,0.0,565.13,565.13,Completed
5184,1661,2024-11-02,Email,East,198.14,29.72,0.0,168.42,168.42,Completed
5185,1662,2023-11-08,Organic Search,Central,517.2,0.0,0.0,517.2,517.2,Completed
5186,1662,2025-06-09,Organic Search,Central,47.39,0.0,6.71,54.1,54.1,Completed
5187,1663,2024-05-15,Organic Search,South,378.76,0.0,0.0,378.76,378.76,Completed
5188,1663,2024-07-22,Social Media,South,232.55,0.0,0.0,232.55,232.55,Completed
5189,1663,2025-03-28,Social Media,South,101.14,0.0,0.0,101.14,101.14,Completed
5190,1663,2025-04-16,Paid Ads,South,27.52,0.0,5.37,0.0,32.89,Returned
5191,1663,2025-05-17,Paid Ads,South,900.89,0.0,0.0,900.89,900.89,Completed
5192,1664,2025-07-02,Email,West,36.76,3.68,7.87,40.95,40.95,Completed
5193,1667,2023-11-10,Paid Ads,East,126.32,0.0,0.0,0.0,126.32,Returned
5194,1667,2025-02-21,Organic Search,East,106.99,0.0,0.0,106.99,106.99,Completed
5195,1668,2023-08-21,Paid Ads,West,515.72,0.0,0.0,515.72,515.72,Completed
5196,1668,2025-08-25,Direct,West,236.94,0.0,0.0,236.94,236.94,Completed
5197,1669,2023-12-08,Direct,Central,467.64,23.38,0.0,444.26,444.26,Completed
5198,1669,2024-02-02,Email,Central,180.13,9.01,0.0,171.12,171.12,Completed
5199,1670,2024-07-21,Direct,South,825.99,165.2,0.0,660.79,660.79,Completed
5200,1671,2024-03-09,Paid Ads,East,465.56,0.0,0.0,465.56,465.56,Completed
5201,1672,2024-12-06,Paid Ads,North,42.06,0.0,4.17,46.23,46.23,Completed
5202,1672,2025-12-12,Social Media,North,8.59,0.0,8.96,17.55,17.55,Completed
5203,1673,2024-02-04,Direct,South,270.74,0.0,0.0,270.74,270.74,Completed
5204,1674,2024-09-16,Email,South,111.08,0.0,0.0,111.08,111.08,Completed
5205,1674,2024-11-22,Organic Search,South,576.83,0.0,0.0,576.83,576.83,Completed
5206,1674,2025-04-18,Paid Ads,South,132.74,13.27,0.0,119.47,119.47,Completed
5207,1674,2025-07-10,Organic Search,South,90.34,0.0,0.0,90.34,90.34,Completed
5208,1674,2025-08-22,Organic Search,South,144.37,0.0,0.0,144.37,144.37,Completed
5209,1674,2025-08-23,Paid Ads,South,54.46,0.0,7.69,62.15,62.15,Completed
5210,1674,2025-09-05,Paid Ads,South,141.87,0.0,0.0,141.87,141.87,Completed
5211,1675,2024-04-18,Social Media,North,236.35,0.0,0.0,236.35,236.35,Completed
5212,1675,2024-08-06,Organic Search,North,28.44,0.0,6.47,34.91,34.91,Completed
5213,1675,2024-11-04,Social Media,North,113.98,0.0,0.0,113.98,113.98,Completed
5214,1675,2025-02-18,Social Media,North,44.95,0.0,6.56,0.0,51.51,Returned
5215,1675,2025-03-10,Social Media,North,179.24,0.0,0.0,179.24,179.24,Completed
5216,1675,2025-07-27,Paid Ads,North,137.02,0.0,0.0,137.02,137.02,Completed
5217,1675,2025-08-24,Email,North,661.11,0.0,0.0,661.11,661.11,Completed
5218,1675,2025-10-23,Referral,North,129.14,12.91,0.0,116.23,116.23,Completed
5219,1676,2024-02-14,Paid Ads,West,260.96,0.0,0.0,260.96,260.96,Completed
5220,1676,2024-05-11,Email,West,31.01,0.0,5.64,36.65,36.65,Completed
5221,1676,2024-07-01,Direct,West,637.86,0.0,0.0,637.86,637.86,Completed
5222,1676,2024-07-29,Direct,West,731.57,0.0,0.0,731.57,731.57,Completed
5223,1676,2024-12-16,Paid Ads,West,681.44,34.07,0.0,647.37,647.37,Completed
5224,1677,2025-06-13,Organic Search,North,2277.97,227.8,0.0,2050.17,2050.17,Completed
5225,1678,2024-06-20,Social Media,Central,213.75,0.0,0.0,213.75,213.75,Completed
5226,1678,2024-08-05,Social Media,Central,33.92,0.0,6.01,39.93,39.93,Completed
5227,1680,2024-07-29,Paid Ads,West,111.91,16.79,0.0,95.12,95.12,Completed
5228,1680,2024-09-20,Email,West,130.27,0.0,0.0,130.27,130.27,Completed
5229,1680,2025-11-25,Organic Search,West,387.07,58.06,0.0,329.01,329.01,Completed
5230,1681,2023-06-07,Referral,Central,240.55,0.0,0.0,240.55,240.55,Completed
5231,1681,2024-05-18,Organic Search,Central,35.07,0.0,4.73,39.8,39.8,Completed
5232,1681,2025-03-19,Organic Search,Central,283.08,14.15,0.0,268.93,268.93,Completed
5233,1682,2025-04-01,Direct,East,1097.31,0.0,0.0,1097.31,1097.31,Completed
5234,1682,2025-10-29,Organic Search,East,559.78,0.0,0.0,559.78,559.78,Completed
5235,1683,2025-09-03,Social Media,South,154.09,7.7,0.0,146.39,146.39,Completed
5236,1684,2024-06-29,Referral,East,117.12,0.0,0.0,117.12,117.12,Completed
5237,1684,2025-04-08,Paid Ads,East,1937.3,0.0,0.0,0.0,1937.3,Returned
5238,1684,2025-07-13,Paid Ads,East,1129.28,0.0,0.0,1129.28,1129.28,Completed
5239,1684,2025-12-11,Email,East,524.94,0.0,0.0,524.94,524.94,Completed
5240,1685,2024-07-16,Organic Search,East,1711.94,0.0,0.0,1711.94,1711.94,Completed
5241,1687,2024-02-04,Direct,West,574.16,86.12,0.0,488.04,488.04,Completed
5242,1687,2025-02-16,Paid Ads,West,1090.82,0.0,0.0,1090.82,1090.82,Completed
5243,1687,2025-05-03,Direct,West,2604.29,0.0,0.0,2604.29,2604.29,Completed
5244,1687,2025-12-21,Direct,West,775.82,155.16,0.0,620.66,620.66,Completed
5245,1688,2024-02-05,Direct,West,166.3,8.32,0.0,157.98,157.98,Completed
5246,1688,2025-06-18,Paid Ads,West,78.06,7.81,0.0,70.25,70.25,Completed
5247,1688,2025-07-13,Paid Ads,West,27.64,4.15,7.83,31.32,31.32,Completed
5248,1688,2025-09-06,Direct,West,1039.9,0.0,0.0,1039.9,1039.9,Completed
5249,1689,2024-12-28,Organic Search,East,29.05,0.0,4.2,33.25,33.25,Completed
5250,1689,2024-12-29,Social Media,East,722.47,108.37,0.0,614.1,614.1,Completed
5251,1690,2024-12-31,Referral,South,15.97,0.0,8.85,24.82,24.82,Completed
5252,1691,2025-07-31,Paid Ads,Central,286.86,28.69,0.0,258.17,258.17,Completed
5253,1691,2025-11-06,Paid Ads,Central,81.24,0.0,0.0,81.24,81.24,Completed
5254,1692,2024-01-04,Email,West,107.3,5.36,0.0,101.94,101.94,Completed
5255,1692,2024-02-08,Direct,West,831.04,0.0,0.0,831.04,831.04,Completed
5256,1692,2024-07-25,Organic Search,West,42.03,2.1,7.23,47.16,47.16,Completed
5257,1692,2025-06-16,Email,West,965.78,0.0,0.0,965.78,965.78,Completed
5258,1692,2025-07-19,Email,West,354.02,0.0,0.0,0.0,354.02,Returned
5259,1692,2025-07-27,Paid Ads,West,477.87,47.79,0.0,430.08,430.08,Completed
5260,1692,2025-10-27,Social Media,West,304.46,0.0,0.0,304.46,304.46,Completed
5261,1692,2025-11-08,Direct,West,655.91,65.59,0.0,590.32,590.32,Completed
5262,1692,2025-11-12,Organic Search,West,1300.23,65.01,0.0,1235.22,1235.22,Completed
5263,1692,2025-12-16,Social Media,West,109.38,0.0,0.0,109.38,109.38,Completed
5264,1693,2024-12-26,Social Media,Central,370.54,0.0,0.0,370.54,370.54,Completed
5265,1693,2025-12-26,Paid Ads,Central,1391.1,208.66,0.0,1182.44,1182.44,Completed
5266,1694,2025-07-18,Paid Ads,East,765.71,0.0,0.0,765.71,765.71,Completed
5267,1694,2025-12-17,Organic Search,East,795.75,39.79,0.0,0.0,755.96,Returned
5268,1695,2025-03-04,Social Media,South,641.79,32.09,0.0,609.7,609.7,Completed
5269,1695,2025-06-05,Direct,South,527.89,26.39,0.0,501.5,501.5,Completed
5270,1695,2025-08-29,Email,South,1004.07,100.41,0.0,903.66,903.66,Completed
5271,1696,2025-04-24,Paid Ads,East,187.9,18.79,0.0,169.11,169.11,Completed
5272,1697,2024-10-24,Paid Ads,South,111.58,16.74,0.0,94.84,94.84,Completed
5273,1698,2024-06-03,Email,Central,119.88,0.0,0.0,119.88,119.88,Completed
5274,1698,2024-06-25,Organic Search,Central,382.95,0.0,0.0,382.95,382.95,Completed
5275,1698,2024-06-29,Paid Ads,Central,179.94,0.0,0.0,179.94,179.94,Completed
5276,1698,2024-11-06,Social Media,Central,739.52,73.95,0.0,665.57,665.57,Completed
5277,1698,2025-03-05,Paid Ads,Central,408.24,0.0,0.0,408.24,408.24,Completed
5278,1699,2024-05-08,Email,North,2355.5,0.0,0.0,2355.5,2355.5,Completed
5279,1699,2024-10-29,Paid Ads,North,39.55,0.0,5.8,45.35,45.35,Completed
5280,1699,2024-12-09,Organic Search,North,150.19,0.0,0.0,150.19,150.19,Completed
5281,1699,2025-05-06,Direct,North,102.97,5.15,0.0,97.82,97.82,Completed
5282,1699,2025-07-06,Organic Search,North,855.91,42.8,0.0,813.11,813.11,Completed
5283,1700,2024-03-10,Email,East,18.76,1.88,6.57,23.45,23.45,Completed
5284,1700,2024-06-12,Paid Ads,East,313.41,15.67,0.0,297.74,297.74,Completed
5285,1700,2025-11-17,Paid Ads,East,88.78,0.0,0.0,88.78,88.78,Completed
5286,1702,2023-08-07,Direct,Central,233.56,0.0,0.0,233.56,233.56,Completed
5287,1702,2023-11-19,Direct,Central,87.92,0.0,0.0,87.92,87.92,Completed
5288,1702,2024-04-02,Social Media,Central,521.04,104.21,0.0,416.83,416.83,Completed
5289,1702,2024-04-24,Organic Search,Central,89.06,0.0,0.0,0.0,89.06,Returned
5290,1702,2024-04-28,Paid Ads,Central,1544.94,154.49,0.0,1390.45,1390.45,Completed
5291,1703,2024-09-21,Social Media,North,43.31,2.17,7.7,48.84,48.84,Completed
5292,1703,2025-10-21,Paid Ads,North,509.33,25.47,0.0,483.86,483.86,Completed
5293,1704,2024-06-01,Paid Ads,North,177.85,0.0,0.0,177.85,177.85,Completed
5294,1704,2025-03-18,Organic Search,North,499.5,0.0,0.0,499.5,499.5,Completed
5295,1705,2025-05-05,Direct,East,496.44,0.0,0.0,496.44,496.44,Completed
5296,1707,2024-09-24,Social Media,North,612.01,0.0,0.0,0.0,612.01,Returned
5297,1708,2024-04-09,Email,South,979.98,0.0,0.0,979.98,979.98,Completed
5298,1708,2024-07-02,Direct,South,259.84,0.0,0.0,0.0,259.84,Returned
5299,1708,2025-03-14,Social Media,South,55.82,0.0,7.39,63.21,63.21,Completed
5300,1708,2025-04-11,Social Media,South,70.66,7.07,5.12,68.71,68.71,Completed
5301,1710,2024-10-29,Organic Search,South,155.72,0.0,0.0,155.72,155.72,Completed
5302,1710,2025-01-06,Organic Search,South,259.73,0.0,0.0,259.73,259.73,Completed
5303,1710,2025-01-28,Paid Ads,South,51.23,2.56,4.9,53.57,53.57,Completed
5304,1710,2025-02-01,Direct,South,571.58,0.0,0.0,571.58,571.58,Completed
5305,1710,2025-04-30,Email,South,464.06,0.0,0.0,464.06,464.06,Completed
5306,1711,2024-05-27,Paid Ads,South,127.03,19.05,0.0,107.98,107.98,Completed
5307,1711,2024-07-15,Social Media,South,88.37,0.0,0.0,88.37,88.37,Completed
5308,1711,2024-09-03,Organic Search,South,14.06,1.41,7.64,20.29,20.29,Completed
5309,1711,2025-06-29,Email,South,1254.51,0.0,0.0,0.0,1254.51,Returned
5310,1711,2025-07-12,Paid Ads,South,97.6,0.0,0.0,97.6,97.6,Completed
5311,1711,2025-09-16,Email,South,913.27,45.66,0.0,867.61,867.61,Completed
5312,1712,2024-10-22,Social Media,North,973.86,0.0,0.0,973.86,973.86,Completed
5313,1713,2024-06-07,Email,East,746.35,0.0,0.0,746.35,746.35,Completed
5314,1713,2024-10-10,Organic Search,East,686.96,34.35,0.0,652.61,652.61,Completed
5315,1713,2025-05-15,Social Media,East,193.11,0.0,0.0,193.11,193.11,Completed
5316,1714,2023-06-07,Direct,South,111.84,0.0,0.0,111.84,111.84,Completed
5317,1714,2025-02-02,Organic Search,South,779.79,38.99,0.0,740.8,740.8,Completed
5318,1714,2025-04-02,Referral,South,1060.5,0.0,0.0,1060.5,1060.5,Completed
5319,1715,2025-02-27,Direct,West,256.42,25.64,0.0,230.78,230.78,Completed
5320,1716,2023-11-15,Social Media,West,625.0,0.0,0.0,625.0,625.0,Completed
5321,1716,2024-04-13,Direct,West,99.62,0.0,0.0,99.62,99.62,Completed
5322,1717,2024-08-23,Email,South,93.65,18.73,0.0,74.92,74.92,Completed
5323,1717,2025-06-24,Social Media,South,49.1,4.91,7.28,51.47,51.47,Completed
5324,1717,2025-08-08,Social Media,South,23.2,0.0,6.09,29.29,29.29,Completed
5325,1717,2025-09-19,Organic Search,South,242.05,12.1,0.0,229.95,229.95,Completed
5326,1717,2025-11-09,Email,South,125.3,0.0,0.0,125.3,125.3,Completed
5327,1718,2024-09-05,Paid Ads,North,403.72,40.37,0.0,363.35,363.35,Completed
5328,1718,2024-10-13,Direct,North,76.36,7.64,0.0,68.72,68.72,Completed
5329,1718,2024-11-17,Organic Search,North,56.14,5.61,4.06,54.59,54.59,Completed
5330,1718,2025-12-02,Social Media,North,2064.79,0.0,0.0,2064.79,2064.79,Completed
5331,1720,2023-08-12,Social Media,South,200.15,0.0,0.0,200.15,200.15,Completed
5332,1720,2023-08-30,Direct,South,132.94,0.0,0.0,132.94,132.94,Completed
5333,1720,2023-10-01,Social Media,South,54.86,0.0,5.95,60.81,60.81,Completed
5334,1720,2023-10-11,Direct,South,373.6,0.0,0.0,373.6,373.6,Completed
5335,1720,2023-10-27,Organic Search,South,84.18,0.0,0.0,84.18,84.18,Completed
5336,1720,2023-11-28,Organic Search,South,75.31,3.77,0.0,71.54,71.54,Completed
5337,1720,2023-12-09,Organic Search,South,536.09,0.0,0.0,536.09,536.09,Completed
5338,1720,2024-05-26,Paid Ads,South,218.63,0.0,0.0,218.63,218.63,Completed
5339,1720,2024-06-04,Direct,South,112.9,5.64,0.0,107.26,107.26,Completed
5340,1720,2024-06-10,Paid Ads,South,112.09,0.0,0.0,112.09,112.09,Completed
5341,1720,2025-05-20,Organic Search,South,475.5,0.0,0.0,475.5,475.5,Completed
5342,1721,2023-08-15,Direct,North,756.06,75.61,0.0,680.45,680.45,Completed
5343,1721,2024-01-25,Social Media,North,58.17,0.0,4.54,62.71,62.71,Completed
5344,1721,2024-01-26,Paid Ads,North,880.58,88.06,0.0,792.52,792.52,Completed
5345,1721,2024-06-27,Direct,North,25.92,1.3,5.22,29.84,29.84,Completed
5346,1721,2024-08-30,Organic Search,North,372.42,18.62,0.0,353.8,353.8,Completed
5347,1721,2024-09-24,Organic Search,North,311.63,0.0,0.0,311.63,311.63,Completed
5348,1721,2024-10-05,Organic Search,North,516.0,0.0,0.0,516.0,516.0,Completed
5349,1721,2024-11-02,Organic Search,North,263.82,0.0,0.0,263.82,263.82,Completed
5350,1721,2025-05-27,Paid Ads,North,96.18,0.0,0.0,96.18,96.18,Completed
5351,1721,2025-06-21,Referral,North,1026.88,102.69,0.0,924.19,924.19,Completed
5352,1721,2025-12-10,Referral,North,120.36,0.0,0.0,120.36,120.36,Completed
5353,1722,2025-07-09,Referral,West,179.21,0.0,0.0,179.21,179.21,Completed
5354,1722,2025-09-02,Organic Search,West,438.05,0.0,0.0,438.05,438.05,Completed
5355,1723,2024-10-31,Social Media,West,337.01,0.0,0.0,337.01,337.01,Completed
5356,1723,2024-12-08,Social Media,West,713.93,107.09,0.0,606.84,606.84,Completed
5357,1723,2025-01-26,Direct,West,311.04,31.1,0.0,279.94,279.94,Completed
5358,1723,2025-02-20,Social Media,West,137.08,0.0,0.0,137.08,137.08,Completed
5359,1723,2025-07-07,Organic Search,West,761.91,114.29,0.0,647.62,647.62,Completed
5360,1723,2025-07-29,Social Media,West,35.46,0.0,4.84,40.3,40.3,Completed
5361,1723,2025-12-17,Social Media,West,925.15,0.0,0.0,925.15,925.15,Completed
5362,1724,2024-07-17,Referral,West,488.15,0.0,0.0,488.15,488.15,Completed
5363,1725,2024-05-21,Paid Ads,North,357.04,0.0,0.0,357.04,357.04,Completed
5364,1725,2024-06-10,Email,North,928.45,0.0,0.0,928.45,928.45,Completed
5365,1726,2024-08-04,Email,West,203.22,0.0,0.0,203.22,203.22,Completed
5366,1726,2024-09-02,Direct,West,363.4,54.51,0.0,308.89,308.89,Completed
5367,1726,2024-09-10,Paid Ads,West,551.2,0.0,0.0,551.2,551.2,Completed
5368,1726,2024-11-11,Direct,West,87.19,0.0,0.0,87.19,87.19,Completed
5369,1726,2025-03-25,Social Media,West,72.0,3.6,8.13,76.53,76.53,Completed
5370,1726,2025-05-01,Organic Search,West,72.93,0.0,5.16,78.09,78.09,Completed
5371,1726,2025-10-14,Organic Search,West,418.46,0.0,0.0,418.46,418.46,Completed
5372,1726,2025-11-22,Social Media,West,27.62,0.0,6.82,34.44,34.44,Completed
5373,1727,2024-05-08,Email,North,974.96,0.0,0.0,974.96,974.96,Completed
5374,1727,2024-05-28,Social Media,North,170.94,0.0,0.0,170.94,170.94,Completed
5375,1727,2024-06-21,Paid Ads,North,31.66,3.17,4.4,32.89,32.89,Completed
5376,1727,2024-09-15,Organic Search,North,858.3,0.0,0.0,858.3,858.3,Completed
5377,1727,2024-12-25,Email,North,87.96,4.4,0.0,83.56,83.56,Completed
5378,1729,2023-05-11,Paid Ads,East,219.19,32.88,0.0,186.31,186.31,Completed
5379,1730,2025-07-26,Email,South,184.66,0.0,0.0,184.66,184.66,Completed
5380,1731,2023-10-13,Organic Search,North,30.34,3.03,8.08,35.39,35.39,Completed
5381,1731,2024-07-12,Paid Ads,North,448.15,22.41,0.0,425.74,425.74,Completed
5382,1732,2024-06-26,Email,South,239.82,0.0,0.0,239.82,239.82,Completed
5383,1732,2025-05-13,Social Media,South,1471.37,0.0,0.0,1471.37,1471.37,Completed
5384,1732,2025-09-09,Email,South,105.38,5.27,0.0,100.11,100.11,Completed
5385,1733,2024-05-15,Organic Search,South,80.56,4.03,0.0,76.53,76.53,Completed
5386,1734,2023-10-31,Social Media,West,31.98,1.6,8.4,38.78,38.78,Completed
5387,1734,2024-04-13,Organic Search,West,66.61,0.0,4.46,71.07,71.07,Completed
5388,1734,2024-05-21,Organic Search,West,217.22,0.0,0.0,217.22,217.22,Completed
5389,1734,2024-10-05,Social Media,West,405.07,0.0,0.0,405.07,405.07,Completed
5390,1734,2024-10-21,Email,West,211.84,42.37,0.0,169.47,169.47,Completed
5391,1734,2025-05-03,Email,West,415.57,83.11,0.0,332.46,332.46,Completed
5392,1734,2025-05-17,Organic Search,West,1538.35,76.92,0.0,1461.43,1461.43,Completed
5393,1734,2025-06-06,Email,West,80.45,4.02,0.0,76.43,76.43,Completed
5394,1735,2024-07-18,Paid Ads,North,1477.65,0.0,0.0,1477.65,1477.65,Completed
5395,1735,2024-11-01,Referral,North,1085.11,0.0,0.0,1085.11,1085.11,Completed
5396,1738,2024-03-25,Organic Search,South,56.0,0.0,6.27,62.27,62.27,Completed
5397,1738,2024-06-24,Social Media,South,998.75,0.0,0.0,998.75,998.75,Completed
5398,1738,2024-06-29,Organic Search,South,45.79,0.0,6.8,52.59,52.59,Completed
5399,1738,2025-01-22,Paid Ads,South,706.2,0.0,0.0,706.2,706.2,Completed
5400,1738,2025-04-22,Social Media,South,478.72,47.87,0.0,430.85,430.85,Completed
5401,1738,2025-06-18,Organic Search,South,677.4,67.74,0.0,609.66,609.66,Completed
5402,1739,2024-10-17,Organic Search,East,1001.04,200.21,0.0,800.83,800.83,Completed
5403,1739,2025-04-09,Direct,East,456.97,45.7,0.0,411.27,411.27,Completed
5404,1740,2025-05-15,Email,West,784.42,39.22,0.0,745.2,745.2,Completed
5405,1740,2025-07-15,Organic Search,West,992.28,49.61,0.0,942.67,942.67,Completed
5406,1741,2024-02-14,Paid Ads,West,83.92,0.0,0.0,83.92,83.92,Completed
5407,1741,2024-04-15,Direct,West,47.39,0.0,5.26,52.65,52.65,Completed
5408,1742,2023-11-19,Social Media,North,371.21,0.0,0.0,371.21,371.21,Completed
5409,1742,2024-04-28,Paid Ads,North,17.19,3.44,4.96,18.71,18.71,Completed
5410,1743,2024-01-21,Paid Ads,East,414.38,0.0,0.0,414.38,414.38,Completed
5411,1743,2024-07-03,Organic Search,East,106.06,5.3,0.0,100.76,100.76,Completed
5412,1743,2024-08-25,Paid Ads,East,464.12,46.41,0.0,417.71,417.71,Completed
5413,1743,2024-11-07,Paid Ads,East,29.93,0.0,7.64,37.57,37.57,Completed
5414,1743,2025-02-01,Paid Ads,East,64.28,9.64,6.29,0.0,60.93,Returned
5415,1743,2025-05-05,Paid Ads,East,52.84,10.57,6.65,48.92,48.92,Completed
5416,1743,2025-08-07,Organic Search,East,1258.73,62.94,0.0,1195.79,1195.79,Completed
5417,1743,2025-09-15,Organic Search,East,204.34,0.0,0.0,204.34,204.34,Completed
5418,1743,2025-12-15,Social Media,East,436.73,0.0,0.0,436.73,436.73,Completed
5419,1744,2024-04-11,Email,South,538.86,0.0,0.0,538.86,538.86,Completed
5420,1744,2024-06-29,Direct,South,1052.87,0.0,0.0,1052.87,1052.87,Completed
5421,1744,2024-08-08,Paid Ads,South,555.57,0.0,0.0,555.57,555.57,Completed
5422,1744,2024-11-24,Organic Search,South,83.2,0.0,0.0,83.2,83.2,Completed
5423,1744,2025-02-22,Email,South,1149.36,114.94,0.0,1034.42,1034.42,Completed
5424,1744,2025-06-27,Organic Search,South,1073.67,0.0,0.0,1073.67,1073.67,Completed
5425,1744,2025-10-13,Social Media,South,85.14,8.51,0.0,76.63,76.63,Completed
5426,1745,2024-03-14,Paid Ads,East,413.8,0.0,0.0,413.8,413.8,Completed
5427,1745,2025-09-23,Organic Search,East,13.4,1.34,5.81,17.87,17.87,Completed
5428,1746,2024-09-19,Email,Central,36.24,7.25,7.26,36.25,36.25,Completed
5429,1746,2025-05-13,Direct,Central,262.77,0.0,0.0,262.77,262.77,Completed
5430,1746,2025-07-27,Organic Search,Central,41.41,0.0,5.2,46.61,46.61,Completed
5431,1747,2025-10-19,Social Media,North,324.02,48.6,0.0,275.42,275.42,Completed
5432,1748,2025-02-18,Paid Ads,North,193.24,0.0,0.0,193.24,193.24,Completed
5433,1748,2025-04-26,Organic Search,North,778.32,0.0,0.0,778.32,778.32,Completed
5434,1749,2023-08-23,Paid Ads,South,65.98,0.0,4.29,70.27,70.27,Completed
5435,1749,2023-09-03,Social Media,South,407.13,0.0,0.0,407.13,407.13,Completed
5436,1749,2024-02-22,Social Media,South,34.1,1.7,6.56,38.96,38.96,Completed
5437,1749,2024-06-12,Referral,South,385.07,0.0,0.0,385.07,385.07,Completed
5438,1749,2024-09-07,Email,South,1542.23,0.0,0.0,1542.23,1542.23,Completed
5439,1749,2025-04-11,Organic Search,South,824.34,0.0,0.0,824.34,824.34,Completed
5440,1749,2025-05-22,Paid Ads,South,228.43,0.0,0.0,228.43,228.43,Completed
5441,1750,2024-02-07,Paid Ads,South,35.64,0.0,8.19,43.83,43.83,Completed
5442,1750,2024-06-23,Paid Ads,South,154.56,0.0,0.0,154.56,154.56,Completed
5443,1750,2024-07-26,Paid Ads,South,319.7,15.98,0.0,303.72,303.72,Completed
5444,1750,2025-07-03,Paid Ads,South,37.9,1.9,4.36,40.36,40.36,Completed
5445,1750,2025-07-19,Organic Search,South,125.81,0.0,0.0,0.0,125.81,Returned
5446,1751,2025-04-08,Organic Search,West,96.03,4.8,0.0,91.23,91.23,Completed
5447,1751,2025-05-19,Social Media,West,189.96,9.5,0.0,180.46,180.46,Completed
5448,1751,2025-09-24,Email,West,160.51,16.05,0.0,144.46,144.46,Completed
5449,1752,2025-02-21,Organic Search,East,1534.75,0.0,0.0,1534.75,1534.75,Completed
5450,1753,2025-05-29,Organic Search,South,126.24,18.94,0.0,107.3,107.3,Completed
5451,1753,2025-06-12,Paid Ads,South,358.28,17.91,0.0,340.37,340.37,Completed
5452,1754,2023-06-28,Paid Ads,North,160.94,0.0,0.0,160.94,160.94,Completed
5453,1754,2023-07-01,Organic Search,North,293.51,14.68,0.0,278.83,278.83,Completed
5454,1754,2023-11-01,Organic Search,North,35.15,0.0,8.53,43.68,43.68,Completed
5455,1754,2024-01-07,Paid Ads,North,503.72,0.0,0.0,503.72,503.72,Completed
5456,1754,2024-07-17,Social Media,North,1380.21,207.03,0.0,1173.18,1173.18,Completed
5457,1754,2024-11-02,Email,North,1587.62,158.76,0.0,1428.86,1428.86,Completed
5458,1754,2024-11-29,Social Media,North,124.71,0.0,0.0,124.71,124.71,Completed
5459,1754,2024-12-16,Social Media,North,899.65,0.0,0.0,899.65,899.65,Completed
5460,1754,2025-02-12,Direct,North,96.56,14.48,0.0,82.08,82.08,Completed
5461,1754,2025-07-26,Organic Search,North,118.34,0.0,0.0,0.0,118.34,Returned
5462,1755,2024-08-16,Paid Ads,East,133.9,6.7,0.0,127.2,127.2,Completed
5463,1755,2024-12-18,Paid Ads,East,676.08,67.61,0.0,608.47,608.47,Completed
5464,1756,2024-06-16,Direct,Central,225.95,11.3,0.0,214.65,214.65,Completed
5465,1756,2025-03-13,Referral,Central,13.86,0.0,4.35,18.21,18.21,Completed
5466,1756,2025-08-04,Paid Ads,Central,623.42,124.68,0.0,498.74,498.74,Completed
5467,1757,2025-03-12,Email,South,243.89,0.0,0.0,243.89,243.89,Completed
5468,1757,2025-05-08,Email,South,115.96,0.0,0.0,115.96,115.96,Completed
5469,1757,2025-08-15,Organic Search,South,109.66,0.0,0.0,109.66,109.66,Completed
5470,1757,2025-08-18,Referral,South,492.15,0.0,0.0,492.15,492.15,Completed
5471,1757,2025-11-11,Email,South,159.36,7.97,0.0,151.39,151.39,Completed
5472,1758,2025-11-10,Organic Search,North,26.64,0.0,6.75,33.39,33.39,Completed
5473,1759,2025-01-24,Organic Search,Central,1040.58,208.12,0.0,832.46,832.46,Completed
5474,1760,2025-01-22,Paid Ads,East,385.39,19.27,0.0,366.12,366.12,Completed
5475,1760,2025-03-25,Organic Search,East,104.44,0.0,0.0,104.44,104.44,Completed
5476,1761,2023-05-17,Social Media,East,387.09,0.0,0.0,387.09,387.09,Completed
5477,1761,2023-05-25,Paid Ads,East,419.39,0.0,0.0,419.39,419.39,Completed
5478,1761,2023-08-07,Email,East,427.13,0.0,0.0,0.0,427.13,Returned
5479,1761,2023-08-19,Email,East,1402.18,0.0,0.0,1402.18,1402.18,Completed
5480,1761,2024-03-05,Direct,East,814.55,0.0,0.0,814.55,814.55,Completed
5481,1761,2024-05-13,Referral,East,509.74,0.0,0.0,509.74,509.74,Completed
5482,1761,2024-06-18,Organic Search,East,769.18,153.84,0.0,615.34,615.34,Completed
5483,1761,2024-07-01,Social Media,East,696.97,0.0,0.0,696.97,696.97,Completed
5484,1761,2024-07-02,Social Media,East,107.29,0.0,0.0,107.29,107.29,Completed
5485,1762,2024-11-06,Paid Ads,East,114.4,0.0,0.0,114.4,114.4,Completed
5486,1762,2025-12-08,Organic Search,East,688.49,0.0,0.0,688.49,688.49,Completed
5487,1763,2024-04-14,Referral,East,252.57,12.63,0.0,239.94,239.94,Completed
5488,1763,2025-03-06,Referral,East,284.04,0.0,0.0,284.04,284.04,Completed
5489,1763,2025-05-19,Organic Search,East,1034.84,103.48,0.0,931.36,931.36,Completed
5490,1763,2025-09-12,Social Media,East,1182.33,0.0,0.0,1182.33,1182.33,Completed
5491,1763,2025-10-21,Organic Search,East,187.22,0.0,0.0,187.22,187.22,Completed
5492,1763,2025-11-13,Direct,East,481.37,24.07,0.0,457.3,457.3,Completed
5493,1764,2024-11-13,Email,East,70.68,0.0,6.31,76.99,76.99,Completed
5494,1765,2023-05-18,Email,East,13.77,0.0,5.65,19.42,19.42,Completed
5495,1765,2023-08-29,Paid Ads,East,373.72,0.0,0.0,0.0,373.72,Returned
5496,1767,2025-11-21,Social Media,North,488.32,0.0,0.0,488.32,488.32,Completed
5497,1768,2023-10-10,Direct,Central,385.49,0.0,0.0,385.49,385.49,Completed
5498,1768,2023-10-17,Paid Ads,Central,110.91,0.0,0.0,110.91,110.91,Completed
5499,1768,2024-03-17,Direct,Central,23.16,0.0,6.87,30.03,30.03,Completed
5500,1768,2024-04-01,Email,Central,175.62,0.0,0.0,175.62,175.62,Completed
5501,1768,2024-06-19,Email,Central,105.6,0.0,0.0,105.6,105.6,Completed
5502,1768,2024-07-19,Direct,Central,455.62,0.0,0.0,455.62,455.62,Completed
5503,1768,2024-10-04,Paid Ads,Central,1286.42,64.32,0.0,0.0,1222.1,Returned
5504,1768,2024-10-13,Social Media,Central,37.39,7.48,6.45,36.36,36.36,Completed
5505,1770,2025-06-08,Paid Ads,East,310.14,15.51,0.0,294.63,294.63,Completed
5506,1771,2024-04-16,Organic Search,West,919.07,0.0,0.0,919.07,919.07,Completed
5507,1771,2024-05-07,Paid Ads,West,484.4,0.0,0.0,484.4,484.4,Completed
5508,1771,2025-10-02,Social Media,West,619.78,61.98,0.0,557.8,557.8,Completed
5509,1772,2025-04-15,Social Media,North,97.28,14.59,0.0,82.69,82.69,Completed
5510,1772,2025-04-27,Paid Ads,North,27.06,1.35,7.32,33.03,33.03,Completed
5511,1772,2025-06-13,Email,North,830.63,83.06,0.0,747.57,747.57,Completed
5512,1772,2025-09-09,Referral,North,174.12,0.0,0.0,174.12,174.12,Completed
5513,1772,2025-09-19,Organic Search,North,165.7,0.0,0.0,165.7,165.7,Completed
5514,1772,2025-10-03,Organic Search,North,429.93,0.0,0.0,429.93,429.93,Completed
5515,1773,2025-08-10,Paid Ads,East,188.48,9.42,0.0,179.06,179.06,Completed
5516,1774,2025-04-30,Organic Search,South,350.32,0.0,0.0,350.32,350.32,Completed
5517,1775,2024-08-05,Organic Search,East,576.89,0.0,0.0,576.89,576.89,Completed
5518,1775,2024-11-09,Email,East,492.91,0.0,0.0,492.91,492.91,Completed
5519,1775,2025-04-27,Paid Ads,East,523.44,0.0,0.0,0.0,523.44,Returned
5520,1775,2025-07-20,Direct,East,112.02,5.6,0.0,106.42,106.42,Completed
5521,1776,2024-09-30,Social Media,South,760.85,0.0,0.0,760.85,760.85,Completed
5522,1776,2024-11-06,Organic Search,South,205.63,10.28,0.0,195.35,195.35,Completed
5523,1776,2024-12-27,Email,South,629.84,0.0,0.0,629.84,629.84,Completed
5524,1777,2025-07-28,Organic Search,West,409.76,0.0,0.0,409.76,409.76,Completed
5525,1779,2025-03-23,Email,East,311.6,0.0,0.0,311.6,311.6,Completed
5526,1780,2025-09-13,Referral,South,760.48,0.0,0.0,760.48,760.48,Completed
5527,1780,2025-09-22,Direct,South,3577.29,0.0,0.0,3577.29,3577.29,Completed
5528,1781,2023-07-15,Organic Search,North,485.18,0.0,0.0,485.18,485.18,Completed
5529,1781,2023-12-09,Organic Search,North,507.1,0.0,0.0,507.1,507.1,Completed
5530,1781,2025-06-22,Social Media,North,73.1,7.31,7.58,73.37,73.37,Completed
5531,1783,2025-08-15,Organic Search,South,163.54,0.0,0.0,163.54,163.54,Completed
5532,1785,2025-06-08,Social Media,Central,85.3,0.0,0.0,85.3,85.3,Completed
5533,1787,2024-11-09,Referral,West,221.07,0.0,0.0,221.07,221.07,Completed
5534,1787,2025-05-10,Organic Search,West,2726.06,0.0,0.0,2726.06,2726.06,Completed
5535,1788,2024-02-15,Organic Search,East,392.55,19.63,0.0,372.92,372.92,Completed
5536,1788,2025-05-15,Paid Ads,East,134.72,0.0,0.0,134.72,134.72,Completed
5537,1788,2025-08-03,Organic Search,East,147.32,14.73,0.0,132.59,132.59,Completed
5538,1789,2024-03-01,Organic Search,Central,278.0,27.8,0.0,250.2,250.2,Completed
5539,1789,2024-04-16,Organic Search,Central,1142.39,0.0,0.0,1142.39,1142.39,Completed
5540,1789,2024-05-10,Organic Search,Central,1391.3,0.0,0.0,1391.3,1391.3,Completed
5541,1789,2024-06-28,Organic Search,Central,942.94,47.15,0.0,895.79,895.79,Completed
5542,1790,2025-12-10,Paid Ads,East,422.6,0.0,0.0,422.6,422.6,Completed
5543,1791,2025-07-28,Organic Search,North,241.94,36.29,0.0,205.65,205.65,Completed
5544,1792,2024-10-07,Email,East,194.61,0.0,0.0,194.61,194.61,Completed
5545,1792,2025-08-29,Referral,East,291.92,0.0,0.0,291.92,291.92,Completed
5546,1793,2025-02-09,Paid Ads,South,44.94,2.25,8.63,51.32,51.32,Completed
5547,1794,2025-05-19,Organic Search,West,1296.02,129.6,0.0,1166.42,1166.42,Completed
5548,1794,2025-06-19,Direct,West,81.09,0.0,0.0,81.09,81.09,Completed
5549,1794,2025-07-19,Paid Ads,West,1189.06,0.0,0.0,1189.06,1189.06,Completed
5550,1794,2025-09-26,Organic Search,West,80.27,12.04,0.0,68.23,68.23,Completed
5551,1794,2025-12-30,Paid Ads,West,31.54,4.73,7.13,33.94,33.94,Completed
5552,1795,2025-03-13,Direct,South,180.69,0.0,0.0,180.69,180.69,Completed
5553,1795,2025-11-24,Social Media,South,258.51,12.93,0.0,245.58,245.58,Completed
5554,1797,2025-06-23,Organic Search,Central,78.82,0.0,0.0,78.82,78.82,Completed
5555,1797,2025-08-16,Organic Search,Central,925.82,0.0,0.0,925.82,925.82,Completed
5556,1798,2024-10-31,Paid Ads,Central,321.34,48.2,0.0,273.14,273.14,Completed
5557,1798,2025-03-23,Direct,Central,991.94,148.79,0.0,843.15,843.15,Completed
5558,1798,2025-04-15,Paid Ads,Central,23.2,0.0,6.42,29.62,29.62,Completed
5559,1799,2025-11-05,Paid Ads,North,262.14,0.0,0.0,262.14,262.14,Completed
5560,1800,2023-09-23,Referral,North,84.43,0.0,0.0,0.0,84.43,Returned
5561,1800,2023-11-18,Email,North,2101.97,105.1,0.0,1996.87,1996.87,Completed
5562,1800,2023-12-13,Social Media,North,1430.72,143.07,0.0,1287.65,1287.65,Completed
5563,1800,2024-03-15,Paid Ads,North,209.7,0.0,0.0,209.7,209.7,Completed
5564,1800,2025-02-22,Social Media,North,131.66,0.0,0.0,131.66,131.66,Completed
5565,1800,2025-03-17,Paid Ads,North,76.84,0.0,0.0,76.84,76.84,Completed
5566,1800,2025-07-21,Social Media,North,430.43,0.0,0.0,430.43,430.43,Completed
5567,1800,2025-10-06,Social Media,North,60.32,3.02,8.9,66.2,66.2,Completed
5568,1800,2025-10-07,Organic Search,North,48.33,2.42,6.61,52.52,52.52,Completed
5569,1800,2025-12-28,Direct,North,98.33,0.0,0.0,98.33,98.33,Completed
5570,1801,2025-06-17,Organic Search,South,1805.7,90.29,0.0,1715.41,1715.41,Completed
5571,1802,2023-07-12,Direct,South,441.66,0.0,0.0,441.66,441.66,Completed
5572,1802,2024-03-28,Paid Ads,South,630.86,63.09,0.0,567.77,567.77,Completed
5573,1802,2024-09-29,Organic Search,South,289.8,0.0,0.0,289.8,289.8,Completed
5574,1802,2025-05-22,Social Media,South,342.83,0.0,0.0,342.83,342.83,Completed
5575,1802,2025-12-15,Paid Ads,South,73.16,0.0,6.34,79.5,79.5,Completed
5576,1803,2025-04-12,Paid Ads,South,111.51,0.0,0.0,111.51,111.51,Completed
5577,1804,2023-12-13,Email,Central,485.87,0.0,0.0,485.87,485.87,Completed
5578,1807,2025-04-29,Email,West,732.15,109.82,0.0,0.0,622.33,Returned
5579,1807,2025-05-04,Referral,West,274.48,0.0,0.0,274.48,274.48,Completed
5580,1808,2025-03-24,Organic Search,South,51.0,0.0,8.27,59.27,59.27,Completed
5581,1809,2023-03-19,Social Media,East,755.84,0.0,0.0,755.84,755.84,Completed
5582,1809,2025-04-23,Email,East,45.57,0.0,7.37,0.0,52.94,Returned
5583,1809,2025-06-16,Paid Ads,East,341.7,0.0,0.0,341.7,341.7,Completed
5584,1810,2024-10-18,Social Media,South,463.33,0.0,0.0,463.33,463.33,Completed
5585,1810,2025-01-30,Email,South,585.6,0.0,0.0,585.6,585.6,Completed
5586,1811,2024-02-17,Email,West,203.42,0.0,0.0,203.42,203.42,Completed
5587,1811,2024-05-13,Referral,West,28.46,0.0,6.17,34.63,34.63,Completed
5588,1811,2024-08-21,Referral,West,306.16,0.0,0.0,306.16,306.16,Completed
5589,1811,2024-11-27,Referral,West,89.89,0.0,0.0,89.89,89.89,Completed
5590,1811,2024-12-15,Paid Ads,West,836.24,0.0,0.0,836.24,836.24,Completed
5591,1811,2025-01-13,Paid Ads,West,837.51,0.0,0.0,837.51,837.51,Completed
5592,1811,2025-09-30,Email,West,50.95,0.0,4.52,55.47,55.47,Completed
5593,1811,2025-11-09,Organic Search,West,74.75,7.48,7.08,74.35,74.35,Completed
5594,1812,2024-03-12,Referral,East,997.78,0.0,0.0,997.78,997.78,Completed
5595,1812,2024-04-16,Direct,East,650.44,0.0,0.0,650.44,650.44,Completed
5596,1812,2024-10-27,Organic Search,East,146.93,14.69,0.0,132.24,132.24,Completed
5597,1812,2025-05-10,Direct,East,411.68,41.17,0.0,370.51,370.51,Completed
5598,1812,2025-06-09,Organic Search,East,360.22,0.0,0.0,360.22,360.22,Completed
5599,1812,2025-09-20,Paid Ads,East,725.13,72.51,0.0,652.62,652.62,Completed
5600,1812,2025-09-22,Email,East,1515.45,0.0,0.0,1515.45,1515.45,Completed
5601,1812,2025-11-05,Paid Ads,East,856.38,85.64,0.0,770.74,770.74,Completed
5602,1813,2024-07-02,Email,South,212.55,0.0,0.0,212.55,212.55,Completed
5603,1813,2024-12-13,Direct,South,686.95,0.0,0.0,686.95,686.95,Completed
5604,1813,2025-01-15,Direct,South,401.39,20.07,0.0,381.32,381.32,Completed
5605,1813,2025-06-16,Paid Ads,South,909.12,0.0,0.0,909.12,909.12,Completed
5606,1815,2023-12-05,Organic Search,West,157.19,0.0,0.0,157.19,157.19,Completed
5607,1815,2024-08-28,Paid Ads,West,932.92,93.29,0.0,839.63,839.63,Completed
5608,1817,2024-05-21,Social Media,South,268.02,40.2,0.0,227.82,227.82,Completed
5609,1817,2024-07-12,Social Media,South,336.28,33.63,0.0,302.65,302.65,Completed
5610,1817,2025-11-11,Organic Search,South,217.94,21.79,0.0,196.15,196.15,Completed
5611,1818,2023-03-08,Organic Search,East,217.41,0.0,0.0,217.41,217.41,Completed
5612,1818,2023-07-09,Email,East,148.46,0.0,0.0,148.46,148.46,Completed
5613,1819,2024-08-18,Direct,Central,266.98,13.35,0.0,253.63,253.63,Completed
5614,1819,2025-03-02,Organic Search,Central,267.41,26.74,0.0,240.67,240.67,Completed
5615,1819,2025-08-30,Direct,Central,348.94,17.45,0.0,331.49,331.49,Completed
5616,1819,2025-09-15,Paid Ads,Central,68.78,3.44,8.47,73.81,73.81,Completed
5617,1819,2025-10-11,Organic Search,Central,915.34,0.0,0.0,915.34,915.34,Completed
5618,1820,2024-05-22,Email,East,310.12,31.01,0.0,279.11,279.11,Completed
5619,1820,2024-08-19,Paid Ads,East,614.44,0.0,0.0,614.44,614.44,Completed
5620,1820,2024-09-26,Email,East,775.98,77.6,0.0,698.38,698.38,Completed
5621,1820,2024-09-30,Referral,East,66.72,0.0,7.88,74.6,74.6,Completed
5622,1820,2024-10-16,Organic Search,East,135.37,6.77,0.0,128.6,128.6,Completed
5623,1821,2024-01-24,Direct,South,348.77,0.0,0.0,348.77,348.77,Completed
5624,1821,2025-06-04,Paid Ads,South,347.77,0.0,0.0,347.77,347.77,Completed
5625,1822,2023-05-08,Social Media,North,313.97,0.0,0.0,313.97,313.97,Completed
5626,1822,2023-07-10,Email,North,227.27,11.36,0.0,215.91,215.91,Completed
5627,1822,2023-07-18,Paid Ads,North,177.08,0.0,0.0,177.08,177.08,Completed
5628,1822,2023-09-05,Referral,North,157.8,0.0,0.0,157.8,157.8,Completed
5629,1822,2023-11-14,Email,North,155.38,0.0,0.0,155.38,155.38,Completed
5630,1822,2024-01-24,Organic Search,North,182.9,36.58,0.0,146.32,146.32,Completed
5631,1822,2024-07-15,Organic Search,North,274.1,0.0,0.0,274.1,274.1,Completed
5632,1822,2024-08-27,Direct,North,364.49,72.9,0.0,291.59,291.59,Completed
5633,1822,2024-11-07,Referral,North,296.43,29.64,0.0,266.79,266.79,Completed
5634,1822,2024-11-26,Paid Ads,North,358.89,53.83,0.0,305.06,305.06,Completed
5635,1822,2025-01-17,Organic Search,North,53.61,0.0,4.01,57.62,57.62,Completed
5636,1822,2025-02-22,Organic Search,North,257.31,0.0,0.0,257.31,257.31,Completed
5637,1822,2025-05-05,Email,North,15.59,3.12,5.72,18.19,18.19,Completed
5638,1822,2025-06-21,Email,North,122.44,0.0,0.0,122.44,122.44,Completed
5639,1822,2025-08-02,Email,North,257.2,25.72,0.0,231.48,231.48,Completed
5640,1822,2025-10-25,Paid Ads,North,1847.97,0.0,0.0,1847.97,1847.97,Completed
5641,1822,2025-12-15,Organic Search,North,34.48,0.0,4.75,39.23,39.23,Completed
5642,1822,2025-12-24,Referral,North,1420.26,142.03,0.0,1278.23,1278.23,Completed
5643,1823,2025-03-20,Social Media,South,344.78,51.72,0.0,293.06,293.06,Completed
5644,1824,2024-05-26,Organic Search,South,212.81,0.0,0.0,212.81,212.81,Completed
5645,1824,2025-01-23,Referral,South,401.12,20.06,0.0,381.06,381.06,Completed
5646,1824,2025-04-18,Paid Ads,South,812.99,0.0,0.0,812.99,812.99,Completed
5647,1824,2025-05-27,Referral,South,1876.89,0.0,0.0,1876.89,1876.89,Completed
5648,1824,2025-09-19,Paid Ads,South,378.46,56.77,0.0,321.69,321.69,Completed
5649,1824,2025-12-20,Paid Ads,South,274.95,54.99,0.0,219.96,219.96,Completed
5650,1825,2025-01-12,Organic Search,South,202.83,10.14,0.0,192.69,192.69,Completed
5651,1826,2023-12-18,Social Media,South,325.0,65.0,0.0,260.0,260.0,Completed
5652,1827,2023-12-18,Organic Search,South,1344.78,0.0,0.0,1344.78,1344.78,Completed
5653,1827,2023-12-26,Direct,South,177.23,8.86,0.0,168.37,168.37,Completed
5654,1827,2024-01-27,Paid Ads,South,491.78,0.0,0.0,491.78,491.78,Completed
5655,1827,2024-02-19,Paid Ads,South,1335.64,133.56,0.0,1202.08,1202.08,Completed
5656,1828,2024-12-04,Social Media,West,268.2,53.64,0.0,214.56,214.56,Completed
5657,1829,2024-06-29,Social Media,South,345.84,0.0,0.0,345.84,345.84,Completed
5658,1829,2025-07-07,Social Media,South,364.45,54.67,0.0,309.78,309.78,Completed
5659,1829,2025-07-20,Paid Ads,South,25.33,0.0,4.07,29.4,29.4,Completed
5660,1829,2025-09-21,Paid Ads,South,663.49,33.17,0.0,630.32,630.32,Completed
5661,1829,2025-11-06,Email,South,249.61,0.0,0.0,249.61,249.61,Completed
5662,1830,2023-10-31,Email,North,19.78,0.0,6.66,26.44,26.44,Completed
5663,1830,2024-01-04,Direct,North,688.9,137.78,0.0,551.12,551.12,Completed
5664,1830,2024-11-17,Paid Ads,North,459.79,0.0,0.0,0.0,459.79,Returned
5665,1831,2025-06-02,Paid Ads,North,1285.0,128.5,0.0,1156.5,1156.5,Completed
5666,1831,2025-06-07,Organic Search,North,941.23,47.06,0.0,894.17,894.17,Completed
5667,1832,2025-12-19,Social Media,West,38.76,0.0,6.36,45.12,45.12,Completed
5668,1833,2025-05-20,Email,South,599.12,59.91,0.0,539.21,539.21,Completed
5669,1834,2025-01-09,Paid Ads,West,81.4,0.0,0.0,81.4,81.4,Completed
5670,1835,2024-01-24,Organic Search,West,328.54,32.85,0.0,295.69,295.69,Completed
5671,1835,2024-03-25,Paid Ads,West,17.19,0.0,5.96,23.15,23.15,Completed
5672,1835,2024-04-26,Organic Search,West,163.24,8.16,0.0,155.08,155.08,Completed
5673,1835,2024-11-29,Paid Ads,West,117.82,11.78,0.0,106.04,106.04,Completed
5674,1836,2024-07-14,Social Media,North,898.06,0.0,0.0,898.06,898.06,Completed
5675,1837,2025-01-02,Organic Search,West,49.99,2.5,4.86,0.0,52.35,Returned
5676,1839,2024-02-16,Organic Search,South,374.33,56.15,0.0,318.18,318.18,Completed
5677,1839,2024-11-20,Paid Ads,South,81.24,8.12,0.0,73.12,73.12,Completed
5678,1839,2024-11-21,Organic Search,South,15.7,3.14,8.98,21.54,21.54,Completed
5679,1839,2024-12-01,Organic Search,South,240.65,0.0,0.0,240.65,240.65,Completed
5680,1839,2025-02-18,Organic Search,South,1956.36,293.45,0.0,1662.91,1662.91,Completed
5681,1839,2025-06-15,Referral,South,439.64,65.95,0.0,373.69,373.69,Completed
5682,1840,2023-11-27,Paid Ads,South,950.4,47.52,0.0,902.88,902.88,Completed
5683,1840,2023-12-22,Organic Search,South,6.62,0.0,6.0,12.62,12.62,Completed
5684,1840,2024-03-07,Social Media,South,111.74,0.0,0.0,111.74,111.74,Completed
5685,1840,2024-12-18,Organic Search,South,151.18,0.0,0.0,151.18,151.18,Completed
5686,1842,2025-09-24,Direct,South,823.56,41.18,0.0,782.38,782.38,Completed
5687,1843,2025-04-23,Direct,East,503.6,0.0,0.0,503.6,503.6,Completed
5688,1844,2024-09-21,Social Media,South,285.72,0.0,0.0,285.72,285.72,Completed
5689,1844,2025-06-21,Paid Ads,South,426.84,21.34,0.0,405.5,405.5,Completed
5690,1844,2025-06-28,Organic Search,South,88.22,0.0,0.0,88.22,88.22,Completed
5691,1844,2025-10-16,Referral,South,69.96,13.99,6.94,62.91,62.91,Completed
5692,1844,2025-12-03,Organic Search,South,70.65,0.0,7.44,78.09,78.09,Completed
5693,1845,2023-09-16,Paid Ads,North,253.8,38.07,0.0,215.73,215.73,Completed
5694,1845,2023-10-01,Paid Ads,North,250.1,0.0,0.0,250.1,250.1,Completed
5695,1845,2024-01-16,Paid Ads,North,178.02,0.0,0.0,178.02,178.02,Completed
5696,1845,2024-05-30,Social Media,North,138.52,6.93,0.0,131.59,131.59,Completed
5697,1845,2024-11-19,Paid Ads,North,554.09,83.11,0.0,470.98,470.98,Completed
5698,1846,2024-05-12,Social Media,West,507.86,0.0,0.0,507.86,507.86,Completed
5699,1847,2025-08-14,Paid Ads,East,94.76,9.48,0.0,85.28,85.28,Completed
5700,1849,2023-04-24,Email,East,478.43,0.0,0.0,0.0,478.43,Returned
5701,1849,2023-06-15,Paid Ads,East,176.44,0.0,0.0,176.44,176.44,Completed
5702,1849,2023-09-08,Direct,East,154.2,0.0,0.0,154.2,154.2,Completed
5703,1850,2024-04-18,Organic Search,South,100.3,0.0,0.0,100.3,100.3,Completed
5704,1851,2023-12-23,Social Media,South,293.34,14.67,0.0,278.67,278.67,Completed
5705,1852,2024-12-10,Email,South,691.77,0.0,0.0,0.0,691.77,Returned
5706,1852,2025-02-28,Social Media,South,334.44,0.0,0.0,334.44,334.44,Completed
5707,1852,2025-03-01,Email,South,1390.77,69.54,0.0,1321.23,1321.23,Completed
5708,1852,2025-05-06,Organic Search,South,37.34,3.73,8.25,41.86,41.86,Completed
5709,1852,2025-07-09,Paid Ads,South,470.85,47.09,0.0,423.76,423.76,Completed
5710,1852,2025-07-28,Paid Ads,South,2084.6,104.23,0.0,1980.37,1980.37,Completed
5711,1852,2025-10-08,Paid Ads,South,512.77,25.64,0.0,487.13,487.13,Completed
5712,1852,2025-10-14,Social Media,South,112.34,0.0,0.0,112.34,112.34,Completed
5713,1853,2024-03-29,Direct,East,773.27,0.0,0.0,773.27,773.27,Completed
5714,1854,2024-09-04,Paid Ads,South,1650.48,0.0,0.0,1650.48,1650.48,Completed
5715,1855,2025-07-09,Paid Ads,North,20.62,0.0,4.11,24.73,24.73,Completed
5716,1855,2025-08-08,Direct,North,33.76,0.0,8.52,42.28,42.28,Completed
5717,1857,2024-05-30,Organic Search,West,407.87,40.79,0.0,367.08,367.08,Completed
5718,1857,2024-08-07,Direct,West,398.74,19.94,0.0,378.8,378.8,Completed
5719,1857,2024-09-21,Organic Search,West,68.55,6.86,4.83,66.52,66.52,Completed
5720,1857,2024-11-14,Email,West,27.74,4.16,5.96,29.54,29.54,Completed
5721,1857,2025-06-16,Referral,West,57.0,5.7,6.39,57.69,57.69,Completed
5722,1857,2025-11-01,Direct,West,316.1,0.0,0.0,316.1,316.1,Completed
5723,1857,2025-11-21,Referral,West,30.67,1.53,5.15,34.29,34.29,Completed
5724,1858,2024-02-22,Referral,West,18.0,0.0,8.85,0.0,26.85,Returned
5725,1858,2024-03-07,Organic Search,West,1736.24,173.62,0.0,1562.62,1562.62,Completed
5726,1858,2024-07-26,Social Media,West,51.06,2.55,6.37,54.88,54.88,Completed
5727,1858,2024-08-29,Paid Ads,West,177.62,0.0,0.0,177.62,177.62,Completed
5728,1858,2024-09-07,Organic Search,West,108.93,5.45,0.0,0.0,103.48,Returned
5729,1859,2024-11-11,Paid Ads,East,44.6,0.0,5.25,49.85,49.85,Completed
5730,1859,2025-01-21,Paid Ads,East,372.75,0.0,0.0,372.75,372.75,Completed
5731,1860,2024-11-29,Organic Search,South,79.76,0.0,0.0,79.76,79.76,Completed
5732,1860,2025-05-11,Email,South,155.69,15.57,0.0,0.0,140.12,Returned
5733,1860,2025-07-10,Organic Search,South,129.21,6.46,0.0,122.75,122.75,Completed
5734,1860,2025-07-28,Paid Ads,South,16.34,3.27,5.02,18.09,18.09,Completed
5735,1860,2025-08-06,Paid Ads,South,53.32,0.0,4.96,58.28,58.28,Completed
5736,1860,2025-08-11,Social Media,South,399.39,19.97,0.0,379.42,379.42,Completed
5737,1860,2025-09-12,Organic Search,South,733.53,36.68,0.0,696.85,696.85,Completed
5738,1861,2024-01-02,Organic Search,North,1063.09,0.0,0.0,1063.09,1063.09,Completed
5739,1861,2024-07-28,Paid Ads,North,1396.07,139.61,0.0,0.0,1256.46,Returned
5740,1861,2024-10-15,Organic Search,North,45.7,6.86,7.54,46.38,46.38,Completed
5741,1861,2025-04-20,Paid Ads,North,820.51,0.0,0.0,820.51,820.51,Completed
5742,1861,2025-06-03,Paid Ads,North,306.93,0.0,0.0,306.93,306.93,Completed
5743,1861,2025-11-14,Social Media,North,1246.52,0.0,0.0,1246.52,1246.52,Completed
5744,1862,2025-05-25,Organic Search,West,1067.92,0.0,0.0,1067.92,1067.92,Completed
5745,1862,2025-09-22,Paid Ads,West,9.86,0.0,7.46,0.0,17.32,Returned
5746,1863,2024-10-21,Email,North,1213.19,0.0,0.0,1213.19,1213.19,Completed
5747,1863,2025-02-03,Paid Ads,North,24.88,0.0,7.98,32.86,32.86,Completed
5748,1863,2025-03-31,Organic Search,North,410.27,41.03,0.0,369.24,369.24,Completed
5749,1863,2025-09-12,Paid Ads,North,124.15,0.0,0.0,124.15,124.15,Completed
5750,1864,2024-02-17,Paid Ads,Central,216.75,0.0,0.0,216.75,216.75,Completed
5751,1864,2024-06-08,Organic Search,Central,191.31,0.0,0.0,191.31,191.31,Completed
5752,1864,2025-04-20,Organic Search,Central,55.85,0.0,5.48,61.33,61.33,Completed
5753,1865,2024-09-30,Organic Search,North,166.41,8.32,0.0,158.09,158.09,Completed
5754,1865,2025-05-02,Social Media,North,1144.99,0.0,0.0,1144.99,1144.99,Completed
5755,1865,2025-06-21,Organic Search,North,333.26,0.0,0.0,333.26,333.26,Completed
5756,1866,2025-10-30,Paid Ads,West,19.16,0.0,4.95,24.11,24.11,Completed
5757,1867,2024-07-28,Social Media,Central,71.67,0.0,7.55,0.0,79.22,Returned
5758,1867,2024-09-24,Direct,Central,10.87,0.0,8.4,19.27,19.27,Completed
5759,1869,2024-12-12,Paid Ads,East,39.55,1.98,8.59,46.16,46.16,Completed
5760,1869,2025-09-01,Referral,East,45.8,0.0,6.15,51.95,51.95,Completed
5761,1870,2025-08-23,Email,West,83.9,16.78,0.0,67.12,67.12,Completed
5762,1871,2025-07-15,Paid Ads,South,898.46,0.0,0.0,898.46,898.46,Completed
5763,1871,2025-08-07,Direct,South,183.83,0.0,0.0,183.83,183.83,Completed
5764,1871,2025-09-30,Social Media,South,240.18,0.0,0.0,240.18,240.18,Completed
5765,1872,2023-11-25,Email,South,460.36,69.05,0.0,391.31,391.31,Completed
5766,1872,2023-12-22,Organic Search,South,218.38,0.0,0.0,218.38,218.38,Completed
5767,1872,2024-05-27,Organic Search,South,139.19,13.92,0.0,125.27,125.27,Completed
5768,1872,2025-02-10,Organic Search,South,20.66,0.0,4.83,25.49,25.49,Completed
5769,1874,2025-08-04,Paid Ads,West,37.55,3.76,5.19,38.98,38.98,Completed
5770,1875,2023-07-12,Email,West,752.4,0.0,0.0,752.4,752.4,Completed
5771,1875,2024-08-29,Organic Search,West,559.5,0.0,0.0,0.0,559.5,Returned
5772,1875,2024-12-08,Paid Ads,West,133.79,0.0,0.0,133.79,133.79,Completed
5773,1875,2025-01-16,Organic Search,West,30.46,0.0,7.73,38.19,38.19,Completed
5774,1875,2025-03-19,Email,West,87.96,13.19,0.0,74.77,74.77,Completed
5775,1875,2025-04-09,Paid Ads,West,1530.07,0.0,0.0,1530.07,1530.07,Completed
5776,1875,2025-09-18,Organic Search,West,246.29,0.0,0.0,246.29,246.29,Completed
5777,1876,2025-02-08,Email,Central,1014.86,50.74,0.0,964.12,964.12,Completed
5778,1878,2025-01-05,Direct,East,567.58,0.0,0.0,567.58,567.58,Completed
5779,1879,2025-06-09,Organic Search,West,227.39,11.37,0.0,216.02,216.02,Completed
5780,1880,2024-03-22,Paid Ads,North,396.22,19.81,0.0,376.41,376.41,Completed
5781,1881,2025-01-19,Social Media,Central,10.77,2.15,8.14,16.76,16.76,Completed
5782,1881,2025-08-11,Social Media,Central,408.24,20.41,0.0,387.83,387.83,Completed
5783,1881,2025-11-08,Social Media,Central,105.53,0.0,0.0,105.53,105.53,Completed
5784,1881,2025-12-03,Social Media,Central,129.49,0.0,0.0,129.49,129.49,Completed
5785,1882,2023-03-29,Email,East,184.0,0.0,0.0,184.0,184.0,Completed
5786,1882,2024-06-09,Paid Ads,East,13.21,0.0,5.33,18.54,18.54,Completed
5787,1883,2025-08-15,Email,South,18.43,0.0,6.84,25.27,25.27,Completed
5788,1884,2024-02-15,Email,Central,67.76,0.0,7.02,74.78,74.78,Completed
5789,1884,2024-03-02,Email,Central,786.43,78.64,0.0,707.79,707.79,Completed
5790,1884,2024-07-14,Email,Central,448.18,0.0,0.0,448.18,448.18,Completed
5791,1884,2024-12-10,Paid Ads,Central,318.21,15.91,0.0,302.3,302.3,Completed
5792,1884,2025-02-11,Organic Search,Central,515.04,0.0,0.0,515.04,515.04,Completed
5793,1884,2025-05-12,Paid Ads,Central,278.75,13.94,0.0,264.81,264.81,Completed
5794,1885,2023-12-06,Direct,South,53.75,5.38,4.15,52.52,52.52,Completed
5795,1885,2024-04-05,Paid Ads,South,245.6,0.0,0.0,245.6,245.6,Completed
5796,1885,2024-05-13,Organic Search,South,386.27,57.94,0.0,328.33,328.33,Completed
5797,1885,2025-11-07,Organic Search,South,1375.14,206.27,0.0,1168.87,1168.87,Completed
5798,1886,2024-07-15,Organic Search,South,1321.07,132.11,0.0,1188.96,1188.96,Completed
5799,1886,2025-02-13,Paid Ads,South,1126.47,0.0,0.0,1126.47,1126.47,Completed
5800,1886,2025-09-11,Paid Ads,South,879.62,87.96,0.0,0.0,791.66,Returned
5801,1886,2025-10-07,Paid Ads,South,229.84,0.0,0.0,229.84,229.84,Completed
5802,1887,2024-12-23,Organic Search,South,1705.92,255.89,0.0,0.0,1450.03,Returned
5803,1887,2025-01-04,Email,South,967.36,0.0,0.0,0.0,967.36,Returned
5804,1887,2025-02-19,Social Media,South,241.49,12.07,0.0,229.42,229.42,Completed
5805,1887,2025-06-01,Organic Search,South,621.38,0.0,0.0,621.38,621.38,Completed
5806,1887,2025-11-12,Paid Ads,South,899.68,0.0,0.0,899.68,899.68,Completed
5807,1888,2024-04-10,Social Media,East,224.14,0.0,0.0,224.14,224.14,Completed
5808,1888,2024-09-01,Paid Ads,East,249.08,12.45,0.0,236.63,236.63,Completed
5809,1888,2025-01-18,Email,East,92.31,0.0,0.0,92.31,92.31,Completed
5810,1888,2025-03-26,Organic Search,East,318.21,0.0,0.0,318.21,318.21,Completed
5811,1888,2025-03-31,Social Media,East,478.03,0.0,0.0,0.0,478.03,Returned
5812,1888,2025-04-28,Social Media,East,32.58,0.0,5.29,37.87,37.87,Completed
5813,1888,2025-05-01,Paid Ads,East,327.12,0.0,0.0,327.12,327.12,Completed
5814,1888,2025-11-02,Social Media,East,646.79,0.0,0.0,646.79,646.79,Completed
5815,1888,2025-11-16,Email,East,179.8,17.98,0.0,161.82,161.82,Completed
5816,1888,2025-12-08,Email,East,5.57,0.0,7.78,13.35,13.35,Completed
5817,1889,2024-03-05,Email,North,674.85,33.74,0.0,0.0,641.11,Returned
5818,1889,2024-03-05,Email,North,742.21,111.33,0.0,630.88,630.88,Completed
5819,1889,2024-12-08,Social Media,North,217.78,0.0,0.0,217.78,217.78,Completed
5820,1889,2025-06-09,Email,North,110.94,0.0,0.0,110.94,110.94,Completed
5821,1889,2025-08-15,Organic Search,North,587.81,0.0,0.0,0.0,587.81,Returned
5822,1890,2025-05-12,Paid Ads,East,95.26,0.0,0.0,95.26,95.26,Completed
5823,1890,2025-05-22,Paid Ads,East,522.64,0.0,0.0,522.64,522.64,Completed
5824,1891,2023-05-09,Paid Ads,North,94.23,4.71,0.0,89.52,89.52,Completed
5825,1891,2023-12-24,Organic Search,North,212.46,0.0,0.0,212.46,212.46,Completed
5826,1892,2023-08-27,Paid Ads,Central,36.9,3.69,4.04,37.25,37.25,Completed
5827,1892,2023-10-07,Organic Search,Central,91.44,4.57,0.0,86.87,86.87,Completed
5828,1892,2024-05-20,Social Media,Central,241.52,0.0,0.0,241.52,241.52,Completed
5829,1892,2024-08-05,Email,Central,98.78,0.0,0.0,98.78,98.78,Completed
5830,1892,2024-09-13,Organic Search,Central,24.6,4.92,5.04,24.72,24.72,Completed
5831,1892,2024-09-24,Paid Ads,Central,115.65,11.57,0.0,104.08,104.08,Completed
5832,1892,2024-10-12,Email,Central,72.59,0.0,6.02,78.61,78.61,Completed
5833,1892,2024-10-25,Direct,Central,2176.04,0.0,0.0,2176.04,2176.04,Completed
5834,1892,2025-01-09,Direct,Central,146.41,0.0,0.0,146.41,146.41,Completed
5835,1892,2025-01-22,Social Media,Central,192.97,9.65,0.0,183.32,183.32,Completed
5836,1892,2025-02-09,Organic Search,Central,831.5,0.0,0.0,831.5,831.5,Completed
5837,1892,2025-03-31,Email,Central,226.56,11.33,0.0,215.23,215.23,Completed
5838,1892,2025-10-09,Paid Ads,Central,225.59,11.28,0.0,214.31,214.31,Completed
5839,1893,2024-09-06,Organic Search,West,895.16,89.52,0.0,805.64,805.64,Completed
5840,1893,2025-01-02,Paid Ads,West,116.83,0.0,0.0,116.83,116.83,Completed
5841,1893,2025-01-31,Direct,West,691.09,0.0,0.0,691.09,691.09,Completed
5842,1893,2025-03-02,Email,West,1121.75,0.0,0.0,1121.75,1121.75,Completed
5843,1893,2025-07-15,Social Media,West,360.51,18.03,0.0,342.48,342.48,Completed
5844,1893,2025-08-25,Paid Ads,West,236.73,23.67,0.0,213.06,213.06,Completed
5845,1893,2025-09-24,Social Media,West,1659.38,248.91,0.0,1410.47,1410.47,Completed
5846,1894,2024-07-24,Email,West,1230.72,0.0,0.0,1230.72,1230.72,Completed
5847,1894,2024-10-20,Paid Ads,West,9.71,0.97,8.15,0.0,16.89,Returned
5848,1894,2024-12-27,Paid Ads,West,282.9,14.14,0.0,268.76,268.76,Completed
5849,1894,2025-03-16,Direct,West,390.52,0.0,0.0,390.52,390.52,Completed
5850,1894,2025-07-14,Paid Ads,West,47.13,0.0,7.81,54.94,54.94,Completed
5851,1895,2024-04-19,Social Media,South,19.95,2.0,7.25,25.2,25.2,Completed
5852,1895,2024-05-20,Direct,South,1088.53,0.0,0.0,1088.53,1088.53,Completed
5853,1895,2024-08-04,Organic Search,South,541.33,0.0,0.0,541.33,541.33,Completed
5854,1895,2024-11-19,Social Media,South,247.82,37.17,0.0,210.65,210.65,Completed
5855,1895,2025-04-21,Organic Search,South,149.22,0.0,0.0,149.22,149.22,Completed
5856,1895,2025-07-09,Email,South,17.58,0.0,7.35,24.93,24.93,Completed
5857,1896,2024-11-03,Organic Search,West,603.14,120.63,0.0,482.51,482.51,Completed
5858,1896,2025-03-12,Paid Ads,West,584.31,58.43,0.0,525.88,525.88,Completed
5859,1896,2025-06-30,Social Media,West,15.19,0.0,4.89,20.08,20.08,Completed
5860,1896,2025-07-28,Organic Search,West,174.03,0.0,0.0,174.03,174.03,Completed
5861,1897,2025-07-21,Organic Search,North,97.48,0.0,0.0,97.48,97.48,Completed
5862,1897,2025-08-18,Organic Search,North,564.24,0.0,0.0,564.24,564.24,Completed
5863,1897,2025-09-08,Organic Search,North,244.31,0.0,0.0,244.31,244.31,Completed
5864,1898,2023-05-09,Social Media,North,125.3,6.26,0.0,119.04,119.04,Completed
5865,1898,2023-08-19,Organic Search,North,259.62,0.0,0.0,259.62,259.62,Completed
5866,1898,2023-08-31,Paid Ads,North,44.15,0.0,8.57,52.72,52.72,Completed
5867,1898,2023-09-25,Paid Ads,North,744.36,0.0,0.0,744.36,744.36,Completed
5868,1898,2024-01-23,Paid Ads,North,96.68,0.0,0.0,96.68,96.68,Completed
5869,1898,2024-03-31,Direct,North,289.8,0.0,0.0,289.8,289.8,Completed
5870,1898,2024-05-11,Direct,North,3458.17,0.0,0.0,3458.17,3458.17,Completed
5871,1898,2024-06-10,Email,North,553.9,0.0,0.0,553.9,553.9,Completed
5872,1898,2024-07-01,Paid Ads,North,687.07,0.0,0.0,687.07,687.07,Completed
5873,1898,2024-08-16,Direct,North,43.25,4.32,8.85,47.78,47.78,Completed
5874,1898,2024-09-16,Referral,North,43.68,0.0,7.39,51.07,51.07,Completed
5875,1898,2024-11-05,Paid Ads,North,572.18,28.61,0.0,543.57,543.57,Completed
5876,1898,2024-11-08,Email,North,592.48,0.0,0.0,592.48,592.48,Completed
5877,1898,2024-11-10,Direct,North,122.19,0.0,0.0,122.19,122.19,Completed
5878,1898,2025-01-16,Organic Search,North,93.06,4.65,0.0,88.41,88.41,Completed
5879,1898,2025-03-20,Organic Search,North,722.4,72.24,0.0,650.16,650.16,Completed
5880,1898,2025-09-12,Organic Search,North,24.63,1.23,8.29,31.69,31.69,Completed
5881,1899,2024-07-24,Email,North,69.78,3.49,5.83,72.12,72.12,Completed
5882,1899,2024-10-23,Paid Ads,North,97.1,0.0,0.0,97.1,97.1,Completed
5883,1899,2025-01-01,Paid Ads,North,188.84,0.0,0.0,188.84,188.84,Completed
5884,1899,2025-04-29,Organic Search,North,46.31,0.0,6.36,52.67,52.67,Completed
5885,1900,2025-03-05,Referral,South,256.2,0.0,0.0,256.2,256.2,Completed
5886,1901,2023-06-02,Paid Ads,South,10.08,0.0,7.99,18.07,18.07,Completed
5887,1901,2023-06-12,Organic Search,South,365.42,54.81,0.0,310.61,310.61,Completed
5888,1901,2023-07-29,Social Media,South,106.92,0.0,0.0,106.92,106.92,Completed
5889,1901,2023-10-12,Organic Search,South,917.98,0.0,0.0,917.98,917.98,Completed
5890,1901,2024-04-04,Social Media,South,803.92,40.2,0.0,763.72,763.72,Completed
5891,1901,2024-06-13,Social Media,South,36.08,0.0,6.21,42.29,42.29,Completed
5892,1901,2024-08-08,Paid Ads,South,102.23,15.33,0.0,0.0,86.9,Returned
5893,1901,2024-09-22,Social Media,South,48.33,2.42,6.72,52.63,52.63,Completed
5894,1901,2025-01-26,Organic Search,South,636.71,0.0,0.0,636.71,636.71,Completed
5895,1901,2025-01-28,Organic Search,South,260.18,0.0,0.0,260.18,260.18,Completed
5896,1901,2025-06-24,Email,South,540.68,0.0,0.0,540.68,540.68,Completed
5897,1901,2025-12-08,Email,South,147.11,0.0,0.0,147.11,147.11,Completed
5898,1901,2025-12-23,Paid Ads,South,119.73,5.99,0.0,113.74,113.74,Completed
5899,1903,2023-09-12,Paid Ads,South,1671.5,0.0,0.0,1671.5,1671.5,Completed
5900,1903,2024-01-26,Email,South,1170.91,0.0,0.0,1170.91,1170.91,Completed
5901,1903,2024-02-06,Social Media,South,544.75,81.71,0.0,463.04,463.04,Completed
5902,1903,2024-05-17,Direct,South,1189.98,59.5,0.0,1130.48,1130.48,Completed
5903,1903,2024-12-16,Paid Ads,South,85.57,4.28,0.0,81.29,81.29,Completed
5904,1903,2025-01-08,Paid Ads,South,1364.69,204.7,0.0,1159.99,1159.99,Completed
5905,1903,2025-05-26,Email,South,366.04,54.91,0.0,311.13,311.13,Completed
5906,1903,2025-08-04,Direct,South,145.19,7.26,0.0,137.93,137.93,Completed
5907,1903,2025-10-10,Paid Ads,South,13.69,0.0,6.42,20.11,20.11,Completed
5908,1903,2025-10-22,Paid Ads,South,581.46,29.07,0.0,552.39,552.39,Completed
5909,1903,2025-11-30,Social Media,South,113.69,0.0,0.0,113.69,113.69,Completed
5910,1904,2024-03-07,Direct,North,123.63,18.54,0.0,105.09,105.09,Completed
5911,1904,2024-05-11,Email,North,1102.23,0.0,0.0,1102.23,1102.23,Completed
5912,1905,2025-05-19,Paid Ads,East,1301.79,0.0,0.0,1301.79,1301.79,Completed
5913,1905,2025-06-03,Organic Search,East,350.16,17.51,0.0,332.65,332.65,Completed
5914,1905,2025-08-19,Paid Ads,East,452.87,0.0,0.0,452.87,452.87,Completed
5915,1906,2025-06-05,Email,North,169.29,8.46,0.0,160.83,160.83,Completed
5916,1907,2025-02-08,Social Media,Central,274.15,0.0,0.0,274.15,274.15,Completed
5917,1908,2023-12-21,Direct,South,1724.04,86.2,0.0,1637.84,1637.84,Completed
5918,1908,2024-04-25,Organic Search,South,8.12,0.0,7.63,15.75,15.75,Completed
5919,1908,2024-06-06,Organic Search,South,3348.22,0.0,0.0,3348.22,3348.22,Completed
5920,1909,2025-05-04,Paid Ads,North,802.86,80.29,0.0,722.57,722.57,Completed
5921,1909,2025-08-11,Organic Search,North,470.29,0.0,0.0,470.29,470.29,Completed
5922,1910,2024-01-03,Social Media,East,239.54,23.95,0.0,215.59,215.59,Completed
5923,1910,2024-02-15,Social Media,East,111.44,0.0,0.0,111.44,111.44,Completed
5924,1910,2024-11-16,Paid Ads,East,271.89,0.0,0.0,271.89,271.89,Completed
5925,1910,2024-11-27,Direct,East,14.05,2.81,7.56,18.8,18.8,Completed
5926,1910,2025-03-13,Paid Ads,East,247.75,0.0,0.0,247.75,247.75,Completed
5927,1910,2025-04-09,Organic Search,East,701.09,0.0,0.0,701.09,701.09,Completed
5928,1910,2025-09-08,Direct,East,925.8,0.0,0.0,925.8,925.8,Completed
5929,1910,2025-11-17,Direct,East,181.15,9.06,0.0,172.09,172.09,Completed
5930,1911,2024-06-14,Organic Search,East,89.6,0.0,0.0,89.6,89.6,Completed
5931,1911,2025-10-29,Direct,East,18.22,0.0,7.59,25.81,25.81,Completed
5932,1912,2025-05-28,Organic Search,Central,204.4,10.22,0.0,194.18,194.18,Completed
5933,1914,2024-02-27,Social Media,North,565.0,56.5,0.0,508.5,508.5,Completed
5934,1914,2024-12-03,Paid Ads,North,728.99,0.0,0.0,728.99,728.99,Completed
5935,1914,2024-12-10,Paid Ads,North,270.88,0.0,0.0,270.88,270.88,Completed
5936,1914,2025-08-19,Paid Ads,North,708.23,70.82,0.0,637.41,637.41,Completed
5937,1914,2025-10-31,Paid Ads,North,1423.32,142.33,0.0,1280.99,1280.99,Completed
5938,1915,2025-05-24,Paid Ads,Central,266.12,0.0,0.0,266.12,266.12,Completed
5939,1917,2024-11-05,Social Media,South,718.44,71.84,0.0,646.6,646.6,Completed
5940,1920,2023-07-19,Paid Ads,Central,111.5,0.0,0.0,111.5,111.5,Completed
5941,1920,2024-05-06,Paid Ads,Central,40.88,0.0,8.95,49.83,49.83,Completed
5942,1920,2024-06-02,Paid Ads,Central,338.86,0.0,0.0,338.86,338.86,Completed
5943,1920,2024-07-26,Paid Ads,Central,123.07,0.0,0.0,123.07,123.07,Completed
5944,1920,2025-06-11,Organic Search,Central,316.35,0.0,0.0,316.35,316.35,Completed
5945,1920,2025-07-18,Paid Ads,Central,1022.48,102.25,0.0,920.23,920.23,Completed
5946,1920,2025-07-22,Referral,Central,621.94,31.1,0.0,590.84,590.84,Completed
5947,1920,2025-12-09,Direct,Central,714.94,35.75,0.0,679.19,679.19,Completed
5948,1921,2024-05-08,Paid Ads,East,1003.81,0.0,0.0,1003.81,1003.81,Completed
5949,1921,2024-05-13,Referral,East,85.49,0.0,0.0,85.49,85.49,Completed
5950,1921,2024-08-02,Email,East,14.54,0.0,8.9,23.44,23.44,Completed
5951,1923,2025-02-04,Direct,North,272.1,0.0,0.0,272.1,272.1,Completed
5952,1924,2025-12-22,Paid Ads,South,2078.12,0.0,0.0,2078.12,2078.12,Completed
5953,1925,2023-10-22,Referral,West,881.28,0.0,0.0,881.28,881.28,Completed
5954,1925,2024-01-02,Social Media,West,1858.36,371.67,0.0,1486.69,1486.69,Completed
5955,1926,2025-01-01,Paid Ads,North,1027.31,51.37,0.0,975.94,975.94,Completed
5956,1926,2025-01-10,Paid Ads,North,19.38,0.97,6.34,24.75,24.75,Completed
5957,1927,2024-11-17,Paid Ads,East,167.55,16.76,0.0,0.0,150.79,Returned
5958,1928,2024-10-30,Direct,South,1005.97,150.9,0.0,855.07,855.07,Completed
5959,1928,2024-12-07,Email,South,395.11,59.27,0.0,335.84,335.84,Completed
5960,1929,2024-03-05,Social Media,West,186.87,0.0,0.0,186.87,186.87,Completed
5961,1929,2024-10-03,Organic Search,West,407.17,0.0,0.0,407.17,407.17,Completed
5962,1929,2025-05-14,Direct,West,577.2,0.0,0.0,577.2,577.2,Completed
5963,1929,2025-08-21,Email,West,157.26,0.0,0.0,157.26,157.26,Completed
5964,1929,2025-10-09,Social Media,West,85.28,0.0,0.0,85.28,85.28,Completed
5965,1929,2025-11-20,Social Media,West,77.6,3.88,0.0,73.72,73.72,Completed
5966,1930,2025-04-18,Organic Search,West,462.71,23.14,0.0,0.0,439.57,Returned
5967,1930,2025-08-21,Paid Ads,West,89.8,0.0,0.0,89.8,89.8,Completed
5968,1931,2024-11-17,Organic Search,West,732.08,0.0,0.0,732.08,732.08,Completed
5969,1931,2025-02-28,Referral,West,714.62,0.0,0.0,714.62,714.62,Completed
5970,1931,2025-03-21,Social Media,West,589.2,117.84,0.0,471.36,471.36,Completed
5971,1932,2024-08-18,Direct,West,130.53,0.0,0.0,130.53,130.53,Completed
5972,1932,2024-12-19,Email,West,16.49,0.82,8.97,24.64,24.64,Completed
5973,1933,2024-01-28,Direct,North,14.75,0.0,7.28,22.03,22.03,Completed
5974,1933,2024-02-11,Organic Search,North,2702.48,135.12,0.0,2567.36,2567.36,Completed
5975,1933,2024-02-13,Paid Ads,North,433.86,0.0,0.0,433.86,433.86,Completed
5976,1933,2024-04-15,Email,North,90.54,0.0,0.0,90.54,90.54,Completed
5977,1933,2024-05-02,Direct,North,281.72,0.0,0.0,281.72,281.72,Completed
5978,1933,2024-06-15,Organic Search,North,792.96,0.0,0.0,792.96,792.96,Completed
5979,1933,2024-10-05,Paid Ads,North,184.56,0.0,0.0,184.56,184.56,Completed
5980,1933,2024-10-10,Social Media,North,146.86,0.0,0.0,146.86,146.86,Completed
5981,1933,2024-10-18,Paid Ads,North,717.63,0.0,0.0,717.63,717.63,Completed
5982,1933,2024-12-25,Email,North,240.69,0.0,0.0,240.69,240.69,Completed
5983,1933,2025-01-14,Direct,North,314.04,0.0,0.0,314.04,314.04,Completed
5984,1933,2025-08-26,Email,North,127.23,25.45,0.0,101.78,101.78,Completed
5985,1933,2025-10-02,Organic Search,North,218.04,10.9,0.0,207.14,207.14,Completed
5986,1933,2025-10-28,Email,North,164.45,0.0,0.0,164.45,164.45,Completed
5987,1935,2023-04-02,Organic Search,South,129.75,0.0,0.0,129.75,129.75,Completed
5988,1935,2024-04-01,Paid Ads,South,291.22,0.0,0.0,291.22,291.22,Completed
5989,1935,2024-06-02,Paid Ads,South,721.11,36.06,0.0,685.05,685.05,Completed
5990,1935,2025-06-26,Paid Ads,South,458.52,0.0,0.0,458.52,458.52,Completed
5991,1935,2025-12-03,Paid Ads,South,90.27,4.51,0.0,85.76,85.76,Completed
5992,1936,2025-10-12,Direct,South,377.68,0.0,0.0,0.0,377.68,Returned
5993,1937,2024-06-16,Email,South,75.27,0.0,0.0,75.27,75.27,Completed
5994,1937,2024-09-02,Paid Ads,South,2138.28,0.0,0.0,2138.28,2138.28,Completed
5995,1938,2025-02-23,Paid Ads,Central,1312.07,0.0,0.0,1312.07,1312.07,Completed
5996,1939,2024-12-24,Direct,East,709.91,106.49,0.0,603.42,603.42,Completed
5997,1940,2023-12-23,Paid Ads,North,1005.11,0.0,0.0,1005.11,1005.11,Completed
5998,1940,2024-02-05,Email,North,849.42,0.0,0.0,849.42,849.42,Completed
5999,1940,2024-04-06,Email,North,12.82,0.0,6.34,19.16,19.16,Completed
6000,1940,2024-07-30,Email,North,165.16,24.77,0.0,140.39,140.39,Completed
6001,1940,2024-10-09,Email,North,614.6,0.0,0.0,614.6,614.6,Completed
6002,1940,2025-10-13,Direct,North,9.88,0.0,8.07,17.95,17.95,Completed
6003,1941,2023-09-22,Email,East,1056.04,158.41,0.0,897.63,897.63,Completed
6004,1941,2023-10-04,Social Media,East,689.48,68.95,0.0,620.53,620.53,Completed
6005,1941,2024-02-23,Paid Ads,East,838.51,83.85,0.0,754.66,754.66,Completed
6006,1941,2024-05-19,Email,East,296.56,14.83,0.0,281.73,281.73,Completed
6007,1942,2023-10-19,Referral,North,187.3,0.0,0.0,187.3,187.3,Completed
6008,1942,2025-03-10,Direct,North,488.66,97.73,0.0,390.93,390.93,Completed
6009,1942,2025-07-29,Direct,North,1457.6,0.0,0.0,1457.6,1457.6,Completed
6010,1942,2025-08-09,Social Media,North,32.12,1.61,5.07,35.58,35.58,Completed
6011,1943,2025-03-17,Direct,West,531.56,0.0,0.0,531.56,531.56,Completed
6012,1944,2025-02-05,Direct,West,29.94,2.99,5.07,32.02,32.02,Completed
6013,1944,2025-05-22,Organic Search,West,313.99,0.0,0.0,313.99,313.99,Completed
6014,1944,2025-11-26,Paid Ads,West,29.61,0.0,6.28,35.89,35.89,Completed
6015,1945,2024-08-22,Organic Search,South,138.91,0.0,0.0,138.91,138.91,Completed
6016,1945,2025-05-15,Email,South,43.29,0.0,8.68,51.97,51.97,Completed
6017,1945,2025-06-03,Organic Search,South,399.36,79.87,0.0,0.0,319.49,Returned
6018,1945,2025-11-02,Social Media,South,736.14,73.61,0.0,662.53,662.53,Completed
6019,1945,2025-11-18,Social Media,South,52.15,7.82,8.18,52.51,52.51,Completed
6020,1946,2023-07-14,Email,North,236.7,35.5,0.0,201.2,201.2,Completed
6021,1947,2024-03-26,Organic Search,East,997.1,0.0,0.0,997.1,997.1,Completed
6022,1947,2024-10-03,Organic Search,East,29.45,0.0,5.33,0.0,34.78,Returned
6023,1948,2024-01-03,Organic Search,South,980.11,0.0,0.0,980.11,980.11,Completed
6024,1948,2025-08-05,Organic Search,South,568.28,113.66,0.0,454.62,454.62,Completed
6025,1950,2024-07-28,Paid Ads,West,141.15,14.12,0.0,127.03,127.03,Completed
6026,1950,2025-03-02,Paid Ads,West,133.32,0.0,0.0,133.32,133.32,Completed
6027,1950,2025-07-07,Organic Search,West,326.43,0.0,0.0,326.43,326.43,Completed
6028,1950,2025-10-21,Referral,West,213.62,0.0,0.0,213.62,213.62,Completed
6029,1950,2025-11-16,Organic Search,West,763.64,0.0,0.0,763.64,763.64,Completed
6030,1951,2024-06-14,Paid Ads,South,432.92,43.29,0.0,389.63,389.63,Completed
6031,1951,2024-08-29,Email,South,48.68,0.0,8.31,56.99,56.99,Completed
6032,1951,2025-01-20,Social Media,South,370.78,0.0,0.0,370.78,370.78,Completed
6033,1952,2024-05-08,Social Media,South,676.71,101.51,0.0,575.2,575.2,Completed
6034,1952,2024-12-26,Paid Ads,South,77.08,0.0,0.0,77.08,77.08,Completed
6035,1952,2025-09-23,Direct,South,130.45,0.0,0.0,130.45,130.45,Completed
6036,1953,2025-02-20,Email,North,291.81,29.18,0.0,262.63,262.63,Completed
6037,1953,2025-09-21,Organic Search,North,2381.45,238.15,0.0,0.0,2143.3,Returned
6038,1955,2025-06-17,Referral,North,1640.78,328.16,0.0,1312.62,1312.62,Completed
6039,1956,2024-02-05,Organic Search,North,126.14,6.31,0.0,119.83,119.83,Completed
6040,1956,2024-05-24,Organic Search,North,335.96,0.0,0.0,335.96,335.96,Completed
6041,1957,2024-01-07,Organic Search,West,661.2,0.0,0.0,661.2,661.2,Completed
6042,1957,2024-01-31,Organic Search,West,216.61,0.0,0.0,216.61,216.61,Completed
6043,1958,2024-04-25,Social Media,West,1186.63,118.66,0.0,1067.97,1067.97,Completed
6044,1958,2025-03-20,Referral,West,291.55,0.0,0.0,291.55,291.55,Completed
6045,1959,2024-06-07,Direct,West,324.68,0.0,0.0,324.68,324.68,Completed
6046,1959,2024-07-01,Organic Search,West,446.48,89.3,0.0,357.18,357.18,Completed
6047,1959,2024-07-15,Social Media,West,575.22,0.0,0.0,575.22,575.22,Completed
6048,1959,2024-09-12,Email,West,270.49,0.0,0.0,270.49,270.49,Completed
6049,1959,2024-10-31,Organic Search,West,112.74,0.0,0.0,112.74,112.74,Completed
6050,1959,2024-12-12,Email,West,179.26,0.0,0.0,179.26,179.26,Completed
6051,1959,2024-12-15,Paid Ads,West,1901.09,0.0,0.0,1901.09,1901.09,Completed
6052,1959,2024-12-19,Email,West,483.12,24.16,0.0,458.96,458.96,Completed
6053,1959,2025-02-23,Email,West,2332.51,116.63,0.0,2215.88,2215.88,Completed
6054,1960,2024-12-04,Direct,Central,1097.21,109.72,0.0,987.49,987.49,Completed
6055,1960,2025-01-30,Referral,Central,200.89,0.0,0.0,200.89,200.89,Completed
6056,1961,2023-09-17,Email,East,348.47,17.42,0.0,331.05,331.05,Completed
6057,1961,2024-09-12,Paid Ads,East,117.72,5.89,0.0,111.83,111.83,Completed
6058,1961,2024-10-23,Referral,East,500.23,0.0,0.0,500.23,500.23,Completed
6059,1961,2024-11-02,Paid Ads,East,329.37,0.0,0.0,329.37,329.37,Completed
6060,1961,2025-03-13,Direct,East,175.01,17.5,0.0,157.51,157.51,Completed
6061,1961,2025-05-17,Social Media,East,58.71,5.87,4.91,57.75,57.75,Completed
6062,1961,2025-12-15,Paid Ads,East,89.43,0.0,0.0,89.43,89.43,Completed
6063,1962,2023-10-29,Organic Search,Central,672.98,33.65,0.0,639.33,639.33,Completed
6064,1963,2024-09-04,Email,East,434.77,21.74,0.0,413.03,413.03,Completed
6065,1963,2025-01-03,Organic Search,East,463.92,23.2,0.0,440.72,440.72,Completed
6066,1963,2025-01-13,Direct,East,283.32,0.0,0.0,283.32,283.32,Completed
6067,1963,2025-03-03,Paid Ads,East,576.52,0.0,0.0,0.0,576.52,Returned
6068,1964,2024-02-03,Paid Ads,East,849.54,0.0,0.0,849.54,849.54,Completed
6069,1964,2024-06-09,Direct,East,1316.13,65.81,0.0,1250.32,1250.32,Completed
6070,1965,2024-05-25,Social Media,East,1297.67,0.0,0.0,1297.67,1297.67,Completed
6071,1966,2024-01-14,Email,Central,134.72,20.21,0.0,114.51,114.51,Completed
6072,1966,2024-01-31,Organic Search,Central,327.95,0.0,0.0,327.95,327.95,Completed
6073,1966,2024-02-08,Social Media,Central,454.78,0.0,0.0,454.78,454.78,Completed
6074,1966,2024-03-31,Social Media,Central,1498.89,74.94,0.0,1423.95,1423.95,Completed
6075,1966,2024-09-28,Social Media,Central,158.73,0.0,0.0,158.73,158.73,Completed
6076,1966,2025-07-28,Social Media,Central,185.46,9.27,0.0,176.19,176.19,Completed
6077,1966,2025-09-10,Direct,Central,2026.49,303.97,0.0,1722.52,1722.52,Completed
6078,1966,2025-12-10,Organic Search,Central,901.08,45.05,0.0,856.03,856.03,Completed
6079,1967,2025-08-14,Social Media,East,917.45,0.0,0.0,917.45,917.45,Completed
6080,1967,2025-09-02,Paid Ads,East,1882.96,0.0,0.0,1882.96,1882.96,Completed
6081,1967,2025-11-16,Organic Search,East,734.69,0.0,0.0,734.69,734.69,Completed
6082,1967,2025-12-02,Organic Search,East,305.91,30.59,0.0,275.32,275.32,Completed
6083,1967,2025-12-10,Social Media,East,23.35,0.0,4.23,27.58,27.58,Completed
6084,1967,2025-12-26,Organic Search,East,85.32,17.06,0.0,68.26,68.26,Completed
6085,1968,2024-07-29,Social Media,East,87.9,0.0,0.0,87.9,87.9,Completed
6086,1968,2024-12-13,Paid Ads,East,200.79,0.0,0.0,200.79,200.79,Completed
6087,1968,2025-11-04,Organic Search,East,929.37,0.0,0.0,929.37,929.37,Completed
6088,1968,2025-12-08,Organic Search,East,112.01,0.0,0.0,112.01,112.01,Completed
6089,1968,2025-12-14,Paid Ads,East,43.64,0.0,4.23,47.87,47.87,Completed
6090,1969,2023-11-28,Paid Ads,Central,1148.49,172.27,0.0,976.22,976.22,Completed
6091,1970,2025-07-22,Direct,South,371.46,18.57,0.0,352.89,352.89,Completed
6092,1971,2025-01-04,Paid Ads,West,261.32,0.0,0.0,261.32,261.32,Completed
6093,1971,2025-03-09,Email,West,634.33,0.0,0.0,634.33,634.33,Completed
6094,1972,2023-08-10,Organic Search,West,169.73,8.49,0.0,161.24,161.24,Completed
6095,1972,2024-09-21,Paid Ads,West,338.98,33.9,0.0,305.08,305.08,Completed
6096,1972,2025-01-19,Organic Search,West,487.72,97.54,0.0,390.18,390.18,Completed
6097,1972,2025-07-26,Social Media,West,586.95,0.0,0.0,586.95,586.95,Completed
6098,1973,2025-02-06,Referral,West,1633.8,163.38,0.0,1470.42,1470.42,Completed
6099,1973,2025-03-28,Paid Ads,West,708.53,0.0,0.0,708.53,708.53,Completed
6100,1973,2025-04-27,Social Media,West,468.49,70.27,0.0,398.22,398.22,Completed
6101,1974,2024-03-16,Direct,West,52.11,0.0,6.5,58.61,58.61,Completed
6102,1974,2024-09-17,Direct,West,90.26,0.0,0.0,90.26,90.26,Completed
6103,1974,2024-10-21,Social Media,West,130.08,0.0,0.0,130.08,130.08,Completed
6104,1974,2024-11-09,Social Media,West,330.46,0.0,0.0,330.46,330.46,Completed
6105,1974,2024-12-08,Social Media,West,620.87,0.0,0.0,620.87,620.87,Completed
6106,1974,2024-12-23,Organic Search,West,878.44,0.0,0.0,878.44,878.44,Completed
6107,1974,2025-01-06,Social Media,West,513.31,25.67,0.0,487.64,487.64,Completed
6108,1974,2025-01-15,Paid Ads,West,38.95,7.79,6.84,38.0,38.0,Completed
6109,1974,2025-04-25,Social Media,West,690.37,0.0,0.0,690.37,690.37,Completed
6110,1974,2025-09-12,Organic Search,West,406.74,40.67,0.0,0.0,366.07,Returned
6111,1974,2025-10-13,Paid Ads,West,998.47,199.69,0.0,798.78,798.78,Completed
6112,1974,2025-11-02,Referral,West,569.81,56.98,0.0,512.83,512.83,Completed
6113,1975,2024-08-25,Direct,East,135.88,13.59,0.0,122.29,122.29,Completed
6114,1975,2024-11-05,Direct,East,44.49,4.45,4.8,44.84,44.84,Completed
6115,1975,2024-11-08,Organic Search,East,159.64,0.0,0.0,159.64,159.64,Completed
6116,1975,2025-07-14,Email,East,200.96,0.0,0.0,200.96,200.96,Completed
6117,1975,2025-07-22,Organic Search,East,125.58,12.56,0.0,113.02,113.02,Completed
6118,1975,2025-11-09,Email,East,65.88,0.0,7.35,73.23,73.23,Completed
6119,1976,2024-09-21,Organic Search,North,31.97,1.6,8.65,39.02,39.02,Completed
6120,1976,2025-09-21,Direct,North,218.4,10.92,0.0,207.48,207.48,Completed
6121,1976,2025-09-26,Social Media,North,157.96,15.8,0.0,142.16,142.16,Completed
6122,1976,2025-10-28,Paid Ads,North,224.57,33.69,0.0,190.88,190.88,Completed
6123,1977,2023-11-01,Organic Search,West,113.32,11.33,0.0,101.99,101.99,Completed
6124,1977,2023-11-23,Organic Search,West,95.38,0.0,0.0,95.38,95.38,Completed
6125,1977,2024-01-14,Organic Search,West,304.95,0.0,0.0,304.95,304.95,Completed
6126,1977,2024-03-07,Social Media,West,48.98,7.35,7.23,48.86,48.86,Completed
6127,1977,2024-03-16,Direct,West,537.19,0.0,0.0,537.19,537.19,Completed
6128,1977,2024-10-01,Paid Ads,West,33.85,0.0,8.07,41.92,41.92,Completed
6129,1977,2025-02-24,Paid Ads,West,932.51,0.0,0.0,932.51,932.51,Completed
6130,1977,2025-02-25,Paid Ads,West,28.78,0.0,5.7,34.48,34.48,Completed
6131,1977,2025-10-26,Organic Search,West,685.2,34.26,0.0,650.94,650.94,Completed
6132,1978,2024-09-11,Email,West,287.34,14.37,0.0,272.97,272.97,Completed
6133,1978,2024-11-02,Organic Search,West,277.09,0.0,0.0,277.09,277.09,Completed
6134,1980,2025-12-29,Organic Search,West,215.2,0.0,0.0,215.2,215.2,Completed
6135,1981,2024-06-07,Social Media,Central,759.25,0.0,0.0,759.25,759.25,Completed
6136,1981,2024-06-20,Paid Ads,Central,23.84,0.0,8.35,32.19,32.19,Completed
6137,1981,2025-04-11,Social Media,Central,227.44,11.37,0.0,216.07,216.07,Completed
6138,1982,2023-04-22,Social Media,North,382.02,0.0,0.0,382.02,382.02,Completed
6139,1982,2023-11-30,Organic Search,North,564.28,0.0,0.0,564.28,564.28,Completed
6140,1982,2024-07-05,Organic Search,North,1804.38,270.66,0.0,1533.72,1533.72,Completed
6141,1982,2024-07-29,Email,North,19.38,0.0,8.5,27.88,27.88,Completed
6142,1982,2024-08-09,Social Media,North,289.3,0.0,0.0,289.3,289.3,Completed
6143,1982,2025-01-04,Direct,North,736.47,36.82,0.0,699.65,699.65,Completed
6144,1982,2025-02-08,Social Media,North,245.12,36.77,0.0,208.35,208.35,Completed
6145,1982,2025-02-28,Direct,North,6.57,0.0,7.76,14.33,14.33,Completed
6146,1982,2025-04-13,Paid Ads,North,623.94,0.0,0.0,623.94,623.94,Completed
6147,1982,2025-05-09,Referral,North,107.01,0.0,0.0,107.01,107.01,Completed
6148,1982,2025-11-14,Direct,North,322.98,16.15,0.0,306.83,306.83,Completed
6149,1982,2025-12-27,Paid Ads,North,152.46,0.0,0.0,152.46,152.46,Completed
6150,1983,2025-02-28,Organic Search,East,286.53,0.0,0.0,286.53,286.53,Completed
6151,1983,2025-11-01,Paid Ads,East,144.39,7.22,0.0,137.17,137.17,Completed
6152,1984,2024-02-29,Organic Search,North,38.3,0.0,7.27,45.57,45.57,Completed
6153,1984,2024-04-02,Referral,North,408.63,0.0,0.0,408.63,408.63,Completed
6154,1984,2024-05-08,Organic Search,North,39.0,3.9,5.75,0.0,40.85,Returned
6155,1984,2024-05-09,Paid Ads,North,115.28,5.76,0.0,109.52,109.52,Completed
6156,1984,2024-07-28,Social Media,North,113.15,11.32,0.0,101.83,101.83,Completed
6157,1984,2024-10-12,Paid Ads,North,1061.24,0.0,0.0,1061.24,1061.24,Completed
6158,1984,2025-01-17,Organic Search,North,306.08,15.3,0.0,290.78,290.78,Completed
6159,1984,2025-01-25,Email,North,32.44,0.0,7.21,39.65,39.65,Completed
6160,1984,2025-03-13,Organic Search,North,77.36,0.0,0.0,77.36,77.36,Completed
6161,1984,2025-04-04,Email,North,344.61,0.0,0.0,344.61,344.61,Completed
6162,1984,2025-10-09,Social Media,North,212.7,0.0,0.0,212.7,212.7,Completed
6163,1985,2024-02-20,Paid Ads,North,574.69,0.0,0.0,574.69,574.69,Completed
6164,1985,2024-03-04,Paid Ads,North,294.03,0.0,0.0,294.03,294.03,Completed
6165,1985,2024-03-23,Direct,North,435.42,0.0,0.0,435.42,435.42,Completed
6166,1985,2024-03-28,Paid Ads,North,88.89,4.44,0.0,84.45,84.45,Completed
6167,1985,2024-09-01,Organic Search,North,841.02,168.2,0.0,672.82,672.82,Completed
6168,1985,2024-09-15,Direct,North,253.68,38.05,0.0,215.63,215.63,Completed
6169,1985,2024-11-23,Referral,North,925.99,46.3,0.0,879.69,879.69,Completed
6170,1985,2025-04-17,Email,North,1153.55,173.03,0.0,980.52,980.52,Completed
6171,1985,2025-08-13,Paid Ads,North,397.01,0.0,0.0,397.01,397.01,Completed
6172,1985,2025-11-05,Direct,North,40.95,8.19,5.02,37.78,37.78,Completed
6173,1985,2025-11-19,Direct,North,79.36,7.94,0.0,71.42,71.42,Completed
6174,1985,2025-11-26,Email,North,488.91,48.89,0.0,440.02,440.02,Completed
6175,1986,2024-06-29,Direct,East,454.68,90.94,0.0,0.0,363.74,Returned
6176,1987,2025-04-10,Organic Search,West,332.34,66.47,0.0,265.87,265.87,Completed
6177,1988,2024-07-23,Direct,Central,1552.96,232.94,0.0,1320.02,1320.02,Completed
6178,1988,2024-10-16,Paid Ads,Central,1962.07,0.0,0.0,1962.07,1962.07,Completed
6179,1990,2023-09-03,Social Media,West,201.44,10.07,0.0,191.37,191.37,Completed
6180,1990,2023-12-30,Organic Search,West,68.64,0.0,5.47,74.11,74.11,Completed
6181,1990,2024-07-25,Paid Ads,West,150.94,7.55,0.0,143.39,143.39,Completed
6182,1990,2024-10-05,Organic Search,West,865.49,0.0,0.0,865.49,865.49,Completed
6183,1990,2024-10-06,Direct,West,111.06,0.0,0.0,111.06,111.06,Completed
6184,1990,2025-01-12,Email,West,183.26,0.0,0.0,183.26,183.26,Completed
6185,1992,2025-09-15,Social Media,North,1331.35,0.0,0.0,1331.35,1331.35,Completed
6186,1993,2025-02-20,Direct,Central,35.53,1.78,5.8,39.55,39.55,Completed
6187,1993,2025-04-22,Paid Ads,Central,508.73,25.44,0.0,483.29,483.29,Completed
6188,1994,2025-10-07,Social Media,East,73.48,0.0,5.36,78.84,78.84,Completed
6189,1995,2024-11-01,Paid Ads,South,258.06,0.0,0.0,258.06,258.06,Completed
6190,1996,2025-03-11,Organic Search,West,1111.13,222.23,0.0,888.9,888.9,Completed
6191,1996,2025-11-19,Social Media,West,551.49,55.15,0.0,496.34,496.34,Completed
6192,1997,2025-08-27,Organic Search,Central,1424.53,0.0,0.0,1424.53,1424.53,Completed
6193,1998,2024-12-17,Direct,West,295.65,0.0,0.0,295.65,295.65,Completed
6194,1998,2025-02-10,Paid Ads,West,1078.62,0.0,0.0,1078.62,1078.62,Completed
6195,1999,2024-12-30,Paid Ads,East,323.55,48.53,0.0,275.02,275.02,Completed
6196,2000,2023-12-30,Email,East,273.45,0.0,0.0,273.45,273.45,Completed
6197,2001,2024-11-13,Paid Ads,West,1114.03,0.0,0.0,1114.03,1114.03,Completed
6198,2002,2025-06-22,Direct,West,1773.85,0.0,0.0,1773.85,1773.85,Completed
6199,2004,2025-08-23,Social Media,West,204.62,0.0,0.0,204.62,204.62,Completed
6200,2005,2023-12-20,Direct,West,40.42,0.0,8.89,49.31,49.31,Completed
6201,2005,2024-06-06,Organic Search,West,49.01,4.9,8.48,52.59,52.59,Completed
6202,2005,2024-10-17,Organic Search,West,370.86,0.0,0.0,370.86,370.86,Completed
6203,2005,2024-12-26,Paid Ads,West,93.94,0.0,0.0,93.94,93.94,Completed
6204,2005,2025-02-01,Organic Search,West,24.8,1.24,7.71,31.27,31.27,Completed
6205,2006,2024-08-20,Organic Search,South,60.25,3.01,4.87,62.11,62.11,Completed
6206,2006,2024-10-03,Social Media,South,8.16,0.41,8.96,16.71,16.71,Completed
6207,2006,2024-10-11,Social Media,South,43.84,0.0,7.54,51.38,51.38,Completed
6208,2006,2025-01-16,Paid Ads,South,1917.48,287.62,0.0,1629.86,1629.86,Completed
6209,2006,2025-03-05,Social Media,South,29.38,5.88,6.83,30.33,30.33,Completed
6210,2006,2025-03-27,Paid Ads,South,686.12,0.0,0.0,686.12,686.12,Completed
6211,2006,2025-05-01,Social Media,South,295.53,0.0,0.0,295.53,295.53,Completed
6212,2007,2024-07-21,Organic Search,North,129.44,6.47,0.0,122.97,122.97,Completed
6213,2007,2024-08-13,Organic Search,North,365.33,0.0,0.0,365.33,365.33,Completed
6214,2007,2025-04-14,Paid Ads,North,700.52,0.0,0.0,700.52,700.52,Completed
6215,2007,2025-07-10,Social Media,North,257.6,0.0,0.0,257.6,257.6,Completed
6216,2007,2025-08-17,Email,North,163.98,0.0,0.0,163.98,163.98,Completed
6217,2008,2024-09-26,Organic Search,West,139.94,0.0,0.0,0.0,139.94,Returned
6218,2008,2025-01-19,Referral,West,83.5,8.35,0.0,75.15,75.15,Completed
6219,2008,2025-03-13,Social Media,West,57.57,0.0,4.55,62.12,62.12,Completed
6220,2009,2025-12-11,Email,North,403.33,40.33,0.0,0.0,363.0,Returned
6221,2010,2024-12-15,Email,North,1579.35,78.97,0.0,1500.38,1500.38,Completed
6222,2010,2025-03-09,Social Media,North,677.01,101.55,0.0,575.46,575.46,Completed
6223,2011,2025-04-18,Email,East,1209.35,0.0,0.0,1209.35,1209.35,Completed
6224,2012,2023-10-01,Social Media,South,490.23,0.0,0.0,490.23,490.23,Completed
6225,2012,2023-11-14,Referral,South,19.74,0.0,7.04,26.78,26.78,Completed
6226,2012,2024-05-19,Social Media,South,575.28,0.0,0.0,575.28,575.28,Completed
6227,2012,2024-05-26,Organic Search,South,415.64,0.0,0.0,415.64,415.64,Completed
6228,2012,2024-06-03,Email,South,3745.65,749.13,0.0,2996.52,2996.52,Completed
6229,2012,2024-09-02,Email,South,583.39,0.0,0.0,583.39,583.39,Completed
6230,2012,2025-05-24,Email,South,235.19,0.0,0.0,235.19,235.19,Completed
6231,2012,2025-07-16,Social Media,South,945.66,47.28,0.0,898.38,898.38,Completed
6232,2013,2025-05-26,Organic Search,North,98.42,0.0,0.0,0.0,98.42,Returned
6233,2014,2025-07-21,Social Media,Central,245.89,0.0,0.0,245.89,245.89,Completed
6234,2014,2025-08-01,Organic Search,Central,59.25,0.0,4.97,64.22,64.22,Completed
6235,2016,2024-02-12,Social Media,North,599.98,0.0,0.0,599.98,599.98,Completed
6236,2016,2024-03-09,Organic Search,North,2535.84,0.0,0.0,2535.84,2535.84,Completed
6237,2016,2024-04-24,Organic Search,North,706.04,35.3,0.0,670.74,670.74,Completed
6238,2016,2025-03-01,Direct,North,350.25,0.0,0.0,350.25,350.25,Completed
6239,2016,2025-04-24,Direct,North,38.4,5.76,8.61,41.25,41.25,Completed
6240,2016,2025-05-14,Social Media,North,22.74,0.0,8.21,30.95,30.95,Completed
6241,2016,2025-06-10,Email,North,313.29,0.0,0.0,313.29,313.29,Completed
6242,2016,2025-07-11,Direct,North,141.44,0.0,0.0,141.44,141.44,Completed
6243,2016,2025-07-16,Email,North,198.09,0.0,0.0,198.09,198.09,Completed
6244,2016,2025-07-23,Direct,North,1263.33,0.0,0.0,1263.33,1263.33,Completed
6245,2016,2025-08-04,Paid Ads,North,44.01,2.2,4.74,46.55,46.55,Completed
6246,2017,2024-09-21,Email,Central,1600.85,0.0,0.0,1600.85,1600.85,Completed
6247,2017,2025-06-23,Paid Ads,Central,98.27,0.0,0.0,98.27,98.27,Completed
6248,2019,2023-08-27,Organic Search,Central,56.68,2.83,7.88,0.0,61.73,Returned
6249,2020,2023-06-27,Paid Ads,Central,647.87,0.0,0.0,647.87,647.87,Completed
6250,2021,2024-04-26,Social Media,South,41.77,0.0,4.31,46.08,46.08,Completed
6251,2021,2024-06-02,Email,South,263.39,0.0,0.0,263.39,263.39,Completed
6252,2021,2025-05-20,Social Media,South,14.28,0.0,6.87,21.15,21.15,Completed
6253,2022,2025-11-19,Paid Ads,Central,36.93,0.0,4.83,41.76,41.76,Completed
6254,2023,2025-08-06,Social Media,East,380.23,0.0,0.0,380.23,380.23,Completed
6255,2025,2025-08-27,Email,Central,85.74,0.0,0.0,85.74,85.74,Completed
6256,2026,2025-09-16,Paid Ads,West,2284.89,0.0,0.0,2284.89,2284.89,Completed
6257,2027,2024-12-29,Organic Search,West,2326.1,0.0,0.0,2326.1,2326.1,Completed
6258,2027,2024-12-31,Referral,West,322.25,0.0,0.0,322.25,322.25,Completed
6259,2027,2025-01-01,Paid Ads,West,261.04,0.0,0.0,261.04,261.04,Completed
6260,2027,2025-01-13,Social Media,West,412.47,0.0,0.0,412.47,412.47,Completed
6261,2027,2025-03-12,Direct,West,373.2,0.0,0.0,373.2,373.2,Completed
6262,2027,2025-06-15,Direct,West,96.73,9.67,0.0,87.06,87.06,Completed
6263,2027,2025-09-24,Organic Search,West,189.93,0.0,0.0,189.93,189.93,Completed
6264,2028,2024-12-16,Direct,East,1010.52,0.0,0.0,1010.52,1010.52,Completed
6265,2029,2025-09-15,Email,West,470.74,47.07,0.0,423.67,423.67,Completed
6266,2029,2025-11-11,Paid Ads,West,1031.11,103.11,0.0,928.0,928.0,Completed
6267,2031,2024-02-24,Paid Ads,South,16.82,0.0,6.93,23.75,23.75,Completed
6268,2031,2025-11-17,Organic Search,South,74.28,0.0,8.57,82.85,82.85,Completed
6269,2032,2023-04-18,Social Media,North,592.54,0.0,0.0,592.54,592.54,Completed
6270,2032,2023-04-23,Referral,North,487.04,0.0,0.0,487.04,487.04,Completed
6271,2032,2025-05-30,Email,North,87.74,0.0,0.0,87.74,87.74,Completed
6272,2033,2024-01-05,Email,East,846.52,42.33,0.0,804.19,804.19,Completed
6273,2034,2024-12-24,Organic Search,South,902.42,0.0,0.0,902.42,902.42,Completed
6274,2034,2025-05-07,Social Media,South,75.11,0.0,0.0,75.11,75.11,Completed
6275,2034,2025-09-13,Referral,South,1372.27,0.0,0.0,1372.27,1372.27,Completed
6276,2035,2025-07-16,Email,East,1233.34,0.0,0.0,1233.34,1233.34,Completed
6277,2035,2025-12-14,Email,East,880.26,44.01,0.0,836.25,836.25,Completed
6278,2037,2024-03-07,Referral,South,38.91,0.0,7.96,46.87,46.87,Completed
6279,2039,2024-11-26,Paid Ads,North,233.48,23.35,0.0,210.13,210.13,Completed
6280,2039,2025-01-28,Direct,North,1693.47,0.0,0.0,1693.47,1693.47,Completed
6281,2039,2025-02-01,Organic Search,North,432.8,0.0,0.0,432.8,432.8,Completed
6282,2040,2023-12-27,Email,East,431.23,86.25,0.0,344.98,344.98,Completed
6283,2040,2024-09-25,Paid Ads,East,126.55,0.0,0.0,126.55,126.55,Completed
6284,2040,2025-01-22,Paid Ads,East,770.13,0.0,0.0,770.13,770.13,Completed
6285,2040,2025-11-16,Social Media,East,38.98,0.0,4.93,43.91,43.91,Completed
6286,2041,2024-02-14,Paid Ads,West,402.55,20.13,0.0,382.42,382.42,Completed
6287,2041,2024-03-01,Social Media,West,110.91,22.18,0.0,88.73,88.73,Completed
6288,2041,2024-06-28,Organic Search,West,134.59,26.92,0.0,107.67,107.67,Completed
6289,2041,2024-07-22,Direct,West,2595.53,0.0,0.0,2595.53,2595.53,Completed
6290,2041,2024-10-06,Direct,West,464.82,23.24,0.0,441.58,441.58,Completed
6291,2041,2024-11-21,Organic Search,West,799.53,79.95,0.0,719.58,719.58,Completed
6292,2043,2024-07-16,Organic Search,West,1664.39,166.44,0.0,1497.95,1497.95,Completed
6293,2043,2024-08-18,Email,West,198.45,19.84,0.0,178.61,178.61,Completed
6294,2044,2023-09-27,Social Media,North,1878.5,93.93,0.0,1784.57,1784.57,Completed
6295,2044,2023-11-27,Organic Search,North,481.02,48.1,0.0,432.92,432.92,Completed
6296,2044,2024-01-05,Social Media,North,94.84,4.74,0.0,90.1,90.1,Completed
6297,2044,2024-03-19,Email,North,343.54,51.53,0.0,292.01,292.01,Completed
6298,2044,2024-04-18,Direct,North,584.78,0.0,0.0,584.78,584.78,Completed
6299,2044,2024-10-15,Social Media,North,37.53,0.0,4.03,41.56,41.56,Completed
6300,2044,2024-10-18,Paid Ads,North,156.96,0.0,0.0,156.96,156.96,Completed
6301,2044,2024-10-27,Organic Search,North,1296.51,0.0,0.0,1296.51,1296.51,Completed
6302,2044,2024-11-12,Paid Ads,North,5.7,0.0,4.74,10.44,10.44,Completed
6303,2044,2024-12-09,Organic Search,North,477.52,47.75,0.0,429.77,429.77,Completed
6304,2044,2025-02-07,Direct,North,89.79,0.0,0.0,0.0,89.79,Returned
6305,2044,2025-03-14,Organic Search,North,74.76,3.74,5.05,76.07,76.07,Completed
6306,2044,2025-07-06,Email,North,86.89,8.69,0.0,78.2,78.2,Completed
6307,2045,2024-10-09,Direct,South,557.9,0.0,0.0,557.9,557.9,Completed
6308,2046,2024-06-20,Direct,South,464.08,0.0,0.0,464.08,464.08,Completed
6309,2046,2024-07-08,Paid Ads,South,311.3,31.13,0.0,280.17,280.17,Completed
6310,2046,2025-01-29,Organic Search,South,686.48,0.0,0.0,686.48,686.48,Completed
6311,2047,2024-03-30,Paid Ads,West,598.5,29.92,0.0,568.58,568.58,Completed
6312,2047,2024-04-25,Social Media,West,1439.02,215.85,0.0,1223.17,1223.17,Completed
6313,2047,2024-06-05,Paid Ads,West,592.2,59.22,0.0,532.98,532.98,Completed
6314,2047,2025-06-22,Paid Ads,West,247.99,0.0,0.0,247.99,247.99,Completed
6315,2048,2024-07-08,Paid Ads,North,590.77,0.0,0.0,590.77,590.77,Completed
6316,2049,2023-03-30,Paid Ads,South,180.89,27.13,0.0,0.0,153.76,Returned
6317,2049,2023-06-28,Organic Search,South,64.73,0.0,6.02,70.75,70.75,Completed
6318,2049,2024-03-21,Paid Ads,South,777.39,0.0,0.0,777.39,777.39,Completed
6319,2049,2024-08-29,Referral,South,24.89,0.0,4.14,29.03,29.03,Completed
6320,2049,2025-03-20,Direct,South,10.82,0.0,8.4,19.22,19.22,Completed
6321,2050,2024-11-04,Paid Ads,North,776.98,0.0,0.0,776.98,776.98,Completed
6322,2050,2025-02-16,Organic Search,North,106.34,0.0,0.0,0.0,106.34,Returned
6323,2050,2025-05-27,Email,North,673.02,134.6,0.0,538.42,538.42,Completed
6324,2051,2024-10-02,Social Media,West,188.31,0.0,0.0,188.31,188.31,Completed
6325,2051,2024-12-07,Social Media,West,25.41,2.54,7.61,0.0,30.48,Returned
6326,2051,2024-12-21,Organic Search,West,121.01,0.0,0.0,121.01,121.01,Completed
6327,2051,2025-03-03,Email,West,708.48,0.0,0.0,708.48,708.48,Completed
6328,2051,2025-07-18,Email,West,470.21,23.51,0.0,446.7,446.7,Completed
6329,2051,2025-09-09,Email,West,356.0,0.0,0.0,356.0,356.0,Completed
6330,2051,2025-10-02,Organic Search,West,748.45,74.85,0.0,673.6,673.6,Completed
6331,2051,2025-11-12,Organic Search,West,611.94,0.0,0.0,611.94,611.94,Completed
6332,2052,2023-04-04,Direct,North,181.05,0.0,0.0,181.05,181.05,Completed
6333,2052,2023-09-14,Email,North,529.17,79.38,0.0,449.79,449.79,Completed
6334,2052,2023-09-29,Email,North,264.47,0.0,0.0,264.47,264.47,Completed
6335,2052,2023-12-06,Email,North,543.86,0.0,0.0,543.86,543.86,Completed
6336,2052,2024-04-06,Social Media,North,165.18,0.0,0.0,165.18,165.18,Completed
6337,2053,2024-03-04,Paid Ads,South,196.58,0.0,0.0,196.58,196.58,Completed
6338,2053,2025-05-12,Paid Ads,South,1613.44,0.0,0.0,1613.44,1613.44,Completed
6339,2053,2025-08-27,Organic Search,South,574.57,57.46,0.0,517.11,517.11,Completed
6340,2054,2024-10-11,Referral,North,207.7,10.38,0.0,197.32,197.32,Completed
6341,2054,2024-11-13,Paid Ads,North,292.12,0.0,0.0,292.12,292.12,Completed
6342,2054,2024-11-18,Email,North,274.39,0.0,0.0,274.39,274.39,Completed
6343,2054,2024-12-17,Social Media,North,2301.12,0.0,0.0,2301.12,2301.12,Completed
6344,2056,2024-03-14,Paid Ads,South,348.4,52.26,0.0,296.14,296.14,Completed
6345,2056,2025-02-06,Referral,South,713.93,35.7,0.0,678.23,678.23,Completed
6346,2058,2024-07-23,Social Media,West,644.48,0.0,0.0,644.48,644.48,Completed
6347,2059,2023-03-18,Referral,North,214.65,0.0,0.0,214.65,214.65,Completed
6348,2059,2023-03-21,Email,North,129.21,6.46,0.0,122.75,122.75,Completed
6349,2059,2023-09-05,Organic Search,North,43.5,2.18,4.67,45.99,45.99,Completed
6350,2059,2023-12-18,Email,North,23.36,1.17,7.31,29.5,29.5,Completed
6351,2059,2024-03-25,Direct,North,872.08,0.0,0.0,872.08,872.08,Completed
6352,2059,2024-04-18,Social Media,North,763.35,0.0,0.0,763.35,763.35,Completed
6353,2059,2024-05-31,Referral,North,783.54,0.0,0.0,783.54,783.54,Completed
6354,2059,2024-06-24,Direct,North,358.53,0.0,0.0,358.53,358.53,Completed
6355,2059,2024-06-26,Paid Ads,North,1068.43,0.0,0.0,1068.43,1068.43,Completed
6356,2059,2024-08-13,Direct,North,395.51,0.0,0.0,395.51,395.51,Completed
6357,2059,2024-08-26,Email,North,126.03,0.0,0.0,126.03,126.03,Completed
6358,2059,2024-10-01,Organic Search,North,598.88,0.0,0.0,598.88,598.88,Completed
6359,2059,2024-11-30,Social Media,North,771.31,115.7,0.0,655.61,655.61,Completed
6360,2059,2025-01-08,Paid Ads,North,34.7,0.0,5.79,40.49,40.49,Completed
6361,2059,2025-01-18,Social Media,North,192.17,0.0,0.0,0.0,192.17,Returned
6362,2059,2025-01-20,Email,North,1202.11,0.0,0.0,1202.11,1202.11,Completed
6363,2059,2025-01-26,Referral,North,529.26,0.0,0.0,529.26,529.26,Completed
6364,2059,2025-04-09,Direct,North,37.19,3.72,6.81,40.28,40.28,Completed
6365,2059,2025-10-05,Social Media,North,493.35,49.34,0.0,444.01,444.01,Completed
6366,2059,2025-10-06,Paid Ads,North,77.34,3.87,0.0,0.0,73.47,Returned
6367,2059,2025-12-12,Paid Ads,North,227.69,11.38,0.0,216.31,216.31,Completed
6368,2060,2024-07-21,Direct,South,195.68,19.57,0.0,176.11,176.11,Completed
6369,2060,2024-09-20,Direct,South,391.4,58.71,0.0,332.69,332.69,Completed
6370,2060,2024-09-28,Paid Ads,South,161.77,0.0,0.0,161.77,161.77,Completed
6371,2060,2025-01-28,Paid Ads,South,491.04,0.0,0.0,491.04,491.04,Completed
6372,2060,2025-02-09,Paid Ads,South,285.42,42.81,0.0,242.61,242.61,Completed
6373,2060,2025-04-16,Referral,South,23.54,0.0,6.73,30.27,30.27,Completed
6374,2060,2025-05-09,Organic Search,South,33.63,3.36,5.67,35.94,35.94,Completed
6375,2060,2025-06-08,Email,South,189.17,0.0,0.0,189.17,189.17,Completed
6376,2060,2025-06-24,Paid Ads,South,139.52,0.0,0.0,139.52,139.52,Completed
6377,2060,2025-09-11,Email,South,104.83,10.48,0.0,94.35,94.35,Completed
6378,2060,2025-12-07,Social Media,South,50.22,0.0,4.75,54.97,54.97,Completed
6379,2062,2024-06-17,Email,West,560.39,0.0,0.0,560.39,560.39,Completed
6380,2062,2024-09-24,Paid Ads,West,639.28,0.0,0.0,639.28,639.28,Completed
6381,2062,2024-12-17,Direct,West,438.64,0.0,0.0,438.64,438.64,Completed
6382,2063,2024-11-14,Organic Search,East,842.89,84.29,0.0,758.6,758.6,Completed
6383,2063,2025-07-16,Paid Ads,East,274.34,27.43,0.0,0.0,246.91,Returned
6384,2063,2025-09-19,Social Media,East,754.41,37.72,0.0,716.69,716.69,Completed
6385,2064,2024-07-07,Direct,South,294.82,0.0,0.0,294.82,294.82,Completed
6386,2064,2024-08-12,Email,South,24.8,0.0,4.86,29.66,29.66,Completed
6387,2064,2024-09-13,Organic Search,South,258.1,0.0,0.0,258.1,258.1,Completed
6388,2064,2024-10-14,Social Media,South,1600.43,80.02,0.0,1520.41,1520.41,Completed
6389,2064,2024-12-29,Paid Ads,South,397.73,59.66,0.0,338.07,338.07,Completed
6390,2064,2025-09-21,Direct,South,815.58,0.0,0.0,815.58,815.58,Completed
6391,2064,2025-10-01,Social Media,South,134.23,0.0,0.0,134.23,134.23,Completed
6392,2064,2025-11-06,Direct,South,29.0,0.0,5.64,34.64,34.64,Completed
6393,2065,2024-03-28,Organic Search,East,634.16,0.0,0.0,634.16,634.16,Completed
6394,2065,2024-06-03,Direct,East,85.41,17.08,0.0,68.33,68.33,Completed
6395,2067,2023-12-26,Email,West,108.86,0.0,0.0,108.86,108.86,Completed
6396,2067,2024-09-06,Organic Search,West,38.33,0.0,6.85,45.18,45.18,Completed
6397,2068,2023-07-12,Email,South,336.94,0.0,0.0,336.94,336.94,Completed
6398,2068,2024-05-09,Organic Search,South,79.51,7.95,0.0,0.0,71.56,Returned
6399,2068,2024-06-20,Organic Search,South,706.08,0.0,0.0,0.0,706.08,Returned
6400,2068,2024-10-12,Email,South,130.8,0.0,0.0,130.8,130.8,Completed
6401,2069,2025-02-28,Email,South,454.12,45.41,0.0,408.71,408.71,Completed
6402,2069,2025-08-23,Social Media,South,834.64,0.0,0.0,834.64,834.64,Completed
6403,2069,2025-11-15,Social Media,South,913.26,136.99,0.0,776.27,776.27,Completed
6404,2071,2024-02-08,Organic Search,East,54.87,5.49,5.0,54.38,54.38,Completed
6405,2071,2024-02-16,Organic Search,East,1588.79,0.0,0.0,1588.79,1588.79,Completed
6406,2071,2024-05-15,Referral,East,134.33,0.0,0.0,134.33,134.33,Completed
6407,2071,2024-06-20,Paid Ads,East,298.29,0.0,0.0,298.29,298.29,Completed
6408,2071,2025-03-06,Organic Search,East,464.81,0.0,0.0,464.81,464.81,Completed
6409,2072,2023-09-07,Social Media,East,871.18,130.68,0.0,740.5,740.5,Completed
6410,2072,2024-03-20,Organic Search,East,568.51,28.43,0.0,540.08,540.08,Completed
6411,2072,2024-07-13,Direct,East,191.58,9.58,0.0,182.0,182.0,Completed
6412,2072,2025-01-03,Paid Ads,East,351.9,0.0,0.0,351.9,351.9,Completed
6413,2073,2024-11-25,Organic Search,South,142.06,21.31,0.0,120.75,120.75,Completed
6414,2073,2024-12-31,Direct,South,257.8,0.0,0.0,257.8,257.8,Completed
6415,2073,2025-08-13,Organic Search,South,182.73,0.0,0.0,182.73,182.73,Completed
6416,2074,2023-08-18,Paid Ads,South,328.14,0.0,0.0,328.14,328.14,Completed
6417,2075,2025-10-12,Direct,Central,279.98,28.0,0.0,251.98,251.98,Completed
6418,2075,2025-11-10,Direct,Central,729.9,145.98,0.0,583.92,583.92,Completed
6419,2076,2025-02-27,Social Media,South,480.08,0.0,0.0,480.08,480.08,Completed
6420,2076,2025-04-10,Direct,South,158.89,0.0,0.0,158.89,158.89,Completed
6421,2076,2025-10-30,Email,South,92.38,18.48,0.0,73.9,73.9,Completed
6422,2077,2023-10-19,Paid Ads,North,10.86,1.63,6.38,15.61,15.61,Completed
6423,2077,2024-08-19,Social Media,North,430.67,0.0,0.0,430.67,430.67,Completed
6424,2077,2025-07-15,Organic Search,North,379.3,0.0,0.0,379.3,379.3,Completed
6425,2077,2025-08-15,Referral,North,643.66,0.0,0.0,643.66,643.66,Completed
6426,2077,2025-10-25,Direct,North,165.28,0.0,0.0,165.28,165.28,Completed
6427,2078,2023-11-17,Paid Ads,East,31.1,3.11,4.14,32.13,32.13,Completed
6428,2078,2024-10-05,Paid Ads,East,239.08,0.0,0.0,239.08,239.08,Completed
6429,2078,2024-12-19,Social Media,East,870.99,174.2,0.0,696.79,696.79,Completed
6430,2078,2025-06-17,Direct,East,23.29,0.0,7.02,30.31,30.31,Completed
6431,2079,2025-04-17,Email,East,770.61,0.0,0.0,770.61,770.61,Completed
6432,2082,2024-07-05,Paid Ads,North,287.44,0.0,0.0,287.44,287.44,Completed
6433,2083,2025-06-23,Social Media,West,628.99,0.0,0.0,0.0,628.99,Returned
6434,2084,2024-09-24,Email,Central,408.39,0.0,0.0,408.39,408.39,Completed
6435,2084,2024-10-27,Organic Search,Central,572.83,85.92,0.0,486.91,486.91,Completed
6436,2084,2024-11-08,Paid Ads,Central,442.91,0.0,0.0,442.91,442.91,Completed
6437,2084,2024-11-26,Email,Central,627.24,31.36,0.0,595.88,595.88,Completed
6438,2084,2025-04-18,Social Media,Central,400.48,0.0,0.0,400.48,400.48,Completed
6439,2084,2025-04-27,Email,Central,280.25,14.01,0.0,266.24,266.24,Completed
6440,2084,2025-12-18,Direct,Central,284.62,0.0,0.0,284.62,284.62,Completed
6441,2085,2024-08-16,Paid Ads,North,206.93,0.0,0.0,206.93,206.93,Completed
6442,2085,2025-10-18,Social Media,North,293.28,0.0,0.0,293.28,293.28,Completed
6443,2086,2025-04-14,Email,West,288.04,0.0,0.0,288.04,288.04,Completed
6444,2087,2023-12-09,Social Media,South,129.94,0.0,0.0,129.94,129.94,Completed
6445,2087,2024-01-02,Organic Search,South,263.63,0.0,0.0,263.63,263.63,Completed
6446,2087,2024-02-27,Organic Search,South,205.71,0.0,0.0,205.71,205.71,Completed
6447,2087,2024-05-28,Paid Ads,South,885.34,0.0,0.0,885.34,885.34,Completed
6448,2087,2024-08-26,Paid Ads,South,128.97,0.0,0.0,128.97,128.97,Completed
6449,2087,2024-09-14,Paid Ads,South,147.55,0.0,0.0,147.55,147.55,Completed
6450,2087,2024-09-28,Paid Ads,South,329.8,0.0,0.0,329.8,329.8,Completed
6451,2087,2024-11-24,Referral,South,891.87,0.0,0.0,891.87,891.87,Completed
6452,2087,2024-11-25,Social Media,South,82.0,0.0,0.0,82.0,82.0,Completed
6453,2088,2023-07-07,Organic Search,Central,80.92,0.0,0.0,80.92,80.92,Completed
6454,2088,2025-02-16,Paid Ads,Central,1578.48,0.0,0.0,1578.48,1578.48,Completed
6455,2089,2023-12-10,Organic Search,East,61.16,3.06,5.01,63.11,63.11,Completed
6456,2090,2023-03-21,Social Media,East,1566.44,0.0,0.0,1566.44,1566.44,Completed
6457,2090,2023-09-22,Paid Ads,East,72.59,0.0,4.89,77.48,77.48,Completed
6458,2090,2023-09-26,Paid Ads,East,2576.55,257.66,0.0,2318.89,2318.89,Completed
6459,2090,2023-10-01,Social Media,East,20.38,0.0,8.64,29.02,29.02,Completed
6460,2090,2024-04-07,Email,East,331.94,16.6,0.0,315.34,315.34,Completed
6461,2090,2024-05-14,Paid Ads,East,390.06,0.0,0.0,0.0,390.06,Returned
6462,2090,2024-07-30,Paid Ads,East,36.87,1.84,4.22,39.25,39.25,Completed
6463,2090,2024-08-24,Email,East,235.88,0.0,0.0,235.88,235.88,Completed
6464,2090,2024-09-09,Social Media,East,91.33,0.0,0.0,91.33,91.33,Completed
6465,2090,2024-10-27,Email,East,240.75,0.0,0.0,240.75,240.75,Completed
6466,2090,2025-08-04,Organic Search,East,92.59,4.63,0.0,87.96,87.96,Completed
6467,2090,2025-08-05,Email,East,314.13,62.83,0.0,251.3,251.3,Completed
6468,2090,2025-08-15,Social Media,East,220.0,11.0,0.0,209.0,209.0,Completed
6469,2090,2025-08-23,Organic Search,East,28.86,0.0,7.63,36.49,36.49,Completed
6470,2090,2025-09-11,Organic Search,East,471.23,47.12,0.0,424.11,424.11,Completed
6471,2090,2025-10-08,Email,East,2325.78,0.0,0.0,2325.78,2325.78,Completed
6472,2090,2025-11-21,Referral,East,247.27,12.36,0.0,234.91,234.91,Completed
6473,2090,2025-12-21,Direct,East,1229.05,122.91,0.0,1106.14,1106.14,Completed
6474,2093,2025-02-11,Direct,North,165.85,8.29,0.0,157.56,157.56,Completed
6475,2093,2025-12-07,Paid Ads,North,499.88,0.0,0.0,499.88,499.88,Completed
6476,2094,2024-06-26,Referral,East,973.31,97.33,0.0,875.98,875.98,Completed
6477,2094,2024-09-24,Organic Search,East,297.03,0.0,0.0,297.03,297.03,Completed
6478,2095,2025-08-13,Email,South,1298.48,129.85,0.0,1168.63,1168.63,Completed
6479,2096,2024-11-04,Organic Search,West,548.77,0.0,0.0,548.77,548.77,Completed
6480,2096,2024-12-31,Paid Ads,West,79.44,15.89,0.0,63.55,63.55,Completed
6481,2096,2025-03-03,Social Media,West,16.98,0.0,5.71,22.69,22.69,Completed
6482,2097,2024-06-26,Organic Search,West,24.66,0.0,4.3,0.0,28.96,Returned
6483,2097,2024-12-21,Organic Search,West,128.5,0.0,0.0,128.5,128.5,Completed
6484,2097,2025-02-02,Email,West,464.64,0.0,0.0,464.64,464.64,Completed
6485,2097,2025-04-16,Email,West,58.65,0.0,8.25,66.9,66.9,Completed
6486,2098,2024-06-16,Social Media,South,915.67,137.35,0.0,778.32,778.32,Completed
6487,2099,2023-11-01,Paid Ads,Central,1475.71,73.79,0.0,1401.92,1401.92,Completed
6488,2100,2024-06-21,Direct,Central,97.95,0.0,0.0,97.95,97.95,Completed
6489,2100,2024-07-17,Organic Search,Central,139.63,13.96,0.0,125.67,125.67,Completed
6490,2100,2025-04-03,Referral,Central,108.52,16.28,0.0,92.24,92.24,Completed
6491,2100,2025-09-26,Organic Search,Central,16.32,2.45,5.63,19.5,19.5,Completed
6492,2101,2025-02-18,Organic Search,North,639.82,0.0,0.0,639.82,639.82,Completed
6493,2102,2024-03-05,Organic Search,North,524.42,78.66,0.0,445.76,445.76,Completed
6494,2102,2024-06-18,Organic Search,North,64.3,6.43,7.5,65.37,65.37,Completed
6495,2102,2024-12-15,Email,North,106.21,0.0,0.0,0.0,106.21,Returned
6496,2102,2025-04-19,Direct,North,276.16,0.0,0.0,276.16,276.16,Completed
6497,2102,2025-04-25,Social Media,North,624.4,0.0,0.0,624.4,624.4,Completed
6498,2102,2025-05-12,Paid Ads,North,124.58,0.0,0.0,124.58,124.58,Completed
6499,2102,2025-07-02,Social Media,North,475.16,95.03,0.0,380.13,380.13,Completed
6500,2102,2025-09-27,Direct,North,111.42,0.0,0.0,111.42,111.42,Completed
6501,2103,2024-07-24,Organic Search,Central,236.56,35.48,0.0,201.08,201.08,Completed
6502,2103,2025-12-25,Social Media,Central,339.5,16.98,0.0,322.52,322.52,Completed
6503,2104,2024-06-02,Direct,South,360.29,36.03,0.0,324.26,324.26,Completed
6504,2106,2024-05-19,Social Media,West,91.82,13.77,0.0,78.05,78.05,Completed
6505,2106,2024-05-24,Paid Ads,West,839.34,167.87,0.0,671.47,671.47,Completed
6506,2106,2024-12-25,Social Media,West,110.6,0.0,0.0,110.6,110.6,Completed
6507,2106,2025-02-05,Paid Ads,West,57.78,2.89,8.84,63.73,63.73,Completed
6508,2106,2025-02-16,Email,West,855.35,0.0,0.0,855.35,855.35,Completed
6509,2106,2025-02-26,Organic Search,West,87.87,0.0,0.0,87.87,87.87,Completed
6510,2107,2025-06-18,Organic Search,North,2543.96,254.4,0.0,2289.56,2289.56,Completed
6511,2108,2025-12-03,Email,North,252.62,0.0,0.0,252.62,252.62,Completed
6512,2109,2024-10-06,Organic Search,North,30.23,0.0,7.69,37.92,37.92,Completed
6513,2109,2025-01-26,Direct,North,689.59,0.0,0.0,689.59,689.59,Completed
6514,2109,2025-01-27,Organic Search,North,90.8,0.0,0.0,90.8,90.8,Completed
6515,2109,2025-05-05,Email,North,901.38,0.0,0.0,901.38,901.38,Completed
6516,2109,2025-08-04,Social Media,North,598.89,119.78,0.0,479.11,479.11,Completed
6517,2110,2023-11-11,Organic Search,West,188.08,0.0,0.0,188.08,188.08,Completed
6518,2110,2023-11-15,Direct,West,1919.77,0.0,0.0,1919.77,1919.77,Completed
6519,2110,2025-01-27,Direct,West,50.95,5.1,8.73,54.58,54.58,Completed
6520,2110,2025-03-04,Email,West,88.93,0.0,0.0,88.93,88.93,Completed
6521,2110,2025-04-01,Social Media,West,131.98,6.6,0.0,125.38,125.38,Completed
6522,2110,2025-12-16,Organic Search,West,247.45,0.0,0.0,247.45,247.45,Completed
6523,2111,2025-11-13,Direct,East,790.14,79.01,0.0,711.13,711.13,Completed
6524,2112,2025-05-03,Referral,West,55.12,5.51,5.69,55.3,55.3,Completed
6525,2112,2025-06-02,Paid Ads,West,408.66,0.0,0.0,408.66,408.66,Completed
6526,2112,2025-10-14,Email,West,191.12,0.0,0.0,191.12,191.12,Completed
6527,2114,2025-02-20,Organic Search,Central,193.44,9.67,0.0,183.77,183.77,Completed
6528,2114,2025-07-11,Organic Search,Central,354.98,35.5,0.0,319.48,319.48,Completed
6529,2115,2024-05-24,Social Media,North,38.5,0.0,4.37,42.87,42.87,Completed
6530,2115,2024-06-15,Email,North,167.44,0.0,0.0,167.44,167.44,Completed
6531,2115,2024-07-05,Organic Search,North,2185.47,218.55,0.0,1966.92,1966.92,Completed
6532,2115,2024-09-10,Organic Search,North,664.56,66.46,0.0,598.1,598.1,Completed
6533,2115,2024-09-15,Referral,North,231.3,46.26,0.0,185.04,185.04,Completed
6534,2115,2024-10-24,Paid Ads,North,262.11,0.0,0.0,262.11,262.11,Completed
6535,2115,2025-01-24,Social Media,North,498.05,24.9,0.0,473.15,473.15,Completed
6536,2115,2025-03-09,Email,North,703.9,140.78,0.0,563.12,563.12,Completed
6537,2115,2025-03-16,Organic Search,North,1443.88,216.58,0.0,1227.3,1227.3,Completed
6538,2115,2025-03-27,Social Media,North,59.88,2.99,8.93,65.82,65.82,Completed
6539,2115,2025-06-08,Email,North,1627.78,0.0,0.0,1627.78,1627.78,Completed
6540,2115,2025-09-09,Email,North,99.57,0.0,0.0,99.57,99.57,Completed
6541,2115,2025-10-13,Paid Ads,North,122.53,0.0,0.0,122.53,122.53,Completed
6542,2116,2024-10-02,Social Media,East,81.51,0.0,0.0,81.51,81.51,Completed
6543,2116,2024-11-18,Social Media,East,121.03,12.1,0.0,108.93,108.93,Completed
6544,2116,2025-02-14,Paid Ads,East,973.48,0.0,0.0,973.48,973.48,Completed
6545,2116,2025-04-24,Direct,East,1137.31,227.46,0.0,909.85,909.85,Completed
6546,2116,2025-07-09,Email,East,769.37,0.0,0.0,769.37,769.37,Completed
6547,2117,2024-07-07,Organic Search,Central,72.85,14.57,7.39,65.67,65.67,Completed
6548,2117,2024-12-26,Social Media,Central,12.98,0.0,7.01,19.99,19.99,Completed
6549,2117,2025-08-05,Social Media,Central,1141.37,0.0,0.0,1141.37,1141.37,Completed
6550,2118,2025-07-06,Organic Search,South,242.29,36.34,0.0,205.95,205.95,Completed
6551,2119,2023-07-27,Paid Ads,South,10.42,0.0,4.2,14.62,14.62,Completed
6552,2119,2023-10-17,Organic Search,South,2524.29,252.43,0.0,2271.86,2271.86,Completed
6553,2119,2024-06-18,Direct,South,45.69,9.14,4.84,41.39,41.39,Completed
6554,2119,2024-10-03,Organic Search,South,640.51,0.0,0.0,640.51,640.51,Completed
6555,2119,2025-06-09,Email,South,45.24,0.0,8.14,53.38,53.38,Completed
6556,2119,2025-07-30,Referral,South,86.85,0.0,0.0,86.85,86.85,Completed
6557,2121,2023-05-15,Email,South,545.6,0.0,0.0,545.6,545.6,Completed
6558,2122,2025-03-20,Organic Search,North,20.26,0.0,5.75,26.01,26.01,Completed
6559,2122,2025-10-26,Social Media,North,32.92,0.0,7.53,40.45,40.45,Completed
6560,2124,2024-01-18,Paid Ads,West,376.07,0.0,0.0,376.07,376.07,Completed
6561,2124,2024-06-23,Email,West,124.39,0.0,0.0,124.39,124.39,Completed
6562,2124,2024-10-23,Organic Search,West,38.58,0.0,7.52,46.1,46.1,Completed
6563,2124,2025-02-16,Direct,West,687.56,0.0,0.0,687.56,687.56,Completed
6564,2124,2025-03-10,Organic Search,West,142.16,7.11,0.0,135.05,135.05,Completed
6565,2124,2025-04-01,Organic Search,West,670.74,0.0,0.0,670.74,670.74,Completed
6566,2124,2025-06-07,Paid Ads,West,55.68,0.0,8.03,63.71,63.71,Completed
6567,2124,2025-08-16,Paid Ads,West,142.51,0.0,0.0,142.51,142.51,Completed
6568,2126,2024-10-11,Organic Search,North,1733.94,0.0,0.0,1733.94,1733.94,Completed
6569,2126,2025-05-18,Direct,North,1518.0,151.8,0.0,1366.2,1366.2,Completed
6570,2126,2025-05-27,Social Media,North,47.07,0.0,7.03,54.1,54.1,Completed
6571,2127,2024-11-22,Social Media,Central,170.86,8.54,0.0,162.32,162.32,Completed
6572,2127,2025-01-21,Paid Ads,Central,247.23,0.0,0.0,247.23,247.23,Completed
6573,2128,2024-03-12,Organic Search,Central,38.12,3.81,4.73,39.04,39.04,Completed
6574,2128,2024-10-18,Paid Ads,Central,141.64,0.0,0.0,141.64,141.64,Completed
6575,2128,2025-03-01,Organic Search,Central,19.8,1.98,4.07,21.89,21.89,Completed
6576,2128,2025-06-11,Organic Search,Central,596.48,89.47,0.0,507.01,507.01,Completed
6577,2131,2024-04-10,Organic Search,South,200.43,0.0,0.0,200.43,200.43,Completed
6578,2131,2024-04-24,Direct,South,317.51,15.88,0.0,301.63,301.63,Completed
6579,2131,2024-05-17,Email,South,130.8,0.0,0.0,130.8,130.8,Completed
6580,2131,2024-06-30,Organic Search,South,445.51,0.0,0.0,445.51,445.51,Completed
6581,2132,2024-06-01,Paid Ads,North,134.75,0.0,0.0,134.75,134.75,Completed
6582,2132,2024-09-16,Paid Ads,North,694.98,0.0,0.0,694.98,694.98,Completed
6583,2133,2023-08-30,Paid Ads,North,431.37,0.0,0.0,431.37,431.37,Completed
6584,2134,2025-06-12,Paid Ads,South,101.22,0.0,0.0,101.22,101.22,Completed
6585,2134,2025-11-25,Email,South,388.44,38.84,0.0,349.6,349.6,Completed
6586,2134,2025-12-02,Organic Search,South,1286.56,0.0,0.0,1286.56,1286.56,Completed
6587,2135,2024-12-09,Paid Ads,South,42.22,4.22,4.39,42.39,42.39,Completed
6588,2135,2025-05-25,Email,South,209.17,0.0,0.0,209.17,209.17,Completed
6589,2135,2025-05-27,Direct,South,547.99,82.2,0.0,465.79,465.79,Completed
6590,2136,2024-03-31,Paid Ads,South,621.45,62.15,0.0,559.3,559.3,Completed
6591,2136,2025-09-12,Direct,South,935.07,93.51,0.0,841.56,841.56,Completed
6592,2137,2025-09-23,Direct,West,29.01,4.35,6.2,30.86,30.86,Completed
6593,2137,2025-11-02,Organic Search,West,2288.8,114.44,0.0,2174.36,2174.36,Completed
6594,2138,2025-09-12,Direct,Central,60.49,0.0,5.31,65.8,65.8,Completed
6595,2139,2025-12-03,Referral,East,114.85,0.0,0.0,114.85,114.85,Completed
6596,2141,2023-09-07,Direct,North,229.57,22.96,0.0,206.61,206.61,Completed
6597,2141,2024-06-05,Direct,North,159.96,8.0,0.0,151.96,151.96,Completed
6598,2141,2025-03-11,Organic Search,North,44.68,4.47,4.95,45.16,45.16,Completed
6599,2141,2025-06-11,Organic Search,North,125.81,6.29,0.0,119.52,119.52,Completed
6600,2141,2025-09-17,Social Media,North,125.16,0.0,0.0,0.0,125.16,Returned
6601,2141,2025-11-20,Organic Search,North,21.16,2.12,6.29,25.33,25.33,Completed
6602,2142,2023-10-18,Direct,East,361.19,18.06,0.0,343.13,343.13,Completed
6603,2142,2023-11-07,Paid Ads,East,761.41,0.0,0.0,761.41,761.41,Completed
6604,2142,2023-11-26,Email,East,618.97,0.0,0.0,618.97,618.97,Completed
6605,2142,2024-06-16,Direct,East,791.48,0.0,0.0,791.48,791.48,Completed
6606,2143,2024-12-28,Paid Ads,North,1085.33,0.0,0.0,1085.33,1085.33,Completed
6607,2143,2025-06-27,Paid Ads,North,152.44,22.87,0.0,129.57,129.57,Completed
6608,2144,2024-12-14,Social Media,South,174.16,0.0,0.0,174.16,174.16,Completed
6609,2144,2025-09-12,Email,South,1364.36,68.22,0.0,1296.14,1296.14,Completed
6610,2145,2025-09-22,Organic Search,East,1669.16,166.92,0.0,1502.24,1502.24,Completed
6611,2146,2024-06-28,Direct,North,16.9,0.0,5.06,21.96,21.96,Completed
6612,2147,2024-10-07,Social Media,North,63.64,0.0,5.18,68.82,68.82,Completed
6613,2148,2025-04-12,Social Media,North,21.84,0.0,5.2,27.04,27.04,Completed
6614,2150,2025-03-26,Email,West,805.29,40.26,0.0,765.03,765.03,Completed
6615,2150,2025-04-19,Social Media,West,207.18,0.0,0.0,207.18,207.18,Completed
6616,2150,2025-08-29,Direct,West,1071.52,0.0,0.0,1071.52,1071.52,Completed
6617,2151,2024-08-21,Paid Ads,South,101.38,0.0,0.0,101.38,101.38,Completed
6618,2151,2024-11-02,Referral,South,2183.48,109.17,0.0,2074.31,2074.31,Completed
6619,2151,2025-01-01,Email,South,403.29,40.33,0.0,362.96,362.96,Completed
6620,2151,2025-01-07,Social Media,South,679.96,101.99,0.0,577.97,577.97,Completed
6621,2151,2025-03-25,Email,South,108.76,10.88,0.0,97.88,97.88,Completed
6622,2151,2025-04-24,Referral,South,1838.64,0.0,0.0,1838.64,1838.64,Completed
6623,2151,2025-05-16,Social Media,South,1327.92,0.0,0.0,1327.92,1327.92,Completed
6624,2151,2025-05-27,Direct,South,140.69,28.14,0.0,112.55,112.55,Completed
6625,2152,2023-10-28,Email,West,161.69,8.08,0.0,153.61,153.61,Completed
6626,2152,2023-12-03,Direct,West,1205.87,0.0,0.0,1205.87,1205.87,Completed
6627,2153,2024-11-17,Paid Ads,South,716.25,71.62,0.0,644.63,644.63,Completed
6628,2153,2025-08-25,Paid Ads,South,532.73,0.0,0.0,532.73,532.73,Completed
6629,2154,2025-05-03,Direct,Central,582.33,0.0,0.0,582.33,582.33,Completed
6630,2154,2025-05-14,Organic Search,Central,37.29,5.59,4.93,36.63,36.63,Completed
6631,2155,2025-11-25,Organic Search,West,67.51,0.0,5.45,72.96,72.96,Completed
6632,2156,2024-11-16,Direct,South,125.87,0.0,0.0,125.87,125.87,Completed
6633,2156,2025-10-24,Social Media,South,88.14,8.81,0.0,79.33,79.33,Completed
6634,2158,2024-09-16,Organic Search,South,113.7,5.68,0.0,108.02,108.02,Completed
6635,2158,2024-11-11,Organic Search,South,1411.9,0.0,0.0,1411.9,1411.9,Completed
6636,2158,2024-11-25,Paid Ads,South,250.2,0.0,0.0,250.2,250.2,Completed
6637,2158,2025-03-06,Social Media,South,1616.01,80.8,0.0,1535.21,1535.21,Completed
6638,2158,2025-05-27,Social Media,South,1333.16,66.66,0.0,1266.5,1266.5,Completed
6639,2158,2025-06-04,Organic Search,South,677.76,0.0,0.0,0.0,677.76,Returned
6640,2158,2025-09-05,Organic Search,South,110.0,0.0,0.0,110.0,110.0,Completed
6641,2160,2023-12-13,Paid Ads,West,13.94,0.0,7.5,21.44,21.44,Completed
6642,2160,2024-08-02,Email,West,429.37,85.87,0.0,343.5,343.5,Completed
6643,2160,2025-02-15,Email,West,1553.31,77.67,0.0,1475.64,1475.64,Completed
6644,2161,2024-01-15,Paid Ads,North,639.79,0.0,0.0,639.79,639.79,Completed
6645,2161,2024-07-20,Organic Search,North,1305.0,0.0,0.0,1305.0,1305.0,Completed
6646,2161,2025-01-30,Social Media,North,655.18,0.0,0.0,655.18,655.18,Completed
6647,2161,2025-05-14,Paid Ads,North,199.83,0.0,0.0,199.83,199.83,Completed
6648,2162,2025-11-11,Direct,South,618.8,0.0,0.0,618.8,618.8,Completed
6649,2163,2024-03-29,Organic Search,West,55.19,11.04,6.5,50.65,50.65,Completed
6650,2163,2025-03-18,Email,West,795.54,0.0,0.0,795.54,795.54,Completed
6651,2163,2025-07-12,Referral,West,214.76,10.74,0.0,204.02,204.02,Completed
6652,2164,2025-02-12,Paid Ads,West,1003.39,0.0,0.0,1003.39,1003.39,Completed
6653,2164,2025-07-10,Email,West,313.89,0.0,0.0,313.89,313.89,Completed
6654,2165,2023-11-28,Social Media,West,432.3,0.0,0.0,432.3,432.3,Completed
6655,2165,2024-03-31,Social Media,West,254.14,12.71,0.0,241.43,241.43,Completed
6656,2166,2024-04-18,Direct,Central,1348.0,67.4,0.0,1280.6,1280.6,Completed
6657,2166,2024-04-20,Social Media,Central,136.04,0.0,0.0,136.04,136.04,Completed
6658,2166,2024-06-12,Direct,Central,17.3,0.0,6.93,24.23,24.23,Completed
6659,2167,2024-10-28,Social Media,South,1051.96,52.6,0.0,0.0,999.36,Returned
6660,2168,2025-09-27,Referral,North,680.69,34.03,0.0,646.66,646.66,Completed
6661,2168,2025-11-14,Paid Ads,North,656.61,0.0,0.0,656.61,656.61,Completed
6662,2170,2024-11-30,Organic Search,West,792.72,79.27,0.0,713.45,713.45,Completed
6663,2170,2024-12-20,Organic Search,West,238.34,0.0,0.0,238.34,238.34,Completed
6664,2170,2024-12-30,Organic Search,West,469.0,70.35,0.0,0.0,398.65,Returned
6665,2170,2025-01-25,Organic Search,West,175.31,0.0,0.0,175.31,175.31,Completed
6666,2170,2025-06-18,Paid Ads,West,372.7,0.0,0.0,372.7,372.7,Completed
6667,2170,2025-07-17,Email,West,228.02,0.0,0.0,228.02,228.02,Completed
6668,2170,2025-11-06,Organic Search,West,108.06,10.81,0.0,97.25,97.25,Completed
6669,2172,2024-01-04,Email,East,126.24,0.0,0.0,126.24,126.24,Completed
6670,2172,2024-02-11,Organic Search,East,1762.04,0.0,0.0,1762.04,1762.04,Completed
6671,2172,2024-05-25,Paid Ads,East,319.67,15.98,0.0,303.69,303.69,Completed
6672,2172,2025-09-27,Email,East,1598.12,0.0,0.0,1598.12,1598.12,Completed
6673,2174,2024-03-02,Email,West,26.42,0.0,8.82,35.24,35.24,Completed
6674,2174,2024-06-26,Email,West,2132.69,213.27,0.0,1919.42,1919.42,Completed
6675,2174,2024-11-22,Organic Search,West,354.45,0.0,0.0,354.45,354.45,Completed
6676,2174,2024-12-02,Paid Ads,West,379.94,0.0,0.0,379.94,379.94,Completed
6677,2174,2025-07-20,Social Media,West,1602.5,240.38,0.0,1362.12,1362.12,Completed
6678,2175,2024-01-03,Social Media,North,704.78,105.72,0.0,599.06,599.06,Completed
6679,2175,2024-05-21,Social Media,North,154.76,0.0,0.0,154.76,154.76,Completed
6680,2175,2024-07-15,Direct,North,24.28,4.86,8.36,27.78,27.78,Completed
6681,2175,2024-12-17,Paid Ads,North,642.51,0.0,0.0,642.51,642.51,Completed
6682,2175,2025-04-05,Social Media,North,64.25,9.64,8.22,62.83,62.83,Completed
6683,2176,2024-06-03,Organic Search,Central,104.27,10.43,0.0,93.84,93.84,Completed
6684,2176,2025-04-30,Paid Ads,Central,168.65,0.0,0.0,168.65,168.65,Completed
6685,2176,2025-07-04,Email,Central,649.33,0.0,0.0,649.33,649.33,Completed
6686,2176,2025-11-05,Organic Search,Central,886.95,88.7,0.0,798.25,798.25,Completed
6687,2176,2025-11-30,Paid Ads,Central,146.28,14.63,0.0,131.65,131.65,Completed
6688,2177,2024-10-15,Organic Search,East,459.17,45.92,0.0,413.25,413.25,Completed
6689,2177,2024-12-18,Social Media,East,306.54,30.65,0.0,275.89,275.89,Completed
6690,2178,2024-01-07,Social Media,South,3403.64,0.0,0.0,3403.64,3403.64,Completed
6691,2178,2024-04-20,Direct,South,1093.71,0.0,0.0,1093.71,1093.71,Completed
6692,2178,2024-06-04,Social Media,South,76.3,3.82,0.0,72.48,72.48,Completed
6693,2178,2024-10-24,Paid Ads,South,458.62,22.93,0.0,435.69,435.69,Completed
6694,2178,2024-11-13,Social Media,South,60.2,3.01,5.69,62.88,62.88,Completed
6695,2178,2025-01-22,Direct,South,290.95,29.1,0.0,261.85,261.85,Completed
6696,2178,2025-08-30,Email,South,1022.63,0.0,0.0,1022.63,1022.63,Completed
6697,2178,2025-12-19,Organic Search,South,1540.09,0.0,0.0,1540.09,1540.09,Completed
6698,2179,2024-12-28,Paid Ads,West,39.0,7.8,7.93,39.13,39.13,Completed
6699,2179,2025-01-08,Direct,West,317.08,0.0,0.0,317.08,317.08,Completed
6700,2179,2025-04-12,Organic Search,West,129.8,0.0,0.0,129.8,129.8,Completed
6701,2179,2025-11-21,Paid Ads,West,1614.93,0.0,0.0,1614.93,1614.93,Completed
6702,2179,2025-12-05,Email,West,148.24,0.0,0.0,148.24,148.24,Completed
6703,2180,2024-09-05,Referral,West,28.57,0.0,7.14,35.71,35.71,Completed
6704,2180,2024-11-27,Organic Search,West,1018.78,0.0,0.0,1018.78,1018.78,Completed
6705,2180,2025-02-16,Paid Ads,West,2184.93,0.0,0.0,2184.93,2184.93,Completed
6706,2180,2025-05-22,Referral,West,424.36,0.0,0.0,424.36,424.36,Completed
6707,2180,2025-06-29,Social Media,West,234.86,0.0,0.0,234.86,234.86,Completed
6708,2181,2024-11-18,Email,Central,115.14,17.27,0.0,97.87,97.87,Completed
6709,2182,2024-12-16,Paid Ads,South,51.95,2.6,6.66,56.01,56.01,Completed
6710,2183,2025-05-09,Paid Ads,South,143.8,14.38,0.0,129.42,129.42,Completed
6711,2183,2025-12-10,Paid Ads,South,422.64,0.0,0.0,422.64,422.64,Completed
6712,2184,2024-09-22,Direct,Central,445.95,0.0,0.0,445.95,445.95,Completed
6713,2184,2025-07-02,Social Media,Central,191.86,9.59,0.0,182.27,182.27,Completed
6714,2185,2024-07-09,Paid Ads,East,678.06,0.0,0.0,0.0,678.06,Returned
6715,2185,2025-01-24,Paid Ads,East,1854.99,0.0,0.0,1854.99,1854.99,Completed
6716,2186,2023-08-03,Email,East,160.88,0.0,0.0,160.88,160.88,Completed
6717,2186,2023-10-27,Organic Search,East,749.48,0.0,0.0,749.48,749.48,Completed
6718,2186,2025-03-20,Social Media,East,544.13,0.0,0.0,544.13,544.13,Completed
6719,2186,2025-04-24,Social Media,East,249.08,0.0,0.0,249.08,249.08,Completed
6720,2186,2025-05-10,Paid Ads,East,173.4,0.0,0.0,173.4,173.4,Completed
6721,2187,2024-10-24,Organic Search,West,348.21,0.0,0.0,348.21,348.21,Completed
6722,2187,2024-11-06,Paid Ads,West,44.01,4.4,7.28,46.89,46.89,Completed
6723,2187,2025-06-10,Organic Search,West,151.29,0.0,0.0,151.29,151.29,Completed
6724,2187,2025-07-23,Paid Ads,West,238.31,0.0,0.0,238.31,238.31,Completed
6725,2187,2025-11-10,Direct,West,388.85,38.88,0.0,349.97,349.97,Completed
6726,2188,2025-07-25,Organic Search,North,22.97,1.15,8.35,30.17,30.17,Completed
6727,2189,2024-05-28,Organic Search,South,369.53,0.0,0.0,369.53,369.53,Completed
6728,2189,2024-09-19,Social Media,South,187.29,9.36,0.0,177.93,177.93,Completed
6729,2189,2024-12-17,Organic Search,South,344.32,0.0,0.0,344.32,344.32,Completed
6730,2189,2025-08-02,Organic Search,South,132.88,0.0,0.0,132.88,132.88,Completed
6731,2189,2025-10-16,Social Media,South,333.5,33.35,0.0,300.15,300.15,Completed
6732,2189,2025-11-05,Organic Search,South,713.12,35.66,0.0,677.46,677.46,Completed
6733,2191,2025-04-13,Organic Search,East,128.85,19.33,0.0,109.52,109.52,Completed
6734,2192,2024-12-07,Social Media,East,408.62,0.0,0.0,0.0,408.62,Returned
6735,2192,2024-12-07,Social Media,East,149.73,14.97,0.0,134.76,134.76,Completed
6736,2192,2025-01-13,Organic Search,East,240.2,0.0,0.0,240.2,240.2,Completed
6737,2192,2025-06-28,Email,East,260.58,0.0,0.0,260.58,260.58,Completed
6738,2192,2025-07-26,Paid Ads,East,961.73,96.17,0.0,865.56,865.56,Completed
6739,2193,2023-05-27,Paid Ads,East,29.54,5.91,5.63,29.26,29.26,Completed
6740,2193,2023-07-03,Email,East,2059.77,0.0,0.0,2059.77,2059.77,Completed
6741,2193,2023-07-07,Organic Search,East,2341.34,0.0,0.0,2341.34,2341.34,Completed
6742,2193,2024-02-07,Social Media,East,207.06,0.0,0.0,207.06,207.06,Completed
6743,2193,2024-05-07,Referral,East,793.56,0.0,0.0,793.56,793.56,Completed
6744,2193,2024-09-26,Social Media,East,267.79,53.56,0.0,214.23,214.23,Completed
6745,2193,2024-10-21,Paid Ads,East,278.28,13.91,0.0,264.37,264.37,Completed
6746,2193,2024-12-06,Email,East,125.7,12.57,0.0,113.13,113.13,Completed
6747,2193,2025-04-28,Paid Ads,East,143.87,0.0,0.0,143.87,143.87,Completed
6748,2193,2025-12-29,Social Media,East,137.49,6.87,0.0,130.62,130.62,Completed
6749,2194,2024-11-27,Social Media,Central,867.53,43.38,0.0,824.15,824.15,Completed
6750,2194,2025-03-12,Email,Central,129.82,0.0,0.0,129.82,129.82,Completed
6751,2194,2025-06-03,Email,Central,110.23,16.53,0.0,93.7,93.7,Completed
6752,2194,2025-06-22,Social Media,Central,130.62,0.0,0.0,130.62,130.62,Completed
6753,2195,2024-11-14,Organic Search,West,15.81,1.58,6.15,20.38,20.38,Completed
6754,2196,2024-01-16,Referral,North,196.7,29.5,0.0,167.2,167.2,Completed
6755,2197,2023-04-01,Social Media,West,112.49,16.87,0.0,95.62,95.62,Completed
6756,2197,2023-04-16,Direct,West,107.0,5.35,0.0,101.65,101.65,Completed
6757,2197,2024-03-09,Direct,West,505.23,0.0,0.0,505.23,505.23,Completed
6758,2197,2024-05-26,Social Media,West,88.75,0.0,0.0,88.75,88.75,Completed
6759,2197,2024-06-17,Organic Search,West,930.74,0.0,0.0,930.74,930.74,Completed
6760,2197,2025-10-21,Paid Ads,West,1921.45,96.07,0.0,1825.38,1825.38,Completed
6761,2197,2025-12-13,Social Media,West,189.93,0.0,0.0,189.93,189.93,Completed
6762,2198,2024-06-13,Paid Ads,East,271.52,0.0,0.0,271.52,271.52,Completed
6763,2198,2024-07-24,Organic Search,East,310.2,0.0,0.0,310.2,310.2,Completed
6764,2198,2024-10-14,Direct,East,410.62,0.0,0.0,410.62,410.62,Completed
6765,2198,2025-01-17,Email,East,1984.81,0.0,0.0,1984.81,1984.81,Completed
6766,2198,2025-04-04,Paid Ads,East,531.17,26.56,0.0,504.61,504.61,Completed
6767,2198,2025-09-15,Paid Ads,East,832.34,41.62,0.0,790.72,790.72,Completed
6768,2198,2025-10-05,Direct,East,68.49,0.0,7.26,75.75,75.75,Completed
6769,2198,2025-12-23,Organic Search,East,8.53,0.0,5.24,13.77,13.77,Completed
6770,2199,2023-10-25,Social Media,Central,867.46,0.0,0.0,867.46,867.46,Completed
6771,2199,2025-01-15,Social Media,Central,319.15,0.0,0.0,319.15,319.15,Completed
6772,2199,2025-06-13,Organic Search,Central,70.6,0.0,7.86,78.46,78.46,Completed
6773,2199,2025-09-08,Email,Central,29.83,2.98,5.57,32.42,32.42,Completed
6774,2201,2025-03-12,Referral,North,47.71,7.16,8.74,49.29,49.29,Completed
6775,2202,2024-09-19,Email,East,57.84,0.0,6.89,64.73,64.73,Completed
6776,2203,2024-07-30,Referral,North,80.04,0.0,0.0,80.04,80.04,Completed
6777,2204,2024-12-24,Email,South,250.92,0.0,0.0,250.92,250.92,Completed
6778,2205,2023-06-12,Paid Ads,East,140.38,0.0,0.0,140.38,140.38,Completed
6779,2205,2023-08-01,Organic Search,East,315.96,15.8,0.0,300.16,300.16,Completed
6780,2205,2023-11-15,Social Media,East,228.4,0.0,0.0,228.4,228.4,Completed
6781,2205,2024-01-01,Organic Search,East,783.15,0.0,0.0,783.15,783.15,Completed
6782,2205,2024-01-04,Direct,East,1880.4,94.02,0.0,1786.38,1786.38,Completed
6783,2205,2024-01-30,Social Media,East,247.77,0.0,0.0,247.77,247.77,Completed
6784,2205,2024-03-03,Paid Ads,East,12.64,0.0,4.51,17.15,17.15,Completed
6785,2205,2024-03-13,Referral,East,61.61,6.16,8.49,63.94,63.94,Completed
6786,2205,2024-05-01,Paid Ads,East,92.05,18.41,0.0,73.64,73.64,Completed
6787,2205,2024-06-20,Social Media,East,829.96,83.0,0.0,746.96,746.96,Completed
6788,2205,2024-07-09,Direct,East,288.64,0.0,0.0,288.64,288.64,Completed
6789,2205,2024-08-11,Email,East,163.64,8.18,0.0,155.46,155.46,Completed
6790,2205,2024-08-17,Direct,East,1287.99,0.0,0.0,1287.99,1287.99,Completed
6791,2205,2024-10-02,Direct,East,1627.89,0.0,0.0,1627.89,1627.89,Completed
6792,2205,2024-10-13,Paid Ads,East,334.85,33.49,0.0,301.36,301.36,Completed
6793,2205,2024-11-08,Direct,East,14.05,0.0,8.09,22.14,22.14,Completed
6794,2205,2024-11-22,Organic Search,East,1285.03,0.0,0.0,1285.03,1285.03,Completed
6795,2206,2025-01-30,Paid Ads,North,12.41,1.24,6.82,17.99,17.99,Completed
6796,2207,2025-09-09,Organic Search,North,28.96,0.0,5.93,34.89,34.89,Completed
6797,2207,2025-12-04,Paid Ads,North,61.32,12.26,8.57,57.63,57.63,Completed
6798,2209,2024-04-13,Direct,South,1225.69,0.0,0.0,1225.69,1225.69,Completed
6799,2209,2024-07-16,Direct,South,274.48,0.0,0.0,274.48,274.48,Completed
6800,2209,2025-06-04,Organic Search,South,31.4,0.0,6.55,37.95,37.95,Completed
6801,2210,2025-11-12,Organic Search,South,179.92,0.0,0.0,179.92,179.92,Completed
6802,2211,2025-01-25,Organic Search,South,37.04,0.0,7.42,44.46,44.46,Completed
6803,2212,2025-04-16,Referral,Central,21.81,1.09,5.84,26.56,26.56,Completed
6804,2213,2024-08-10,Email,South,768.01,38.4,0.0,729.61,729.61,Completed
6805,2213,2024-12-06,Referral,South,35.98,0.0,7.62,43.6,43.6,Completed
6806,2213,2025-09-04,Social Media,South,272.57,27.26,0.0,245.31,245.31,Completed
6807,2214,2025-02-24,Email,Central,2207.19,331.08,0.0,1876.11,1876.11,Completed
6808,2214,2025-04-05,Direct,Central,50.78,10.16,4.75,45.37,45.37,Completed
6809,2216,2024-11-12,Organic Search,North,61.68,0.0,6.71,68.39,68.39,Completed
6810,2216,2024-12-08,Direct,North,9.04,0.0,6.81,15.85,15.85,Completed
6811,2216,2025-07-24,Email,North,1191.45,59.57,0.0,1131.88,1131.88,Completed
6812,2217,2025-01-25,Email,West,189.31,0.0,0.0,189.31,189.31,Completed
6813,2218,2024-05-07,Paid Ads,Central,223.09,0.0,0.0,223.09,223.09,Completed
6814,2218,2024-08-22,Direct,Central,108.09,5.4,0.0,102.69,102.69,Completed
6815,2218,2024-09-04,Paid Ads,Central,326.51,32.65,0.0,293.86,293.86,Completed
6816,2218,2025-02-08,Organic Search,Central,841.99,0.0,0.0,841.99,841.99,Completed
6817,2218,2025-07-07,Paid Ads,Central,675.46,0.0,0.0,675.46,675.46,Completed
6818,2219,2025-10-26,Organic Search,North,319.32,15.97,0.0,303.35,303.35,Completed
6819,2219,2025-11-13,Social Media,North,73.34,0.0,7.74,81.08,81.08,Completed
6820,2220,2025-01-30,Paid Ads,Central,600.41,90.06,0.0,510.35,510.35,Completed
6821,2220,2025-05-31,Organic Search,Central,765.51,0.0,0.0,765.51,765.51,Completed
6822,2220,2025-08-23,Organic Search,Central,638.99,0.0,0.0,638.99,638.99,Completed
6823,2221,2024-02-16,Organic Search,South,151.72,0.0,0.0,151.72,151.72,Completed
6824,2221,2024-09-15,Organic Search,South,69.5,0.0,5.33,74.83,74.83,Completed
6825,2221,2024-10-11,Organic Search,South,311.81,62.36,0.0,249.45,249.45,Completed
6826,2221,2024-11-04,Organic Search,South,260.28,13.01,0.0,247.27,247.27,Completed
6827,2221,2025-04-27,Organic Search,South,1008.01,0.0,0.0,1008.01,1008.01,Completed
6828,2222,2025-10-28,Paid Ads,North,163.55,8.18,0.0,155.37,155.37,Completed
6829,2223,2023-09-01,Email,East,462.38,0.0,0.0,462.38,462.38,Completed
6830,2223,2023-12-22,Email,East,1341.01,0.0,0.0,1341.01,1341.01,Completed
6831,2223,2023-12-23,Social Media,East,447.04,0.0,0.0,447.04,447.04,Completed
6832,2223,2024-04-29,Social Media,East,270.65,0.0,0.0,270.65,270.65,Completed
6833,2223,2024-10-04,Direct,East,279.25,0.0,0.0,279.25,279.25,Completed
6834,2223,2025-02-23,Organic Search,East,115.12,0.0,0.0,115.12,115.12,Completed
6835,2223,2025-11-09,Organic Search,East,448.94,0.0,0.0,448.94,448.94,Completed
6836,2225,2024-04-02,Referral,North,485.24,0.0,0.0,0.0,485.24,Returned
6837,2225,2024-06-26,Social Media,North,318.94,0.0,0.0,318.94,318.94,Completed
6838,2225,2024-11-15,Email,North,1191.01,0.0,0.0,1191.01,1191.01,Completed
6839,2225,2025-05-29,Social Media,North,156.53,0.0,0.0,156.53,156.53,Completed
6840,2225,2025-11-14,Direct,North,101.48,0.0,0.0,101.48,101.48,Completed
6841,2225,2025-11-23,Paid Ads,North,1234.5,0.0,0.0,1234.5,1234.5,Completed
6842,2226,2025-04-13,Email,Central,527.97,0.0,0.0,527.97,527.97,Completed
6843,2227,2023-10-14,Email,North,627.15,0.0,0.0,627.15,627.15,Completed
6844,2228,2024-07-13,Referral,South,137.6,0.0,0.0,137.6,137.6,Completed
6845,2228,2024-08-27,Paid Ads,South,1422.43,0.0,0.0,1422.43,1422.43,Completed
6846,2228,2024-09-19,Paid Ads,South,520.02,52.0,0.0,468.02,468.02,Completed
6847,2228,2024-12-27,Social Media,South,891.73,0.0,0.0,891.73,891.73,Completed
6848,2228,2025-01-19,Email,South,192.96,38.59,0.0,154.37,154.37,Completed
6849,2228,2025-02-23,Organic Search,South,1654.0,165.4,0.0,1488.6,1488.6,Completed
6850,2228,2025-04-29,Referral,South,811.02,121.65,0.0,689.37,689.37,Completed
6851,2228,2025-08-25,Social Media,South,242.76,0.0,0.0,242.76,242.76,Completed
6852,2229,2024-06-21,Social Media,Central,28.5,0.0,8.66,37.16,37.16,Completed
6853,2230,2025-06-15,Email,West,361.77,0.0,0.0,361.77,361.77,Completed
6854,2231,2025-06-17,Email,East,452.22,0.0,0.0,452.22,452.22,Completed
6855,2231,2025-07-17,Organic Search,East,18.74,0.0,7.86,26.6,26.6,Completed
6856,2231,2025-08-24,Paid Ads,East,626.24,0.0,0.0,626.24,626.24,Completed
6857,2233,2024-06-21,Email,Central,226.08,0.0,0.0,226.08,226.08,Completed
6858,2233,2024-11-07,Direct,Central,379.67,75.93,0.0,303.74,303.74,Completed
6859,2233,2024-11-23,Paid Ads,Central,284.66,56.93,0.0,227.73,227.73,Completed
6860,2233,2025-06-10,Social Media,Central,57.16,0.0,5.45,62.61,62.61,Completed
6861,2233,2025-06-25,Paid Ads,Central,592.54,59.25,0.0,533.29,533.29,Completed
6862,2233,2025-08-09,Social Media,Central,247.93,0.0,0.0,247.93,247.93,Completed
6863,2233,2025-09-30,Email,Central,165.04,0.0,0.0,165.04,165.04,Completed
6864,2233,2025-11-19,Direct,Central,2455.62,0.0,0.0,2455.62,2455.62,Completed
6865,2233,2025-12-17,Organic Search,Central,70.99,0.0,6.29,77.28,77.28,Completed
6866,2233,2025-12-18,Direct,Central,150.44,0.0,0.0,150.44,150.44,Completed
6867,2233,2025-12-27,Email,Central,8.88,0.0,4.93,13.81,13.81,Completed
6868,2234,2024-02-03,Organic Search,Central,1268.25,63.41,0.0,1204.84,1204.84,Completed
6869,2234,2024-06-04,Social Media,Central,333.26,49.99,0.0,283.27,283.27,Completed
6870,2236,2024-04-18,Direct,Central,246.08,0.0,0.0,246.08,246.08,Completed
6871,2237,2025-05-13,Social Media,North,393.42,78.68,0.0,314.74,314.74,Completed
6872,2238,2024-05-27,Email,North,2282.11,0.0,0.0,2282.11,2282.11,Completed
6873,2238,2024-06-11,Organic Search,North,256.75,25.68,0.0,231.07,231.07,Completed
6874,2238,2024-12-18,Paid Ads,North,87.68,0.0,0.0,87.68,87.68,Completed
6875,2238,2025-05-02,Paid Ads,North,1842.03,0.0,0.0,1842.03,1842.03,Completed
6876,2238,2025-07-20,Organic Search,North,208.7,0.0,0.0,208.7,208.7,Completed
6877,2238,2025-08-20,Social Media,North,1462.62,0.0,0.0,1462.62,1462.62,Completed
6878,2239,2024-03-31,Social Media,East,2304.68,0.0,0.0,2304.68,2304.68,Completed
6879,2239,2024-09-23,Email,East,353.83,0.0,0.0,353.83,353.83,Completed
6880,2240,2023-04-30,Paid Ads,East,758.48,0.0,0.0,758.48,758.48,Completed
6881,2240,2023-08-08,Organic Search,East,838.56,0.0,0.0,838.56,838.56,Completed
6882,2240,2023-08-18,Social Media,East,402.35,0.0,0.0,402.35,402.35,Completed
6883,2240,2023-10-01,Email,East,286.74,43.01,0.0,243.73,243.73,Completed
6884,2240,2023-10-18,Email,East,47.46,0.0,4.34,51.8,51.8,Completed
6885,2240,2024-02-14,Social Media,East,2760.29,0.0,0.0,2760.29,2760.29,Completed
6886,2240,2024-10-12,Referral,East,36.93,0.0,4.42,41.35,41.35,Completed
6887,2240,2024-12-04,Organic Search,East,1089.07,108.91,0.0,980.16,980.16,Completed
6888,2240,2025-02-23,Organic Search,East,56.04,2.8,4.01,57.25,57.25,Completed
6889,2240,2025-03-17,Social Media,East,24.81,1.24,5.63,29.2,29.2,Completed
6890,2240,2025-08-29,Paid Ads,East,311.17,0.0,0.0,311.17,311.17,Completed
6891,2240,2025-09-01,Organic Search,East,109.03,16.35,0.0,0.0,92.68,Returned
6892,2241,2024-01-06,Social Media,West,703.7,0.0,0.0,703.7,703.7,Completed
6893,2241,2024-02-03,Organic Search,West,15.32,0.0,6.35,21.67,21.67,Completed
6894,2241,2024-02-17,Social Media,West,847.09,42.35,0.0,804.74,804.74,Completed
6895,2241,2024-06-16,Organic Search,West,46.76,4.68,8.29,50.37,50.37,Completed
6896,2241,2024-07-13,Paid Ads,West,687.39,0.0,0.0,687.39,687.39,Completed
6897,2241,2024-08-15,Organic Search,West,1102.12,0.0,0.0,1102.12,1102.12,Completed
6898,2241,2025-01-06,Direct,West,358.86,53.83,0.0,305.03,305.03,Completed
6899,2241,2025-10-18,Paid Ads,West,29.27,0.0,5.72,34.99,34.99,Completed
6900,2241,2025-12-24,Social Media,West,58.43,5.84,6.23,58.82,58.82,Completed
6901,2242,2024-10-18,Referral,East,2116.75,0.0,0.0,2116.75,2116.75,Completed
6902,2242,2025-01-01,Direct,East,907.71,0.0,0.0,907.71,907.71,Completed
6903,2242,2025-06-01,Email,East,4165.75,0.0,0.0,4165.75,4165.75,Completed
6904,2242,2025-06-18,Direct,East,1658.89,0.0,0.0,1658.89,1658.89,Completed
6905,2242,2025-07-01,Organic Search,East,1310.53,0.0,0.0,1310.53,1310.53,Completed
6906,2243,2025-07-04,Paid Ads,South,163.42,0.0,0.0,163.42,163.42,Completed
6907,2243,2025-07-12,Organic Search,South,39.84,0.0,4.12,43.96,43.96,Completed
6908,2243,2025-12-28,Paid Ads,South,146.68,0.0,0.0,146.68,146.68,Completed
6909,2244,2025-01-07,Direct,Central,1289.36,257.87,0.0,1031.49,1031.49,Completed
6910,2244,2025-06-24,Paid Ads,Central,322.57,0.0,0.0,322.57,322.57,Completed
6911,2245,2024-06-18,Referral,South,18.99,2.85,6.07,22.21,22.21,Completed
6912,2245,2024-06-26,Paid Ads,South,297.29,14.86,0.0,282.43,282.43,Completed
6913,2245,2024-07-20,Organic Search,South,861.32,0.0,0.0,861.32,861.32,Completed
6914,2245,2024-09-02,Paid Ads,South,384.33,0.0,0.0,384.33,384.33,Completed
6915,2245,2025-05-13,Email,South,211.91,0.0,0.0,0.0,211.91,Returned
6916,2245,2025-06-05,Social Media,South,341.25,0.0,0.0,341.25,341.25,Completed
6917,2245,2025-08-09,Referral,South,968.02,96.8,0.0,871.22,871.22,Completed
6918,2246,2024-11-20,Organic Search,South,140.46,0.0,0.0,140.46,140.46,Completed
6919,2246,2024-12-13,Social Media,South,524.28,0.0,0.0,524.28,524.28,Completed
6920,2246,2025-02-18,Organic Search,South,33.64,3.36,6.6,36.88,36.88,Completed
6921,2246,2025-04-09,Direct,South,501.84,25.09,0.0,476.75,476.75,Completed
6922,2246,2025-06-17,Paid Ads,South,225.91,0.0,0.0,225.91,225.91,Completed
6923,2246,2025-12-05,Email,South,296.36,0.0,0.0,296.36,296.36,Completed
6924,2247,2025-02-20,Organic Search,East,18.76,0.0,4.16,22.92,22.92,Completed
6925,2249,2023-05-24,Organic Search,North,237.3,0.0,0.0,237.3,237.3,Completed
6926,2249,2023-05-28,Social Media,North,851.55,0.0,0.0,851.55,851.55,Completed
6927,2249,2023-06-05,Email,North,13.88,0.0,5.62,19.5,19.5,Completed
6928,2249,2024-06-16,Email,North,997.18,0.0,0.0,997.18,997.18,Completed
6929,2249,2024-07-15,Organic Search,North,287.2,0.0,0.0,287.2,287.2,Completed
6930,2249,2025-01-11,Organic Search,North,248.26,12.41,0.0,235.85,235.85,Completed
6931,2249,2025-06-26,Direct,North,186.46,9.32,0.0,177.14,177.14,Completed
6932,2251,2024-04-08,Paid Ads,South,91.67,0.0,0.0,91.67,91.67,Completed
6933,2251,2025-02-27,Direct,South,133.55,0.0,0.0,133.55,133.55,Completed
6934,2251,2025-07-11,Email,South,479.62,47.96,0.0,431.66,431.66,Completed
6935,2252,2023-10-30,Organic Search,South,1745.66,0.0,0.0,1745.66,1745.66,Completed
6936,2253,2025-04-04,Direct,South,1300.14,0.0,0.0,1300.14,1300.14,Completed
6937,2253,2025-05-03,Organic Search,South,1629.61,325.92,0.0,1303.69,1303.69,Completed
6938,2255,2023-10-17,Direct,West,1315.48,0.0,0.0,1315.48,1315.48,Completed
6939,2255,2024-01-29,Paid Ads,West,564.26,84.64,0.0,479.62,479.62,Completed
6940,2255,2024-02-04,Email,West,29.81,5.96,4.19,28.04,28.04,Completed
6941,2255,2024-04-10,Organic Search,West,187.35,0.0,0.0,187.35,187.35,Completed
6942,2256,2024-09-19,Paid Ads,West,39.31,0.0,8.1,47.41,47.41,Completed
6943,2256,2024-10-23,Email,West,81.72,16.34,0.0,65.38,65.38,Completed
6944,2256,2024-11-24,Organic Search,West,97.16,4.86,0.0,92.3,92.3,Completed
6945,2256,2025-04-13,Email,West,349.71,0.0,0.0,349.71,349.71,Completed
6946,2256,2025-04-24,Organic Search,West,39.6,0.0,4.87,44.47,44.47,Completed
6947,2257,2023-06-02,Direct,South,375.72,0.0,0.0,375.72,375.72,Completed
6948,2257,2023-10-03,Email,South,20.66,0.0,6.97,27.63,27.63,Completed
6949,2257,2024-03-26,Email,South,78.73,7.87,0.0,70.86,70.86,Completed
6950,2257,2024-04-05,Referral,South,488.76,0.0,0.0,488.76,488.76,Completed
6951,2257,2024-05-24,Direct,South,19.56,0.0,5.15,24.71,24.71,Completed
6952,2258,2024-12-07,Paid Ads,East,81.15,0.0,0.0,81.15,81.15,Completed
6953,2259,2025-02-20,Social Media,North,518.01,0.0,0.0,518.01,518.01,Completed
6954,2260,2025-07-28,Social Media,North,615.87,0.0,0.0,615.87,615.87,Completed
6955,2261,2025-01-13,Social Media,South,310.82,0.0,0.0,310.82,310.82,Completed
6956,2261,2025-11-22,Social Media,South,340.32,68.06,0.0,272.26,272.26,Completed
6957,2262,2025-10-11,Organic Search,East,77.33,0.0,0.0,77.33,77.33,Completed
6958,2263,2025-03-25,Organic Search,North,206.62,0.0,0.0,206.62,206.62,Completed
6959,2263,2025-04-01,Referral,North,125.03,12.5,0.0,0.0,112.53,Returned
6960,2263,2025-04-23,Paid Ads,North,433.25,0.0,0.0,433.25,433.25,Completed
6961,2264,2025-05-09,Organic Search,Central,1700.82,0.0,0.0,1700.82,1700.82,Completed
6962,2264,2025-08-15,Email,Central,589.46,0.0,0.0,589.46,589.46,Completed
6963,2265,2024-05-15,Organic Search,East,171.5,0.0,0.0,171.5,171.5,Completed
6964,2265,2024-08-12,Paid Ads,East,173.38,17.34,0.0,156.04,156.04,Completed
6965,2265,2024-12-30,Referral,East,221.3,0.0,0.0,221.3,221.3,Completed
6966,2265,2025-01-17,Email,East,417.5,0.0,0.0,417.5,417.5,Completed
6967,2266,2025-05-10,Organic Search,West,385.89,0.0,0.0,385.89,385.89,Completed
6968,2266,2025-06-17,Social Media,West,394.61,0.0,0.0,394.61,394.61,Completed
6969,2268,2025-05-07,Referral,West,698.45,0.0,0.0,698.45,698.45,Completed
6970,2268,2025-08-19,Email,West,1050.02,105.0,0.0,945.02,945.02,Completed
6971,2268,2025-09-11,Paid Ads,West,122.94,12.29,0.0,110.65,110.65,Completed
6972,2268,2025-12-23,Email,West,331.72,0.0,0.0,331.72,331.72,Completed
6973,2269,2023-05-15,Direct,West,797.59,0.0,0.0,0.0,797.59,Returned
6974,2269,2023-12-11,Paid Ads,West,85.88,17.18,0.0,68.7,68.7,Completed
6975,2269,2024-01-07,Email,West,171.93,25.79,0.0,146.14,146.14,Completed
6976,2270,2024-12-20,Social Media,East,36.05,1.8,4.72,38.97,38.97,Completed
6977,2271,2025-05-03,Direct,East,694.08,69.41,0.0,624.67,624.67,Completed
6978,2271,2025-07-15,Organic Search,East,208.92,10.45,0.0,198.47,198.47,Completed
6979,2271,2025-08-05,Paid Ads,East,3920.21,0.0,0.0,3920.21,3920.21,Completed
6980,2272,2024-02-11,Paid Ads,South,58.97,0.0,8.62,67.59,67.59,Completed
6981,2273,2023-07-01,Direct,North,773.25,0.0,0.0,773.25,773.25,Completed
6982,2275,2024-06-08,Paid Ads,East,2960.63,0.0,0.0,2960.63,2960.63,Completed
6983,2275,2024-07-17,Paid Ads,East,1332.77,66.64,0.0,1266.13,1266.13,Completed
6984,2275,2025-03-29,Paid Ads,East,594.5,29.72,0.0,564.78,564.78,Completed
6985,2275,2025-06-21,Social Media,East,359.08,17.95,0.0,341.13,341.13,Completed
6986,2275,2025-09-27,Organic Search,East,31.11,0.0,6.72,37.83,37.83,Completed
6987,2276,2025-06-18,Email,South,31.9,3.19,7.35,36.06,36.06,Completed
6988,2277,2024-01-03,Paid Ads,North,235.93,0.0,0.0,235.93,235.93,Completed
6989,2278,2024-06-08,Social Media,East,809.01,80.9,0.0,728.11,728.11,Completed
6990,2280,2025-05-06,Email,West,1905.01,0.0,0.0,1905.01,1905.01,Completed
6991,2280,2025-06-11,Email,West,709.57,0.0,0.0,709.57,709.57,Completed
6992,2281,2023-09-04,Organic Search,East,720.97,0.0,0.0,0.0,720.97,Returned
6993,2281,2024-04-10,Organic Search,East,224.78,0.0,0.0,224.78,224.78,Completed
6994,2281,2024-08-05,Email,East,23.82,0.0,8.34,32.16,32.16,Completed
6995,2281,2024-09-25,Email,East,224.76,0.0,0.0,224.76,224.76,Completed
6996,2281,2024-12-11,Organic Search,East,823.94,0.0,0.0,823.94,823.94,Completed
6997,2281,2024-12-18,Paid Ads,East,887.61,0.0,0.0,887.61,887.61,Completed
6998,2281,2025-05-21,Organic Search,East,857.99,171.6,0.0,686.39,686.39,Completed
6999,2281,2025-12-29,Paid Ads,East,554.26,0.0,0.0,554.26,554.26,Completed
7000,2282,2024-07-13,Paid Ads,South,679.27,135.85,0.0,543.42,543.42,Completed
7001,2282,2024-11-08,Social Media,South,87.92,0.0,0.0,87.92,87.92,Completed
7002,2282,2025-12-24,Organic Search,South,26.42,0.0,6.98,33.4,33.4,Completed
7003,2284,2024-08-02,Email,South,267.4,0.0,0.0,267.4,267.4,Completed
7004,2285,2024-04-20,Social Media,South,165.0,0.0,0.0,165.0,165.0,Completed
7005,2285,2024-06-15,Direct,South,1324.56,132.46,0.0,1192.1,1192.1,Completed
7006,2285,2024-10-11,Organic Search,South,355.92,0.0,0.0,355.92,355.92,Completed
7007,2285,2024-12-02,Organic Search,South,99.1,0.0,0.0,99.1,99.1,Completed
7008,2285,2024-12-02,Paid Ads,South,310.17,15.51,0.0,294.66,294.66,Completed
7009,2285,2025-01-04,Paid Ads,South,123.73,0.0,0.0,0.0,123.73,Returned
7010,2285,2025-03-19,Organic Search,South,577.87,28.89,0.0,548.98,548.98,Completed
7011,2285,2025-06-05,Organic Search,South,300.22,60.04,0.0,240.18,240.18,Completed
7012,2285,2025-08-27,Paid Ads,South,877.29,43.86,0.0,833.43,833.43,Completed
7013,2285,2025-10-24,Email,South,997.62,49.88,0.0,947.74,947.74,Completed
7014,2285,2025-10-28,Organic Search,South,11.75,0.59,4.97,16.13,16.13,Completed
7015,2285,2025-12-07,Paid Ads,South,282.15,0.0,0.0,282.15,282.15,Completed
7016,2286,2024-12-24,Paid Ads,East,95.06,0.0,0.0,95.06,95.06,Completed
7017,2287,2024-09-29,Social Media,East,60.74,0.0,6.49,67.23,67.23,Completed
7018,2287,2024-10-05,Organic Search,East,226.17,45.23,0.0,180.94,180.94,Completed
7019,2287,2025-03-10,Paid Ads,East,628.22,0.0,0.0,628.22,628.22,Completed
7020,2287,2025-03-14,Email,East,928.59,139.29,0.0,789.3,789.3,Completed
7021,2287,2025-06-21,Social Media,East,422.38,21.12,0.0,401.26,401.26,Completed
7022,2287,2025-12-04,Organic Search,East,539.41,0.0,0.0,539.41,539.41,Completed
7023,2290,2025-05-27,Organic Search,South,623.06,0.0,0.0,623.06,623.06,Completed
7024,2290,2025-08-17,Organic Search,South,2194.05,0.0,0.0,2194.05,2194.05,Completed
7025,2290,2025-11-30,Direct,South,186.39,18.64,0.0,167.75,167.75,Completed
7026,2291,2023-03-18,Paid Ads,South,16.78,0.0,5.86,22.64,22.64,Completed
7027,2291,2023-07-12,Paid Ads,South,1174.42,0.0,0.0,1174.42,1174.42,Completed
7028,2291,2024-08-16,Social Media,South,835.5,41.78,0.0,793.72,793.72,Completed
7029,2291,2025-04-03,Organic Search,South,604.87,0.0,0.0,604.87,604.87,Completed
7030,2292,2023-10-24,Organic Search,South,704.57,0.0,0.0,704.57,704.57,Completed
7031,2292,2024-06-01,Organic Search,South,229.05,0.0,0.0,229.05,229.05,Completed
7032,2292,2024-07-13,Paid Ads,South,1021.87,0.0,0.0,1021.87,1021.87,Completed
7033,2292,2025-08-13,Direct,South,654.56,65.46,0.0,589.1,589.1,Completed
7034,2292,2025-09-07,Direct,South,65.78,3.29,7.67,70.16,70.16,Completed
7035,2292,2025-09-08,Direct,South,126.77,0.0,0.0,126.77,126.77,Completed
7036,2294,2024-07-09,Email,South,98.34,0.0,0.0,98.34,98.34,Completed
7037,2294,2024-07-17,Social Media,South,28.57,0.0,5.04,33.61,33.61,Completed
7038,2294,2024-08-06,Paid Ads,South,438.75,43.88,0.0,394.87,394.87,Completed
7039,2295,2023-06-09,Paid Ads,West,12.91,0.0,4.3,17.21,17.21,Completed
7040,2295,2023-06-10,Direct,West,209.0,0.0,0.0,209.0,209.0,Completed
7041,2295,2023-06-21,Organic Search,West,74.2,0.0,6.84,81.04,81.04,Completed
7042,2295,2024-03-23,Direct,West,505.24,0.0,0.0,505.24,505.24,Completed
7043,2295,2024-03-29,Organic Search,West,205.33,10.27,0.0,195.06,195.06,Completed
7044,2295,2024-04-15,Direct,West,719.22,0.0,0.0,719.22,719.22,Completed
7045,2295,2024-05-06,Paid Ads,West,82.28,0.0,0.0,82.28,82.28,Completed
7046,2295,2024-06-18,Organic Search,West,1049.08,0.0,0.0,1049.08,1049.08,Completed
7047,2295,2025-01-08,Direct,West,270.83,54.17,0.0,216.66,216.66,Completed
7048,2295,2025-01-10,Organic Search,West,1048.34,157.25,0.0,891.09,891.09,Completed
7049,2295,2025-03-21,Social Media,West,125.66,0.0,0.0,125.66,125.66,Completed
7050,2296,2024-02-15,Paid Ads,South,39.32,0.0,8.46,47.78,47.78,Completed
7051,2296,2025-02-09,Social Media,South,57.88,0.0,6.4,64.28,64.28,Completed
7052,2297,2025-11-03,Email,Central,346.35,69.27,0.0,277.08,277.08,Completed
7053,2298,2024-09-23,Direct,East,104.06,20.81,0.0,83.25,83.25,Completed
7054,2299,2023-11-26,Organic Search,North,252.32,12.62,0.0,239.7,239.7,Completed
7055,2299,2024-04-16,Paid Ads,North,25.11,3.77,6.8,28.14,28.14,Completed
7056,2299,2024-05-02,Organic Search,North,294.34,0.0,0.0,294.34,294.34,Completed
7057,2301,2024-02-15,Social Media,Central,580.79,0.0,0.0,580.79,580.79,Completed
7058,2301,2024-03-27,Social Media,Central,860.89,43.04,0.0,817.85,817.85,Completed
7059,2301,2024-07-09,Email,Central,401.76,0.0,0.0,401.76,401.76,Completed
7060,2302,2023-10-22,Organic Search,Central,419.92,62.99,0.0,356.93,356.93,Completed
7061,2302,2023-10-27,Direct,Central,613.43,0.0,0.0,613.43,613.43,Completed
7062,2302,2024-01-11,Organic Search,Central,199.46,0.0,0.0,199.46,199.46,Completed
7063,2302,2024-10-24,Direct,Central,650.26,32.51,0.0,617.75,617.75,Completed
7064,2303,2024-04-03,Organic Search,West,468.28,23.41,0.0,444.87,444.87,Completed
7065,2303,2024-07-15,Paid Ads,West,93.4,0.0,0.0,93.4,93.4,Completed
7066,2303,2024-09-17,Email,West,544.04,0.0,0.0,544.04,544.04,Completed
7067,2303,2024-11-25,Social Media,West,233.26,0.0,0.0,233.26,233.26,Completed
7068,2303,2025-01-29,Paid Ads,West,205.51,0.0,0.0,205.51,205.51,Completed
7069,2303,2025-04-09,Organic Search,West,60.05,3.0,8.55,65.6,65.6,Completed
7070,2303,2025-09-21,Email,West,481.83,24.09,0.0,457.74,457.74,Completed
7071,2304,2024-06-04,Social Media,North,1400.76,0.0,0.0,1400.76,1400.76,Completed
7072,2305,2025-03-19,Social Media,East,704.46,0.0,0.0,704.46,704.46,Completed
7073,2305,2025-07-14,Paid Ads,East,77.76,0.0,0.0,77.76,77.76,Completed
7074,2305,2025-12-16,Direct,East,140.63,0.0,0.0,140.63,140.63,Completed
7075,2306,2025-03-03,Paid Ads,South,79.21,3.96,0.0,75.25,75.25,Completed
7076,2306,2025-06-01,Email,South,1349.71,269.94,0.0,1079.77,1079.77,Completed
7077,2306,2025-07-30,Social Media,South,771.03,77.1,0.0,693.93,693.93,Completed
7078,2306,2025-12-29,Organic Search,South,112.08,16.81,0.0,95.27,95.27,Completed
7079,2307,2024-01-16,Paid Ads,Central,209.1,20.91,0.0,188.19,188.19,Completed
7080,2307,2024-02-01,Paid Ads,Central,300.21,0.0,0.0,300.21,300.21,Completed
7081,2307,2024-03-17,Email,Central,98.57,0.0,0.0,98.57,98.57,Completed
7082,2307,2024-06-19,Paid Ads,Central,248.86,0.0,0.0,248.86,248.86,Completed
7083,2308,2025-04-14,Email,South,214.49,10.72,0.0,203.77,203.77,Completed
7084,2309,2024-08-08,Direct,West,211.58,31.74,0.0,179.84,179.84,Completed
7085,2309,2024-11-02,Referral,West,2721.92,0.0,0.0,2721.92,2721.92,Completed
7086,2309,2025-03-16,Paid Ads,West,153.48,0.0,0.0,153.48,153.48,Completed
7087,2310,2025-04-24,Organic Search,North,249.34,0.0,0.0,249.34,249.34,Completed
7088,2310,2025-12-02,Email,North,174.86,8.74,0.0,166.12,166.12,Completed
7089,2310,2025-12-14,Organic Search,North,292.83,0.0,0.0,292.83,292.83,Completed
7090,2311,2024-08-23,Organic Search,North,269.17,26.92,0.0,242.25,242.25,Completed
7091,2311,2024-10-22,Paid Ads,North,79.01,3.95,0.0,75.06,75.06,Completed
7092,2311,2025-07-19,Social Media,North,62.83,6.28,8.38,64.93,64.93,Completed
7093,2311,2025-09-27,Social Media,North,425.98,42.6,0.0,383.38,383.38,Completed
7094,2312,2024-11-27,Referral,Central,220.43,0.0,0.0,220.43,220.43,Completed
7095,2312,2025-01-16,Paid Ads,Central,198.24,0.0,0.0,198.24,198.24,Completed
7096,2313,2024-04-11,Social Media,West,170.34,17.03,0.0,153.31,153.31,Completed
7097,2313,2024-06-30,Organic Search,West,905.85,0.0,0.0,905.85,905.85,Completed
7098,2313,2024-11-01,Paid Ads,West,108.6,0.0,0.0,108.6,108.6,Completed
7099,2313,2025-07-31,Organic Search,West,78.13,0.0,0.0,78.13,78.13,Completed
7100,2313,2025-08-03,Paid Ads,West,1222.49,0.0,0.0,1222.49,1222.49,Completed
7101,2314,2023-11-14,Organic Search,North,752.6,37.63,0.0,714.97,714.97,Completed
7102,2314,2023-11-16,Direct,North,242.57,48.51,0.0,194.06,194.06,Completed
7103,2314,2023-12-01,Organic Search,North,264.12,26.41,0.0,237.71,237.71,Completed
7104,2314,2023-12-05,Paid Ads,North,101.84,10.18,0.0,91.66,91.66,Completed
7105,2314,2023-12-28,Email,North,51.23,0.0,6.03,57.26,57.26,Completed
7106,2314,2024-03-20,Direct,North,33.16,0.0,4.56,37.72,37.72,Completed
7107,2314,2024-08-12,Organic Search,North,364.33,0.0,0.0,364.33,364.33,Completed
7108,2314,2024-09-01,Direct,North,153.68,0.0,0.0,153.68,153.68,Completed
7109,2314,2024-09-08,Organic Search,North,45.13,4.51,6.66,47.28,47.28,Completed
7110,2314,2025-02-28,Organic Search,North,264.69,13.23,0.0,251.46,251.46,Completed
7111,2314,2025-04-11,Email,North,207.43,0.0,0.0,207.43,207.43,Completed
7112,2314,2025-06-18,Organic Search,North,24.26,2.43,7.66,29.49,29.49,Completed
7113,2314,2025-07-16,Social Media,North,180.48,0.0,0.0,180.48,180.48,Completed
7114,2314,2025-11-12,Paid Ads,North,1613.06,0.0,0.0,1613.06,1613.06,Completed
7115,2314,2025-12-30,Direct,North,56.39,11.28,7.8,52.91,52.91,Completed
7116,2315,2023-11-24,Organic Search,North,67.51,0.0,7.82,75.33,75.33,Completed
7117,2315,2023-11-26,Email,North,57.47,2.87,7.23,61.83,61.83,Completed
7118,2315,2024-03-04,Email,North,815.05,0.0,0.0,815.05,815.05,Completed
7119,2315,2024-06-13,Organic Search,North,800.57,0.0,0.0,800.57,800.57,Completed
7120,2317,2023-12-19,Direct,North,918.35,0.0,0.0,918.35,918.35,Completed
7121,2318,2023-12-24,Direct,South,237.22,23.72,0.0,213.5,213.5,Completed
7122,2318,2024-02-07,Social Media,South,217.4,10.87,0.0,206.53,206.53,Completed
7123,2318,2024-03-20,Organic Search,South,282.28,0.0,0.0,282.28,282.28,Completed
7124,2319,2023-03-24,Direct,West,1697.96,0.0,0.0,1697.96,1697.96,Completed
7125,2319,2023-05-13,Organic Search,West,54.89,0.0,8.3,63.19,63.19,Completed
7126,2319,2023-06-10,Paid Ads,West,312.09,0.0,0.0,312.09,312.09,Completed
7127,2319,2023-07-23,Email,West,479.77,0.0,0.0,479.77,479.77,Completed
7128,2319,2024-01-16,Social Media,West,1255.16,62.76,0.0,1192.4,1192.4,Completed
7129,2320,2023-06-14,Email,East,103.84,5.19,0.0,98.65,98.65,Completed
7130,2320,2023-10-09,Direct,East,1368.12,0.0,0.0,1368.12,1368.12,Completed
7131,2320,2023-10-31,Email,East,398.62,0.0,0.0,398.62,398.62,Completed
7132,2320,2023-11-01,Organic Search,East,760.61,0.0,0.0,760.61,760.61,Completed
7133,2320,2024-12-14,Referral,East,1810.22,90.51,0.0,1719.71,1719.71,Completed
7134,2320,2025-03-16,Paid Ads,East,180.63,0.0,0.0,180.63,180.63,Completed
7135,2320,2025-04-12,Social Media,East,689.56,0.0,0.0,689.56,689.56,Completed
7136,2320,2025-04-16,Direct,East,162.04,8.1,0.0,153.94,153.94,Completed
7137,2320,2025-06-03,Social Media,East,97.74,0.0,0.0,97.74,97.74,Completed
7138,2320,2025-06-05,Email,East,695.57,69.56,0.0,626.01,626.01,Completed
7139,2320,2025-12-13,Paid Ads,East,38.97,0.0,4.61,43.58,43.58,Completed
7140,2323,2024-11-24,Organic Search,West,280.72,0.0,0.0,280.72,280.72,Completed
7141,2323,2024-12-20,Organic Search,West,541.49,0.0,0.0,0.0,541.49,Returned
7142,2323,2025-02-15,Social Media,West,448.16,0.0,0.0,448.16,448.16,Completed
7143,2325,2023-12-09,Email,East,818.1,40.9,0.0,777.2,777.2,Completed
7144,2325,2024-09-03,Social Media,East,109.76,0.0,0.0,109.76,109.76,Completed
7145,2327,2024-04-15,Paid Ads,South,1687.4,168.74,0.0,1518.66,1518.66,Completed
7146,2327,2024-07-24,Direct,South,155.97,0.0,0.0,155.97,155.97,Completed
7147,2327,2024-08-15,Email,South,1008.53,0.0,0.0,1008.53,1008.53,Completed
7148,2327,2024-09-01,Paid Ads,South,1155.16,0.0,0.0,1155.16,1155.16,Completed
7149,2327,2025-04-28,Paid Ads,South,614.52,0.0,0.0,614.52,614.52,Completed
7150,2327,2025-06-08,Email,South,234.86,0.0,0.0,234.86,234.86,Completed
7151,2327,2025-11-09,Organic Search,South,226.2,0.0,0.0,226.2,226.2,Completed
7152,2328,2025-11-28,Paid Ads,North,793.35,119.0,0.0,674.35,674.35,Completed
7153,2329,2024-01-24,Direct,South,498.37,49.84,0.0,448.53,448.53,Completed
7154,2330,2024-07-09,Organic Search,West,212.77,0.0,0.0,212.77,212.77,Completed
7155,2330,2024-09-18,Paid Ads,West,140.08,0.0,0.0,140.08,140.08,Completed
7156,2330,2024-09-30,Direct,West,175.65,17.57,0.0,158.08,158.08,Completed
7157,2330,2025-03-27,Paid Ads,West,204.3,0.0,0.0,204.3,204.3,Completed
7158,2330,2025-04-27,Email,West,679.74,101.96,0.0,577.78,577.78,Completed
7159,2330,2025-05-14,Paid Ads,West,1200.55,120.06,0.0,1080.49,1080.49,Completed
7160,2330,2025-06-27,Direct,West,489.33,0.0,0.0,489.33,489.33,Completed
7161,2331,2024-08-27,Organic Search,North,1281.44,192.22,0.0,1089.22,1089.22,Completed
7162,2331,2024-09-07,Organic Search,North,269.66,0.0,0.0,269.66,269.66,Completed
7163,2331,2025-02-27,Paid Ads,North,6.42,1.28,7.05,12.19,12.19,Completed
7164,2331,2025-05-09,Paid Ads,North,111.83,16.77,0.0,95.06,95.06,Completed
7165,2331,2025-06-09,Organic Search,North,189.2,0.0,0.0,0.0,189.2,Returned
7166,2331,2025-06-12,Organic Search,North,370.82,18.54,0.0,0.0,352.28,Returned
7167,2331,2025-10-14,Paid Ads,North,266.23,0.0,0.0,266.23,266.23,Completed
7168,2332,2025-01-24,Email,North,659.71,98.96,0.0,560.75,560.75,Completed
7169,2332,2025-02-17,Email,North,850.34,0.0,0.0,850.34,850.34,Completed
7170,2335,2023-07-22,Paid Ads,West,37.87,1.89,4.25,40.23,40.23,Completed
7171,2335,2024-10-16,Paid Ads,West,800.08,0.0,0.0,800.08,800.08,Completed
7172,2336,2023-11-11,Email,North,888.01,0.0,0.0,888.01,888.01,Completed
7173,2336,2024-08-09,Paid Ads,North,29.09,0.0,6.29,35.38,35.38,Completed
7174,2336,2025-04-30,Email,North,387.66,19.38,0.0,368.28,368.28,Completed
7175,2337,2025-03-28,Paid Ads,North,173.59,0.0,0.0,173.59,173.59,Completed
7176,2338,2025-02-25,Direct,East,662.36,99.35,0.0,563.01,563.01,Completed
7177,2339,2023-08-21,Paid Ads,West,643.89,64.39,0.0,579.5,579.5,Completed
7178,2339,2025-07-12,Organic Search,West,841.11,0.0,0.0,841.11,841.11,Completed
7179,2339,2025-08-06,Email,West,369.3,18.46,0.0,350.84,350.84,Completed
7180,2340,2024-06-24,Paid Ads,West,538.16,0.0,0.0,538.16,538.16,Completed
7181,2340,2024-08-14,Organic Search,West,56.58,0.0,4.4,60.98,60.98,Completed
7182,2340,2025-02-05,Social Media,West,89.11,0.0,0.0,89.11,89.11,Completed
7183,2343,2024-04-02,Organic Search,South,371.53,37.15,0.0,334.38,334.38,Completed
7184,2343,2024-07-21,Email,South,18.84,1.88,6.64,23.6,23.6,Completed
7185,2343,2024-09-22,Direct,South,47.41,0.0,5.8,53.21,53.21,Completed
7186,2344,2024-05-02,Organic Search,West,42.42,4.24,8.14,46.32,46.32,Completed
7187,2344,2024-10-21,Social Media,West,479.45,47.94,0.0,431.51,431.51,Completed
7188,2344,2024-12-05,Paid Ads,West,522.01,0.0,0.0,522.01,522.01,Completed
7189,2344,2025-06-07,Email,West,399.58,19.98,0.0,379.6,379.6,Completed
7190,2344,2025-07-11,Direct,West,225.36,0.0,0.0,225.36,225.36,Completed
7191,2344,2025-07-16,Direct,West,1918.66,95.93,0.0,1822.73,1822.73,Completed
7192,2344,2025-08-07,Social Media,West,21.74,1.09,4.56,25.21,25.21,Completed
7193,2345,2024-12-05,Organic Search,South,148.12,7.41,0.0,140.71,140.71,Completed
7194,2345,2025-06-17,Paid Ads,South,30.08,0.0,5.29,35.37,35.37,Completed
7195,2345,2025-07-04,Organic Search,South,1250.4,125.04,0.0,1125.36,1125.36,Completed
7196,2346,2024-02-25,Organic Search,South,857.86,171.57,0.0,686.29,686.29,Completed
7197,2346,2024-04-09,Direct,South,780.31,78.03,0.0,702.28,702.28,Completed
7198,2346,2024-06-01,Organic Search,South,53.81,2.69,6.2,57.32,57.32,Completed
7199,2346,2024-10-02,Paid Ads,South,1088.97,0.0,0.0,1088.97,1088.97,Completed
7200,2346,2025-03-13,Email,South,25.76,1.29,5.87,30.34,30.34,Completed
7201,2346,2025-04-12,Paid Ads,South,1050.5,0.0,0.0,1050.5,1050.5,Completed
7202,2346,2025-07-04,Paid Ads,South,475.83,0.0,0.0,475.83,475.83,Completed
7203,2346,2025-09-10,Organic Search,South,342.68,0.0,0.0,342.68,342.68,Completed
7204,2346,2025-12-01,Paid Ads,South,974.82,0.0,0.0,974.82,974.82,Completed
7205,2346,2025-12-07,Organic Search,South,152.93,7.65,0.0,145.28,145.28,Completed
7206,2348,2025-03-14,Email,North,2034.16,406.83,0.0,1627.33,1627.33,Completed
7207,2350,2025-01-15,Paid Ads,South,169.51,0.0,0.0,169.51,169.51,Completed
7208,2351,2023-12-18,Direct,Central,670.44,100.57,0.0,569.87,569.87,Completed
7209,2352,2023-11-18,Organic Search,Central,64.55,0.0,4.67,69.22,69.22,Completed
7210,2352,2023-12-01,Email,Central,1111.76,222.35,0.0,889.41,889.41,Completed
7211,2352,2024-08-25,Social Media,Central,1384.57,0.0,0.0,1384.57,1384.57,Completed
7212,2352,2025-09-11,Paid Ads,Central,1068.62,53.43,0.0,1015.19,1015.19,Completed
7213,2353,2024-02-17,Social Media,South,572.1,57.21,0.0,514.89,514.89,Completed
7214,2353,2024-03-16,Email,South,712.1,0.0,0.0,712.1,712.1,Completed
7215,2353,2024-04-25,Direct,South,318.24,0.0,0.0,0.0,318.24,Returned
7216,2353,2024-06-18,Email,South,861.28,0.0,0.0,861.28,861.28,Completed
7217,2353,2024-09-02,Social Media,South,708.13,35.41,0.0,672.72,672.72,Completed
7218,2353,2024-09-25,Email,South,16.82,0.84,8.27,24.25,24.25,Completed
7219,2356,2023-10-21,Referral,South,17.26,0.0,4.04,21.3,21.3,Completed
7220,2356,2024-01-04,Organic Search,South,110.6,0.0,0.0,110.6,110.6,Completed
7221,2356,2024-05-12,Direct,South,1088.42,0.0,0.0,1088.42,1088.42,Completed
7222,2356,2024-08-26,Paid Ads,South,40.96,0.0,7.96,48.92,48.92,Completed
7223,2356,2025-01-04,Social Media,South,38.77,3.88,7.08,41.97,41.97,Completed
7224,2357,2024-03-06,Organic Search,South,1702.39,0.0,0.0,1702.39,1702.39,Completed
7225,2357,2024-09-09,Social Media,South,1241.8,0.0,0.0,1241.8,1241.8,Completed
7226,2357,2024-09-24,Social Media,South,29.42,2.94,8.62,35.1,35.1,Completed
7227,2357,2025-01-23,Social Media,South,38.65,1.93,8.43,45.15,45.15,Completed
7228,2357,2025-08-01,Direct,South,25.81,1.29,7.88,32.4,32.4,Completed
7229,2358,2024-08-06,Organic Search,Central,543.8,0.0,0.0,543.8,543.8,Completed
7230,2358,2025-01-21,Social Media,Central,64.05,0.0,5.28,69.33,69.33,Completed
7231,2358,2025-02-05,Organic Search,Central,469.16,0.0,0.0,469.16,469.16,Completed
7232,2358,2025-03-11,Direct,Central,101.7,10.17,0.0,91.53,91.53,Completed
7233,2358,2025-08-29,Organic Search,Central,115.77,17.37,0.0,98.4,98.4,Completed
7234,2359,2025-08-21,Organic Search,East,79.66,0.0,0.0,79.66,79.66,Completed
7235,2360,2025-12-18,Social Media,West,360.64,18.03,0.0,342.61,342.61,Completed
7236,2361,2024-04-25,Social Media,North,104.59,0.0,0.0,104.59,104.59,Completed
7237,2362,2024-10-17,Social Media,East,39.08,0.0,7.56,46.64,46.64,Completed
7238,2362,2025-05-01,Social Media,East,493.05,24.65,0.0,468.4,468.4,Completed
7239,2362,2025-11-01,Paid Ads,East,184.13,27.62,0.0,0.0,156.51,Returned
7240,2363,2025-12-17,Direct,North,660.97,0.0,0.0,660.97,660.97,Completed
7241,2364,2023-11-28,Paid Ads,North,723.84,0.0,0.0,723.84,723.84,Completed
7242,2364,2023-11-29,Direct,North,289.32,0.0,0.0,289.32,289.32,Completed
7243,2364,2024-02-16,Email,North,618.55,0.0,0.0,618.55,618.55,Completed
7244,2364,2024-04-02,Direct,North,985.03,98.5,0.0,886.53,886.53,Completed
7245,2364,2024-04-25,Direct,North,1102.72,0.0,0.0,0.0,1102.72,Returned
7246,2364,2024-07-27,Social Media,North,751.09,37.55,0.0,713.54,713.54,Completed
7247,2364,2024-09-06,Direct,North,457.14,0.0,0.0,457.14,457.14,Completed
7248,2364,2024-10-12,Social Media,North,1168.56,0.0,0.0,1168.56,1168.56,Completed
7249,2364,2024-10-20,Social Media,North,395.36,0.0,0.0,395.36,395.36,Completed
7250,2364,2024-11-18,Organic Search,North,474.82,47.48,0.0,427.34,427.34,Completed
7251,2364,2025-01-09,Direct,North,300.96,15.05,0.0,285.91,285.91,Completed
7252,2364,2025-02-22,Email,North,321.54,0.0,0.0,321.54,321.54,Completed
7253,2364,2025-05-15,Paid Ads,North,641.5,0.0,0.0,641.5,641.5,Completed
7254,2364,2025-06-16,Paid Ads,North,19.48,0.97,5.06,23.57,23.57,Completed
7255,2364,2025-07-02,Paid Ads,North,2206.46,0.0,0.0,2206.46,2206.46,Completed
7256,2364,2025-07-30,Organic Search,North,63.44,0.0,6.8,70.24,70.24,Completed
7257,2364,2025-08-06,Paid Ads,North,94.53,0.0,0.0,94.53,94.53,Completed
7258,2364,2025-11-07,Organic Search,North,489.99,0.0,0.0,489.99,489.99,Completed
7259,2365,2023-11-23,Paid Ads,North,244.39,24.44,0.0,219.95,219.95,Completed
7260,2365,2024-07-08,Direct,North,256.47,12.82,0.0,243.65,243.65,Completed
7261,2365,2024-10-30,Paid Ads,North,515.55,51.56,0.0,463.99,463.99,Completed
7262,2367,2024-10-02,Organic Search,South,266.7,0.0,0.0,266.7,266.7,Completed
7263,2367,2024-10-23,Email,South,36.32,3.63,6.93,39.62,39.62,Completed
7264,2367,2025-01-08,Organic Search,South,336.42,0.0,0.0,336.42,336.42,Completed
7265,2367,2025-04-03,Social Media,South,55.08,0.0,7.04,62.12,62.12,Completed
7266,2367,2025-05-28,Paid Ads,South,406.7,20.34,0.0,386.36,386.36,Completed
7267,2367,2025-06-22,Referral,South,351.24,0.0,0.0,351.24,351.24,Completed
7268,2367,2025-07-05,Email,South,878.56,175.71,0.0,702.85,702.85,Completed
7269,2367,2025-09-03,Paid Ads,South,181.22,0.0,0.0,181.22,181.22,Completed
7270,2368,2024-06-06,Referral,North,80.67,0.0,0.0,80.67,80.67,Completed
7271,2368,2024-08-27,Paid Ads,North,821.25,0.0,0.0,821.25,821.25,Completed
7272,2368,2024-12-26,Paid Ads,North,478.76,0.0,0.0,0.0,478.76,Returned
7273,2368,2025-02-13,Organic Search,North,1152.17,115.22,0.0,1036.95,1036.95,Completed
7274,2368,2025-02-20,Organic Search,North,894.6,0.0,0.0,894.6,894.6,Completed
7275,2368,2025-02-22,Email,North,54.43,8.16,8.56,54.83,54.83,Completed
7276,2369,2024-03-29,Social Media,South,183.76,0.0,0.0,183.76,183.76,Completed
7277,2369,2024-04-04,Direct,South,1263.48,0.0,0.0,1263.48,1263.48,Completed
7278,2369,2024-07-03,Organic Search,South,824.38,0.0,0.0,824.38,824.38,Completed
7279,2370,2023-07-05,Social Media,North,254.31,0.0,0.0,254.31,254.31,Completed
7280,2370,2023-07-08,Paid Ads,North,1100.84,0.0,0.0,1100.84,1100.84,Completed
7281,2370,2023-07-29,Referral,North,276.67,0.0,0.0,276.67,276.67,Completed
7282,2370,2024-02-03,Organic Search,North,281.23,28.12,0.0,253.11,253.11,Completed
7283,2370,2025-08-12,Email,North,516.2,0.0,0.0,516.2,516.2,Completed
7284,2371,2023-04-19,Social Media,West,169.53,0.0,0.0,169.53,169.53,Completed
7285,2371,2024-01-03,Referral,West,2245.02,112.25,0.0,2132.77,2132.77,Completed
7286,2371,2024-11-11,Paid Ads,West,276.5,0.0,0.0,276.5,276.5,Completed
7287,2371,2025-06-10,Organic Search,West,107.96,0.0,0.0,107.96,107.96,Completed
7288,2372,2024-03-25,Email,West,660.21,0.0,0.0,660.21,660.21,Completed
7289,2372,2024-06-23,Social Media,West,411.54,41.15,0.0,370.39,370.39,Completed
7290,2372,2024-07-02,Organic Search,West,918.44,183.69,0.0,734.75,734.75,Completed
7291,2372,2025-05-25,Organic Search,West,26.66,2.67,4.43,28.42,28.42,Completed
7292,2372,2025-10-30,Direct,West,233.26,0.0,0.0,233.26,233.26,Completed
7293,2373,2025-04-30,Direct,West,428.69,0.0,0.0,428.69,428.69,Completed
7294,2373,2025-09-07,Social Media,West,56.97,2.85,6.02,60.14,60.14,Completed
7295,2374,2023-10-10,Organic Search,West,33.49,1.67,8.02,0.0,39.84,Returned
7296,2374,2023-10-20,Social Media,West,408.78,0.0,0.0,408.78,408.78,Completed
7297,2374,2023-12-07,Social Media,West,7.02,1.4,8.5,14.12,14.12,Completed
7298,2374,2023-12-29,Organic Search,West,199.04,19.9,0.0,179.14,179.14,Completed
7299,2374,2024-05-28,Organic Search,West,184.98,27.75,0.0,0.0,157.23,Returned
7300,2375,2025-01-06,Paid Ads,North,88.27,8.83,0.0,79.44,79.44,Completed
7301,2375,2025-11-11,Paid Ads,North,193.58,0.0,0.0,193.58,193.58,Completed
7302,2376,2025-07-21,Paid Ads,West,46.31,9.26,8.86,45.91,45.91,Completed
7303,2377,2025-02-23,Paid Ads,South,653.03,0.0,0.0,653.03,653.03,Completed
7304,2381,2025-10-28,Direct,East,52.2,0.0,4.33,56.53,56.53,Completed
7305,2382,2024-04-01,Email,Central,633.58,0.0,0.0,633.58,633.58,Completed
7306,2382,2024-04-04,Direct,Central,351.26,17.56,0.0,333.7,333.7,Completed
7307,2382,2024-04-21,Referral,Central,13.53,0.0,6.49,20.02,20.02,Completed
7308,2382,2024-05-27,Email,Central,94.07,0.0,0.0,94.07,94.07,Completed
7309,2382,2024-09-27,Paid Ads,Central,620.12,124.02,0.0,496.1,496.1,Completed
7310,2382,2024-10-19,Social Media,Central,1041.31,156.2,0.0,885.11,885.11,Completed
7311,2382,2025-03-25,Organic Search,Central,358.83,0.0,0.0,358.83,358.83,Completed
7312,2382,2025-07-30,Organic Search,Central,495.38,0.0,0.0,495.38,495.38,Completed
7313,2383,2024-09-11,Paid Ads,North,119.53,0.0,0.0,119.53,119.53,Completed
7314,2383,2024-09-25,Social Media,North,711.99,0.0,0.0,711.99,711.99,Completed
7315,2383,2024-11-04,Direct,North,2607.69,0.0,0.0,2607.69,2607.69,Completed
7316,2384,2023-08-28,Paid Ads,West,814.31,0.0,0.0,814.31,814.31,Completed
7317,2384,2023-10-15,Organic Search,West,168.33,25.25,0.0,143.08,143.08,Completed
7318,2384,2023-11-03,Email,West,546.71,54.67,0.0,492.04,492.04,Completed
7319,2384,2024-04-12,Email,West,2287.68,343.15,0.0,1944.53,1944.53,Completed
7320,2384,2024-07-27,Social Media,West,46.36,0.0,5.35,51.71,51.71,Completed
7321,2384,2025-09-13,Paid Ads,West,391.2,39.12,0.0,352.08,352.08,Completed
7322,2386,2023-06-29,Organic Search,East,484.75,0.0,0.0,484.75,484.75,Completed
7323,2386,2024-04-05,Email,East,362.38,18.12,0.0,344.26,344.26,Completed
7324,2386,2024-04-21,Direct,East,27.3,1.37,5.41,31.34,31.34,Completed
7325,2386,2024-04-29,Referral,East,338.34,0.0,0.0,338.34,338.34,Completed
7326,2386,2024-05-05,Email,East,65.26,0.0,6.1,71.36,71.36,Completed
7327,2386,2024-08-09,Email,East,990.31,49.52,0.0,940.79,940.79,Completed
7328,2386,2024-09-05,Social Media,East,42.21,0.0,6.0,48.21,48.21,Completed
7329,2386,2024-09-08,Social Media,East,369.28,18.46,0.0,350.82,350.82,Completed
7330,2386,2024-11-27,Direct,East,63.64,0.0,5.17,68.81,68.81,Completed
7331,2386,2024-12-16,Social Media,East,1952.1,195.21,0.0,1756.89,1756.89,Completed
7332,2386,2025-02-11,Organic Search,East,1422.46,0.0,0.0,1422.46,1422.46,Completed
7333,2386,2025-03-18,Organic Search,East,298.76,0.0,0.0,298.76,298.76,Completed
7334,2386,2025-03-31,Organic Search,East,36.36,3.64,6.34,39.06,39.06,Completed
7335,2386,2025-05-10,Organic Search,East,920.76,0.0,0.0,920.76,920.76,Completed
7336,2386,2025-09-06,Paid Ads,East,183.21,18.32,0.0,164.89,164.89,Completed
7337,2386,2025-10-24,Paid Ads,East,440.04,22.0,0.0,418.04,418.04,Completed
7338,2387,2024-01-19,Paid Ads,South,520.98,0.0,0.0,520.98,520.98,Completed
7339,2387,2024-04-23,Social Media,South,865.2,129.78,0.0,735.42,735.42,Completed
7340,2388,2024-12-12,Paid Ads,West,790.93,39.55,0.0,751.38,751.38,Completed
7341,2389,2025-07-08,Email,Central,24.14,0.0,7.84,31.98,31.98,Completed
7342,2389,2025-12-10,Paid Ads,Central,240.92,24.09,0.0,216.83,216.83,Completed
7343,2390,2024-03-29,Paid Ads,East,109.03,16.35,0.0,92.68,92.68,Completed
7344,2390,2024-05-03,Direct,East,717.39,107.61,0.0,609.78,609.78,Completed
7345,2390,2025-01-08,Email,East,464.88,69.73,0.0,395.15,395.15,Completed
7346,2391,2024-09-20,Social Media,North,79.41,0.0,0.0,79.41,79.41,Completed
7347,2391,2024-12-04,Organic Search,North,567.68,56.77,0.0,510.91,510.91,Completed
7348,2391,2025-02-10,Paid Ads,North,292.11,0.0,0.0,292.11,292.11,Completed
7349,2391,2025-02-17,Social Media,North,353.1,0.0,0.0,353.1,353.1,Completed
7350,2391,2025-05-01,Email,North,342.83,51.42,0.0,291.41,291.41,Completed
7351,2391,2025-06-29,Referral,North,1176.5,0.0,0.0,1176.5,1176.5,Completed
7352,2391,2025-12-06,Direct,North,62.84,0.0,4.89,67.73,67.73,Completed
7353,2391,2025-12-23,Social Media,North,376.94,0.0,0.0,376.94,376.94,Completed
7354,2392,2024-03-13,Paid Ads,North,35.6,1.78,8.34,42.16,42.16,Completed
7355,2392,2025-01-23,Email,North,1024.43,102.44,0.0,921.99,921.99,Completed
7356,2393,2023-12-03,Organic Search,South,340.78,0.0,0.0,340.78,340.78,Completed
7357,2394,2024-04-14,Social Media,East,122.07,12.21,0.0,0.0,109.86,Returned
7358,2394,2024-05-07,Email,East,71.29,0.0,6.49,77.78,77.78,Completed
7359,2395,2024-05-10,Paid Ads,South,582.05,0.0,0.0,582.05,582.05,Completed
7360,2395,2024-12-30,Referral,South,29.38,1.47,5.68,33.59,33.59,Completed
7361,2395,2025-03-27,Paid Ads,South,188.5,18.85,0.0,169.65,169.65,Completed
7362,2395,2025-05-03,Social Media,South,73.18,0.0,7.44,80.62,80.62,Completed
7363,2395,2025-05-20,Paid Ads,South,1629.64,0.0,0.0,1629.64,1629.64,Completed
7364,2396,2024-12-22,Direct,South,100.4,0.0,0.0,100.4,100.4,Completed
7365,2396,2025-01-14,Direct,South,20.06,0.0,4.84,24.9,24.9,Completed
7366,2396,2025-05-13,Social Media,South,266.2,0.0,0.0,266.2,266.2,Completed
7367,2397,2024-07-29,Social Media,East,277.8,0.0,0.0,277.8,277.8,Completed
7368,2397,2025-02-16,Direct,East,181.45,0.0,0.0,181.45,181.45,Completed
7369,2397,2025-09-27,Paid Ads,East,372.34,0.0,0.0,372.34,372.34,Completed
7370,2398,2025-09-25,Paid Ads,South,268.59,0.0,0.0,268.59,268.59,Completed
7371,2398,2025-10-24,Organic Search,South,41.29,0.0,4.12,45.41,45.41,Completed
7372,2399,2024-04-30,Paid Ads,North,697.53,69.75,0.0,627.78,627.78,Completed
7373,2399,2025-04-20,Social Media,North,73.39,0.0,7.12,80.51,80.51,Completed
7374,2399,2025-12-08,Organic Search,North,57.4,2.87,6.6,61.13,61.13,Completed
7375,2399,2025-12-09,Email,North,73.68,0.0,5.9,79.58,79.58,Completed
7376,2400,2025-06-02,Social Media,Central,774.68,0.0,0.0,774.68,774.68,Completed
7377,2401,2025-02-14,Email,East,581.56,0.0,0.0,581.56,581.56,Completed
7378,2403,2023-06-11,Email,North,107.26,0.0,0.0,107.26,107.26,Completed
7379,2403,2023-08-06,Email,North,242.82,12.14,0.0,230.68,230.68,Completed
7380,2403,2023-09-09,Direct,North,2358.55,0.0,0.0,2358.55,2358.55,Completed
7381,2403,2023-09-22,Paid Ads,North,124.18,0.0,0.0,124.18,124.18,Completed
7382,2403,2023-10-12,Organic Search,North,79.8,3.99,0.0,0.0,75.81,Returned
7383,2403,2024-01-24,Paid Ads,North,863.33,0.0,0.0,863.33,863.33,Completed
7384,2403,2024-04-05,Direct,North,254.7,0.0,0.0,254.7,254.7,Completed
7385,2403,2024-12-05,Paid Ads,North,91.49,0.0,0.0,91.49,91.49,Completed
7386,2403,2025-02-12,Organic Search,North,1431.45,0.0,0.0,0.0,1431.45,Returned
7387,2404,2025-10-06,Social Media,Central,2629.29,0.0,0.0,2629.29,2629.29,Completed
7388,2404,2025-10-14,Referral,Central,572.1,0.0,0.0,572.1,572.1,Completed
7389,2405,2025-03-13,Email,South,60.97,9.15,6.51,58.33,58.33,Completed
7390,2406,2024-07-15,Direct,Central,365.37,0.0,0.0,0.0,365.37,Returned
7391,2408,2025-05-15,Social Media,North,110.83,0.0,0.0,110.83,110.83,Completed
7392,2408,2025-06-07,Email,North,127.65,0.0,0.0,127.65,127.65,Completed
7393,2408,2025-06-22,Social Media,North,90.92,0.0,0.0,90.92,90.92,Completed
7394,2408,2025-07-05,Social Media,North,28.61,0.0,4.18,32.79,32.79,Completed
7395,2409,2024-01-27,Social Media,North,179.78,0.0,0.0,179.78,179.78,Completed
7396,2409,2024-03-01,Email,North,600.68,0.0,0.0,600.68,600.68,Completed
7397,2409,2024-05-29,Referral,North,894.21,0.0,0.0,894.21,894.21,Completed
7398,2409,2024-06-06,Organic Search,North,102.2,0.0,0.0,102.2,102.2,Completed
7399,2409,2024-10-07,Organic Search,North,495.6,0.0,0.0,495.6,495.6,Completed
7400,2409,2025-01-25,Direct,North,1450.13,72.51,0.0,0.0,1377.62,Returned
7401,2409,2025-05-15,Referral,North,590.49,0.0,0.0,590.49,590.49,Completed
7402,2409,2025-05-31,Referral,North,275.3,13.76,0.0,261.54,261.54,Completed
7403,2409,2025-06-23,Paid Ads,North,18.65,0.0,4.61,23.26,23.26,Completed
7404,2409,2025-08-13,Direct,North,281.11,14.06,0.0,267.05,267.05,Completed
7405,2409,2025-10-22,Referral,North,18.55,1.86,4.48,21.17,21.17,Completed
7406,2409,2025-10-28,Social Media,North,65.56,0.0,6.8,72.36,72.36,Completed
7407,2410,2024-08-13,Social Media,West,1042.77,156.42,0.0,886.35,886.35,Completed
7408,2410,2024-12-10,Organic Search,West,601.28,120.26,0.0,481.02,481.02,Completed
7409,2411,2024-09-21,Paid Ads,North,395.79,0.0,0.0,395.79,395.79,Completed
7410,2411,2025-04-10,Social Media,North,20.28,0.0,7.98,28.26,28.26,Completed
7411,2412,2024-01-02,Referral,West,206.93,0.0,0.0,206.93,206.93,Completed
7412,2412,2024-05-31,Social Media,West,1312.94,262.59,0.0,1050.35,1050.35,Completed
7413,2412,2024-08-09,Paid Ads,West,321.15,32.12,0.0,289.03,289.03,Completed
7414,2412,2024-09-13,Organic Search,West,567.59,0.0,0.0,0.0,567.59,Returned
7415,2412,2024-11-09,Social Media,West,474.93,23.75,0.0,451.18,451.18,Completed
7416,2412,2025-01-03,Organic Search,West,233.23,0.0,0.0,233.23,233.23,Completed
7417,2412,2025-07-25,Email,West,104.6,5.23,0.0,99.37,99.37,Completed
7418,2412,2025-09-19,Organic Search,West,189.79,9.49,0.0,180.3,180.3,Completed
7419,2412,2025-12-12,Organic Search,West,239.46,0.0,0.0,239.46,239.46,Completed
7420,2413,2024-01-23,Paid Ads,South,41.46,6.22,7.13,42.37,42.37,Completed
7421,2413,2025-01-15,Organic Search,South,824.53,0.0,0.0,824.53,824.53,Completed
7422,2414,2025-06-15,Paid Ads,East,36.27,0.0,8.75,45.02,45.02,Completed
7423,2414,2025-07-06,Paid Ads,East,470.19,0.0,0.0,470.19,470.19,Completed
7424,2414,2025-10-06,Paid Ads,East,153.58,0.0,0.0,153.58,153.58,Completed
7425,2415,2025-08-17,Paid Ads,South,225.16,0.0,0.0,225.16,225.16,Completed
7426,2416,2024-04-10,Email,North,240.6,0.0,0.0,240.6,240.6,Completed
7427,2416,2024-11-09,Organic Search,North,1791.31,0.0,0.0,1791.31,1791.31,Completed
7428,2416,2025-04-28,Paid Ads,North,62.19,0.0,8.68,70.87,70.87,Completed
7429,2417,2023-04-17,Email,West,411.65,0.0,0.0,411.65,411.65,Completed
7430,2417,2023-08-31,Organic Search,West,310.59,31.06,0.0,279.53,279.53,Completed
7431,2417,2023-10-15,Social Media,West,1024.92,0.0,0.0,1024.92,1024.92,Completed
7432,2417,2023-11-04,Organic Search,West,296.0,29.6,0.0,266.4,266.4,Completed
7433,2419,2024-07-28,Email,Central,339.2,0.0,0.0,0.0,339.2,Returned
7434,2419,2024-10-08,Paid Ads,Central,245.95,36.89,0.0,209.06,209.06,Completed
7435,2420,2025-04-09,Paid Ads,Central,572.6,0.0,0.0,572.6,572.6,Completed
7436,2421,2024-01-11,Direct,South,1208.52,0.0,0.0,1208.52,1208.52,Completed
7437,2421,2024-02-05,Social Media,South,393.55,0.0,0.0,393.55,393.55,Completed
7438,2421,2024-03-10,Direct,South,392.01,0.0,0.0,392.01,392.01,Completed
7439,2421,2024-05-22,Email,South,77.24,0.0,0.0,77.24,77.24,Completed
7440,2421,2024-06-12,Organic Search,South,548.57,0.0,0.0,548.57,548.57,Completed
7441,2421,2024-07-14,Social Media,South,71.38,10.71,7.41,68.08,68.08,Completed
7442,2421,2024-08-24,Direct,South,48.14,4.81,5.96,49.29,49.29,Completed
7443,2421,2024-12-05,Referral,South,872.91,0.0,0.0,872.91,872.91,Completed
7444,2421,2025-02-24,Email,South,118.74,0.0,0.0,118.74,118.74,Completed
7445,2421,2025-02-28,Email,South,167.2,16.72,0.0,150.48,150.48,Completed
7446,2421,2025-02-28,Paid Ads,South,115.32,11.53,0.0,103.79,103.79,Completed
7447,2421,2025-03-03,Paid Ads,South,601.73,0.0,0.0,601.73,601.73,Completed
7448,2421,2025-08-01,Direct,South,201.3,20.13,0.0,181.17,181.17,Completed
7449,2421,2025-08-10,Organic Search,South,289.8,14.49,0.0,275.31,275.31,Completed
7450,2421,2025-11-30,Paid Ads,South,457.27,22.86,0.0,434.41,434.41,Completed
7451,2421,2025-12-18,Social Media,South,150.48,0.0,0.0,150.48,150.48,Completed
7452,2423,2024-11-28,Email,South,223.75,0.0,0.0,223.75,223.75,Completed
7453,2424,2024-08-03,Social Media,West,2275.0,0.0,0.0,2275.0,2275.0,Completed
7454,2424,2025-05-21,Social Media,West,590.21,29.51,0.0,560.7,560.7,Completed
7455,2424,2025-07-23,Paid Ads,West,1873.23,0.0,0.0,1873.23,1873.23,Completed
7456,2425,2023-02-14,Email,East,1003.33,0.0,0.0,1003.33,1003.33,Completed
7457,2425,2023-09-25,Organic Search,East,198.58,0.0,0.0,198.58,198.58,Completed
7458,2425,2024-02-13,Email,East,935.77,140.37,0.0,795.4,795.4,Completed
7459,2425,2024-02-18,Social Media,East,75.76,0.0,0.0,75.76,75.76,Completed
7460,2425,2024-05-20,Direct,East,326.67,0.0,0.0,326.67,326.67,Completed
7461,2425,2025-03-20,Paid Ads,East,735.77,0.0,0.0,735.77,735.77,Completed
7462,2425,2025-03-28,Organic Search,East,223.34,33.5,0.0,189.84,189.84,Completed
7463,2425,2025-04-25,Social Media,East,53.76,8.06,7.87,53.57,53.57,Completed
7464,2425,2025-08-08,Social Media,East,171.12,0.0,0.0,171.12,171.12,Completed
7465,2425,2025-10-03,Direct,East,62.29,3.11,7.62,66.8,66.8,Completed
7466,2426,2024-02-23,Email,South,185.67,0.0,0.0,185.67,185.67,Completed
7467,2426,2024-03-05,Social Media,South,287.18,43.08,0.0,244.1,244.1,Completed
7468,2426,2024-04-03,Direct,South,158.43,7.92,0.0,150.51,150.51,Completed
7469,2426,2024-07-06,Organic Search,South,1133.13,0.0,0.0,1133.13,1133.13,Completed
7470,2426,2024-08-04,Paid Ads,South,627.04,62.7,0.0,564.34,564.34,Completed
7471,2427,2023-05-27,Direct,South,261.9,0.0,0.0,261.9,261.9,Completed
7472,2427,2023-11-03,Direct,South,730.2,109.53,0.0,620.67,620.67,Completed
7473,2427,2024-02-27,Direct,South,1285.3,0.0,0.0,1285.3,1285.3,Completed
7474,2427,2024-06-07,Paid Ads,South,397.74,0.0,0.0,397.74,397.74,Completed
7475,2427,2024-08-15,Paid Ads,South,500.35,0.0,0.0,500.35,500.35,Completed
7476,2428,2024-03-05,Direct,East,466.24,0.0,0.0,466.24,466.24,Completed
7477,2429,2024-12-02,Organic Search,Central,388.03,0.0,0.0,388.03,388.03,Completed
7478,2429,2025-01-10,Email,Central,151.82,0.0,0.0,151.82,151.82,Completed
7479,2429,2025-04-28,Organic Search,Central,127.21,6.36,0.0,120.85,120.85,Completed
7480,2430,2023-10-20,Organic Search,East,1959.86,97.99,0.0,1861.87,1861.87,Completed
7481,2430,2023-12-23,Organic Search,East,91.98,4.6,0.0,87.38,87.38,Completed
7482,2431,2023-10-01,Paid Ads,South,51.18,7.68,4.95,48.45,48.45,Completed
7483,2431,2024-06-07,Organic Search,South,671.52,0.0,0.0,671.52,671.52,Completed
7484,2431,2025-04-14,Social Media,South,278.24,27.82,0.0,250.42,250.42,Completed
7485,2431,2025-06-07,Email,South,52.62,0.0,4.89,57.51,57.51,Completed
7486,2431,2025-06-16,Email,South,623.08,31.15,0.0,591.93,591.93,Completed
7487,2432,2025-07-17,Referral,North,441.16,44.12,0.0,397.04,397.04,Completed
7488,2432,2025-08-13,Social Media,North,478.79,0.0,0.0,478.79,478.79,Completed
7489,2433,2024-12-12,Direct,North,461.38,69.21,0.0,392.17,392.17,Completed
7490,2433,2025-01-25,Organic Search,North,2233.77,0.0,0.0,2233.77,2233.77,Completed
7491,2433,2025-03-06,Social Media,North,80.2,0.0,0.0,80.2,80.2,Completed
7492,2433,2025-04-14,Social Media,North,293.55,0.0,0.0,293.55,293.55,Completed
7493,2434,2024-10-15,Paid Ads,Central,137.88,0.0,0.0,137.88,137.88,Completed
7494,2434,2024-12-07,Direct,Central,1208.44,181.27,0.0,1027.17,1027.17,Completed
7495,2435,2024-12-24,Organic Search,Central,3888.79,388.88,0.0,3499.91,3499.91,Completed
7496,2436,2025-07-12,Paid Ads,South,502.72,0.0,0.0,502.72,502.72,Completed
7497,2437,2023-09-15,Direct,Central,1094.92,0.0,0.0,1094.92,1094.92,Completed
7498,2437,2023-12-08,Paid Ads,Central,539.24,26.96,0.0,512.28,512.28,Completed
7499,2437,2023-12-29,Paid Ads,Central,213.06,0.0,0.0,213.06,213.06,Completed
7500,2437,2024-01-24,Organic Search,Central,652.17,0.0,0.0,652.17,652.17,Completed
7501,2437,2024-07-18,Organic Search,Central,202.09,0.0,0.0,202.09,202.09,Completed
7502,2437,2025-08-15,Paid Ads,Central,147.54,0.0,0.0,147.54,147.54,Completed
7503,2438,2023-11-11,Organic Search,South,120.86,0.0,0.0,120.86,120.86,Completed
7504,2438,2023-12-10,Social Media,South,690.46,0.0,0.0,690.46,690.46,Completed
7505,2439,2023-05-20,Email,North,596.59,0.0,0.0,596.59,596.59,Completed
7506,2439,2023-11-03,Social Media,North,166.95,0.0,0.0,0.0,166.95,Returned
7507,2439,2023-12-18,Direct,North,166.42,0.0,0.0,166.42,166.42,Completed
7508,2439,2024-01-12,Organic Search,North,4.71,0.0,6.49,11.2,11.2,Completed
7509,2439,2024-02-19,Social Media,North,1637.19,0.0,0.0,1637.19,1637.19,Completed
7510,2441,2024-01-31,Paid Ads,Central,230.7,0.0,0.0,230.7,230.7,Completed
7511,2442,2025-10-17,Email,East,15.81,0.79,6.71,21.73,21.73,Completed
7512,2444,2025-07-01,Email,Central,112.08,11.21,0.0,100.87,100.87,Completed
7513,2444,2025-08-17,Social Media,Central,425.6,0.0,0.0,425.6,425.6,Completed
7514,2444,2025-10-22,Organic Search,Central,126.42,25.28,0.0,0.0,101.14,Returned
7515,2445,2024-10-30,Referral,North,34.42,0.0,4.85,39.27,39.27,Completed
7516,2445,2025-04-05,Email,North,873.54,43.68,0.0,829.86,829.86,Completed
7517,2445,2025-05-11,Social Media,North,180.92,9.05,0.0,171.87,171.87,Completed
7518,2445,2025-07-08,Email,North,1674.1,0.0,0.0,1674.1,1674.1,Completed
7519,2445,2025-07-12,Social Media,North,448.82,44.88,0.0,403.94,403.94,Completed
7520,2446,2025-05-06,Referral,South,607.8,121.56,0.0,486.24,486.24,Completed
7521,2446,2025-06-21,Social Media,South,426.46,42.65,0.0,0.0,383.81,Returned
7522,2447,2023-09-15,Organic Search,West,1398.1,0.0,0.0,1398.1,1398.1,Completed
7523,2447,2023-10-27,Direct,West,1037.44,51.87,0.0,985.57,985.57,Completed
7524,2447,2024-08-01,Organic Search,West,1016.09,0.0,0.0,1016.09,1016.09,Completed
7525,2447,2025-06-05,Direct,West,73.01,7.3,4.94,70.65,70.65,Completed
7526,2447,2025-08-07,Paid Ads,West,700.94,0.0,0.0,700.94,700.94,Completed
7527,2448,2024-06-11,Paid Ads,West,60.18,0.0,7.9,68.08,68.08,Completed
7528,2449,2025-04-14,Social Media,East,199.76,0.0,0.0,199.76,199.76,Completed
7529,2449,2025-07-25,Social Media,East,41.06,2.05,5.42,44.43,44.43,Completed
7530,2449,2025-09-12,Email,East,205.42,20.54,0.0,184.88,184.88,Completed
7531,2450,2024-06-24,Social Media,South,11.68,0.58,6.0,0.0,17.1,Returned
7532,2450,2025-06-04,Paid Ads,South,36.48,5.47,5.75,36.76,36.76,Completed
7533,2450,2025-09-16,Organic Search,South,169.13,0.0,0.0,169.13,169.13,Completed
7534,2452,2024-12-27,Email,East,883.06,132.46,0.0,750.6,750.6,Completed
7535,2452,2025-02-01,Paid Ads,East,713.75,142.75,0.0,571.0,571.0,Completed
7536,2452,2025-09-03,Email,East,111.76,0.0,0.0,111.76,111.76,Completed
7537,2452,2025-11-25,Organic Search,East,19.29,0.0,7.33,26.62,26.62,Completed
7538,2452,2025-12-08,Social Media,East,257.68,0.0,0.0,257.68,257.68,Completed
7539,2454,2024-10-15,Social Media,North,45.36,0.0,6.17,51.53,51.53,Completed
7540,2454,2025-01-28,Referral,North,280.48,0.0,0.0,280.48,280.48,Completed
7541,2454,2025-02-02,Direct,North,1053.26,0.0,0.0,0.0,1053.26,Returned
7542,2454,2025-08-01,Social Media,North,614.32,0.0,0.0,614.32,614.32,Completed
7543,2455,2023-11-10,Organic Search,Central,954.58,143.19,0.0,811.39,811.39,Completed
7544,2455,2024-04-29,Direct,Central,174.25,0.0,0.0,174.25,174.25,Completed
7545,2455,2024-07-30,Organic Search,Central,948.39,0.0,0.0,948.39,948.39,Completed
7546,2455,2024-09-24,Organic Search,Central,338.15,0.0,0.0,338.15,338.15,Completed
7547,2455,2024-12-14,Paid Ads,Central,200.04,10.0,0.0,190.04,190.04,Completed
7548,2455,2025-01-30,Direct,Central,84.1,16.82,0.0,67.28,67.28,Completed
7549,2455,2025-02-12,Paid Ads,Central,340.54,0.0,0.0,340.54,340.54,Completed
7550,2455,2025-04-28,Paid Ads,Central,126.99,0.0,0.0,0.0,126.99,Returned
7551,2455,2025-05-08,Paid Ads,Central,1025.33,0.0,0.0,1025.33,1025.33,Completed
7552,2455,2025-07-05,Social Media,Central,25.17,2.52,4.01,26.66,26.66,Completed
7553,2455,2025-07-08,Email,Central,99.68,9.97,0.0,89.71,89.71,Completed
7554,2456,2024-08-03,Email,East,81.76,16.35,0.0,65.41,65.41,Completed
7555,2457,2023-11-02,Email,South,250.08,0.0,0.0,250.08,250.08,Completed
7556,2457,2024-06-06,Direct,South,867.73,0.0,0.0,867.73,867.73,Completed
7557,2458,2024-07-26,Organic Search,South,257.03,25.7,0.0,231.33,231.33,Completed
7558,2459,2024-10-26,Paid Ads,East,1261.82,0.0,0.0,1261.82,1261.82,Completed
7559,2459,2025-01-06,Paid Ads,East,594.22,0.0,0.0,594.22,594.22,Completed
7560,2459,2025-01-08,Paid Ads,East,104.82,0.0,0.0,104.82,104.82,Completed
7561,2459,2025-07-02,Organic Search,East,492.1,24.61,0.0,467.49,467.49,Completed
7562,2459,2025-07-08,Paid Ads,East,312.0,15.6,0.0,296.4,296.4,Completed
7563,2459,2025-08-06,Social Media,East,129.35,0.0,0.0,129.35,129.35,Completed
7564,2459,2025-11-28,Direct,East,447.17,44.72,0.0,402.45,402.45,Completed
7565,2460,2023-07-09,Email,Central,44.78,0.0,8.7,53.48,53.48,Completed
7566,2460,2024-02-05,Email,Central,96.97,0.0,0.0,96.97,96.97,Completed
7567,2461,2023-10-17,Paid Ads,West,1638.76,0.0,0.0,1638.76,1638.76,Completed
7568,2461,2023-11-20,Organic Search,West,462.94,0.0,0.0,462.94,462.94,Completed
7569,2461,2023-12-02,Paid Ads,West,1537.76,153.78,0.0,1383.98,1383.98,Completed
7570,2461,2025-03-23,Email,West,246.73,0.0,0.0,246.73,246.73,Completed
7571,2461,2025-05-26,Paid Ads,West,786.35,39.32,0.0,747.03,747.03,Completed
7572,2463,2023-06-07,Direct,East,120.65,6.03,0.0,114.62,114.62,Completed
7573,2463,2023-08-15,Social Media,East,909.82,45.49,0.0,864.33,864.33,Completed
7574,2463,2023-11-14,Email,East,411.14,0.0,0.0,411.14,411.14,Completed
7575,2463,2024-02-16,Paid Ads,East,500.43,25.02,0.0,475.41,475.41,Completed
7576,2463,2024-07-01,Social Media,East,246.86,0.0,0.0,246.86,246.86,Completed
7577,2463,2024-07-12,Organic Search,East,2249.31,224.93,0.0,2024.38,2024.38,Completed
7578,2463,2025-07-23,Email,East,761.18,152.24,0.0,608.94,608.94,Completed
7579,2464,2025-08-07,Email,South,39.32,3.93,5.95,41.34,41.34,Completed
7580,2466,2024-11-12,Paid Ads,South,823.94,41.2,0.0,782.74,782.74,Completed
7581,2468,2023-03-16,Organic Search,East,52.57,0.0,7.87,60.44,60.44,Completed
7582,2468,2023-03-27,Direct,East,65.98,0.0,5.4,71.38,71.38,Completed
7583,2468,2023-04-22,Paid Ads,East,82.73,12.41,0.0,70.32,70.32,Completed
7584,2468,2023-10-19,Email,East,95.39,0.0,0.0,0.0,95.39,Returned
7585,2468,2023-12-21,Email,East,556.56,0.0,0.0,556.56,556.56,Completed
7586,2468,2024-02-18,Social Media,East,122.87,18.43,0.0,104.44,104.44,Completed
7587,2469,2024-02-17,Paid Ads,West,32.51,0.0,6.51,39.02,39.02,Completed
7588,2469,2025-02-14,Social Media,West,20.67,1.03,7.03,26.67,26.67,Completed
7589,2470,2024-02-02,Social Media,West,1081.53,0.0,0.0,1081.53,1081.53,Completed
7590,2470,2024-05-23,Referral,West,277.1,13.86,0.0,263.24,263.24,Completed
7591,2471,2023-08-13,Organic Search,South,426.26,21.31,0.0,404.95,404.95,Completed
7592,2471,2024-02-03,Social Media,South,17.18,3.44,4.45,18.19,18.19,Completed
7593,2471,2024-03-22,Paid Ads,South,61.18,6.12,7.48,62.54,62.54,Completed
7594,2471,2024-04-08,Paid Ads,South,157.79,7.89,0.0,149.9,149.9,Completed
7595,2472,2025-06-12,Direct,West,263.79,0.0,0.0,263.79,263.79,Completed
7596,2472,2025-09-18,Direct,West,222.41,44.48,0.0,177.93,177.93,Completed
7597,2474,2024-08-05,Referral,East,204.16,0.0,0.0,204.16,204.16,Completed
7598,2474,2025-01-21,Direct,East,42.67,2.13,5.82,46.36,46.36,Completed
7599,2475,2023-08-25,Social Media,East,296.49,0.0,0.0,296.49,296.49,Completed
7600,2475,2023-11-30,Organic Search,East,208.44,0.0,0.0,208.44,208.44,Completed
7601,2475,2024-05-12,Email,East,52.21,0.0,5.42,57.63,57.63,Completed
7602,2475,2024-05-17,Organic Search,East,169.53,0.0,0.0,169.53,169.53,Completed
7603,2475,2024-08-07,Organic Search,East,824.07,0.0,0.0,824.07,824.07,Completed
7604,2475,2024-12-12,Social Media,East,149.65,0.0,0.0,149.65,149.65,Completed
7605,2475,2025-04-13,Referral,East,610.12,0.0,0.0,0.0,610.12,Returned
7606,2475,2025-07-08,Email,East,561.31,0.0,0.0,0.0,561.31,Returned
7607,2475,2025-11-17,Paid Ads,East,413.24,0.0,0.0,413.24,413.24,Completed
7608,2476,2025-04-05,Organic Search,Central,67.62,3.38,7.71,71.95,71.95,Completed
7609,2477,2024-02-18,Social Media,East,1021.85,0.0,0.0,1021.85,1021.85,Completed
7610,2477,2024-03-19,Organic Search,East,737.82,73.78,0.0,664.04,664.04,Completed
7611,2477,2024-07-15,Email,East,1822.48,0.0,0.0,1822.48,1822.48,Completed
7612,2477,2024-07-19,Organic Search,East,186.3,0.0,0.0,186.3,186.3,Completed
7613,2477,2024-12-05,Paid Ads,East,26.18,0.0,4.8,30.98,30.98,Completed
7614,2477,2025-02-01,Direct,East,358.85,17.94,0.0,340.91,340.91,Completed
7615,2477,2025-02-09,Email,East,276.26,0.0,0.0,276.26,276.26,Completed
7616,2477,2025-09-19,Paid Ads,East,519.79,0.0,0.0,519.79,519.79,Completed
7617,2480,2023-04-26,Referral,North,52.5,10.5,4.93,46.93,46.93,Completed
7618,2480,2024-04-24,Paid Ads,North,148.84,0.0,0.0,148.84,148.84,Completed
7619,2480,2024-07-30,Social Media,North,100.04,0.0,0.0,100.04,100.04,Completed
7620,2480,2025-08-26,Email,North,842.48,0.0,0.0,842.48,842.48,Completed
7621,2481,2024-06-19,Paid Ads,North,119.08,0.0,0.0,119.08,119.08,Completed
7622,2481,2024-07-10,Email,North,180.4,0.0,0.0,180.4,180.4,Completed
7623,2481,2024-07-18,Social Media,North,275.57,0.0,0.0,275.57,275.57,Completed
7624,2481,2024-08-29,Paid Ads,North,240.56,36.08,0.0,204.48,204.48,Completed
7625,2481,2024-11-04,Social Media,North,207.44,0.0,0.0,207.44,207.44,Completed
7626,2482,2025-01-16,Organic Search,Central,41.35,0.0,4.81,46.16,46.16,Completed
7627,2482,2025-04-14,Paid Ads,Central,160.08,8.0,0.0,152.08,152.08,Completed
7628,2483,2023-12-24,Paid Ads,South,887.73,44.39,0.0,843.34,843.34,Completed
7629,2483,2024-04-01,Organic Search,South,59.06,0.0,8.44,67.5,67.5,Completed
7630,2483,2024-05-13,Social Media,South,508.37,0.0,0.0,508.37,508.37,Completed
7631,2483,2024-06-24,Organic Search,South,234.19,35.13,0.0,199.06,199.06,Completed
7632,2483,2025-01-03,Paid Ads,South,524.67,0.0,0.0,524.67,524.67,Completed
7633,2483,2025-01-29,Referral,South,773.0,0.0,0.0,773.0,773.0,Completed
7634,2483,2025-02-21,Referral,South,330.18,16.51,0.0,313.67,313.67,Completed
7635,2483,2025-06-17,Organic Search,South,904.52,0.0,0.0,904.52,904.52,Completed
7636,2485,2024-04-10,Direct,Central,47.54,0.0,6.84,54.38,54.38,Completed
7637,2487,2024-09-22,Email,North,54.72,0.0,6.66,61.38,61.38,Completed
7638,2488,2024-08-31,Organic Search,West,2412.93,0.0,0.0,2412.93,2412.93,Completed
7639,2488,2024-09-25,Social Media,West,37.62,0.0,8.66,46.28,46.28,Completed
7640,2488,2025-03-25,Referral,West,333.64,0.0,0.0,0.0,333.64,Returned
7641,2488,2025-03-26,Paid Ads,West,114.59,5.73,0.0,108.86,108.86,Completed
7642,2489,2024-01-18,Organic Search,South,1370.6,0.0,0.0,1370.6,1370.6,Completed
7643,2489,2024-03-22,Organic Search,South,607.14,0.0,0.0,607.14,607.14,Completed
7644,2489,2024-10-18,Social Media,South,203.09,0.0,0.0,203.09,203.09,Completed
7645,2489,2025-01-14,Paid Ads,South,195.94,19.59,0.0,176.35,176.35,Completed
7646,2489,2025-02-03,Paid Ads,South,619.97,0.0,0.0,619.97,619.97,Completed
7647,2489,2025-03-21,Direct,South,1562.12,156.21,0.0,1405.91,1405.91,Completed
7648,2490,2023-12-23,Organic Search,North,798.86,79.89,0.0,718.97,718.97,Completed
7649,2490,2024-03-02,Organic Search,North,46.22,0.0,7.54,53.76,53.76,Completed
7650,2490,2024-05-18,Organic Search,North,471.34,0.0,0.0,471.34,471.34,Completed
7651,2490,2024-06-22,Social Media,North,1906.03,0.0,0.0,1906.03,1906.03,Completed
7652,2490,2024-11-23,Email,North,2496.09,0.0,0.0,2496.09,2496.09,Completed
7653,2490,2025-01-02,Social Media,North,409.5,0.0,0.0,409.5,409.5,Completed
7654,2490,2025-01-24,Paid Ads,North,481.89,72.28,0.0,409.61,409.61,Completed
7655,2490,2025-01-27,Paid Ads,North,47.51,0.0,7.19,54.7,54.7,Completed
7656,2490,2025-06-03,Direct,North,129.8,6.49,0.0,123.31,123.31,Completed
7657,2490,2025-11-29,Social Media,North,473.98,0.0,0.0,473.98,473.98,Completed
7658,2492,2023-05-17,Referral,East,1149.33,57.47,0.0,1091.86,1091.86,Completed
7659,2492,2023-08-16,Referral,East,1650.38,82.52,0.0,1567.86,1567.86,Completed
7660,2492,2023-11-08,Email,East,59.51,0.0,5.21,64.72,64.72,Completed
7661,2492,2024-01-06,Referral,East,48.96,0.0,4.22,53.18,53.18,Completed
7662,2492,2024-03-22,Social Media,East,67.48,6.75,7.99,68.72,68.72,Completed
7663,2492,2024-06-05,Organic Search,East,391.63,0.0,0.0,391.63,391.63,Completed
7664,2492,2024-11-25,Social Media,East,127.7,0.0,0.0,127.7,127.7,Completed
7665,2492,2025-01-16,Organic Search,East,163.94,0.0,0.0,163.94,163.94,Completed
7666,2492,2025-01-23,Paid Ads,East,62.34,0.0,7.02,69.36,69.36,Completed
7667,2492,2025-04-11,Email,East,697.67,0.0,0.0,697.67,697.67,Completed
7668,2492,2025-07-04,Paid Ads,East,147.33,0.0,0.0,147.33,147.33,Completed
7669,2492,2025-07-13,Paid Ads,East,836.48,83.65,0.0,752.83,752.83,Completed
7670,2492,2025-08-02,Social Media,East,2612.12,0.0,0.0,2612.12,2612.12,Completed
7671,2492,2025-09-21,Paid Ads,East,95.49,0.0,0.0,95.49,95.49,Completed
7672,2493,2023-08-01,Social Media,North,31.21,1.56,4.47,34.12,34.12,Completed
7673,2493,2024-05-04,Paid Ads,North,22.72,0.0,6.18,28.9,28.9,Completed
7674,2494,2025-09-05,Direct,Central,20.61,1.03,4.33,23.91,23.91,Completed
7675,2494,2025-10-11,Social Media,Central,988.86,0.0,0.0,988.86,988.86,Completed
7676,2495,2025-02-18,Paid Ads,West,376.32,75.26,0.0,301.06,301.06,Completed
7677,2496,2025-07-15,Organic Search,South,145.88,0.0,0.0,145.88,145.88,Completed
7678,2497,2025-06-01,Paid Ads,North,40.91,4.09,7.0,43.82,43.82,Completed
7679,2497,2025-07-18,Direct,North,517.96,51.8,0.0,466.16,466.16,Completed
7680,2497,2025-11-04,Social Media,North,62.9,0.0,8.5,71.4,71.4,Completed
7681,2498,2024-12-10,Paid Ads,North,861.58,0.0,0.0,861.58,861.58,Completed
7682,2499,2023-09-10,Email,North,28.13,0.0,6.01,34.14,34.14,Completed
7683,2499,2024-03-06,Paid Ads,North,35.89,0.0,7.08,42.97,42.97,Completed
7684,2499,2024-05-03,Paid Ads,North,330.11,16.51,0.0,313.6,313.6,Completed
7685,2499,2024-07-03,Social Media,North,310.07,15.5,0.0,294.57,294.57,Completed
7686,2499,2024-08-27,Organic Search,North,47.35,4.74,6.42,49.03,49.03,Completed
7687,2500,2023-11-11,Direct,North,879.88,43.99,0.0,835.89,835.89,Completed
7688,2500,2023-12-09,Social Media,North,889.44,0.0,0.0,889.44,889.44,Completed
7689,2500,2023-12-13,Referral,North,449.85,44.99,0.0,404.86,404.86,Completed
7690,2500,2024-03-09,Paid Ads,North,341.46,0.0,0.0,341.46,341.46,Completed
7691,2500,2024-05-24,Email,North,1885.38,94.27,0.0,1791.11,1791.11,Completed
7692,2500,2024-06-10,Paid Ads,North,283.08,0.0,0.0,283.08,283.08,Completed
7693,2500,2024-06-26,Paid Ads,North,805.37,0.0,0.0,805.37,805.37,Completed
7694,2500,2025-04-26,Organic Search,North,55.56,0.0,7.06,62.62,62.62,Completed
7695,2500,2025-12-01,Paid Ads,North,73.26,3.66,4.78,74.38,74.38,Completed
7696,2500,2025-12-18,Direct,North,139.78,0.0,0.0,139.78,139.78,Completed
